segment_id,recording_id,speaker_group_id,dataset_split,segmentation_version,start_seconds,end_seconds,duration_seconds,audio_path,review_status,transcription
REC094_SEG0001,REC094,SPK009,train,vad_v2_spk009,2.072,5.832,3.76,data/processed/segments/REC094/REC094_SEG0001.wav,reviewed,rexbar asbḥan n yasuɛ lmasiḥ sufuss n matta
REC094_SEG0002,REC094,SPK009,train,vad_v2_spk009,7.096,10.472,3.376,data/processed/segments/REC094/REC094_SEG0002.wav,reviewed,adlis n umezruy n wexřaq n yasuɛ lmasiḥ
REC094_SEG0003,REC094,SPK009,train,vad_v2_spk009,12.76,25.192,12.432,data/processed/segments/REC094/REC094_SEG0003.wav,reviewed,adlis n umezruy n wexřaq n yasuɛ lmasiḥ mmis n dawud mmis n ibrahim ibrahim ijja dd isḥaq isḥaq ijja dd yaɛqub yaɛqub ijja dd yahuda d aytmas
REC094_SEG0004,REC094,SPK009,train,vad_v2_spk009,25.624,43.656,18.032,data/processed/segments/REC094/REC094_SEG0004.wav,reviewed,yahuda ijja dd fariṣ d zaraḥ ak d tamar fariṣ ijja dd ḥaṣrun ḥaṣrun ijja dd aram aram ijja dd ɛamminadab ɛamminadab ijja dd naḥcun naḥcun ijja dd salmun salmun ijja dd buɛaz zi raḥab
REC094_SEG0005,REC094,SPK009,train,vad_v2_spk009,44.024,56.768,12.744,data/processed/segments/REC094/REC094_SEG0005.wav,reviewed,buɛaz ijja dd ɛubid ak d raɛut ɛubid ijja dd yassa yassa ijja dd dawud ajeǧid uca dawud ijja dd suliman ak d temɣart n uriya
REC094_SEG0006_PART01,REC094,SPK009,train,vad_v2_spk009,56.768,68.5,11.732,data/processed/segments/REC094/REC094_SEG0006_PART01.wav,reviewed,suliman ijja dd raḥabɛam raḥabɛam ijja dd abiya abiya ijja dd asa asa ijja dd yahucafaṭ yahucafaṭ ijja dd yuram
REC094_SEG0006_PART02,REC094,SPK009,train,vad_v2_spk009,68.5,80.232,11.732,data/processed/segments/REC094/REC094_SEG0006_PART02.wav,reviewed,yuram ijja dd ɛuzziya ɛuzziya ijja dd yutam yutam ijja dd aḥaz aḥaz ijja dd ḥizqiya ḥizqiya ijja dd manassa manassa ijja dd amun
REC094_SEG0007,REC094,SPK009,train,vad_v2_spk009,80.248,88.008,7.76,data/processed/segments/REC094/REC094_SEG0007.wav,reviewed,amun ijja dd yuciya yuciya ijja dd yakunya d aytmas deg wussan n nehbast di babil
REC094_SEG0008_PART01,REC094,SPK009,train,vad_v2_spk009,88.312,100.3,11.988,data/processed/segments/REC094/REC094_SEG0008_PART01.wav,reviewed,awarni awmi xsan uzren ɣar di babil yakunya ijja dd caɛaltiyil caɛaltiyil ijja dd zarubbabil zarubbabil ijja dd abihud abihud
REC094_SEG0008_PART02,REC094,SPK009,train,vad_v2_spk009,100.3,112.288,11.988,data/processed/segments/REC094/REC094_SEG0008_PART02.wav,reviewed,ijja dd alyaqim alyaqim ijja dd ɛazur ɛazur ijja dd ṣaduq ṣaduq ijja dd axim axim ijja dd aliyud aliyud ijja dd aliɛazar
REC094_SEG0009_PART01,REC094,SPK009,train,vad_v2_spk009,112.288,126.5,14.212,data/processed/segments/REC094/REC094_SEG0009_PART01.wav,reviewed,aliɛazar ijja dd mattan mattan ijja dd yaɛqub yaɛqub ijja dd yusuf aryaz n maryam tenni i dd ijjin yasuɛ umi qqaren lmasiḥ s uyenni marra arrawen zi ibrahim ař dawud
REC094_SEG0009_PART02,REC094,SPK009,train,vad_v2_spk009,126.5,140.712,14.212,data/processed/segments/REC094/REC094_SEG0009_PART02.wav,reviewed,iwḍen arbeɛṭac n warrawen zi dawud ař lmenfa di babil arbeɛtac n warrawen uca zi tmeḥbast di babil ař lmasiḥ arbeɛtac n warrawen
REC094_SEG0010,REC094,SPK009,train,vad_v2_spk009,142.104,144.136,2.032,data/processed/segments/REC094/REC094_SEG0010.wav,reviewed,axřaq n yasuɛ lmasiḥ
REC094_SEG0011,REC094,SPK009,train,vad_v2_spk009,144.888,157.544,12.656,data/processed/segments/REC094/REC094_SEG0011.wav,reviewed,ammu i yemsar wexřaq n yasuɛ lmasiḥ umi yemmas maryam tuɣa tt d tanexḍebt n yusuf iḍhar dd belli nettat teksi aɛeddis zi arruḥ iqeddsen qbeř i ɣa meřcen
REC094_SEG0012_PART01,REC094,SPK009,train,vad_v2_spk009,158.136,169.664,11.528,data/processed/segments/REC094/REC094_SEG0012_PART01.wav,reviewed,umi aryaz nnes yusuf tuɣa iggur nican war ixs ca ad tt issbehdeř tuɣa yarezzu ad as iǧef s tnuffra am tuɣa ittxarraṣ di man
REC094_SEG0012_PART02,REC094,SPK009,train,vad_v2_spk009,169.664,181.192,11.528,data/processed/segments/REC094/REC094_SEG0012_PART02.wav,reviewed,aya iḍhar as dd lmalak n sidi di tarjit inna a yusuf a mmis n dawud war tteggʷed ad dd tawyed maryam d tamɣart nnec
REC094_SEG0013,REC094,SPK009,train,vad_v2_spk009,181.688,195.272,13.584,data/processed/segments/REC094/REC094_SEG0013.wav,reviewed,minzi wenni i dayes dd ixeřqen aqa netta zi arruḥ iqeddsen nettat ad dd taruw aḥenjir nettat ad t tsemma yasuɛ minzi netta ad issenjem řgens nnes zi ddnub nsen
REC094_SEG0014,REC094,SPK009,train,vad_v2_spk009,195.8,213.48,17.68,data/processed/segments/REC094/REC094_SEG0014.wav,reviewed,marra aya imsar ḥima ad ittwakemmeř min inna sidi s uqemmum n unabi umi inna xẓar taɛzarect ad teksi ddeyset uca ad dd taruw aḥenjir ad as ggen ɛimmanu il min ixs ad yini arebbi nneɣ aqa t akidneɣ
REC094_SEG0015,REC094,SPK009,train,vad_v2_spk009,213.72,232.072,18.352,data/processed/segments/REC094/REC094_SEG0015.wav,reviewed,řami dd ifaq yusuf zeg iḍeṣ igga am mammec tt yumur lmalak n sidi uca yiwyi dd tamɣart nnes ɣares uca netta war ɣares dd iqarreb ca ařami dd turuw mmis amenzu uca tsemma t yeccu
REC095_SEG0001_PART01,REC095,SPK009,train,vad_v2_spk009,0.92,14.08,13.16,data/processed/segments/REC095/REC095_SEG0001_PART01.wav,reviewed,imusnawen n itran zi ccarq řami dd ixřeq yasuɛ di bayt laḥm di yahudiyya deg wussan n ujeǧid hirudus usin dd ca n imusnawen n itran
REC095_SEG0001_PART02,REC095,SPK009,train,vad_v2_spk009,14.08,27.24,13.16,data/processed/segments/REC095/REC095_SEG0001_PART02.wav,reviewed,zi manis d tneqqar tfuct ɣar urcalim nnan mani iǧa wenni dd ixeřqen d ajeǧid n wudayen aqa neẓra itri nnes di ccarq nusa dd ad as nesjed
REC095_SEG0002,REC095,SPK009,train,vad_v2_spk009,27.864,35.112,7.248,data/processed/segments/REC095/REC095_SEG0002.wav,reviewed,řami isřa ujeǧid hirudus man aya inneḥweř netta d qaɛ urcalim akides
REC095_SEG0003_PART01,REC095,SPK009,train,vad_v2_spk009,35.416,46.816,11.4,data/processed/segments/REC095/REC095_SEG0003_PART01.wav,reviewed,hirudus issmun dd zi řgens marra imeqqranen n ikehhanen d imseřmaden n idlisen uca isseqsa ten x mani ɣa ixřeq lmasiḥ
REC095_SEG0003_PART02,REC095,SPK009,train,vad_v2_spk009,46.816,58.216,11.4,data/processed/segments/REC095/REC095_SEG0003_PART02.wav,reviewed,nnan di bayt laḥm di yahudiyya minzi d man aya i yuran s ufus n unabi uřa d cem bayt laḥm di temmurt n yahuda
REC095_SEG0004,REC095,SPK009,train,vad_v2_spk009,59.096,70.92,11.824,data/processed/segments/REC095/REC095_SEG0004.wav,reviewed,cem war teǧid ca d tameẓyant jar rhukam n yahuda minzi zzayem dd ɣa iffeɣ ujeǧid wenni i ɣa yarewsen řgens inu israil
REC095_SEG0005_PART01,REC095,SPK009,train,vad_v2_spk009,71.48,82.176,10.696,data/processed/segments/REC095/REC095_SEG0005_PART01.wav,reviewed,xenni iřaɣa hirudus x imusnawen n itran s tnuffra uca yiweḍ ad zzaysen issen řweqt i di tuɣa d asen dd iffeɣ
REC095_SEG0005_PART02,REC095,SPK009,train,vad_v2_spk009,82.176,92.872,10.696,data/processed/segments/REC095/REC095_SEG0005_PART02.wav,reviewed,itri xenni issekk i ten ɣar bayt laḥm inna ruḥem dinni tarzum mliḥ x uḥenjir mařa tufim t asem dd xebbarem ayi
REC095_SEG0006,REC095,SPK009,train,vad_v2_spk009,93.112,109.672,16.56,data/processed/segments/REC095/REC095_SEG0006.wav,reviewed,ḥima uřa d necc ad dd aseɣ ad as sejdeɣ awarni řami sřin i wawař n ujeǧid ruḥen uca xzar itri i ẓrin di ccarq iggur zzatsen ařami dd yiweḍ uca ibedd sennej i wemcan mani iǧa uḥenjir
REC095_SEG0007_PART01,REC095,SPK009,train,vad_v2_spk009,110.296,121.232,10.936,data/processed/segments/REC095/REC095_SEG0007_PART01.wav,reviewed,řami ẓrin itri farḥen s řefraḥet tameqqrant aṭṭas udfen ɣar taddart ẓrin aḥenjir ak d maryam yemmas wḍan ɣar temmurt uca
REC095_SEG0007_PART02,REC095,SPK009,train,vad_v2_spk009,121.232,132.168,10.936,data/processed/segments/REC095/REC095_SEG0007_PART02.wav,reviewed,sejden as xenni arezmen řeknuz nsen uca qeddmen as tirzifin ureɣ mirru d řefwaḥet n řebxur
REC095_SEG0008,REC095,SPK009,train,vad_v2_spk009,132.504,142.504,10.0,data/processed/segments/REC095/REC095_SEG0008.wav,reviewed,umi d asen dd iweḥḥa di tarjit ḥima war ttɛiqqiben ɣar hirudus ɛeqben ɣar temmurt nsen zeg ijj n webrid nneɣni
REC095_SEG0009,REC095,SPK009,train,vad_v2_spk009,144.792,153.736,8.944,data/processed/segments/REC095/REC095_SEG0009.wav,reviewed,tarewřa ɣar miṣra umi ruḥen iḍhar dd lmalak n sidi ɣar yusuf di tarjit inna kkar
REC095_SEG0010_PART01,REC095,SPK009,train,vad_v2_spk009,154.328,165.216,10.888,data/processed/segments/REC095/REC095_SEG0010_PART01.wav,reviewed,awi dd aḥenjir d yemmas arweř ɣar miṣra u qqim din ař cek i ɣa xebbareɣ minzi hirudus yarezzu x uḥenjir ḥima
REC095_SEG0010_PART02,REC095,SPK009,train,vad_v2_spk009,165.216,176.104,10.888,data/processed/segments/REC095/REC095_SEG0010_PART02.wav,reviewed,ad t isshellek uca ikkar dd yusuf yiwi aḥenjir d yemmas s ǧiřet uca yarweř ɣar miṣra iqqim dinni ařami immut hirudus
REC095_SEG0011,REC095,SPK009,train,vad_v2_spk009,176.312,186.472,10.16,data/processed/segments/REC095/REC095_SEG0011.wav,reviewed,ḥima ad ittwakemmeř min ittwannan zi sidi zeg unabi i innan řaɣiɣ dd x mmi ḥima ad iffeɣ zi miṣra
REC095_SEG0012,REC095,SPK009,train,vad_v2_spk009,187.736,190.664,2.928,data/processed/segments/REC095/REC095_SEG0012.wav,reviewed,anɣay n iḥenjiren di bayt laḥm
REC095_SEG0013_PART01,REC095,SPK009,train,vad_v2_spk009,191.384,203.904,12.52,data/processed/segments/REC095/REC095_SEG0013_PART01.wav,reviewed,řami iẓra hirudus belli imusnawen cemten t ixeyyeq aṭṭas uca issekk inɣa marra iḥenjiren n bayt laḥm d qaɛ jjwayeh i d as dd yudsen marra iḥ
REC095_SEG0013_PART02,REC095,SPK009,train,vad_v2_spk009,203.904,216.424,12.52,data/processed/segments/REC095/REC095_SEG0013_PART02.wav,reviewed,enjiren zi tnayen n iseggʷusa swadday ɛlaḥsab řweqt i yiweḍ ad issen zeg imusnawen řexdenni ittwakemmeř min ittwannan zeg unabi irmiya umi inna
REC095_SEG0014,REC095,SPK009,train,vad_v2_spk009,217.496,231.112,13.616,data/processed/segments/REC095/REC095_SEG0014.wav,reviewed,tmijja tettwaseř di rama imeṭṭawen d tɣuyyit n wecḍan aṭṭas rahil tettru x iḥenjiren nnes war tettexs ad tettwaɛezza minzi nitni war qqimen ɛad
REC095_SEG0015,REC095,SPK009,train,vad_v2_spk009,235.224,237.896,2.672,data/processed/segments/REC095/REC095_SEG0015.wav,reviewed,adwař zi miṣra ɣar nasera
REC095_SEG0016_PART01,REC095,SPK009,train,vad_v2_spk009,238.456,251.812,13.356,data/processed/segments/REC095/REC095_SEG0016_PART01.wav,reviewed,řami immut hirudus iḍhar dd lmalak n sidi di tarjit i yusuf di miṣra inna kkar awi dd aḥenjir d yemmas uca ruḥ ɣar temmurt n israil
REC095_SEG0016_PART02,REC095,SPK009,train,vad_v2_spk009,251.812,265.168,13.356,data/processed/segments/REC095/REC095_SEG0016_PART02.wav,reviewed,minzi inni tuɣa yarezzun ad nɣen aḥenjir aqa mmuten řexdenni ikkar yiwi dd aḥenjir d yemmas uca yusa dd ɣar temmurt n israil maca ařami isřa belli
REC095_SEG0017_PART01,REC095,SPK009,train,vad_v2_spk009,265.168,277.628,12.46,data/processed/segments/REC095/REC095_SEG0017_PART01.wav,reviewed,arxilawus idweř d ajeǧid di yahudiyya deg wemcan n babas hirudus iggʷed ad iraḥ dinni xenni iweḥḥa as dd arebbi di tarjit maḥend ad iraḥ ɣar jjwayeh
REC095_SEG0017_PART02,REC095,SPK009,train,vad_v2_spk009,277.628,290.088,12.46,data/processed/segments/REC095/REC095_SEG0017_PART02.wav,reviewed,n ljalil řami dd yiweḍ izdeɣ di tendint qqaren as nnaṣira ḥima ad ittwakemmeř min ittwannan zeg unabi i innan ad t semman nnaṣiri
REC096_SEG0001,REC096,SPK009,train,vad_v2_spk009,1.304,4.2,2.896,data/processed/segments/REC096/REC096_SEG0001.wav,reviewed,abarreḥ n yuḥanna amseɣḍaṣ
REC096_SEG0002,REC096,SPK009,train,vad_v2_spk009,5.688,22.664,16.976,data/processed/segments/REC096/REC096_SEG0002.wav,reviewed,deg wussan nni yusa dd yuḥanna amseɣḍaṣ tuɣa ittbarreḥ di řexřa n yahudiyya inna tubem minzi tageldit n ijenwan aqa tudes dd minzi netta d wenni xef ittwannan zeg unabi icaɛya am inna
REC096_SEG0003_PART01,REC096,SPK009,train,vad_v2_spk009,23.704,34.624,10.92,data/processed/segments/REC096/REC096_SEG0003_PART01.wav,reviewed,tmijja i ittřaɣan di řexřa swejdem abrid n sidi seggem imesraq nnes yuḥanna wanita tuɣa yarreḍ arruḍ n ta
REC096_SEG0003_PART02,REC096,SPK009,train,vad_v2_spk009,34.624,45.544,10.92,data/processed/segments/REC096/REC096_SEG0003_PART02.wav,reviewed,ḍuft n iřeɣman ibekkes ijj n webyas n yiřem uca macca nnes tuɣa d iburexsen d tamment taḥurrect
REC096_SEG0004_PART01,REC096,SPK009,train,vad_v2_spk009,46.136,56.752,10.616,data/processed/segments/REC096/REC096_SEG0004_PART01.wav,reviewed,řexdenni teffeɣ dd ɣares urcalim d qaɛ yahudiyya d marra jjwayeh i d as dd innḍen i l urdun uca ttwassɣeḍṣen zzayes
REC096_SEG0004_PART02,REC096,SPK009,train,vad_v2_spk009,56.752,67.368,10.616,data/processed/segments/REC096/REC096_SEG0004_PART02.wav,reviewed,deg iɣzar n l urdun neɛmen s ddnub nsen řami iẓra aṭṭas n ifarisiyyen d iṣaduqiyyen ttasen dd maḥend ad ttwassɣeḍṣen inna asen
REC096_SEG0005,REC096,SPK009,train,vad_v2_spk009,67.608,82.856,15.248,data/processed/segments/REC096/REC096_SEG0005.wav,reviewed,a tarwa n ifiɣran wi d awem imřen aqa tzemmarem ad tarewřem zeg weɣḍab i dd ɣa yasen ggem řɣiǧet i ɣa iřiqqen i ttubet war ttɣiřem ca ad tinim deg ixef nwem ibrahim d jedditneɣ
REC096_SEG0006_PART01,REC096,SPK009,train,vad_v2_spk009,83.384,97.408,14.024,data/processed/segments/REC096/REC096_SEG0006_PART01.wav,reviewed,minzi necc ad awem iniɣ belli arebbi izemmar ad issnekkar zeg iẓra ya tarwa i ibrahim xzar tacaqurt tettwassars ɣar iẓewran n tcejjura
REC096_SEG0006_PART02,REC096,SPK009,train,vad_v2_spk009,97.408,111.432,14.024,data/processed/segments/REC096/REC096_SEG0006_PART02.wav,reviewed,s uya kuř tacejjart i war itticen řɣiǧet tecna ad tettwaqess uca ad tewḍa di tmessi necc ad kenniw ssɣeḍṣeɣ deg waman i ttubet maca wenni i dd ɣa yasen awarni ayi netta ijhed xafi
REC096_SEG0007_PART01,REC096,SPK009,train,vad_v2_spk009,111.8,123.552,11.752,data/processed/segments/REC096/REC096_SEG0007_PART01.wav,reviewed,necc war sdihiǧeɣ ad ksiɣ sandaliyat nnes aqa netta ad kenniw isseɣḍeṣ di arruḥ iqeddsen d tmessi tazzart nnes deg ufus nnes ad izzu
REC096_SEG0007_PART02,REC096,SPK009,train,vad_v2_spk009,123.552,135.304,11.752,data/processed/segments/REC096/REC096_SEG0007_PART02.wav,reviewed,zar andrar nnes qaɛ ad iyru irden ɣar řemrasi nnes maca icarfa ad ten issecmeḍ s tmessi i war ixessyen
REC096_SEG0008,REC096,SPK009,train,vad_v2_spk009,137.976,143.208,5.232,data/processed/segments/REC096/REC096_SEG0008.wav,reviewed,aseɣḍeṣ n yasuɛ s waman sufus n yuḥanna amseɣḍas
REC096_SEG0009,REC096,SPK009,train,vad_v2_spk009,144.248,161.672,17.424,data/processed/segments/REC096/REC096_SEG0009.wav,reviewed,řexdenni yusa dd yasuɛ zi ljalil ɣar l urdun ɣar yuḥanna ḥima ad ittwaseɣḍeṣ zzayes maca yuḥanna yugi as inna necc ḥdajeɣ ad ttwassɣeḍṣeɣ zzayek ma aqa d cek i ɣari i dd ɣa yasen
REC096_SEG0010,REC096,SPK009,train,vad_v2_spk009,162.488,171.72,9.232,data/processed/segments/REC096/REC096_SEG0010.wav,reviewed,maca yasuɛ yarra dd inna as ewc řexxu ttesriḥ minzi ammu i d aneɣ ittřiq ḥima ad nkemmeř marra tasegda
REC096_SEG0011_PART01,REC096,SPK009,train,vad_v2_spk009,172.088,184.787,12.699,data/processed/segments/REC096/REC096_SEG0011_PART01.wav,reviewed,řexdenni isamḥ as awarni řami ittwasseɣḍeṣ yasuɛ yuři dd zeg waman deɣya u ttwarzmen as ijenwan uca iẓra arruḥ n are
REC096_SEG0011_PART02,REC096,SPK009,train,vad_v2_spk009,184.787,197.486,12.699,data/processed/segments/REC096/REC096_SEG0011_PART02.wav,reviewed,bbi ihwa dd am tadbirt tarsa xas xzar tusa dd ict n tmijja zeg ijenwan tenna d wa d mmi iɛizzen dayes ufiɣ arḍa inu xariṭa n temmurt n israil di řweqt n yeccu lmasiḥ mt
REC097_SEG0001,REC097,SPK009,train,vad_v2_spk009,0.92,4.392,3.472,data/processed/segments/REC097/REC097_SEG0001.wav,reviewed,ibřis ittjarreb yasuɛ di řexřa
REC097_SEG0002_PART01,REC097,SPK009,train,vad_v2_spk009,5.208,17.168,11.96,data/processed/segments/REC097/REC097_SEG0002_PART01.wav,reviewed,řexdenni ittwandeh yasuɛ ɣar řexřa zi arruḥ iqeddsen ḥima ad ittwajarreb zeg ibřis awarni řami tuɣa iẓumm arebɛin n wussan d arebɛin n ǧyaři yusedd
REC097_SEG0002_PART02,REC097,SPK009,train,vad_v2_spk009,17.168,29.128,11.96,data/processed/segments/REC097/REC097_SEG0002_PART02.wav,reviewed,jjuɛ ɣar uneggar yusa dd ɣares umjarrab inna as mařa cek d mmis n arebbi ini i iẓra ya ad dewřen d aɣrum yarra dd xas inna aqa tura
REC097_SEG0003,REC097,SPK009,train,vad_v2_spk009,29.944,37.448,7.504,data/processed/segments/REC097/REC097_SEG0003.wav,reviewed,bnadem war iddar s weɣrum waha maca zi kuř awař i dd ittekken zeg uqemmum n arebbi
REC097_SEG0004_PART01,REC097,SPK009,train,vad_v2_spk009,37.88,50.912,13.032,data/processed/segments/REC097/REC097_SEG0004_PART01.wav,reviewed,řexdenni yiwyi t ibřis ɣar tendint iqeddsen uca isgeɛḍ i t ɣar ṭṭarf n tzeqqa n zzawect tameqqrant inna as mařa cek d mmis n arebbi iwa nḍar ixef nnec
REC097_SEG0004_PART02,REC097,SPK009,train,vad_v2_spk009,50.912,63.944,13.032,data/processed/segments/REC097/REC097_SEG0004_PART02.wav,reviewed,ɣar wadday minzi aqa tura ad yumur lmalakat nnes xak ad cek ksint x ifassen nsent ḥima aḍar nnec war ineggeḥ ca aẓru
REC097_SEG0005,REC097,SPK009,train,vad_v2_spk009,64.312,80.936,16.624,data/processed/segments/REC097/REC097_SEG0005.wav,reviewed,yasuɛ inna as tura ɛawed war ttjarrab sidi arebbi nnec yiwyi t ɛawed ibřis ɣar wedrar yuɛřan aṭṭas isscen as marra tigeldiwin n ddunect d uɛuǧi nsent inna as
REC097_SEG0006,REC097,SPK009,train,vad_v2_spk009,81.4,99.4,18.0,data/processed/segments/REC097/REC097_SEG0006.wav,reviewed,ad ac wceɣ marra man aya mařa tewḍid ayi ɣar iḍaren ad ayi tsejded inna as yasuɛ ruḥ a cciṭan minzi tura sidi arebbi nnec umi ɣa tsejded u i netta weḥḥdes umi ɣa tsexxared
REC097_SEG0007,REC097,SPK009,train,vad_v2_spk009,100.056,107.24,7.184,data/processed/segments/REC097/REC097_SEG0007.wav,reviewed,řexdenni ijja i t ibřis u xzar lmalakat usint i dd tuɣa sexxarent as
REC097_SEG0008,REC097,SPK009,train,vad_v2_spk009,109.336,113.096,3.76,data/processed/segments/REC097/REC097_SEG0008.wav,reviewed,amezwaru n tsexxart n yasuɛ di ljalil
REC097_SEG0009_PART01,REC097,SPK009,train,vad_v2_spk009,114.296,125.536,11.24,data/processed/segments/REC097/REC097_SEG0009_PART01.wav,reviewed,řami isřa yasuɛ belli yuḥanna tuɣa ittwasellem iruḥ ɣar ljalil ijja nnaṣira uca yusa dd ɣar kafarnaḥum tenni ɣar ṭṭarf n řebḥ
REC097_SEG0009_PART02,REC097,SPK009,train,vad_v2_spk009,125.536,136.776,11.24,data/processed/segments/REC097/REC097_SEG0009_PART02.wav,reviewed,ar di temmurt n zibulun d naftali uca izdeɣ din ḥima ad ittwakemmeř min ittwannan zeg unabi icaɛya umi inna
REC097_SEG0010,REC097,SPK009,train,vad_v2_spk009,137.4,147.08,9.68,data/processed/segments/REC097/REC097_SEG0010.wav,reviewed,tammurt n zibulun d temmurt n naftali deg webrid n řebḥar ɣar ujemmaḍ n l urdun ljalil n řegnus
REC097_SEG0011_PART01,REC097,SPK009,train,vad_v2_spk009,147.8,157.92,10.12,data/processed/segments/REC097/REC097_SEG0011_PART01.wav,reviewed,řgens i iqqimen di taǧest iẓra tafawt tameqqrant u x yinni izedɣen di temmurt d tiři n řmewt aqa tenqar dd
REC097_SEG0011_PART02,REC097,SPK009,train,vad_v2_spk009,157.92,168.04,10.12,data/processed/segments/REC097/REC097_SEG0011_PART02.wav,reviewed,xasen tfawt zi ssin ibda yasuɛ ittbarreḥ inna tubem minzi tageldit n ijenwan aqa tudes dd
REC097_SEG0013,REC097,SPK009,train,vad_v2_spk009,173.72,192.616,18.896,data/processed/segments/REC097/REC097_SEG0013.wav,reviewed,řami tuɣa netta iggur x tma n řebḥar n ljalil iẓra tnayen n wawmaten cimɛun umi qqaren buṭrus isem wanita ixs ad yini d aẓru d andrawus umas tuɣa neṭṭaren traccawin di řebḥar minzi nitni d ineymaren n iseřman
REC097_SEG0014,REC097,SPK009,train,vad_v2_spk009,193.304,199.304,6.0,data/processed/segments/REC097/REC097_SEG0014.wav,reviewed,inna asen yasuɛ ḍfarem ayi dd ad kenniw arreɣ d ineymaren n iwdan
REC097_SEG0015_PART01,REC097,SPK009,train,vad_v2_spk009,199.8,213.952,14.152,data/processed/segments/REC097/REC097_SEG0015_PART01.wav,reviewed,ssarsen deɣya tiracciwin nsen ḍfaren t řami yeɛdu ssenni iẓra tnayen n wawmaten nneɣni yaɛqub mmis n zabdi d umas yuḥanna tuɣa aten
REC097_SEG0015_PART02,REC097,SPK009,train,vad_v2_spk009,213.952,228.104,14.152,data/processed/segments/REC097/REC097_SEG0015_PART02.wav,reviewed,ak d babatsen zabdi deg uɣarrabu ɛeddřen tiracciwin nsen uca netta iřaɣa xasen deɣya semḥen deg uɣarrabu u di babatsen ḍfaren t
REC097_SEG0017_PART01,REC097,SPK009,train,vad_v2_spk009,236.536,250.128,13.592,data/processed/segments/REC097/REC097_SEG0017_PART01.wav,reviewed,tuɣa ittenneḍ di temmurt n ljalil marra isseřmad di temzidawin nsen ittbarreḥ s řexbar aṣebḥan n tgeldit uca issgenfa kuř řehřac d kuř
REC097_SEG0017_PART02,REC097,SPK009,train,vad_v2_spk009,250.128,263.72,13.592,data/processed/segments/REC097/REC097_SEG0017_PART02.wav,reviewed,řeɛyubat i iǧan di řgens iffeɣ řexbar xas di suriya marra uca iwyen dd ɣares marra imehřac inni ɣar iǧa ɛřam kuř řehřac d řeḥriq
REC097_SEG0018,REC097,SPK009,train,vad_v2_spk009,264.408,283.481,19.073,data/processed/segments/REC097/REC097_SEG0018.wav,reviewed,mařyaḥen d yinni ittbarkikkiḍen uřa d ineɛḍaben uca issgenfa i ten ḍfaren t i dd aṭṭas n řɣaci zi ljalil zi dikapulis zi urcalim zi yahudiyya u zeg ujemmaḍ n l urdun
REC098_SEG0001,REC098,SPK009,train,vad_v2_spk009,1.912,5.576,3.664,data/processed/segments/REC098/REC098_SEG0001.wav,reviewed,abarreḥ d g wedrar awaren n lbaraka
REC098_SEG0002,REC098,SPK009,train,vad_v2_spk009,7.128,22.632,15.504,data/processed/segments/REC098/REC098_SEG0002.wav,reviewed,řami iẓra yasuɛ řɣaci yuři ɣar wedrar uca awarni řami din iqqim usin dd ɣares imeḥḍaren nnes uca yarzem aqemmum nnes isseřmed i ten inna sseɛd n yinni arruḥ nsen izřeḍ
REC098_SEG0003_PART01,REC098,SPK009,train,vad_v2_spk009,23.064,33.888,10.824,data/processed/segments/REC098/REC098_SEG0003_PART01.wav,reviewed,minzi tageldit n ijenwan aqa tt i nitni sseɛd n yinni ittecḍinen minzi nitni ad ttwaɛezzan sseɛd n imwaḍɛen
REC098_SEG0003_PART02,REC098,SPK009,train,vad_v2_spk009,33.888,44.712,10.824,data/processed/segments/REC098/REC098_SEG0003_PART02.wav,reviewed,minzi nitni ad warten tammurt sseɛd n yinni ittřaẓan d yinni ittfaden ɣar tsegda minzi nitni ad jjiwnen
REC098_SEG0004,REC098,SPK009,train,vad_v2_spk009,45.368,47.688,2.32,data/processed/segments/REC098/REC098_SEG0004.wav,reviewed,sseɛd n yinni yareḥḥmen
REC098_SEG0005_PART01,REC098,SPK009,train,vad_v2_spk009,48.248,61.808,13.56,data/processed/segments/REC098/REC098_SEG0005_PART01.wav,reviewed,minzi ad ɣarsen tiři arreḥmet sseɛd n yinni i ɣar iǧa uř izdig minzi nitni ad ẓaren arebbi sseɛd n yinni itteggen řehna
REC098_SEG0005_PART02,REC098,SPK009,train,vad_v2_spk009,61.808,75.368,13.56,data/processed/segments/REC098/REC098_SEG0005_PART02.wav,reviewed,minzi nitni ad ttwasemman arrawen n arebbi sseɛd n yinni inneḥṣaren x ssibbet n tsegda minzi tageldit n ijenwan ad ɣarsen tiři
REC098_SEG0006_PART01,REC098,SPK009,train,vad_v2_spk009,75.864,88.048,12.184,data/processed/segments/REC098/REC098_SEG0006_PART01.wav,reviewed,sseɛd i kenniw mařa ttɛayaren u ttdarracen xawem uca ad xawem inin ɛřam kuř awařen iɛeffanen x ssibbet inu waxxa ssxarriqen farḥem
REC098_SEG0006_PART02,REC098,SPK009,train,vad_v2_spk009,88.048,100.232,12.184,data/processed/segments/REC098/REC098_SEG0006_PART02.wav,reviewed,sřiweřwem minzi řmunet nwem d tameqqrant deg ijenwan minzi ammu i tuɣa ttdarracen inabiyyen inni qbeř nwem
REC098_SEG0008,REC098,SPK009,train,vad_v2_spk009,109.016,124.552,15.536,data/processed/segments/REC098/REC098_SEG0008.wav,reviewed,kenniw d tameǧaḥt n temmurt maca mařa tameǧaḥt ixsar uředdi nnes mammec ɣa negg ad tt narr d tameǧaḥt war tneffeɛ ɛad i walu ḥaca ad temmenḍar ɣar barra ad xas ɛefsen iwdan
REC098_SEG0009_PART01,REC098,SPK009,train,vad_v2_spk009,125.048,138.704,13.656,data/processed/segments/REC098/REC098_SEG0009_PART01.wav,reviewed,kenniw d tafawt n ddunect tandint i ittwabnan x wedrar war tzemmar ad tennuffar war ssreqqin řefnar uca ad t ssarsen sadu řmud maca ad t ssarsen x řmerfeɛ
REC098_SEG0009_PART02,REC098,SPK009,train,vad_v2_spk009,138.704,152.36,13.656,data/processed/segments/REC098/REC098_SEG0009_PART02.wav,reviewed,maḥend ad yarɣ i marra inni iǧan di taddart jjem tafawt nwem ad tarɣ i iwdan ḥima ad ẓaren řexdayem nwem icnan ad ssuɛřan babatwem i iǧan deg ijenwan
REC098_SEG0011,REC098,SPK009,train,vad_v2_spk009,159.352,171.976,12.624,data/processed/segments/REC098/REC098_SEG0011.wav,reviewed,aqa ad awem ittɣiř aqa usiɣ dd ḥima ad ssbeṭṭřeɣ ccariɛa niɣ inabiyyen necc war dd usiɣ ca ḥima ad ssbeṭṭřeɣ maca ḥima ad kemmřeɣ
REC098_SEG0012_PART01,REC098,SPK009,train,vad_v2_spk009,172.344,184.112,11.768,data/processed/segments/REC098/REC098_SEG0012_PART01.wav,reviewed,s tidett necc ad awem iniɣ ař i ɣa iɛdu ujenna d temmurt war ibeṭṭeř uřa d ijjen řḥarf niɣ d taneqqiṭ zi ccariɛa ař ɣa yiři kuřci
REC098_SEG0012_PART02,REC098,SPK009,train,vad_v2_spk009,184.112,195.88,11.768,data/processed/segments/REC098/REC098_SEG0012_PART02.wav,reviewed,s uya wenni i ɣa issbeṭṭřen zi tweṣṣa ya icten waxxa d tameẓyant uca isseřmad iwdan ammu ad ittwasemma d ameẓyan di tgeldit n ijenwan
REC098_SEG0013_PART01,REC098,SPK009,train,vad_v2_spk009,196.184,206.72,10.536,data/processed/segments/REC098/REC098_SEG0013_PART01.wav,reviewed,maca wenni zzaysent iggin u isseřmad i tent netta ad ittwasemma d ameqqran di tgeldit n ijenwan minzi necc ad awem iniɣ mařa
REC098_SEG0013_PART02,REC098,SPK009,train,vad_v2_spk009,206.72,217.256,10.536,data/processed/segments/REC098/REC098_SEG0013_PART02.wav,reviewed,tasegda nwem war tmeqqar ca x tenni n imseřmaden n idlisen d tenni n ifarisiyyen s tidett war tettidfem ca ɣar tgeldit n ijenwan
REC098_SEG0014,REC098,SPK009,train,vad_v2_spk009,221.4,223.592,2.192,data/processed/segments/REC098/REC098_SEG0014.wav,reviewed,axyeq d wenɣay
REC098_SEG0015_PART01,REC098,SPK009,train,vad_v2_spk009,226.296,236.784,10.488,data/processed/segments/REC098/REC098_SEG0015_PART01.wav,reviewed,aqa tesřim belli ittwanna i řejdud war neqq u wenni ineqqen ad ittwaḥaseb maca necc ad awem iniɣ marra wenni
REC098_SEG0015_PART02,REC098,SPK009,train,vad_v2_spk009,236.784,247.272,10.488,data/processed/segments/REC098/REC098_SEG0015_PART02.wav,reviewed,ittxeyyaqen x umas břa ssibbet nhřa ma ad xas ittwaḥakem u marra wenni iqqaren i umas ad xak ssusfeɣ
REC098_SEG0016,REC098,SPK009,train,vad_v2_spk009,247.896,259.784,11.888,data/processed/segments/REC098/REC098_SEG0016.wav,reviewed,axas ṭaḥkem lmeḥkama tameqqrant n wuḍayen u wenni iqqaren a abuhaři ad ittwaḥakem ad yadef ɣar tmessi n jehennama
REC098_SEG0017,REC098,SPK009,train,vad_v2_spk009,260.632,280.616,19.984,data/processed/segments/REC098/REC098_SEG0017.wav,reviewed,mařa tqeddmed tawhibt nnec x uɛalṭar min xef ssarsen tiɣarṣa d tewhibin uca dinni tɛeqřed belli umac aqa t ca xak ejj tawhibt nnec din zzat i uɛalṭar ruḥ amezwaru tṣeřḥed ak d umac xenni dweř dd uca ewc tawhibt nnec
REC098_SEG0018_PART01,REC098,SPK009,train,vad_v2_spk009,280.76,292.064,11.304,data/processed/segments/REC098/REC098_SEG0018_PART01.wav,reviewed,eg deɣya ṭaḍuklit ak d weɣrim nnec umi cek ɛad akides deg webrid ḥima aɣrim nnec war cek ittiwi ɣar řqaḍi xenni
REC098_SEG0018_PART02,REC098,SPK009,train,vad_v2_spk009,292.064,303.368,11.304,data/processed/segments/REC098/REC098_SEG0018_PART02.wav,reviewed,řqaḍi ad cek yawi ɣar umxazni uca ad temmenḍared di řeḥbes s tidett necc ad ac iniɣ war dd teffɣed ssenni ař ɣa txeǧṣed aṣuldi aneggaru
REC098_SEG0020_PART01,REC098,SPK009,train,vad_v2_spk009,310.2,324.144,13.944,data/processed/segments/REC098/REC098_SEG0020_PART01.wav,reviewed,aqa tesřim belli ittwanna war zenni ca maca necc ad awem iniɣ marra wenni i ɣa ixzaren ɣar temɣart s nnecwet aqa izna deɣya akides deg wuř nnes
REC098_SEG0020_PART02,REC098,SPK009,train,vad_v2_spk009,324.144,338.088,13.944,data/processed/segments/REC098/REC098_SEG0020_PART02.wav,reviewed,mařa tessenqarḍ cek tiṭṭ nnec tafusect qess i tt nḍar i tt xak iḥřa ac mařa iweddar ijj n ṭṭarf n arrimet nnec x uweṭṭu n arrimet nnec marra di jehennama
REC098_SEG0021,REC098,SPK009,train,vad_v2_spk009,339.64,354.568,14.928,data/processed/segments/REC098/REC098_SEG0021.wav,reviewed,mařa tessenqarḍ cek afus nnec afusi qess i t nḍar i t xak minzi iḥřa ac mařa iweddar ijj n ṭṭarf n arrimet nnec waha x uweṭṭu n arrimet nnec marra di jehennama
REC098_SEG0022,REC098,SPK009,train,vad_v2_spk009,358.488,359.56,1.072,data/processed/segments/REC098/REC098_SEG0022.wav,reviewed,aǧaf
REC098_SEG0023_PART01,REC098,SPK009,train,vad_v2_spk009,360.632,371.296,10.664,data/processed/segments/REC098/REC098_SEG0023_PART01.wav,reviewed,aqa ittwanna ɛawed wenni i ɣa iǧfen i temɣart nnes ad as iwc tabrat n waǧaf maca necc ad awem iniɣ marra wenni i ɣa iǧfen
REC098_SEG0023_PART02,REC098,SPK009,train,vad_v2_spk009,371.296,381.96,10.664,data/processed/segments/REC098/REC098_SEG0023_PART02.wav,reviewed,i temɣart nnes war iǧi zi ssibbet n farq ccɣeř ittarra i tt ad tezna uca wenni i ɣa imeřcen tenni umi iǧfen aqa netta izna
REC098_SEG0025,REC098,SPK009,train,vad_v2_spk009,390.072,409.32,19.248,data/processed/segments/REC098/REC098_SEG0025.wav,reviewed,aqa tesřim ɛawed belli ittwanna i řejdud war tejjaǧid ẓur maca egg min tejjuǧed i sidi maca necc ad awem iniɣ war tejjaǧam ɛemmarṣ uřa ɣar ujenna minzi netta d řɛarc n arebbi
REC098_SEG0026,REC098,SPK009,train,vad_v2_spk009,410.072,415.464,5.392,data/processed/segments/REC098/REC098_SEG0026.wav,reviewed,uřa ɣar temmurt minzi nettat d tanebdat sadu iḍaren nnes
REC098_SEG0027_PART01,REC098,SPK009,train,vad_v2_spk009,416.152,429.04,12.888,data/processed/segments/REC098/REC098_SEG0027_PART01.wav,reviewed,uřa ɣar tendint n urcalim minzi nettat d tandint n ujeǧid d ameqqran war tejjaǧam uřa ɣar uzeǧif nnec minzi war tzemmared ad tarred uřa d ijj n uẓeṭṭu
REC098_SEG0027_PART02,REC098,SPK009,train,vad_v2_spk009,429.04,441.928,12.888,data/processed/segments/REC098/REC098_SEG0027_PART02.wav,reviewed,n ucuwwaf d acemřař niɣ d abarcan ad iqqim wawař nwem wah d wah lla d lla mana ktar zi man aya aqa netta zeg umɛeffan
REC098_SEG0029,REC098,SPK009,train,vad_v2_spk009,449.976,455.848,5.872,data/processed/segments/REC098/REC098_SEG0029.wav,reviewed,aqa tesřim belli ittwanna tiṭṭ s tiṭṭ d tiɣmest s teɣmest
REC098_SEG0030_PART01,REC098,SPK009,train,vad_v2_spk009,456.344,471.008,14.664,data/processed/segments/REC098/REC098_SEG0030_PART01.wav,reviewed,maca necc ad awem iniɣ war tettemɛařam ca ak d ijj n uɛeffan maca wenni i ɣa isseqqřen ameggiz nnec afusi seřqa yas uřa d wnneɣni mařa din ḥed ixs ad kik igg ccreɛ
REC098_SEG0030_PART02,REC098,SPK009,train,vad_v2_spk009,471.008,485.672,14.664,data/processed/segments/REC098/REC098_SEG0030_PART02.wav,reviewed,uca netta ad xak ikkes tcamir nnec ejj i t ad iksi uřa d ajeǧab wenni xak iggin bezzez ḥima ad kides tuyured ijj n kilumitr uyur akides tnayen
REC098_SEG0031,REC098,SPK009,train,vad_v2_spk009,485.784,492.584,6.8,data/processed/segments/REC098/REC098_SEG0031.wav,reviewed,man wen d ac i ɣa ittaren ca n řḥajjet ewc as tt u wenni yarezzun ad xak yarḍeř war d t ttarra amenni
REC098_SEG0033_PART01,REC098,SPK009,train,vad_v2_spk009,501.08,512.72,11.64,data/processed/segments/REC098/REC098_SEG0033_PART01.wav,reviewed,aqa tesřim belli ittwanna ad texsed jjar nnec ad tcarhed řeɛdu nnec maca necc ad awem iniɣ xsem řɛedyan nwem u barkem inni kenniw ineɛɛřen
REC098_SEG0033_PART02,REC098,SPK009,train,vad_v2_spk009,512.72,524.36,11.64,data/processed/segments/REC098/REC098_SEG0033_PART02.wav,reviewed,ggem tcuni i yinni kenniw icarrhen ẓaǧem i yinni kenniw ittawyen d imeḥbas d yinni xawem ittdarracen ḥima ad tiřim d tarwa n babatwem i iǧan deg ijenwan
REC098_SEG0034_PART01,REC098,SPK009,train,vad_v2_spk009,524.504,538.284,13.78,data/processed/segments/REC098/REC098_SEG0034_PART01.wav,reviewed,minzi netta issneqqar tafuct nnes x iɛeffanen d iṣebḥanen uca netta yarexxu dd i wenẓar ḥima ad iwwet x imseggaden u x yinni war iseggden minzi mařa texsem
REC098_SEG0034_PART02,REC098,SPK009,train,vad_v2_spk009,538.284,552.064,13.78,data/processed/segments/REC098/REC098_SEG0034_PART02.wav,reviewed,inni kenniw ittexsen man arbeḥ i ɣarwem ma war tteggen ayt n ḍḍariba uřa ammu mařa tseǧmem x wawmaten nwem waha min i tetteggem ktar x wenneɣni ma war tteggen ayt n ḍḍariba uřa ammu
REC098_SEG0035,REC098,SPK009,train,vad_v2_spk009,552.064,557.558,5.494,data/processed/segments/REC098/REC098_SEG0035.wav,reviewed,iřim nican qaɛ am mammec uřa d babatwem i iǧan deg ijenwan
REC099_SEG0002_PART01,REC099,SPK009,train,vad_v2_spk009,4.856,19.332,14.476,data/processed/segments/REC099/REC099_SEG0002_PART01.wav,reviewed,ḥḍam war tṣeddaqem zzat i iwdan ḥima ad kenniw ẓaren mařa amya war ɣarwem ittiři bu řajar zi babatwem i iǧan deg ijenwan mařa tṣeddqed war tt ttegg di řbu
REC099_SEG0002_PART02,REC099,SPK009,train,vad_v2_spk009,19.332,33.808,14.476,data/processed/segments/REC099/REC099_SEG0002_PART02.wav,reviewed,uq am mammec t tteggen imnafqen di temzidawin u di zznaqi ḥima ad ten cennɛen iwdan s tidett necc ad awem iniɣ nitni aqa ufin řajar nsen zi beɛda maca cek
REC099_SEG0003,REC099,SPK009,train,vad_v2_spk009,33.808,50.152,16.344,data/processed/segments/REC099/REC099_SEG0003.wav,reviewed,xmi ɣa tṣeddqed ittxeṣṣa afus nnec azeřmaḍ war issin min ittegg ufusi nnec ḥima ṣṣedqet nnec ad tiři s tnuffra uca babac wenni ittwařan di tnuffra ad cek ixeǧeṣ s bṭayṭay
REC099_SEG0004,REC099,SPK009,train,vad_v2_spk009,53.368,54.472,1.104,data/processed/segments/REC099/REC099_SEG0004.wav,reviewed,tazaǧit
REC099_SEG0005_PART01,REC099,SPK009,train,vad_v2_spk009,55.608,65.856,10.248,data/processed/segments/REC099/REC099_SEG0005_PART01.wav,reviewed,mařa teẓẓuǧed war ttiři ca am yimnafqen inni umi iɛjeb asen řḥař ad ẓẓaǧen am bedden di temzidawin d tɣemmu
REC099_SEG0005_PART02,REC099,SPK009,train,vad_v2_spk009,65.856,76.104,10.248,data/processed/segments/REC099/REC099_SEG0005_PART02.wav,reviewed,ra n zznaqi ḥima ad ten ẓaren iwdan s tidett necc ad awem iniɣ aqa nitni ufin řajar nsen zi beɛda maca cek
REC099_SEG0006_PART01,REC099,SPK009,train,vad_v2_spk009,76.44,90.144,13.704,data/processed/segments/REC099/REC099_SEG0006_PART01.wav,reviewed,mařa teẓẓuǧed adef ɣar wexxam nnec belleɛ tawwart ẓẓaǧ i babac wenni iǧan di tnuffra uca babac i ittwařan di tnuffra d netta i cek i ɣa ixeǧṣen s
REC099_SEG0006_PART02,REC099,SPK009,train,vad_v2_spk009,90.144,103.848,13.704,data/processed/segments/REC099/REC099_SEG0006_PART02.wav,reviewed,bṭayṭay mařa teẓẓuǧem war ttɛawadem i wawař am mammec ttẓaǧan lkuffar minzi ittɣiř asen s wawařen nsen aṭṭas ad asen ittwaseř
REC099_SEG0007_PART01,REC099,SPK009,train,vad_v2_spk009,104.408,116.528,12.12,data/processed/segments/REC099/REC099_SEG0007_PART01.wav,reviewed,war ttiřim xenni am nitni minzi babatwem issen min teḥdajem qbeř d as i ɣa tettarem ca ammu i ɣa teẓẓaǧem kenniw a babatneɣ i iǧan deg ijenwan
REC099_SEG0007_PART02,REC099,SPK009,train,vad_v2_spk009,116.528,128.648,12.12,data/processed/segments/REC099/REC099_SEG0007_PART02.wav,reviewed,isem nnec ad yiři ittwaqeddes ejj ad dd tas tgeldit nnec ad yiři řxaḍar nnec am deg ujenna ammu ɛawed di temmurt ewc aneɣ ass a aɣrum n kur ass
REC099_SEG0008,REC099,SPK009,train,vad_v2_spk009,128.728,146.44,17.712,data/processed/segments/REC099/REC099_SEG0008.wav,reviewed,ɣfar aneɣ imarwusa nneɣ am mammec nsameḥ ɛawed i yinni dd aneɣ ittursen u war d aneɣ sidif ca deg ujarreb maca fekk aneɣ zeg umɛeffan minzi tageldit d jjehd d uɛuǧi ad iřin i cek i řebda qaɛ amin
REC099_SEG0009_PART01,REC099,SPK009,train,vad_v2_spk009,146.744,156.896,10.152,data/processed/segments/REC099/REC099_SEG0009_PART01.wav,reviewed,maɣar mařa kenniw tsamḥem i iwdan i iɛeddiyen nsen uřa d babatwem i iǧan deg ijenwan ad awem iɣfar
REC099_SEG0009_PART02,REC099,SPK009,train,vad_v2_spk009,156.896,167.048,10.152,data/processed/segments/REC099/REC099_SEG0009_PART02.wav,reviewed,maca mařa kenniw war tettsimiḥem i iwdan aqa uřa d babatwem war iɣeffar ca iɛeddiyen nwem
REC099_SEG0010,REC099,SPK009,train,vad_v2_spk009,169.688,188.552,18.864,data/processed/segments/REC099/REC099_SEG0010.wav,reviewed,azummi mara tẓummem war tteggem aɣembub abarcan am yimnafqen inni issneqřaben aɣembub nsen ḥima ad ten ẓaren iwdan belli aqa ẓummen s tidett necc ad awem iniɣ aqa nitni ufin řajar nsen zi beɛda
REC099_SEG0011,REC099,SPK009,train,vad_v2_spk009,189.144,207.912,18.768,data/processed/segments/REC099/REC099_SEG0011.wav,reviewed,maca cek mařa tẓummed dhen azeǧif nnec uca sired aɣembub nnec ḥima war tbinid ca i iwdan belli tettẓummed maca i babac wenni iǧan di tnuffra uca babac i ittwařan di tnuffra aqa netta i cek i ɣa ixeǧṣen
REC099_SEG0012,REC099,SPK009,train,vad_v2_spk009,210.36,212.36,2.0,data/processed/segments/REC099/REC099_SEG0012.wav,reviewed,řeknuz d gjunna
REC099_SEG0013,REC099,SPK009,train,vad_v2_spk009,214.392,220.776,6.384,data/processed/segments/REC099/REC099_SEG0013.wav,reviewed,war smunam ca řeknuz da di ddunect mani i ten ɣa tecc tcinda d ddra
REC099_SEG0014_PART01,REC099,SPK009,train,vad_v2_spk009,221.176,232.816,11.64,data/processed/segments/REC099/REC099_SEG0014_PART01.wav,reviewed,u mani ɣa ssnuqqben ixewwanen ad ten acaren maca smunem i yixef nwem řeknuz deg ujenna mani war ten tettett ca tcinda
REC099_SEG0014_PART02,REC099,SPK009,train,vad_v2_spk009,232.816,244.456,11.64,data/processed/segments/REC099/REC099_SEG0014_PART02.wav,reviewed,d ddra u mani war ssnuqquben ixewwanen war ten ttacaren minzi mani ɣa yiři řkenz nnec aqa ad din yiři uřa d uř nnec
REC099_SEG0015,REC099,SPK009,train,vad_v2_spk009,248.28,250.152,1.872,data/processed/segments/REC099/REC099_SEG0015.wav,reviewed,řefnar n arrimet
REC099_SEG0016,REC099,SPK009,train,vad_v2_spk009,252.28,260.84,8.56,data/processed/segments/REC099/REC099_SEG0016.wav,reviewed,řefnar n arrimet netta d tiṭṭ mařa xenni tiṭṭ nnec aqa teṣfa ad tiři arrimet nnec marra d tafawt
REC099_SEG0017,REC099,SPK009,train,vad_v2_spk009,261.592,267.88,6.288,data/processed/segments/REC099/REC099_SEG0017.wav,reviewed,mara tiṭṭ nnec d taɛeffant xenni ad tiři arrimet nnec marra d taǧest
REC099_SEG0018_PART01,REC099,SPK009,train,vad_v2_spk009,268.6,278.832,10.232,data/processed/segments/REC099/REC099_SEG0018_PART01.wav,reviewed,mařa tafawt tenni dayek d taǧest mecḥař temɣar taǧest uřa d ijj war izemmar ad ixdem i tnayen n isiditen minzi xenni
REC099_SEG0018_PART02,REC099,SPK009,train,vad_v2_spk009,278.832,289.064,10.232,data/processed/segments/REC099/REC099_SEG0018_PART02.wav,reviewed,netta ad icarh ijjen ad ixs wenneɣni niɣ ad iweqqar ijjen ad isseḥqar wenneɣni kenniw war tzemmarem ad tsexxarem i arebbi d tenɛacin
REC099_SEG0019,REC099,SPK009,train,vad_v2_spk009,291.48,292.648,1.168,data/processed/segments/REC099/REC099_SEG0019.wav,reviewed,imunas
REC099_SEG0020,REC099,SPK009,train,vad_v2_spk009,293.752,304.592,10.84,data/processed/segments/REC099/REC099_SEG0020.wav,reviewed,s uyani necc ad awem iniɣ war kessim amnus di tudart nwem min ɣa teccem niɣ min ɣa teswem uřa i arrimet nwem mammec tt i ɣa tessyarḍem
REC099_SEG0021_PART01,REC099,SPK009,train,vad_v2_spk009,304.592,317.544,12.952,data/processed/segments/REC099/REC099_SEG0021_PART01.wav,reviewed,ma war teḥři tudart x macca niɣ arrimet x warruḍ xzarem ɣar ijḍaḍ n ujenna aqa nitni war zarrɛen war mejjaren uca war ttxemmiřen di řemrasi waxxa amenni
REC099_SEG0021_PART02,REC099,SPK009,train,vad_v2_spk009,317.544,330.496,12.952,data/processed/segments/REC099/REC099_SEG0021_PART02.wav,reviewed,babatwem i iǧan deg ijenwan i ten isseccan xzarem ma kenniw war tessekkwim ca ktar aṭṭas xasen man wen zzaywem izemmar s wemnus nnes ad yarni mɣir ijj n uɣiř di tuzzeggart nnes
REC099_SEG0022,REC099,SPK009,train,vad_v2_spk009,330.496,339.24,8.744,data/processed/segments/REC099/REC099_SEG0022.wav,reviewed,u mayemmi tkessim amnus i warruḍ xzarem mammec ɣemmyent tlillicin deg iyyar nitenti war xeddment war ttqarḍcent
REC099_SEG0023_PART01,REC099,SPK009,train,vad_v2_spk009,339.256,349.9,10.644,data/processed/segments/REC099/REC099_SEG0023_PART01.wav,reviewed,maca necc ad awem iniɣ uřa d suliman di marra aɛuǧi nnes war yarḍ ca am yijjen zzaysen mařa arebbi issyarḍ ammu arbiɛ n iyyar i i
REC099_SEG0023_PART02,REC099,SPK009,train,vad_v2_spk009,349.9,360.544,10.644,data/processed/segments/REC099/REC099_SEG0023_PART02.wav,reviewed,ǧan ass a uca tiwecca ad immenḍar di tefqunt ma xenni war kenniw issyirreḍ aṭṭas ḥsen zzayes a kenniw i di iǧa drus n l iman
REC099_SEG0024_PART01,REC099,SPK009,train,vad_v2_spk009,360.544,371.68,11.136,data/processed/segments/REC099/REC099_SEG0024_PART01.wav,reviewed,s uyani war kessim ca amnus war qqarem min ɣa necc u min ɣa nsu niɣ min ɣa nyarḍ maɣar řegnus n ddunect arezzun man aya marra maca babatwem i iǧan deg ijenwan
REC099_SEG0024_PART02,REC099,SPK009,train,vad_v2_spk009,371.68,382.816,11.136,data/processed/segments/REC099/REC099_SEG0024_PART02.wav,reviewed,issen blli teḥdajem man aya marra arzum amezwaru x tgeldit n arebbi d tsegda nnes uca man aya marra ad ɣarwem immarni ɛawed
REC099_SEG0025,REC099,SPK009,train,vad_v2_spk009,382.816,391.784,8.968,data/processed/segments/REC099/REC099_SEG0025.wav,reviewed,xni war kessim amnus i min i ɣa yiři tiwecca minzi tiwecca ad teksi amnus i yixef nnes icfa i kuř ass tuɛeffna nnes
REC100_SEG0002,REC100,SPK009,train,vad_v2_spk009,6.968,14.536,7.568,data/processed/segments/REC100/REC100_SEG0002.wav,reviewed,war ḥekkmem ḥima war tettwaḥakamem minzi ɛlaḥsab řḥukm i zi ɣa tḥekmem ad tettwaḥakmem
REC100_SEG0003_PART01,REC100,SPK009,train,vad_v2_spk009,14.936,26.012,11.076,data/processed/segments/REC100/REC100_SEG0003_PART01.wav,reviewed,u ɛlaḥsab řeɛbar i zi ɣa teɛbarem ad tettwaɛbarem ɛawed mayemmi txezzared ɣar uxecciw di tiṭṭ n umac maca war tḥekkared ca i teḥnact ten
REC100_SEG0003_PART02,REC100,SPK009,train,vad_v2_spk009,26.012,37.088,11.076,data/processed/segments/REC100/REC100_SEG0003_PART02.wav,reviewed,ni di tiṭṭ nnec xenni mammec ɣa tegged ad tinid i umac ejj ayi ad ac dd ssuffɣeɣ axecciw zi tiṭṭ nnec uca xzar aqa cek ɣarek taḥnact di tiṭṭ nnec
REC100_SEG0004_PART01,REC100,SPK009,train,vad_v2_spk009,37.088,48.468,11.38,data/processed/segments/REC100/REC100_SEG0004_PART01.wav,reviewed,cek a amnafeq suffeɣ dd amezwaru taḥnact zi tiṭṭ nnec xenni tzemmared ad texzared mliḥ ḥima ad tessuffɣed axecciw zi tiṭṭ n umac war tticem min iqedd
REC100_SEG0004_PART02,REC100,SPK009,train,vad_v2_spk009,48.468,59.848,11.38,data/processed/segments/REC100/REC100_SEG0004_PART02.wav,reviewed,sen i yiṭan war neṭṭarem ca tiyaqutin nwem i iřfan ḥima war xasent ɛeffsen s iḍaren nsen uca ad ɣarwem dd nqeřben ad kenniw mezzqen
REC100_SEG0005,REC100,SPK009,train,vad_v2_spk009,62.456,64.36,1.904,data/processed/segments/REC100/REC100_SEG0005.wav,reviewed,acejjeɛ i tẓaǧit
REC100_SEG0006_PART01,REC100,SPK009,train,vad_v2_spk009,67.384,79.648,12.264,data/processed/segments/REC100/REC100_SEG0006_PART01.wav,reviewed,ttarem ad awem immewc arzum ad tafem sqarqbem ad awem ittwarzem maɣar marra wenni i ɣa ittaren ad iṭṭef u wenni i ɣa yarzun ad yaf u
REC100_SEG0006_PART02,REC100,SPK009,train,vad_v2_spk009,79.648,91.912,12.264,data/processed/segments/REC100/REC100_SEG0006_PART02.wav,reviewed,wenni i ɣa issqarqben ad as ittwarzem niɣ man bnadem jar awem mařa mmis ittar as aɣrum ad as iwc aẓru niɣ mařa ittar as tasřemt ad as iwc afiɣar
REC100_SEG0007_PART01,REC100,SPK009,train,vad_v2_spk009,92.216,103.888,11.672,data/processed/segments/REC100/REC100_SEG0007_PART01.wav,reviewed,mařa kenniw waxxa kenniw d iɛeffanen aqa tessnem mammec ɣa tewcem min iṣebḥen i tarwa nwem mecḥař ɛad babatwem i iǧan deg ijenwan ad yewc min iṣebḥen i yinni
REC100_SEG0007_PART02,REC100,SPK009,train,vad_v2_spk009,103.888,115.56,11.672,data/processed/segments/REC100/REC100_SEG0007_PART02.wav,reviewed,d as i ɣa ittaren qaɛ am mammec texsem ad awem ggen iwdan ggem amya kenniw i nitni minzi man aya d ccariɛa d inabiyyen
REC100_SEG0008,REC100,SPK009,train,vad_v2_spk009,117.88,119.176,1.296,data/processed/segments/REC100/REC100_SEG0008.wav,reviewed,tnayn ibriḍen
REC100_SEG0009,REC100,SPK009,train,vad_v2_spk009,120.632,138.536,17.904,data/processed/segments/REC100/REC100_SEG0009.wav,reviewed,adfem zi tewwart iḥṣaren minzi tawwart temɣar uřa d abrid i ittawyen ɣar uhellek d miriw uca aṭṭas i zzayes ittadfen mammec teḥṣar tewwart u mammec imẓi webrid i ittawyen ɣar tudart mɣir drus n yinni t ittafen
REC100_SEG0011,REC100,SPK009,train,vad_v2_spk009,145.784,156.936,11.152,data/processed/segments/REC100/REC100_SEG0011.wav,reviewed,ḥḍam ixef nwem zeg inabiyyen issxarriqen i dd ittasen ɣarwem s thiḍurt n izmaren maca deg iɛeddisen nsen aqa nitni d uccanen itteṭṭfen
REC100_SEG0012_PART01,REC100,SPK009,train,vad_v2_spk009,157.464,169.04,11.576,data/processed/segments/REC100/REC100_SEG0012_PART01.wav,reviewed,zi řɣiǧet nsen ad ten tessnem ma ad řeqḍen aḍiř zeg isennanen niɣ tazart zi tzeggʷart ammu kuř tacejjart taṣebḥant
REC100_SEG0012_PART02,REC100,SPK009,train,vad_v2_spk009,169.04,180.616,11.576,data/processed/segments/REC100/REC100_SEG0012_PART02.wav,reviewed,tettawi dd řɣiǧet teṣbeḥ uca tacejjart taɛeffant tettawi dd řɣiǧet taɛeffant tacejjart taṣebḥant war tzemmar ad tewc řɣiǧet taɛeffant
REC100_SEG0013,REC100,SPK009,train,vad_v2_spk009,181.048,196.968,15.92,data/processed/segments/REC100/REC100_SEG0013.wav,reviewed,uca tacejjart taɛeffant war tzemmar ad tewc řɣiǧet taṣebḥant kuř tacejjart tenni war itticen řɣiǧet teṣbeḥ ad tettwaqess uca ad temmenḍar di tmessi s uyenni ad ten tessnem zi řɣiǧet nsen
REC100_SEG0015,REC100,SPK009,train,vad_v2_spk009,202.904,215.048,12.144,data/processed/segments/REC100/REC100_SEG0015.wav,reviewed,war iǧi ca kuř ijjen wenni d ayi ɣa inin a sidi a sidi ad yadef ɣar tgeldit n ijenwan maca d wenni itteggen min ixs baba i iǧan deg ijenwan
REC100_SEG0016_PART01,REC100,SPK009,train,vad_v2_spk009,215.32,226.304,10.984,data/processed/segments/REC100/REC100_SEG0016_PART01.wav,reviewed,aṭṭas i d ayi ɣa inin deg wass nni a sidi a sidi ma war nettnabb ca s yisem nnec ma war nuẓẓiř x ccwaṭen s yisem nnec u s yisem nnec
REC100_SEG0016_PART02,REC100,SPK009,train,vad_v2_spk009,226.304,237.288,10.984,data/processed/segments/REC100/REC100_SEG0016_PART02.wav,reviewed,ma war neggi aṭṭas n řeɛjayeb xenni necc ad asen iniɣ nican ɛemmarṣ war kenniw ssineɣ beɛɛdem xafi a kenniw inni itteggen min iǧan daɛffan
REC100_SEG0018,REC100,SPK009,train,vad_v2_spk009,246.04,264.04,18.0,data/processed/segments/REC100/REC100_SEG0018.wav,reviewed,marra wenni ittesřan i wawařen inu ittegg zzaysen ad ittwamqudda ak d ijj n bnadem d amiɣis wenni ibnan taddart nnes x sseǧaḥ xenni iwta wenẓar ḥemřen dd iɣezran suḍen dd isemmiḍen uca řeqfen taddart nni
REC100_SEG0019,REC100,SPK009,train,vad_v2_spk009,264.568,278.92,14.352,data/processed/segments/REC100/REC100_SEG0019.wav,reviewed,waxxa amenni war dd tewḍi ca minzi dsas nnes immars x sseǧaḥ maca marra wenni ittesřan i wawařen inu war zzaysen ittegg ad yiři am yijj n bnadem d afɣuř
REC100_SEG0020,REC100,SPK009,train,vad_v2_spk009,279.544,299.048,19.504,data/processed/segments/REC100/REC100_SEG0020.wav,reviewed,i ibna taddart nnes x ijdi xenni iwta wenẓar ḥemřen dd iɣezran suḍen dd isemmiḍen řeqfen taddart nni uca tewḍa tuɣa aweṭṭu nnes d ameqqran awarni řami ikemmeř yasuɛ awařen a aqa imsar belli řɣaci iqqim ittebhet s tɣuri nnes
REC100_SEG0021,REC100,SPK009,train,vad_v2_spk009,299.192,309.394,10.202,data/processed/segments/REC100/REC100_SEG0021.wav,reviewed,minzi tuɣa isseřmad i ten amecnaw wenni ɣar teǧa ṣṣulṭa war iǧi ca am yimseřmaden n idlisen d ifarisiyyen
REC101_SEG0001,REC101,SPK009,train,vad_v2_spk009,1.272,3.624,2.352,data/processed/segments/REC101/REC101_SEG0001.wav,reviewed,asgenfi n ijj n bu řbarṣ
REC101_SEG0002,REC101,SPK009,train,vad_v2_spk009,5.56,19.784,14.224,data/processed/segments/REC101/REC101_SEG0002.wav,reviewed,řami dd ihwa zeg wedrar ḍfaren t i dd aṭṭas n řɣaci xzar yusa dd ɣares ijjen i di iǧa řbarṣ isjed as inna a sidi mařa texsed tzemmared ad ayi tessizdeged
REC101_SEG0003_PART01,REC101,SPK009,train,vad_v2_spk009,20.376,33.088,12.712,data/processed/segments/REC101/REC101_SEG0003_PART01.wav,reviewed,yasuɛ isswiẓẓeḍ afus nnes uca iḥada t inna necc xseɣ zdeg uca ittwassizdeg zi řbarṣ nnes řexdenni xenni inna as yasuɛ xzar
REC101_SEG0003_PART02,REC101,SPK009,train,vad_v2_spk009,33.088,45.8,12.712,data/processed/segments/REC101/REC101_SEG0003_PART02.wav,reviewed,war tteqqar i ḥed maca ruḥ scen ixef nnec i ukehhan uca ewc taɣarṣt i arebbi ɛlaḥsab min zzayes iweṣṣa musa aqa tt d cchadet i nitni
REC101_SEG0004,REC101,SPK009,train,vad_v2_spk009,49.432,52.232,2.8,data/processed/segments/REC101/REC101_SEG0004.wav,reviewed,amsexxar n řqebṭan arumani
REC101_SEG0005,REC101,SPK009,train,vad_v2_spk009,53.976,72.232,18.256,data/processed/segments/REC101/REC101_SEG0005.wav,reviewed,řami yudef yasuɛ ɣar kafarnaḥum yusa dd ɣares ijj n řqebṭan x mya ittar zzayes ammu inna a sidi amsexxar ameẓyan inu izzeř di taddart d aneɛḍab aqa dayes řeḥriq aṭṭas inna as yasuɛ necc ad dd aseɣ ad t ssgenfiɣ
REC101_SEG0006_PART01,REC101,SPK009,train,vad_v2_spk009,72.76,85.312,12.552,data/processed/segments/REC101/REC101_SEG0006_PART01.wav,reviewed,uca řqebṭan x mya yarra dd inna a sidi necc war sdiheǧeɣ ad tadfed swadday i tzeqqa inu maca ini ijj n wawař waha xenni ad iggenfa uḥenjar inu minzi
REC101_SEG0006_PART02,REC101,SPK009,train,vad_v2_spk009,85.312,97.864,12.552,data/processed/segments/REC101/REC101_SEG0006_PART02.wav,reviewed,uřa d necc ɛawed d bnadem sadu ifassen uca ɣari iɛeskariyyen sadu ufus inu qqareɣ i wa ruḥ xenni ad iraḥ u i wenneɣni as dd xenni ad dd yas
REC101_SEG0007,REC101,SPK009,train,vad_v2_spk009,98.2,103.656,5.456,data/processed/segments/REC101/REC101_SEG0007.wav,reviewed,u i umsexxar inu qqareɣ as egg man aya uca ad t igg
REC101_SEG0008_PART01,REC101,SPK009,train,vad_v2_spk009,104.184,116.192,12.008,data/processed/segments/REC101/REC101_SEG0008_PART01.wav,reviewed,řami isřa yasuɛ man aya ittebhet inna i yinni akides iǧan s tidett necc ad awem iniɣ war ufiɣ uřa di israil l iman am wanita
REC101_SEG0008_PART02,REC101,SPK009,train,vad_v2_spk009,116.192,128.2,12.008,data/processed/segments/REC101/REC101_SEG0008_PART02.wav,reviewed,necc ad awem iniɣ belli aṭṭas i dd ɣa yasen zi ccarq u zi řɣarb ad qqimen ɣar ṭṭabřa ak d ibrahim d isḥaq d yaɛqub di tgeldit n ijenwan
REC101_SEG0009,REC101,SPK009,train,vad_v2_spk009,128.248,147.112,18.864,data/processed/segments/REC101/REC101_SEG0009.wav,reviewed,maca tarwa n tgeldit ad mmenḍaren barra ɣar ṭṭarf aneggaru n taǧest dinni ad iřin imeṭṭawen d uɣezzi n teɣmas yasuɛ inna i řqebṭan x mya ruḥ ad imsar am mammec tumned uca iggenfa uḥenjir nnes di tsaɛɛet nni
REC101_SEG0010,REC101,SPK009,train,vad_v2_spk009,150.168,152.68,2.512,data/processed/segments/REC101/REC101_SEG0010.wav,reviewed,asgenfi n tḍekkwač n buṭrus
REC101_SEG0011,REC101,SPK009,train,vad_v2_spk009,154.84,168.04,13.2,data/processed/segments/REC101/REC101_SEG0011.wav,reviewed,řexdenni yusa dd yasuɛ ɣar taddart n cimɛun iẓra taḍekkwač nnes tezzeř dayes timessi iḥada afus nnes uca truḥ as tmessi řexdenni tekkar tsexxar xas
REC101_SEG0012,REC101,SPK009,train,vad_v2_spk009,168.44,186.952,18.512,data/processed/segments/REC101/REC101_SEG0012.wav,reviewed,ɣar uɛecci iwyen dd ɣares aṭṭas n imaryaḥen i daysen ccwaṭen issuffeɣ ccwaṭen nsen s yijj n wawař waha uca issgenfa marra imehřac ḥima ad ittwakemmeř min ittwannan zeg unabi icaɛya ad iksi řeḥriq nneɣ u ad yarbu řehřac nneɣ
REC101_SEG0013,REC101,SPK009,train,vad_v2_spk009,190.552,198.888,8.336,data/processed/segments/REC101/REC101_SEG0013.wav,reviewed,aḍfar n yasuɛ řami iẓra yasuɛ řɣaci ameqqran i d as dd innḍen yumur i ten ad ẓwan ɣar ujemmaḍ
REC101_SEG0014_PART01,REC101,SPK009,train,vad_v2_spk009,199.512,212.864,13.352,data/processed/segments/REC101/REC101_SEG0014_PART01.wav,reviewed,uca yusa dd ɣares ijj n umseřmad n idlisen inna as a amseřmad inu ad cek ḍfareɣ mani ma i ɣa traḥed inna as yasuɛ iceɛban ɣarsen ifran u ijḍaḍ n ujenna ɣarse
REC101_SEG0014_PART02,REC101,SPK009,train,vad_v2_spk009,212.864,226.216,13.352,data/processed/segments/REC101/REC101_SEG0014_PART02.wav,reviewed,n řeɛwacc maca mmis n bnadem war yufi ca mani ɣa isenned azeǧif nnes inna as ijjen nneɣni zeg imeḥḍaren nnes a sidi ejj ayi d amezwar ad uyureɣ ad neḍřeɣ baba
REC101_SEG0015,REC101,SPK009,train,vad_v2_spk009,226.808,232.552,5.744,data/processed/segments/REC101/REC101_SEG0015.wav,reviewed,inna as yasuɛ ḍfar ayi dd ejj imettinen ad neḍřen imettinen nsen
REC101_SEG0016,REC101,SPK009,train,vad_v2_spk009,235.928,237.832,1.904,data/processed/segments/REC101/REC101_SEG0016.wav,reviewed,yasuɛ d tḥaryaḍt
REC101_SEG0017_PART01,REC101,SPK009,train,vad_v2_spk009,238.584,248.816,10.232,data/processed/segments/REC101/REC101_SEG0017_PART01.wav,reviewed,řami inya di tɣarrabut nyin imeḥḍaren nnes akides uca xzar tekkar dd ict n tḥaryaḍt di řebḥar ař mani dřint řemwaj aɣarrabu
REC101_SEG0017_PART02,REC101,SPK009,train,vad_v2_spk009,248.816,259.048,10.232,data/processed/segments/REC101/REC101_SEG0017_PART02.wav,reviewed,maca yasuɛ tuɣa iṭṭeṣ usin dd ɣares imeḥḍaren nnes uca ssfaqen t i d nnan as a siditneɣ senjem aneɣ aqa ad nettwahellek
REC101_SEG0018,REC101,SPK009,train,vad_v2_spk009,259.416,278.088,18.672,data/processed/segments/REC101/REC101_SEG0018.wav,reviewed,inna asen mayemmi tetteggʷedem a kenniw i di iǧa drus n l iman xenni ikkar iwebbex asemmiḍ d řebḥar uca tusa dd řhudnet tameqqrant tbehten iwdan nnan min iɛna wa umi isemmiḍen d řebḥar tteṭṭaɛen as
REC101_SEG0019,REC101,SPK009,train,vad_v2_spk009,281.56,284.168,2.608,data/processed/segments/REC101/REC101_SEG0019.wav,reviewed,asgenfi n tnayen n imeryaḥen
REC101_SEG0020_PART01,REC101,SPK009,train,vad_v2_spk009,285.176,297.776,12.6,data/processed/segments/REC101/REC101_SEG0020_PART01.wav,reviewed,řami yiweḍ ɣar ujemmaḍ ɣar temmurt n gadarinis řqan t i dd tnayen n imaryaḥen ffɣen dd zeg imeḍřan tuɣa mmuzzaren aṭṭas ař mani uřa d ijj war izemm
REC101_SEG0020_PART02,REC101,SPK009,train,vad_v2_spk009,297.776,310.376,12.6,data/processed/segments/REC101/REC101_SEG0020_PART02.wav,reviewed,ar ad yekk abrid nni sɣuyyen nnan min din jar aneɣ d cek a yasuɛ mmis n arebbi ma tusid dd danita ḥima ad aneɣ tɛeddbed qbeř řweqt
REC101_SEG0021_PART01,REC101,SPK009,train,vad_v2_spk009,310.712,324.48,13.768,data/processed/segments/REC101/REC101_SEG0021_PART01.wav,reviewed,tuɣa din ict n tḥimart n iřfan tameqqrant tiggʷej xasen thedda din uca ccwaṭen ttaren zzayes nnan mařa tessuffɣed aneɣ ejj aneɣ ad nadef ɣar tḥimart n yeřfan inna a
REC101_SEG0021_PART02,REC101,SPK009,train,vad_v2_spk009,324.48,338.248,13.768,data/processed/segments/REC101/REC101_SEG0021_PART02.wav,reviewed,sen ruḥem řexdenni ffɣen dd udfen deg iřfan uca xzar taḥimart n iřfan amen tmun teḥduddar zi teysart uca iřfan wḍan di řebḥar ṭmmuṭ deg waman
REC101_SEG0022,REC101,SPK009,train,vad_v2_spk009,338.584,357.768,19.184,data/processed/segments/REC101/REC101_SEG0022.wav,reviewed,imeksawen uca řami iwḍen ɣar tendint xebbaren x kuřci min imsaren uřa x imaryaḥen uca xzar ffɣen dd aytbab n tendint marra i umsagar ak d yasuɛ umi t ẓrin ttaren zzayes maḥend ad iffeɣ zi temmurt nsen
REC102_SEG0001,REC102,SPK009,train,vad_v2_spk009,2.104,4.232,2.128,data/processed/segments/REC102/REC102_SEG0001.wav,reviewed,asgenfi n ijj n uneɛḍab
REC102_SEG0002,REC102,SPK009,train,vad_v2_spk009,6.552,25.0,18.448,data/processed/segments/REC102/REC102_SEG0002.wav,reviewed,awarni řami inya deg uɣarrabu iẓwa řebḥar yiweḍ ɣar tendint nnes uca iwyen as dd ijj n uneɛḍab i tuɣa izzřen di tassut řami iẓra yasuɛ l iman nsen inna i uneɛḍab egg uř a mmi ddnub nnec ttwaɣfaren
REC102_SEG0003,REC102,SPK009,train,vad_v2_spk009,25.976,27.112,1.136,data/processed/segments/REC102/REC102_SEG0003.wav,reviewed,uca xzar
REC102_SEG0004_PART01,REC102,SPK009,train,vad_v2_spk009,27.608,41.78,14.172,data/processed/segments/REC102/REC102_SEG0004_PART01.wav,reviewed,ca n imseřmaden n idlisen nnan deg yixef nsen wanita ittceqqaf di arebbi yasuɛ umi issen min di tuɣa ttfekkaren inna asen mayemmi tettxemmamem di min war iḥřin deg wuřawen nwem maɣar min ihewnen
REC102_SEG0004_PART02,REC102,SPK009,train,vad_v2_spk009,41.78,55.952,14.172,data/processed/segments/REC102/REC102_SEG0004_PART02.wav,reviewed,ad iniɣ i wanita ddnub nnec ttwaɣfaren niɣ ad iniɣ kkar uyur maca ḥima ad tessnem belli mmis n bnadem ɣares ṣṣulṭa di temmurt ḥima ad iɣfar ddnub ad iniɣ i uneɛḍab a kkar
REC102_SEG0005,REC102,SPK009,train,vad_v2_spk009,55.952,70.216,14.264,data/processed/segments/REC102/REC102_SEG0005.wav,reviewed,ksi tassut nnec tarekkweḥed ɣar taddart nnec xenni ikkar iruḥ ɣar taddart nnes řami iẓra řɣaci man aya tbehten ssɛuǧen arebbi wenni iwcin ṣṣulṭa am tanita i iwdan
REC102_SEG0006,REC102,SPK009,train,vad_v2_spk009,72.696,74.28,1.584,data/processed/segments/REC102/REC102_SEG0006.wav,reviewed,ařaɣi n yasuɛ x matta
REC102_SEG0007,REC102,SPK009,train,vad_v2_spk009,76.696,94.088,17.392,data/processed/segments/REC102/REC102_SEG0007.wav,reviewed,řami ssenni ikka yasuɛ iẓra aryaz wenni umi qqaren matta iqqim ɣar taddart n ḍḍariba inna as ḍfar ayi dd uca ikkar iḍfar i t řami qqimen nitni ɣar ṭṭabřa di taddart usin dd waṭṭas n ayt n ḍḍariba d imednab
REC102_SEG0008,REC102,SPK009,train,vad_v2_spk009,94.584,111.72,17.136,data/processed/segments/REC102/REC102_SEG0008.wav,reviewed,qqimen ɣar ṭṭabřa ak d yasuɛ d imeḥḍaren nnes řami ẓrin ifarisiyyen man aya nnan i imeḥḍaren nnes mayemmi ittett umseřmad nwem ak d ayt n ḍḍariba d imednab umi isřa yasuɛ man aya inna asen inni iṣeḥḥen war ḥdijen ca aḍbib maca imehřac
REC102_SEG0009,REC102,SPK009,train,vad_v2_spk009,112.248,124.584,12.336,data/processed/segments/REC102/REC102_SEG0009.wav,reviewed,ruḥem ad třemdem min ixs ad yini wawař a xseɣ arreḥmet war xseɣ ca taɣarṣt minzi necc war dd usiɣ ḥima ad řaɣiɣ x imseggaden maca x imednab
REC102_SEG0010,REC102,SPK009,train,vad_v2_spk009,126.424,128.232,1.808,data/processed/segments/REC102/REC102_SEG0010.wav,reviewed,aseqsi x uẓummi
REC102_SEG0011_PART01,REC102,SPK009,train,vad_v2_spk009,130.488,142.336,11.848,data/processed/segments/REC102/REC102_SEG0011_PART01.wav,reviewed,xenni usin dd ɣares imeḥḍaren n yuḥanna nnan as mayemmi nettẓumma neccin d ifarisiyyen aṭṭas maca imeḥḍaren nnec war ttẓummin ca yasuɛ inna asen ma
REC102_SEG0011_PART02,REC102,SPK009,train,vad_v2_spk009,142.336,154.184,11.848,data/processed/segments/REC102/REC102_SEG0011_PART02.wav,reviewed,izemmar ad ceḍnen řeḥbab n umuřay umi amuřay ɛad akidsen ad dd asen wussan ad xasen immeksi umuřay xenni ad ẓummen
REC102_SEG0012,REC102,SPK009,train,vad_v2_spk009,154.648,166.248,11.6,data/processed/segments/REC102/REC102_SEG0012.wav,reviewed,uřa d ijj war ittegg taneqqič n tcuqqet n jdid x warruḍ aqdim ḥima war tqeǧiɛ tneqqič zeg warruḍ uca ad iqqarṣ warruḍ ktar
REC102_SEG0013,REC102,SPK009,train,vad_v2_spk009,166.648,184.648,18.0,data/processed/segments/REC102/REC102_SEG0013.wav,reviewed,uřa d binu n jdid war ittwagg ca di txuncay tibuřay ḥima war dduqquzent txuncay ad izeǧeɛ binu uca tixuncay ad ḍeyyɛent ittxeṣṣa ad tteggen binu n jdid di txuncay n jdid ḥima ad ttwaxemmřen nitni s tnayen
REC102_SEG0015_PART01,REC102,SPK009,train,vad_v2_spk009,193.048,206.896,13.848,data/processed/segments/REC102/REC102_SEG0015_PART01.wav,reviewed,am tuɣa issawař akidsen x tmesřayin a yusa dd ijj n umeqqran isjed as inna řexxu yeǧi bḥřa temmut maca as dd sars xas afus nnec uca ad teddar ɛawed yasuɛ ikk
REC102_SEG0015_PART02,REC102,SPK009,train,vad_v2_spk009,206.896,220.744,13.848,data/processed/segments/REC102/REC102_SEG0015_PART02.wav,reviewed,ar iḍfar i t ak d imeḥḍaren nnes uca xzar ict n temɣart tuɣa ttazzřen zzayes idammen řmijař n tenɛac n iseggʷusa tekka as dd ɣar ḍeffar uca tḥada abeḥřuř n ujeǧab nnes
REC102_SEG0016,REC102,SPK009,train,vad_v2_spk009,221.272,227.72,6.448,data/processed/segments/REC102/REC102_SEG0016.wav,reviewed,minzi nettat tuɣa tenna deg ixef nnes icfa mɣir ad ḥadiɣ ajeǧab nnes ad ggenfiɣ
REC102_SEG0017_PART01,REC102,SPK009,train,vad_v2_spk009,228.344,239.872,11.528,data/processed/segments/REC102/REC102_SEG0017_PART01.wav,reviewed,maca inneqřeb dd yasuɛ iẓra i tt inna egg uř a yeǧi aqa l iman nnem i cem issnejmen uca tettwassggenfa temɣart nni di tsaɛɛet nni
REC102_SEG0017_PART02,REC102,SPK009,train,vad_v2_spk009,239.872,251.4,11.528,data/processed/segments/REC102/REC102_SEG0017_PART02.wav,reviewed,xenni yusa dd yasuɛ ɣar taddart n umeqqran iẓra iɣeyyaḍen d řɣaci sɣuyyun inna asen ffɣem ssa taḥenjirt war temmut ca aqa teṭṭeṣ
REC102_SEG0018,REC102,SPK009,train,vad_v2_spk009,251.736,264.168,12.432,data/processed/segments/REC102/REC102_SEG0018.wav,reviewed,maca nitni ḍeḥcen dayes ařami issuffeɣ řɣaci yudef ɣar daxeř uca iṭṭef i tt zeg ufus nnes xenni tekkar tḥenjirt uca iffeɣ řexbar ɣar temmurt nni marra
REC102_SEG0020_PART01,REC102,SPK009,train,vad_v2_spk009,274.168,287.344,13.176,data/processed/segments/REC102/REC102_SEG0020_PART01.wav,reviewed,řami ssenni ikka yasuɛ ḍfaren t tnayen n idarɣařen ttřaɣan qqaren arḥem aneɣ a mmis n dawud ařami yudef ɣar taddart usin dd ɣares idarɣařen nni yasuɛ inna asen ma
REC102_SEG0020_PART02,REC102,SPK009,train,vad_v2_spk009,287.344,300.52,13.176,data/processed/segments/REC102/REC102_SEG0020_PART02.wav,reviewed,tumnem belli zemmareɣ ad ggeɣ man aya nnan as wah a siditneɣ řexdenni iḥada tiṭṭawin nsen inna ad ɣarwem yiři ɛlaḥsab l iman nwem řexdenni ttwarezment tiṭṭawin nsen
REC102_SEG0021,REC102,SPK009,train,vad_v2_spk009,301.176,311.112,9.936,data/processed/segments/REC102/REC102_SEG0021.wav,reviewed,xenni iḥarrem i ten yasuɛ inna ɣarwem war ssargabem ḥed maca nitni ařami ruḥen ssuffɣen xas řexbar di marra tammurt
REC102_SEG0022_PART01,REC102,SPK009,train,vad_v2_spk009,311.64,322.752,11.112,data/processed/segments/REC102/REC102_SEG0022_PART01.wav,reviewed,řami dd ffɣen nitni iwyen as dd ijj n weryaz aynaw n řami iffeɣ raryaḥ aɛfffan nni issiweř weynaw tuɣa ittebhet řɣaci nnan
REC102_SEG0022_PART02,REC102,SPK009,train,vad_v2_spk009,322.752,333.864,11.112,data/processed/segments/REC102/REC102_SEG0022_PART02.wav,reviewed,ɛemmarṣ war neẓri am wanita di israil maca ifarisiyyen nnan s umeqqran n aryaḥ iɛfffanen issuffuɣ raryaḥ iɛfffanen
REC102_SEG0024_PART01,REC102,SPK009,train,vad_v2_spk009,341.592,353.664,12.072,data/processed/segments/REC102/REC102_SEG0024_PART01.wav,reviewed,yasuɛ tuɣa ittenneḍ x marra tineddam d dcurat isseřmad i ten di temzidawin nsen tuɣa ittbarreḥ s řexbar aṣebḥan n tgeldit uca issgenfa marra
REC102_SEG0024_PART02,REC102,SPK009,train,vad_v2_spk009,353.664,365.736,12.072,data/processed/segments/REC102/REC102_SEG0024_PART02.wav,reviewed,řehřacat d řeɛyub n řgens řami iẓra yasuɛ řɣaci iḥinn xasen minzi uḥřen nnhewřen am wuǧi i war ɣar iǧi umeksaw
REC102_SEG0025,REC102,SPK009,train,vad_v2_spk009,366.392,380.526,14.134,data/processed/segments/REC102/REC102_SEG0025.wav,reviewed,xenni inna i imeḥḍaren nnes tameyra temɣar aṭṭas maca aqa din drus n icewwařen s uyenni ttarem i bab n tmeyra ad dd issekk icewwařen i tmeyra nnes
REC103_SEG0001,REC103,SPK009,train,vad_v2_spk009,2.168,5.32,3.152,data/processed/segments/REC103/REC103_SEG0001.wav,reviewed,ařaɣi d usseki n tenɛac n rrusul
REC103_SEG0002,REC103,SPK009,train,vad_v2_spk009,7.256,18.664,11.408,data/processed/segments/REC103/REC103_SEG0002.wav,reviewed,iřaɣa yasuɛ x tenɛac n imeḥḍaren nnes iwca asen ṣṣulṭa ḥima ad ssuffɣen řaryaḥ imengas u ḥima ad ssgenfan marra řehřacat d řeɛyubat
REC103_SEG0003_PART01,REC103,SPK009,train,vad_v2_spk009,19.224,29.264,10.04,data/processed/segments/REC103/REC103_SEG0003_PART01.wav,reviewed,ismawen n tenɛac n rrusul d yina amezwaru nsen cimɛun umi qqaren buṭrus ixs ad yini aẓru d umas andrawus
REC103_SEG0003_PART02,REC103,SPK009,train,vad_v2_spk009,29.264,39.304,10.04,data/processed/segments/REC103/REC103_SEG0003_PART02.wav,reviewed,d yaɛqub mmis n zabdi d umas yuḥanna d filippus d bar tulumawus tuma d matta
REC103_SEG0004_PART01,REC103,SPK009,train,vad_v2_spk009,39.576,53.984,14.408,data/processed/segments/REC103/REC103_SEG0004_PART01.wav,reviewed,wenni d bu ḍḍariba d yaɛqub mmis n ḥalfa d labbawus umi qqaren tadday d cimɛun wenni d amɛessab d yahuda isxariyuṭi wenni t isellmen
REC103_SEG0004_PART02,REC103,SPK009,train,vad_v2_spk009,53.984,68.392,14.408,data/processed/segments/REC103/REC103_SEG0004_PART02.wav,reviewed,yasuɛ issekk tenɛac a yumur i ten inna war ttruḥem ca x webrid n regnuss war ttadfem ca ɣar tendint n isamariyyen maca ḥsen ad traḥem ɣar wuǧi iweddaren n taddart n israil
REC103_SEG0005,REC103,SPK009,train,vad_v2_spk009,69.496,86.248,16.752,data/processed/segments/REC103/REC103_SEG0005.wav,reviewed,xmi ɣa traḥem barrḥem am teqqarem tageldit n ijenwan aqa tiweḍ dd sgenfam imehřac sizdgem inni di iǧa řbarṣ suffɣem ccwaṭen kenniw teksim břa ca xenni wcem tt břa ca
REC103_SEG0006,REC103,SPK009,train,vad_v2_spk009,87.0,103.784,16.784,data/processed/segments/REC103/REC103_SEG0006.wav,reviewed,war kessim ca wureɣ uřa d nnuqart uřa d nnḥas deg ibuyas nwem war kessim ca ttesṭim i webrid řa d tnayen n tcamirat řa d sandaliyat uřa d taɣɣarct nneɣni minzi axeddam isdaheǧ macca nnes
REC103_SEG0007,REC103,SPK009,train,vad_v2_spk009,104.632,112.936,8.304,data/processed/segments/REC103/REC103_SEG0007.wav,reviewed,man tandint niɣ dcar i ɣa tadfem arzum wi dayes isdaheǧ uca qqimem din ař d traḥem
REC103_SEG0008_PART01,REC103,SPK009,train,vad_v2_spk009,113.528,124.672,11.144,data/processed/segments/REC103/REC103_SEG0008_PART01.wav,reviewed,mařa tudfem ɣar taddart seǧmem x aytbab n taddart s řehna mařa taddart tesdaheǧ jjem xas řehna nwem mařa war t tesdiheǧ
REC103_SEG0008_PART02,REC103,SPK009,train,vad_v2_spk009,124.672,135.816,11.144,data/processed/segments/REC103/REC103_SEG0008_PART02.wav,reviewed,xenni řehna nwem ad ɣarwem dd iɛqeb mařa tufim ca n yijjen war kenniw iqebbeř u war ittesři i wawařen nwem ffɣem zi taddart nni niɣ zi ṭendint nni
REC103_SEG0009,REC103,SPK009,train,vad_v2_spk009,136.376,149.8,13.424,data/processed/segments/REC103/REC103_SEG0009.wav,reviewed,zzerzem taɛejjajt zeg iḍaren nwem s tidett necc ad awem iniɣ ad yiři řḥař i temmurt n sadum d ɛamurra ihwen zi tendint nni deg wass n lḥisab
REC103_SEG0010,REC103,SPK009,train,vad_v2_spk009,153.08,156.968,3.888,data/processed/segments/REC103/REC103_SEG0010.wav,reviewed,yasuɛ issawař x řeḥṣaret d udarrec
REC103_SEG0011,REC103,SPK009,train,vad_v2_spk009,158.872,168.776,9.904,data/processed/segments/REC103/REC103_SEG0011.wav,reviewed,xzarem řexxu ad kenniw ssekkeɣ am uǧi di řwesṭ n wuccanen iřim tfettnem amecnaw ifiɣran u ɣeffřem am idbiren
REC103_SEG0012,REC103,SPK009,train,vad_v2_spk009,169.752,176.712,6.96,data/processed/segments/REC103/REC103_SEG0012.wav,reviewed,maca ḥḍam ixef nwem zeg iwdan minzi nitni ad kenniw sellmen i taddart n ccreɛ
REC103_SEG0013_PART01,REC103,SPK009,train,vad_v2_spk009,177.24,190.112,12.872,data/processed/segments/REC103/REC103_SEG0013_PART01.wav,reviewed,ad kenniw hettken s urekkuḍ di temzidawin nsen ad kenniw nedhen zzat i řḥukkam d zzat i ijeǧiden di ssibbet inu ḥima ad tiřim d cchadet i nitni u
REC103_SEG0013_PART02,REC103,SPK009,train,vad_v2_spk009,190.112,202.984,12.872,data/processed/segments/REC103/REC103_SEG0013_PART02.wav,reviewed,řa i řegnus mařa sellmen kenniw war kessim ca s wemnus mammec d min ɣa tessiwřem minzi ad awem immewc di tsaɛɛet nni min ittxeṣṣa ad tinim
REC103_SEG0014_PART01,REC103,SPK009,train,vad_v2_spk009,203.16,214.128,10.968,data/processed/segments/REC103/REC103_SEG0014_PART01.wav,reviewed,maɣar war iǧi d kenniw inni issawařen maca d arruḥ n babatwem d netta i daywem issawařen umas ad isellem umas ɣar el
REC103_SEG0014_PART02,REC103,SPK009,train,vad_v2_spk009,214.128,225.096,10.968,data/processed/segments/REC103/REC103_SEG0014_PART02.wav,reviewed,muṭ u babas mmis uca ad kkaren tarwa d aɣezdis i lwalidin nsen ad ten nɣen ad kenniw carhen marra idsen x ssibbet n yisem inu
REC103_SEG0015,REC103,SPK009,train,vad_v2_spk009,225.4,242.888,17.488,data/processed/segments/REC103/REC103_SEG0015.wav,reviewed,maca wenni i ɣa iṣbaren ař aneggaru ad ittwassenjem mařa darrcen xawem di tendint a arewřem ɣar tenneɣnit s tidett necc ad awem iniɣ kenniw war tettekkem ca x marra tineddam n israil ař dd ɣa yas mmis n bnadem
REC103_SEG0016,REC103,SPK009,train,vad_v2_spk009,243.64,256.776,13.136,data/processed/segments/REC103/REC103_SEG0016.wav,reviewed,war iǧi umeḥḍar yuɛřa x umseřmad nnes uřa d amsexxar x bab nnes ikfa i umeḥḍar ad yiři am umseřmad nnes u amsexxar am bab nnes
REC103_SEG0017_PART01,REC103,SPK009,train,vad_v2_spk009,257.048,271.712,14.664,data/processed/segments/REC103/REC103_SEG0017_PART01.wav,reviewed,mařa řaɣan as i bab n taddart beɛalzabul ixs ad yini ibřis mecḥař ɛad i aytbab n taddart nnes war tteggʷedem ca zzaysen minzi war din min idřin ad iqqim war
REC103_SEG0017_PART02,REC103,SPK009,train,vad_v2_spk009,271.712,286.376,14.664,data/processed/segments/REC103/REC103_SEG0017_PART02.wav,reviewed,ittwaɛarri uřa war din min inuffaren ad iqqim war ittwissen min d awem qqareɣ di taǧest inim t di tfawt min tesřim qqaren t deg imezzuɣen nwem barrḥem zzayes x tzeɣwin
REC103_SEG0018,REC103,SPK009,train,vad_v2_spk009,286.488,304.552,18.064,data/processed/segments/REC103/REC103_SEG0018.wav,reviewed,war tteggʷedem ca zeg inni ineqqen arrimet maca war zemmaren ad nɣen řeɛmar ggʷedem d amezwaru zeg wenni izemmaren ad isshellek řeɛmar d arrimet di jehennama ma war ttmenzin tnayen n ẓẓawec s yijj n uṣuldi n nnḥas
REC103_SEG0019_PART01,REC103,SPK009,train,vad_v2_spk009,304.984,317.168,12.184,data/processed/segments/REC103/REC103_SEG0019_PART01.wav,reviewed,uřa d ijj zzaysen war dd iweṭṭi ca x temmurt břa babatwem maca uřa d iẓuṭṭan n ucuwwaf n uzeǧif nwem ttwaḥessben marra s uyenni war tteggʷedem
REC103_SEG0019_PART02,REC103,SPK009,train,vad_v2_spk009,317.168,329.352,12.184,data/processed/segments/REC103/REC103_SEG0019_PART02.wav,reviewed,ca aqa kenniw teɛdum ẓẓawec aṭṭas s uya kuř ijjen wenni zzayi i ɣa icehden zzat i iwdan uřa d necc ad zzayes cehdeɣ zzat i baba i iǧan deg ijenwan
REC103_SEG0020,REC103,SPK009,train,vad_v2_spk009,329.816,347.176,17.36,data/processed/segments/REC103/REC103_SEG0020.wav,reviewed,maca wenni d ayi ɣa inkaren zzat i iwdan uřa d necc ad t nkareɣ zzat i baba i iǧan deg ijenwan war ttɣiřem ca belli usiɣ dd ḥima ad awyeɣ řehna i ddunect necc war dd usiɣ ca ḥima ad awyeɣ řehna maca ssif
REC103_SEG0021,REC103,SPK009,train,vad_v2_spk009,347.512,359.976,12.464,data/processed/segments/REC103/REC103_SEG0021.wav,reviewed,usiɣ dd ḥima ad bḍiɣ aryaz x babas d yeǧis x yemmas d tesřit x řallas aytbab n taddart n bnadem ad iřin d řɛedyan nnes
REC103_SEG0022_PART01,REC103,SPK009,train,vad_v2_spk009,360.28,371.12,10.84,data/processed/segments/REC103/REC103_SEG0022_PART01.wav,reviewed,wenni ittexsen babas niɣ d yemmas xafi war d ayi isdiheǧ ca uca wenni ittexsen mmis niɣ d yeǧis xafi war d ayi isdihe
REC103_SEG0022_PART02,REC103,SPK009,train,vad_v2_spk009,371.12,381.96,10.84,data/processed/segments/REC103/REC103_SEG0022_PART02.wav,reviewed,ǧ ca wenni war ikessin ṣṣalib nnes uca ad ayi dd iḍfar aqa netta war d ayi isdiheǧ ca wenni i ɣa yafen tudart nnes ad tt ixsar
REC103_SEG0023_PART01,REC103,SPK009,train,vad_v2_spk009,382.36,395.12,12.76,data/processed/segments/REC103/REC103_SEG0023_PART01.wav,reviewed,d wenni i ɣa ixsaren tudart nnes di ṭṭweɛ inu ad tt yaf wenni kenniw i ɣa iqebřen iqebbeř ayi u wenni d ayi ɣa iqebřen iqebbeř wenni d ayi dd issekken
REC103_SEG0023_PART02,REC103,SPK009,train,vad_v2_spk009,395.12,407.88,12.76,data/processed/segments/REC103/REC103_SEG0023_PART02.wav,reviewed,wenni i ɣa iqebřen anabi s isem n nnabi ad iṭṭef řmunet n unabi d wenni i ɣa iqebřen amseggad s isem n umseggad
REC103_SEG0024,REC103,SPK009,train,vad_v2_spk009,408.664,427.781,19.117,data/processed/segments/REC103/REC103_SEG0024.wav,reviewed,ad iṭṭef řmunet n umseggad wenni i ɣa iwcen i yijjen zeg ina imeẓyanen ijj n řkas n waman d asemmaḍ mɣir minzi netta d ameḥḍar inu s tidett necc ad awem iniɣ war d as tettriḥ řmunet nnes ɛemmarṣ
REC104_SEG0001,REC104,SPK009,train,vad_v2_spk009,1.528,4.104,2.576,data/processed/segments/REC104/REC104_SEG0001.wav,reviewed,yasuɛ d yuḥanna amseɣḍaṣ
REC104_SEG0002,REC104,SPK009,train,vad_v2_spk009,6.168,16.328,10.16,data/processed/segments/REC104/REC104_SEG0002.wav,reviewed,awarni řami ikemmeř yasuɛ řumur nnes i tenɛac n imeḥḍaren nnes yuyur ssenni ḥima ad isseřmed u ad ibarreḥ di tneddam nsen
REC104_SEG0003_PART01,REC104,SPK009,train,vad_v2_spk009,16.632,29.648,13.016,data/processed/segments/REC104/REC104_SEG0003_PART01.wav,reviewed,řami tuɣa yuḥanna ittesřa di řeḥbes x řexdayem n lmasiḥ issekk ca zeg imeḥḍaren nnes inna as ma d cek d wenni dd ɣa yasen niɣ ittxeṣṣa ad nraja ijjen nneɣni yarra dd
REC104_SEG0003_PART02,REC104,SPK009,train,vad_v2_spk009,29.648,42.664,13.016,data/processed/segments/REC104/REC104_SEG0003_PART02.wav,reviewed,yasuɛ inna asen ruḥem tɛawdem i yuḥanna min tesřam d min teẓrim aqa idarɣařen ttwařan ineɛḍaben gguren d yinni di iǧa řbarṣ ttwassizdigen
REC104_SEG0004,REC104,SPK009,train,vad_v2_spk009,43.064,50.504,7.44,data/processed/segments/REC104/REC104_SEG0004.wav,reviewed,idehcar dewřen ttesřan imettinen ttwassnekkaren dd u řexbar aṣebḥan ittwabarraḥ i imezřaḍ
REC104_SEG0005,REC104,SPK009,train,vad_v2_spk009,51.224,64.52,13.296,data/processed/segments/REC104/REC104_SEG0005.wav,reviewed,sseɛd n wenni war dayi ittendrifen řami uyuren ina ibda yasuɛ issawař ak d řɣaci x yuḥanna inna min ɣar dd teffɣem ɣar řexřa maḥend ad t tẓarem
REC104_SEG0006_PART01,REC104,SPK009,train,vad_v2_spk009,65.176,79.808,14.632,data/processed/segments/REC104/REC104_SEG0006_PART01.wav,reviewed,ma ɣar ijj n uɣanim issenhezza t usemmiḍ mařa lla min ɣar dd teffɣem ad t tẓarem ma ɣar ijj n bnadem s warruḍ yarḍeb xzar inni yarrḍen arruḍ iɣřan yarḍeb a
REC104_SEG0006_PART02,REC104,SPK009,train,vad_v2_spk009,79.808,94.44,14.632,data/processed/segments/REC104/REC104_SEG0006_PART02.wav,reviewed,qa aten di tudrin n ujeǧid min ɣar dd teffɣem xenni maḥend ad t tẓarem ijj n unabi wah necc ad awem iniɣ aqa d ameqqran ɛad x unabi maɣar aqa d wa d wenni i xef ittwari wawař a xẓar
REC104_SEG0007,REC104,SPK009,train,vad_v2_spk009,94.712,102.92,8.208,data/processed/segments/REC104/REC104_SEG0007.wav,reviewed,ad dd ssekkeɣ lmalak inu zzat i wudem nnec wenni i ɣa isswejden abrid nnec zzatek s tidett necc ad awem iniɣ
REC104_SEG0008_PART01,REC104,SPK009,train,vad_v2_spk009,103.352,114.032,10.68,data/processed/segments/REC104/REC104_SEG0008_PART01.wav,reviewed,jar inni dd ittwaxeřqen zi temɣarin war dd iffiɣ uřa d ijj d ameqqran x yuḥanna amseɣḍaṣ waxxa amenni ameẓyan di tgeldit n ijenwan d ameqqran xas ze
REC104_SEG0008_PART02,REC104,SPK009,train,vad_v2_spk009,114.032,124.712,10.68,data/processed/segments/REC104/REC104_SEG0008_PART02.wav,reviewed,g wussan n yuḥanna amseɣḍaṣ ař iḍa temmars tgeldit n ijenwan i lɛunf uca ayt n bu řexcunet arezzun tteṭṭfen tt
REC104_SEG0009,REC104,SPK009,train,vad_v2_spk009,125.144,143.08,17.936,data/processed/segments/REC104/REC104_SEG0009.wav,reviewed,minzi marra inabiyyen d ccariɛa tuɣa ttnabban ař dd yas yuḥanna mařa texsem qebřem aqa wanita d iliya wenni ad dd yas wenni ɣar iǧa imezzuɣen i useǧi ad iseř
REC104_SEG0010,REC104,SPK009,train,vad_v2_spk009,144.472,147.336,2.864,data/processed/segments/REC104/REC104_SEG0010.wav,reviewed,wi ak d i ɣa ssemquddeɣ jjiř a
REC104_SEG0011_PART01,REC104,SPK009,train,vad_v2_spk009,147.8,161.62,13.82,data/processed/segments/REC104/REC104_SEG0011_PART01.wav,reviewed,aqa t amecnaw iḥenjiren iqqimen di řeswaq ttřaɣan x imeddukkař nsen qqaren aqa nɣennej i kenniw kenniw war tecḍiḥem aqa newta awem agejdur
REC104_SEG0011_PART02,REC104,SPK009,train,vad_v2_spk009,161.62,175.44,13.82,data/processed/segments/REC104/REC104_SEG0011_PART02.wav,reviewed,uca war tecḍinem maɣar yusa dd yuḥanna war ittett war isess uca qqaren nitni dayes ijj n aryaḥ ạɛfan aqa mmis n bnadem yusa dd
REC104_SEG0012,REC104,SPK009,train,vad_v2_spk009,175.44,188.872,13.432,data/processed/segments/REC104/REC104_SEG0012.wav,reviewed,ittett isess uca nitni qqaren aqa din bnadem iřhef x macca d binu netta d ameddukkeř n ayt n ḍḍariba d imednab maca tiɣit tettwasegged s řexdayem nnes
REC104_SEG0013,REC104,SPK009,train,vad_v2_spk009,192.152,195.4,3.248,data/processed/segments/REC104/REC104_SEG0013.wav,reviewed,řḥukm x tneddam i war yuminen
REC104_SEG0014_PART01,REC104,SPK009,train,vad_v2_spk009,197.208,209.76,12.552,data/processed/segments/REC104/REC104_SEG0014_PART01.wav,reviewed,řexdenni ibda ittwebbex tineddam i di igga aṭṭas n řeɛjayeb nnes minzi nitenti war tubent ca uct xam a xurazin
REC104_SEG0014_PART02,REC104,SPK009,train,vad_v2_spk009,209.76,222.312,12.552,data/processed/segments/REC104/REC104_SEG0014_PART02.wav,reviewed,uct xam a bayt ṣayda mři tuɣa ttwaggent di ṣur d ṣaydun řeɛjayeb ijehden tinni ittwaggen daykent iři aqa tubent aṭṭas zeg wami
REC104_SEG0015,REC104,SPK009,train,vad_v2_spk009,222.584,227.4,4.816,data/processed/segments/REC104/REC104_SEG0015.wav,reviewed,s txancet n wecḍan d yiɣɣeḍ x izeǧifen nsent
REC104_SEG0016_PART01,REC104,SPK009,train,vad_v2_spk009,227.64,240.688,13.048,data/processed/segments/REC104/REC104_SEG0016_PART01.wav,reviewed,maca necc ad awem iniɣ ad yiři řḥař i tendint n ṣur d ṣaydun ihwen zi řḥař nwem deg wass n lḥisab i cem a tandint n kafarnaḥum tenni ittwassgeɛɛden
REC104_SEG0016_PART02,REC104,SPK009,train,vad_v2_spk009,240.688,253.736,13.048,data/processed/segments/REC104/REC104_SEG0016_PART02.wav,reviewed,ař ajenna ɣar řaxart i ɣar dd ɣa tehwid minzi mařa ttwaggent di sadum řeɛjayeb ijehden i dayem ittwaggen iři aqa teqqim ař ass n yiḍa maca necc ad am iniɣ
REC104_SEG0017,REC104,SPK009,train,vad_v2_spk009,253.784,260.36,6.576,data/processed/segments/REC104/REC104_SEG0017.wav,reviewed,ad yiři řḥař i temmurt n sadum ihwen zi řḥař nnem deg wass n lḥisab
REC104_SEG0018,REC104,SPK009,train,vad_v2_spk009,262.648,264.712,2.064,data/processed/segments/REC104/REC104_SEG0018.wav,reviewed,taẓaǧit n yasuɛ
REC104_SEG0019_PART01,REC104,SPK009,train,vad_v2_spk009,266.488,277.408,10.92,data/processed/segments/REC104/REC104_SEG0019_PART01.wav,reviewed,di tsaɛet nni ibda yasuɛ ad yini ḥemdeɣ cek a baba sidi n ujenna d temmurt minzi tessnuffared aya x imiɣisen d imusna
REC104_SEG0019_PART02,REC104,SPK009,train,vad_v2_spk009,277.408,288.328,10.92,data/processed/segments/REC104/REC104_SEG0019_PART02.wav,reviewed,wen maca tessaregbed aya i iḥenjiren wah a baba minzi d wa d arḍa i cek marra min iǧan immewc ayi dd zi baba
REC104_SEG0020_PART01,REC104,SPK009,train,vad_v2_spk009,288.664,299.072,10.408,data/processed/segments/REC104/REC104_SEG0020_PART01.wav,reviewed,uca uřa d ijj war issin tammemmit mɣir tababbat uca uřa d ijj war issin tababbat mɣir tammemmit u wi umi ixs
REC104_SEG0020_PART02,REC104,SPK009,train,vad_v2_spk009,299.072,309.48,10.408,data/processed/segments/REC104/REC104_SEG0020_PART02.wav,reviewed,tammemmit ad t issargeb asem dd ɣari marra kenniw inni yuḥřen d yinni yarbun ddqeř uca necc ad awem wceɣ arraḥet
REC104_SEG0021,REC104,SPK009,train,vad_v2_spk009,310.04,324.075,14.035,data/processed/segments/REC104/REC104_SEG0021.wav,reviewed,ksim dd azayřu inu xawem řemdem zzayi minzi necc d amhin d amwaḍeɛ n wuř uca ad tafem arraḥet i řeɛmur nwem minzi azayřu d řeḥmeř inu fsusen
REC105_SEG0001,REC105,SPK009,train,vad_v2_spk009,1.24,3.976,2.736,data/processed/segments/REC105/REC105_SEG0001.wav,reviewed,yasuɛ d bab n wass n ssebt
REC105_SEG0002_PART01,REC105,SPK009,train,vad_v2_spk009,4.632,17.868,13.236,data/processed/segments/REC105/REC105_SEG0002_PART01.wav,reviewed,di řweqt nni icuq yasuɛ deg iyyaren n zzariɛet n imendi di ssebt tuɣa imeḥḍaren nnes ǧuẓen uca bdan řeqqḍen tidrin ccin zzaysent ařami ten ẓrin ifarisiyyen
REC105_SEG0002_PART02,REC105,SPK009,train,vad_v2_spk009,17.868,31.104,13.236,data/processed/segments/REC105/REC105_SEG0002_PART02.wav,reviewed,nnan as xzar imeḥḍaren nnec tteggen min war iɛeddřen di ssebt yarra dd xasen ma war teɣřim ca min igga dawud umi iǧuẓ netta d yinni akides
REC105_SEG0003_PART01,REC105,SPK009,train,vad_v2_spk009,31.104,43.78,12.676,data/processed/segments/REC105/REC105_SEG0003_PART01.wav,reviewed,mammec yudef ɣar taddart n arebbi icca aɣrum n wescan zi tzewḍa n sidi i war iḥeǧřen macca nnes i netta uřa i yinni akides maca mɣir i ikehhanen
REC105_SEG0003_PART02,REC105,SPK009,train,vad_v2_spk009,43.78,56.456,12.676,data/processed/segments/REC105/REC105_SEG0003_PART02.wav,reviewed,waha niɣ war teɣrim ca di ccariɛa belli ikehhanen inni iǧan di zzawect tameqqrant di ssebt xeṭṭan di tewṣiyyet n ssebt waxxa amenni war xasen ibin řɛib
REC105_SEG0004,REC105,SPK009,train,vad_v2_spk009,56.92,74.536,17.616,data/processed/segments/REC105/REC105_SEG0004.wav,reviewed,necc ad awem iniɣ wenni iǧan d ameqqran x zzawect tameqqrant aqa t danita maca mařa tuɣa tfehmen min ixs ad yini necc xseɣ arreḥmet war iǧi d taɣarṣt xenni ad tiři war tettḥasabem ca x imezdagen minzi mmis n bnadem d bab n ssebt
REC105_SEG0006,REC105,SPK009,train,vad_v2_spk009,81.336,92.584,11.248,data/processed/segments/REC105/REC105_SEG0006.wav,reviewed,yasuɛ yuyur ssenni yudef ɣar temzida nsen xzar tuɣa din ijj n weryaz afus nnes iqucceḥ sseqsan t maḥend adas ggan taxceft nnan
REC105_SEG0007_PART01,REC105,SPK009,train,vad_v2_spk009,93.144,103.488,10.344,data/processed/segments/REC105/REC105_SEG0007_PART01.wav,reviewed,ma iɛeddeř usgenfi di ssebt inna asen man bnadem i dinni jar awem wenni ɣar iǧa izmar i iwḍan di tesraft di
REC105_SEG0007_PART02,REC105,SPK009,train,vad_v2_spk009,103.488,113.832,10.344,data/processed/segments/REC105/REC105_SEG0007_PART02.wav,reviewed,ssebt war t itteṭṭef ḥima ad t i dd issuffeɣ mecḥař iɛdu bnadem x izmar s uyenni iɛeddeř ad ittwagg min iṣebḥen di ssebt
REC105_SEG0008,REC105,SPK009,train,vad_v2_spk009,114.072,128.52,14.448,data/processed/segments/REC105/REC105_SEG0008.wav,reviewed,řexdenni inna as i bnadem nni swiẓẓeḍ afus nnec isswiẓẓeḍ afus nnes uca idweř iggenfa am wenneɣni ifarisiyyen ffɣen dd ɣar barra mcawaren xas mammec ɣa ggen ad t nɣen
REC105_SEG0010,REC105,SPK009,train,vad_v2_spk009,134.712,145.032,10.32,data/processed/segments/REC105/REC105_SEG0010.wav,reviewed,maca yasuɛ issen aya uca yuyur ssenni iḍfar i t i dd ijj n řɣaci d ameqqran issgenfa i ten marra
REC105_SEG0011,REC105,SPK009,train,vad_v2_spk009,145.944,155.592,9.648,data/processed/segments/REC105/REC105_SEG0011.wav,reviewed,yumur i ten s jjehd maḥend war xas ssuffuɣen řexbar ḥima ad ittwakemmeř wawař i innan unabi icaɛya
REC105_SEG0012,REC105,SPK009,train,vad_v2_spk009,157.112,160.968,3.856,data/processed/segments/REC105/REC105_SEG0012.wav,reviewed,xzar amsexxar inu wenni farrzeɣ
REC105_SEG0013,REC105,SPK009,train,vad_v2_spk009,161.88,165.736,3.856,data/processed/segments/REC105/REC105_SEG0013.wav,reviewed,amɛizz inu wenni di ufiɣ arḍa inu
REC105_SEG0014,REC105,SPK009,train,vad_v2_spk009,166.776,169.16,2.384,data/processed/segments/REC105/REC105_SEG0014.wav,reviewed,ad xas ssarseɣ arruḥ inu
REC105_SEG0015,REC105,SPK009,train,vad_v2_spk009,170.232,173.992,3.76,data/processed/segments/REC105/REC105_SEG0015.wav,reviewed,u netta ad ibarreḥ s řḥukm i řegnus
REC105_SEG0016_PART01,REC105,SPK009,train,vad_v2_spk009,174.68,185.04,10.36,data/processed/segments/REC105/REC105_SEG0016_PART01.wav,reviewed,war ittemcubbuc war isɣuyyu uřa d ijj war ittesři tmijja nnes deg ibriden aɣanim yarẓen war t yareẓẓi
REC105_SEG0016_PART02,REC105,SPK009,train,vad_v2_spk009,185.04,195.4,10.36,data/processed/segments/REC105/REC105_SEG0016_PART02.wav,reviewed,uřa d taftič idduxxunen war tt issxessi ař dd ɣa issuffeɣ řeḥkam i ɣa inedhen i uɣelleb uca ad ssitmen řegnus deg yisem nnes
REC105_SEG0017,REC105,SPK009,train,vad_v2_spk009,198.456,201.224,2.768,data/processed/segments/REC105/REC105_SEG0017.wav,reviewed,awař n yasuɛ x arruḥ iqeddsen
REC105_SEG0018,REC105,SPK009,train,vad_v2_spk009,203.256,210.664,7.408,data/processed/segments/REC105/REC105_SEG0018.wav,reviewed,řexdenni iwyen as dd ijj n umeryaḥ tuɣa t d adarɣař d aynaw uca netta issgenfa i t
REC105_SEG0019,REC105,SPK009,train,vad_v2_spk009,211.48,221.736,10.256,data/processed/segments/REC105/REC105_SEG0019.wav,reviewed,ařami wenni tuɣa iǧan d aynaw d adarɣař idweř issawař u ittwařa itebhet řɣaci marra nnan ma wanita war iǧi d mmis n dawud
REC105_SEG0020,REC105,SPK009,train,vad_v2_spk009,222.648,232.648,10.0,data/processed/segments/REC105/REC105_SEG0020.wav,reviewed,maca sřin ifarisiyyen man aya nnan wanita issuffuɣ ccwaṭen mɣir s webrid n beɛalzabub ameqqran n ccwaṭen
REC105_SEG0021_PART01,REC105,SPK009,train,vad_v2_spk009,233.144,245.824,12.68,data/processed/segments/REC105/REC105_SEG0021_PART01.wav,reviewed,maca yasuɛ issen ixarriṣen nsen inna asen kuř tageldit ittemsebḍan x yixef nnes ad tettwahellek u kuř tandint niɣ taddart ittemsebḍan x
REC105_SEG0021_PART02,REC105,SPK009,train,vad_v2_spk009,245.824,258.504,12.68,data/processed/segments/REC105/REC105_SEG0021_PART02.wav,reviewed,yixef nnes war tettɣimi ca mařa aqa t d cciṭan issuffuɣ cciṭan aqa netta ittemsebḍa x yixef nnes xenni mammec ɣa teqqim tgeldit nnes
REC105_SEG0022,REC105,SPK009,train,vad_v2_spk009,258.904,272.168,13.264,data/processed/segments/REC105/REC105_SEG0022.wav,reviewed,mařa necc ssuffuɣeɣ ccwaṭen s webrid n beɛalzabub s min zi ten i ɣa ssuffɣen tarwa nwem s uyenni nitni ad iřin d řquḍat xawem
REC105_SEG0023,REC105,SPK009,train,vad_v2_spk009,272.632,291.048,18.416,data/processed/segments/REC105/REC105_SEG0023.wav,reviewed,maca mařa necc ssuffuɣeɣ ccwaṭen s arruḥ n arebbi aqa tudes awem dd tgeldit n arebbi niɣ mammec izemmar ḥed ad yadef ɣar taddart n wenni ijehden maḥend ad ikecceḍ řeqcuɛ nnes mařa war icarf wenni ijehden amezwaru
REC105_SEG0024_PART01,REC105,SPK009,train,vad_v2_spk009,291.512,301.936,10.424,data/processed/segments/REC105/REC105_SEG0024_PART01.wav,reviewed,awarnas ad ikecceḍ taddart nnes wenni war iǧin akidi aqa t ḍidd inu wenni war kidi issmunan aqa ittzeǧaɛ waha
REC105_SEG0025,REC105,SPK009,train,vad_v2_spk009,312.536,321.768,9.232,data/processed/segments/REC105/REC105_SEG0025.wav,reviewed,wenni i ɣa inin awař d aɛeffan x mmis n bnadem ad as ittwaɣfar maca wenni i ɣa inin awař d aɛeffan x arruḥ iqeddsen
REC105_SEG0026_PART01,REC105,SPK009,train,vad_v2_spk009,322.104,332.32,10.216,data/processed/segments/REC105/REC105_SEG0026_PART01.wav,reviewed,war d as ittwaɣfar ca uřa di řweqt a uřa di řweqt i dd ɣa yasen ḥesbem tacejjart d taṣebḥant uřa d řɣiǧet nnes d taṣebḥant
REC105_SEG0026_PART02,REC105,SPK009,train,vad_v2_spk009,332.32,342.536,10.216,data/processed/segments/REC105/REC105_SEG0026_PART02.wav,reviewed,niɣ ḥesbem tacejjart texsar uřa d řɣiǧet nnes texsar minzi tacejjart tettwassen zi řɣiǧet nnes
REC105_SEG0027,REC105,SPK009,train,vad_v2_spk009,345.688,347.272,1.584,data/processed/segments/REC105/REC105_SEG0027.wav,reviewed,uř d uqemmum
REC105_SEG0028,REC105,SPK009,train,vad_v2_spk009,349.656,356.456,6.8,data/processed/segments/REC105/REC105_SEG0028.wav,reviewed,a tarwa n ifiɣran mammec ɣa teggem ad tessiwřem x min iṣebḥen waxxa kenniw d iɛeffanen
REC105_SEG0029_PART01,REC105,SPK009,train,vad_v2_spk009,356.824,370.524,13.7,data/processed/segments/REC105/REC105_SEG0029_PART01.wav,reviewed,minzi zeg uɛemmar n wuř ad issiweř uqemmum bnadem aṣebḥan issuffuɣ dd min iṣebḥen zi řkenz aṣebḥan n wuř nnes uca bnadem aɛeffan issuffuɣ dd zi řkenz aɛeffan nn
REC105_SEG0029_PART02,REC105,SPK009,train,vad_v2_spk009,370.524,384.224,13.7,data/processed/segments/REC105/REC105_SEG0029_PART02.wav,reviewed,es min iɛeffnen maca necc ad awem iniɣ belli kuř awař ixwan ad zzayes ssiwřen iwdan ad zzayes ttwaḥasben deg wass n lḥisab minzi s wawařen nnec ad tettwaseggded
REC105_SEG0030,REC105,SPK009,train,vad_v2_spk009,384.224,387.368,3.144,data/processed/segments/REC105/REC105_SEG0030.wav,reviewed,uca s wawařen nnec ad tettwaḥasbed
REC105_SEG0031,REC105,SPK009,train,vad_v2_spk009,390.584,392.52,1.936,data/processed/segments/REC105/REC105_SEG0031.wav,reviewed,řeɛřamet n yunus
REC105_SEG0032,REC105,SPK009,train,vad_v2_spk009,395.256,410.536,15.28,data/processed/segments/REC105/REC105_SEG0032.wav,reviewed,ca n imseřmaden n idlisen d ifarisiyyen arrin dd xas a amseɣɣar neccin nexs ad nẓar ict n řeɛřamet zzayek maca netta yarra dd xasen jjiř aɛeffan izennan ittettar ijjen řeɛřamet
REC105_SEG0033_PART01,REC105,SPK009,train,vad_v2_spk009,410.968,425.024,14.056,data/processed/segments/REC105/REC105_SEG0033_PART01.wav,reviewed,war d as ittmewci uřa d ict n řeɛřamet mɣir řeɛřamet n yunus minzi am mammec tuɣa yunus třata n wussan jar ǧyaři d wussan deg uɛeddis n wesřem
REC105_SEG0033_PART02,REC105,SPK009,train,vad_v2_spk009,425.024,439.08,14.056,data/processed/segments/REC105/REC105_SEG0033_PART02.wav,reviewed,ammu i ɣa yiři uřa d mmis n bnadem deg wuř n temmurt třata n wussan jar ǧyaři d wussan iryazen n ninwa ad dd kkaren deg wass n lḥisab ak d jjiř a ad t ḥasben
REC105_SEG0034,REC105,SPK009,train,vad_v2_spk009,439.736,453.704,13.968,data/processed/segments/REC105/REC105_SEG0034.wav,reviewed,minzi nitni tuben s tbarreḥt n yunus uca xzarem aqa da wenni iǧan d ameqqran x yunus tajeǧidt n ljanub ad tekkar deg wass n lḥisab ak d jjiř a
REC105_SEG0035,REC105,SPK009,train,vad_v2_spk009,454.36,465.704,11.344,data/processed/segments/REC105/REC105_SEG0035.wav,reviewed,ad xas teḥkem minzi nettat tusa dd zeg uneggaru n ddunect ḥima ad tseř i tiɣit n suliman uca xzarem aqa da wenni iǧan d ameqqran x suliman
REC105_SEG0036,REC105,SPK009,train,vad_v2_spk009,468.28,472.648,4.368,data/processed/segments/REC105/REC105_SEG0036.wav,reviewed,awař n yasuɛ x řxedmet n řaryaḥ amengus
REC105_SEG0037,REC105,SPK009,train,vad_v2_spk009,474.584,484.264,9.68,data/processed/segments/REC105/REC105_SEG0037.wav,reviewed,ařami iffeɣ řaryaḥ amengus zi bnadem ibda ittsara deg imucan war daysen bu waman yarezzu arraḥet war tt ittif
REC105_SEG0038_PART01,REC105,SPK009,train,vad_v2_spk009,484.888,495.504,10.616,data/processed/segments/REC105/REC105_SEG0038_PART01.wav,reviewed,řexdenni ad yini ad dewřeɣ ɣar taddart inu manis dd ffɣeɣ uca iruḥ yufa i tt texwa tfarḍ tsettef řexden
REC105_SEG0038_PART02,REC105,SPK009,train,vad_v2_spk009,495.504,506.12,10.616,data/processed/segments/REC105/REC105_SEG0038_PART02.wav,reviewed,ni yuyur uca yiwi akides sebɛa n řaryaḥ nneɣni d iɛeffanen ktar zzayes ad dd adfen ad raḥen ad zedɣen diha
REC105_SEG0039,REC105,SPK009,train,vad_v2_spk009,506.488,515.752,9.264,data/processed/segments/REC105/REC105_SEG0039.wav,reviewed,uca aneggaru n bnadem nni ad idweř mahu x umezwaru ammu i ɣa yiři ɛawed ak d jjiř a aɛeffan
REC105_SEG0040,REC105,SPK009,train,vad_v2_spk009,520.536,523.048,2.512,data/processed/segments/REC105/REC105_SEG0040.wav,reviewed,yemmas d aytmas n yasuɛ
REC105_SEG0041,REC105,SPK009,train,vad_v2_spk009,526.232,545.704,19.472,data/processed/segments/REC105/REC105_SEG0041.wav,reviewed,řami tuɣa ɛad issawař ak d řɣaci xzar yemmas d aytmas bedden barra arezzun ad kides ssiwřen inna as ijjen xzar yemmac d aytmac bedden di barra arezzun ad kidek ssiwřen maca netta yarra dd x wenni tuɣa d as t innan inna
REC105_SEG0042,REC105,SPK009,train,vad_v2_spk009,546.04,564.846,18.806,data/processed/segments/REC105/REC105_SEG0042.wav,reviewed,min teɛna yemma d min ɛnan aytma xas uca isswiẓẓeḍ s ufus nnes ɣar imeḥḍaren nnes inna xzar yemma xzar aytma minzi man wen itteggen min ixs baba i iǧan deg ijenwan aqa netta d uma d učma d yemma
REC106_SEG0001,REC106,SPK009,train,vad_v2_spk009,1.656,4.168,2.512,data/processed/segments/REC106/REC106_SEG0001.wav,reviewed,amedya n ufeǧaḥ izarrɛen
REC106_SEG0002,REC106,SPK009,train,vad_v2_spk009,5.976,20.424,14.448,data/processed/segments/REC106/REC106_SEG0002.wav,reviewed,deg wass nni iffeɣ yasuɛ zi taddart iruḥ iqqim x tma n řebḥar imun dd xas ijj n uhimur n řɣaci ařami yenya di uɣarrabu iqqim dayes uca řɣaci marra bedden x tma
REC106_SEG0003,REC106,SPK009,train,vad_v2_spk009,21.752,33.704,11.952,data/processed/segments/REC106/REC106_SEG0003.wav,reviewed,issiweř akidsen x waṭṭas n tmesřayin s imedya inna xzar afeǧaḥ iffeɣ ḥima ad izarɛ am tuɣa izarreɛ tewḍa ca n zzariɛet x tma n webrid
REC106_SEG0004,REC106,SPK009,train,vad_v2_spk009,34.584,46.408,11.824,data/processed/segments/REC106/REC106_SEG0004.wav,reviewed,xeccen dd ijḍaḍ neqben tt tewḍa ca nneɣni x weẓru mani tuɣa war iǧi ucař aṭṭas deɣya teɣmi dd s minzi tammurt war tuǧiɣ
REC106_SEG0005_PART01,REC106,SPK009,train,vad_v2_spk009,46.904,60.128,13.224,data/processed/segments/REC106/REC106_SEG0005_PART01.wav,reviewed,umi dd tenqar tfuct icmeḍ uɣemmuy uca isřaw minzi war ɣares tuɣi bu weẓwar ca nneɣni tewḍa x isennanen mɣaren isennanen jiyyfen tt ca nneɣn
REC106_SEG0005_PART02,REC106,SPK009,train,vad_v2_spk009,60.128,73.352,13.224,data/processed/segments/REC106/REC106_SEG0005_PART02.wav,reviewed,i tewḍa x temmurt taṣebḥant tiwi dd řɣiǧet ca mya ca nneɣni settin ca nneɣni třatin n tseqqar wenni ɣar iǧa imezzuɣen i useǧi ejj i t ad iseř
REC106_SEG0006,REC106,SPK009,train,vad_v2_spk009,77.848,94.344,16.496,data/processed/segments/REC106/REC106_SEG0006.wav,reviewed,xas uca usin dd ɣares imeḥḍaren nnes nnan as mayemmi akidsen tessawařed s imedya netta yarra dd inna asen minzi immewc awem ad tessnem ssirr n tgeldit n ijenwan
REC106_SEG0007,REC106,SPK009,train,vad_v2_spk009,94.84,109.96,15.12,data/processed/segments/REC106/REC106_SEG0007.wav,reviewed,nitni maca war d asen t immewc ca minzi wenni ɣar iǧa ad as immewc uca ad ɣares yiři s waṭṭas maca wenni war ɣar iǧi ca ad zzayes ittwakkes uřa d min ɣares
REC106_SEG0008,REC106,SPK009,train,vad_v2_spk009,110.584,128.136,17.552,data/processed/segments/REC106/REC106_SEG0008.wav,reviewed,s uyenni ssawařeɣ akidsen s imedya ařami nitni ttwařan am war ttwiřin u ttesřan am war ttesřin war fehhmen daysen i ɣa ikemmeř wawař i inebba icaɛya inna s useǧi ad tesřem maca war tfehhmen
REC106_SEG0009_PART01,REC106,SPK009,train,vad_v2_spk009,128.472,140.32,11.848,data/processed/segments/REC106/REC106_SEG0009_PART01.wav,reviewed,s tmuɣři ad tẓarem maca war tfettnem maɣar uř n řgens a aqa iqbubbez imezzuɣen nsen ḍeqřen deg useǧi u nitni aqa
REC106_SEG0009_PART02,REC106,SPK009,train,vad_v2_spk009,140.32,152.168,11.848,data/processed/segments/REC106/REC106_SEG0009_PART02.wav,reviewed,qqnen tiṭṭawin nsen maḥend war ttwiřin s tiṭṭawin nsen ad sřen s imezzuɣen nsen ad fehmen s wuř nsen ḥima ad tuben uca necc ad ten ssgenfiɣ
REC106_SEG0010,REC106,SPK009,train,vad_v2_spk009,152.44,171.4,18.96,data/processed/segments/REC106/REC106_SEG0010.wav,reviewed,maca sseɛd n tiṭṭawin nwem umi ttwařant sseɛd n imezzuɣen nwem umi ttesřan s tidett necc ad awem iniɣ aṭṭas n inabiyyen d imseggaden tuɣa xsen ad ẓaren min teẓrim maca war t ẓrin xsen ad sřen min tesřim war t sřin
REC106_SEG0012_PART01,REC106,SPK009,train,vad_v2_spk009,178.36,191.6,13.24,data/processed/segments/REC106/REC106_SEG0012_PART01.wav,reviewed,xenni kenniw sřem i umedya n wenni izarrɛen kuř ijjen wenni ittesřan i wawař n tgeldit uca war t ifhim ad ɣares dd yas umɛeffan ad ixḍef min ittwaz
REC106_SEG0012_PART02,REC106,SPK009,train,vad_v2_spk009,191.6,204.84,13.24,data/processed/segments/REC106/REC106_SEG0012_PART02.wav,reviewed,arɛen deg wuř nnes aqa d man aya min ittwazarɛen x tma n webrid min ittwazarɛen x weẓru aqa wa d wenni i ɣa iseǧen awař ad t iqbeř deɣya s řefraḥet
REC106_SEG0013,REC106,SPK009,train,vad_v2_spk009,204.856,216.808,11.952,data/processed/segments/REC106/REC106_SEG0013.wav,reviewed,maca war d as iwti ca weẓwar deg ixef nnes ad iqqim drus waha xmi dd ɣa tas řmeḥnet niɣ amarret di ṭṭweɛ n wawař ad innedref deɣya
REC106_SEG0014_PART01,REC106,SPK009,train,vad_v2_spk009,217.208,231.648,14.44,data/processed/segments/REC106/REC106_SEG0014_PART01.wav,reviewed,min ittwazarɛen jar isennanen aqa wa d wenni ittesřan awař maca amnus n řweqt a d uɣekkwi n wagřa ad jiyyfen awař uca netta war dd ittiwi ca řɣiǧet min ittwazarɛen
REC106_SEG0014_PART02,REC106,SPK009,train,vad_v2_spk009,231.648,246.088,14.44,data/processed/segments/REC106/REC106_SEG0014_PART02.wav,reviewed,di temmurt taṣebḥant aqa wa d wenni ittesřan awař uca ad t ifhem ad yarbu u ad dd yawi xenni řɣiǧet ijjen ad yařu mya n tseqqar wenneɣni settin uca wenneɣni třatin
REC106_SEG0015,REC106,SPK009,train,vad_v2_spk009,249.656,252.968,3.312,data/processed/segments/REC106/REC106_SEG0015.wav,reviewed,amedya n řḥayyar di řwest n yirden
REC106_SEG0016,REC106,SPK009,train,vad_v2_spk009,255.352,265.032,9.68,data/processed/segments/REC106/REC106_SEG0016.wav,reviewed,iwca asen ijj n umedya nneɣni inna tageldit n ijenwan am yijj n bnadem tuɣa izarreɛ zzariɛet taṣebḥant deg iyyar nnes
REC106_SEG0017_PART01,REC106,SPK009,train,vad_v2_spk009,265.72,278.224,12.504,data/processed/segments/REC106/REC106_SEG0017_PART01.wav,reviewed,ařami tuɣa iwdan ṭṭṣen yusa dd řeɛdu nnes izarɛ řḥayyar di řwesṭ n yirden uca yuyur ařami dd imɣar uɣemmuy uca yiwi dd řɣiǧet řexdenni iḍhar
REC106_SEG0017_PART02,REC106,SPK009,train,vad_v2_spk009,278.224,290.728,12.504,data/processed/segments/REC106/REC106_SEG0017_PART02.wav,reviewed,dd řḥayyar tanya xenni usin dd imsexxaren n bab n taddart nnan as a siditneɣ ma war tzarɛed ca zzariɛet taṣebḥant deg iyyar nnec
REC106_SEG0018_PART01,REC106,SPK009,train,vad_v2_spk009,291.64,304.032,12.392,data/processed/segments/REC106/REC106_SEG0018_PART01.wav,reviewed,manis i dd yusa řḥayyar a n inna asen aqa řeɛdu igga man aya nnan as imsexxaren ma texsed ad nraḥ ad t neyru maca netta inna lla
REC106_SEG0018_PART02,REC106,SPK009,train,vad_v2_spk009,304.032,316.424,12.392,data/processed/segments/REC106/REC106_SEG0018_PART02.wav,reviewed,ḥima xmi ɣa tyarrwem řḥayyar war kis tqeǧɛem uřa d irden ejj i ten ad mɣaren s tnayen ař tameyra di řweqt n tmeyra ad iniɣ i icuwaren
REC106_SEG0019,REC106,SPK009,train,vad_v2_spk009,317.112,326.6,9.488,data/processed/segments/REC106/REC106_SEG0019.wav,reviewed,yarwem amezwar řḥayyar ceddem t di tqebbiṭin ḥima ad ittwassecmeḍ maca irden yarwem t di řmarsi inu
REC106_SEG0020,REC106,SPK009,train,vad_v2_spk009,328.728,334.12,5.392,data/processed/segments/REC106/REC106_SEG0020.wav,reviewed,amedya n tḥebbuct n zzariɛet n uxerdel d umedya n wentun
REC106_SEG0021_PART01,REC106,SPK009,train,vad_v2_spk009,335.864,350.112,14.248,data/processed/segments/REC106/REC106_SEG0021_PART01.wav,reviewed,iwca asen ɛawed ijj n umedya nneɣni inna tageldit n ijenwan am yict n tḥebbuct n zzariɛet n uxerdel yiwyi tt i dd ijj n weryaz izarɛ i tt deg iyyar nnes waxxa nettat d tameẓyant qaɛ
REC106_SEG0021_PART02,REC106,SPK009,train,vad_v2_spk009,350.112,364.36,14.248,data/processed/segments/REC106/REC106_SEG0021_PART02.wav,reviewed,zi marra zzariɛet nneɣni xmi tmeqqar teddekkwař d tameqqrant zi marra tinni uca tdekkwař d tacejjart maḥend ad ɣares dd asen yijḍaḍ n ujenna uca ad ggen řeɛwacc nsen x řefruɛ nnes
REC106_SEG0022,REC106,SPK009,train,vad_v2_spk009,364.984,376.072,11.088,data/processed/segments/REC106/REC106_SEG0022.wav,reviewed,iwca asen ɛawed ijj n umedya nneɣni inna tageldit n ijenwan am wentun tiwyi t i dd ict n temɣart uca tessnuffar i t di třata n řemdud n waren
REC106_SEG0023_PART01,REC106,SPK009,train,vad_v2_spk009,376.376,387.856,11.48,data/processed/segments/REC106/REC106_SEG0023_PART01.wav,reviewed,ařami issmemm warecti qaɛ marra man aya issiweř zzayes yasuɛ i řɣaci s imettiřen uca břa amedya war kisen issiweř ca ḥi
REC106_SEG0023_PART02,REC106,SPK009,train,vad_v2_spk009,387.856,399.336,11.48,data/processed/segments/REC106/REC106_SEG0023_PART02.wav,reviewed,ima ad ittwakemmeř min xef issiweř unabi i innan ad arezmeɣ aqemmum inu s imedya ad barrḥeɣ s min innufaren zeg wami ittwagg dsas n ddunect
REC106_SEG0024,REC106,SPK009,train,vad_v2_spk009,401.656,406.056,4.4,data/processed/segments/REC106/REC106_SEG0024.wav,reviewed,afessar n umedya n řḥayyar di řwest n yirden
REC106_SEG0025_PART01,REC106,SPK009,train,vad_v2_spk009,406.68,420.832,14.152,data/processed/segments/REC106/REC106_SEG0025_PART01.wav,reviewed,řami ismeḥ yasuɛ di řɣaci ad uyuren iruḥ ɣar taddart usin dd ɣares imeḥḍaren nnes qqaren ini aneɣ min ixs ad yini umedya n řḥayyar d iyyar yarra dd inna asen
REC106_SEG0025_PART02,REC106,SPK009,train,vad_v2_spk009,420.832,434.984,14.152,data/processed/segments/REC106/REC106_SEG0025_PART02.wav,reviewed,wenni izarrɛen zzariɛet taṣebḥant netta d mmis n bnadem iyyar d ddunect uca zzariɛet taṣebḥant nettat d tarwa n tgeldit uca řḥayyar netta d tarwa n umɛeffan
REC106_SEG0026,REC106,SPK009,train,vad_v2_spk009,435.576,440.072,4.496,data/processed/segments/REC106/REC106_SEG0026.wav,reviewed,řeɛdu wenni t izarɛen aqa netta d cciṭan
REC106_SEG0027_PART01,REC106,SPK009,train,vad_v2_spk009,440.376,453.072,12.696,data/processed/segments/REC106/REC106_SEG0027_PART01.wav,reviewed,uca ṣṣabet aqa nettat d qeṭṭu n ddunect u inni imejjaren nitni d lmalakat am mammec ssmunen řḥayyar uca sscemḍen t s tmessi
REC106_SEG0027_PART02,REC106,SPK009,train,vad_v2_spk009,453.072,465.768,12.696,data/processed/segments/REC106/REC106_SEG0027_PART02.wav,reviewed,ammu i ɣa yiři ɣar qeṭṭu n ddunect a mmis n bnadem ad dd issekk lmalakat nnes ad ssḥeyydent zi tgeldit nnes qaɛ tiɛenkřifin d marra iɛeffanen
REC106_SEG0028,REC106,SPK009,train,vad_v2_spk009,466.072,483.112,17.04,data/processed/segments/REC106/REC106_SEG0028.wav,reviewed,ad ten nḍaren di řkuccet n tmessi mani ɣa yiřin imeṭṭawen d uɣezzi n teɣmas xenni imseggaden ad arɣen am tfuct di tgeldit n babatsen wenni ɣar iǧa imezzuɣen i useǧi ad iseř
REC106_SEG0029,REC106,SPK009,train,vad_v2_spk009,486.232,491.368,5.136,data/processed/segments/REC106/REC106_SEG0029.wav,reviewed,amedya n řkenz deg iyyar d umedya n tyaqut
REC106_SEG0030_PART01,REC106,SPK009,train,vad_v2_spk009,493.08,507.552,14.472,data/processed/segments/REC106/REC106_SEG0030_PART01.wav,reviewed,tageldit n ijenwan ɛawed am yijj n řkenz ittwassnuffaren deg iyyar yufa i t ijj n weryaz issnuffar i t uca di řefraḥet nnes yuyur izzenz qaɛ min iǧan ɣares uca
REC106_SEG0030_PART02,REC106,SPK009,train,vad_v2_spk009,507.552,522.024,14.472,data/processed/segments/REC106/REC106_SEG0030_PART02.wav,reviewed,isɣa iyyar nni tageldit n ijenwan ɛawed am yijj n usebbab i yarezzun tiyaqutin tiṣebḥanin řami yufa ict n tyaqut tiɣřa aṭṭas yuyur izzenz marra min tuɣa ɣares xenni isɣa i tt
REC106_SEG0031,REC106,SPK009,train,vad_v2_spk009,524.92,527.24,2.32,data/processed/segments/REC106/REC106_SEG0031.wav,reviewed,amedya n tracca n iseřman
REC106_SEG0032_PART01,REC106,SPK009,train,vad_v2_spk009,529.624,540.896,11.272,data/processed/segments/REC106/REC106_SEG0032_PART01.wav,reviewed,tageldit n ijenwan ɛawed am tracca mmenḍaren tt di řebḥar teyru ɛřam kuř asřem xmi teccur ssuffɣen tt i dd ibeḥriyyen ɣar tma n řebḥar
REC106_SEG0032_PART02,REC106,SPK009,train,vad_v2_spk009,540.896,552.168,11.272,data/processed/segments/REC106/REC106_SEG0032_PART02.wav,reviewed,uca add qqimen uca farzen zzayes min iṣebḥen di řeqcuɛ nsen maca min war iḥřin nḍaren t ammu i ɣa tiři di qeṭṭu n ddunect
REC106_SEG0033,REC106,SPK009,train,vad_v2_spk009,553.016,564.872,11.856,data/processed/segments/REC106/REC106_SEG0033.wav,reviewed,ad dd ffɣent lmalakat ad farnent iɛeffanen zi řwesṭ n imseggaden ad ten nḍarent di řkuccet n tmessi mani ɣa yiřin imeṭṭawen d uɣezzi n teɣmas
REC106_SEG0034_PART01,REC106,SPK009,train,vad_v2_spk009,565.336,575.984,10.648,data/processed/segments/REC106/REC106_SEG0034_PART01.wav,reviewed,inna asen yasuɛ ma tfehmem i marra man aya nnan as wah a siditneɣ xenni inna asen s uya kuř amseřmad n idlisen wen
REC106_SEG0034_PART02,REC106,SPK009,train,vad_v2_spk009,575.984,586.632,10.648,data/processed/segments/REC106/REC106_SEG0034_PART02.wav,reviewed,ni idweř d ameḥḍar n tgeldit n ijenwan aqa igga am yijj n bab n taddart issuffuɣ zi řkenz nnes min iǧan d jdid u min iǧan d aqdim
REC106_SEG0035,REC106,SPK009,train,vad_v2_spk009,589.592,594.216,4.624,data/processed/segments/REC106/REC106_SEG0035.wav,reviewed,anabi war ɣares bu ccan di tendint nnes
REC106_SEG0036_PART01,REC106,SPK009,train,vad_v2_spk009,595.896,606.448,10.552,data/processed/segments/REC106/REC106_SEG0036_PART01.wav,reviewed,řami ikemmeř yasuɛ imedya ya yuyur ssenni řami dd yusa ɣar temmurt nnes ikkar isseřmad i ten di te
REC106_SEG0036_PART02,REC106,SPK009,train,vad_v2_spk009,606.448,617.0,10.552,data/processed/segments/REC106/REC106_SEG0036_PART02.wav,reviewed,mzida nsen ařami qqimen tbehten nnan manis d as dd tekka tiɣit a d řeɛjayeb a ma war iǧi wa d mmis n unejjar
REC106_SEG0037,REC106,SPK009,train,vad_v2_spk009,618.008,626.312,8.304,data/processed/segments/REC106/REC106_SEG0037.wav,reviewed,ma war qqaren i yemmas maryam d aytmas ma war d asen qqaren yaɛqub d yasi d cimɛun d yahuda
REC106_SEG0038,REC106,SPK009,train,vad_v2_spk009,627.0,629.512,2.512,data/processed/segments/REC106/REC106_SEG0038.wav,reviewed,ma war ǧint suyetmas qaɛ ɣarneɣ
REC106_SEG0039,REC106,SPK009,train,vad_v2_spk009,630.36,648.84,18.48,data/processed/segments/REC106/REC106_SEG0039.wav,reviewed,manis d as dd ikka man aya marra uca nderfen zzayes maca yasuɛ inna asen anabi ɛemmarṣ war iǧi břa ccan mɣir di tendint nnes u di taddart nnes uca war iggi diha řeɛjayeb aṭṭas zi ssibbet n břa l iman nsen
REC107_SEG0001,REC107,SPK009,train,vad_v2_spk009,1.528,3.912,2.384,data/processed/segments/REC107/REC107_SEG0001.wav,reviewed,řmewt n yuḥanna amseɣḍaṣ
REC107_SEG0002_PART01,REC107,SPK009,train,vad_v2_spk009,4.472,18.38,13.908,data/processed/segments/REC107/REC107_SEG0002_PART01.wav,reviewed,di řweqt nni isřa hirudus řḥakem x ijj n arbaɛ n temmurt řexbar x yasuɛ inna i yimsexxaren nnes wanita d yuḥanna amseɣḍaṣ aqa ittwassnekkar dd zi taddart n imettinen
REC107_SEG0002_PART02,REC107,SPK009,train,vad_v2_spk009,18.38,32.288,13.908,data/processed/segments/REC107/REC107_SEG0002_PART02.wav,reviewed,s uyenni xedmment dayes řeɛjayeb nni minzi hirudus tuɣa iṭṭef yuḥanna icarf i t igga i t di řeḥbes zi ssibbet n hirudiyya tenni d tamɣart n filippus
REC107_SEG0003,REC107,SPK009,train,vad_v2_spk009,32.288,49.288,17.0,data/processed/segments/REC107/REC107_SEG0003.wav,reviewed,wenni d umas n hirudus minzi yuḥanna tuɣa iqqar as war ɣarek bu ttesriḥ aqa tiwyed tt d tamɣart nnec s uya tuɣa ixs ad t ineɣ maca tuɣa iggʷed zi řɣaci minzi nitni ḥesben t d anabi
REC107_SEG0004,REC107,SPK009,train,vad_v2_spk009,49.848,65.864,16.016,data/processed/segments/REC107/REC107_SEG0004.wav,reviewed,maca řami dd yiweḍ wass n wexřaq n hirudus tecḍeḥ yeǧis n hirudiyya zzat i inewjiwen i dinni iqqimen uca teɛjeb as i hirudus s uyenni inna as s ict n tjaǧit ad as iwc marra min i ɣa tettar
REC107_SEG0005_PART01,REC107,SPK009,train,vad_v2_spk009,66.424,77.888,11.464,data/processed/segments/REC107/REC107_SEG0005_PART01.wav,reviewed,uca nettat am tt tuɣa tettwaɛarren zeg yemmas tenna ewc ayi da x ṭṭebṣi azeǧif n yuḥanna amseɣḍaṣ icḍen ujeǧid maca umi tuɣa ij
REC107_SEG0005_PART02,REC107,SPK009,train,vad_v2_spk009,77.888,89.352,11.464,data/processed/segments/REC107/REC107_SEG0005_PART02.wav,reviewed,juǧ u x ssibbet n yinni akides iqqimen yumur ad as immewc uzeǧif issekk ḥed ɣares ḥima ad iqess azeǧif i yuḥanna di řeḥbes
REC107_SEG0006,REC107,SPK009,train,vad_v2_spk009,89.88,103.56,13.68,data/processed/segments/REC107/REC107_SEG0006.wav,reviewed,iwyen dd azeǧif nnes di ṭṭebṣi immewc as i tḥenjirt uca nettat tiwyi t i yemmas usin dd imeḥḍaren nnes ksin řxecbet neḍřen tt řexdenni ruḥen xebbaren yasuɛ
REC107_SEG0007,REC107,SPK009,train,vad_v2_spk009,104.952,110.344,5.392,data/processed/segments/REC107/REC107_SEG0007.wav,reviewed,lmuɛjiza n usecci amezwaru
REC107_SEG0008_PART01,REC107,SPK009,train,vad_v2_spk009,112.184,123.184,11.0,data/processed/segments/REC107/REC107_SEG0008_PART01.wav,reviewed,řami isřa yasuɛ man aya iffeɣ ssenni deg uɣarrabu ɣar ijj n wemcan ixřan tuɣa t din weḥḥdes isřa řɣaci x man aya uca ḍfaren
REC107_SEG0008_PART02,REC107,SPK009,train,vad_v2_spk009,123.184,134.184,11.0,data/processed/segments/REC107/REC107_SEG0008_PART02.wav,reviewed,t x temmurt zi tneddam umi dd iffeɣ yasuɛ zi tɣarrabut iẓra aṭṭas n řɣaci uca iḥinn xasen issgenfa imehřac nsen
REC107_SEG0009,REC107,SPK009,train,vad_v2_spk009,134.584,149.544,14.96,data/processed/segments/REC107/REC107_SEG0009.wav,reviewed,řami dd tiweḍ tmeddit usin dd ɣares imeḥḍaren nnes nnan aqa amcan a ixřa u řweqt teɛdu zeɛma sqebbeḍ řɣaci ḥima ad uyuren ɣar ředcur ad sɣen min ɣa ccen i yixef nsen
REC107_SEG0010_PART01,REC107,SPK009,train,vad_v2_spk009,150.008,160.624,10.616,data/processed/segments/REC107/REC107_SEG0010_PART01.wav,reviewed,inna asen nhřa ma ruḥen wcem asen kenniw min ɣa ccen nnan as war da walu mɣir xemsa n tecnifin d tnayen n iseřman
REC107_SEG0010_PART02,REC107,SPK009,train,vad_v2_spk009,160.624,171.24,10.616,data/processed/segments/REC107/REC107_SEG0010_PART02.wav,reviewed,inna awyem ten dd da ɣari xenni yumur řɣaci ad qqimen x arbiɛ xenni iṭṭef xemsa n tecnifin d tnayen nni n iseřman
REC107_SEG0011_PART01,REC107,SPK009,train,vad_v2_spk009,171.672,183.344,11.672,data/processed/segments/REC107/REC107_SEG0011_PART01.wav,reviewed,ixzar ɣar ujenna ibarek yarẓa i tent uca iwca ticnifin nni i imeḥḍaren u imeḥḍaren wcin tent i řɣaci marra ccin jjiwnen
REC107_SEG0011_PART02,REC107,SPK009,train,vad_v2_spk009,183.344,195.016,11.672,data/processed/segments/REC107/REC107_SEG0011_PART02.wav,reviewed,řexdenni ksin iřeqqwaz iceṭṭen tuɣa din tenɛac n tsuǧatin ɛemmarent inni ccin tuɣa aten di xemsa ařef n yeryazen břa timɣarin d iḥenjiren
REC107_SEG0012,REC107,SPK009,train,vad_v2_spk009,198.008,209.032,11.024,data/processed/segments/REC107/REC107_SEG0012.wav,reviewed,yasuɛ iggur x waman n řebḥar deɣya iziyyar yasuɛ imeḥḍaren nnes ad nyen di tɣarrabut uca ad as izwaren ɣar ujemmaḍ
REC107_SEG0013_PART01,REC107,SPK009,train,vad_v2_spk009,209.528,224.08,14.552,data/processed/segments/REC107/REC107_SEG0013_PART01.wav,reviewed,am issqebbeḍ netta řɣaci awarni řami issqebbeḍ řɣaci igeɛɛed ɣar wedrar weḥḥdes ḥima ad iẓẓaǧ řami dd tiweḍ tmeddit tuɣa iqqim din weḥḥdes aɣarrabu tuɣa tiggʷej x temmurt
REC107_SEG0013_PART02,REC107,SPK009,train,vad_v2_spk009,224.08,238.632,14.552,data/processed/segments/REC107/REC107_SEG0013_PART02.wav,reviewed,kilomiter uca tettwaɛarn zi ssa ɣar diha s řemwaj minzi asemmiḍ yusa asen dd deg wudem maca deg ḥeṭṭu wiss arebɛa n ǧiřet yusa dd ɣarsen yasuɛ am iggur x waman n řebḥar
REC107_SEG0014,REC107,SPK009,train,vad_v2_spk009,238.84,243.784,4.944,data/processed/segments/REC107/REC107_SEG0014.wav,reviewed,umi t ẓrin imeḥḍaren iggur x waman n řebḥar nnxeřɛen nnan
REC107_SEG0015_PART01,REC107,SPK009,train,vad_v2_spk009,244.216,257.996,13.78,data/processed/segments/REC107/REC107_SEG0015_PART01.wav,reviewed,wa d řewḥiy aɣeddar uca sɣuyen zi tiggʷudi deɣya issiweř dd ɣarsen yasuɛ inna ggem uř aqa d necc war tteggʷedem ca buṭrus yarra dd xas inna
REC107_SEG0015_PART02,REC107,SPK009,train,vad_v2_spk009,257.996,271.776,13.78,data/processed/segments/REC107/REC107_SEG0015_PART02.wav,reviewed,a sidi mařa d cek weṣṣa ayi ad ɣarek dd aseɣ x waman inna as as dd ihwa dd buṭrus zeg uɣarrabu yuyur x waman ḥima ad dd yaweḍ ɣar yasuɛ
REC107_SEG0016,REC107,SPK009,train,vad_v2_spk009,271.776,281.928,10.152,data/processed/segments/REC107/REC107_SEG0016.wav,reviewed,maca umi iẓra asemmiḍ ijhed teřqef i t tiggʷudi uca am ibda iɣarreq iřaɣa inna a sidi senjem ayi
REC107_SEG0017_PART01,REC107,SPK009,train,vad_v2_spk009,282.296,292.544,10.248,data/processed/segments/REC107/REC107_SEG0017_PART01.wav,reviewed,yasuɛ isswiẓẓeḍ siditneɣ afus nnes iṭṭef dayes inna as a cek wenni di iǧa drus n l iman mayemmi dayek yudef ccek awarni
REC107_SEG0017_PART02,REC107,SPK009,train,vad_v2_spk009,292.544,302.792,10.248,data/processed/segments/REC107/REC107_SEG0017_PART02.wav,reviewed,řami nyin deg uɣarrabu yarsa usemmiḍ inni iǧan deg uɣarrabu usin dd ɣares sejden as nnan s tidett cek d mmis n arebbi
REC107_SEG0019_PART01,REC107,SPK009,train,vad_v2_spk009,309.784,321.697,11.913,data/processed/segments/REC107/REC107_SEG0019_PART01.wav,reviewed,awarni řami ẓwan řebḥar iwḍen ɣar temmurt n jinnisaret řami t ɛeqřen yeryazen n temmurt nni ssuffɣen řexbar di marra dcurat i d as dd innḍen iwyen dd ɣares
REC107_SEG0019_PART02,REC107,SPK009,train,vad_v2_spk009,321.697,333.61,11.913,data/processed/segments/REC107/REC107_SEG0019_PART02.wav,reviewed,marra inni tuɣa iheřcen aṭṭas uca ttaren zzayes ad ten yejj ad ḥadan mɣir abeḥřuř n ujeǧab nnes u marra inni t iḥadan dewřen ggenfan
REC108_SEG0001,REC108,SPK009,train,vad_v2_spk009,1.304,5.544,4.24,data/processed/segments/REC108/REC108_SEG0001.wav,reviewed,ccariɛa n arebbi war tettis ak d tɣuri d tweṣṣa n iwdan
REC108_SEG0002_PART01,REC108,SPK009,train,vad_v2_spk009,7.576,20.208,12.632,data/processed/segments/REC108/REC108_SEG0002_PART01.wav,reviewed,řexdenni usin dd imseřmaden n idlisen d ifarisiyyen zi urcalim ɣar yasuɛ nnan mayemmi ttɛeddan imeḥḍaren nnec x tubbart n imɣaren nneɣ
REC108_SEG0002_PART02,REC108,SPK009,train,vad_v2_spk009,20.208,32.84,12.632,data/processed/segments/REC108/REC108_SEG0002_PART02.wav,reviewed,nitni war ssiriden ca ifassen nsen qbeř i ɣa ccen aɣrum yarra dd yasuɛ inna asen mayemmi kenniw ɛawed tettɛeddam x tewṣeyyet n arebbi zi ssibbet n tubbart nwem
REC108_SEG0003,REC108,SPK009,train,vad_v2_spk009,33.656,43.944,10.288,data/processed/segments/REC108/REC108_SEG0003.wav,reviewed,minzi arebbi tuɣa inna weqqar babac d yemmac u wenni i ɣa ineɛren x babas niɣ yemmas ittxeṣṣa as ad immet
REC108_SEG0004,REC108,SPK009,train,vad_v2_spk009,45.144,62.568,17.424,data/processed/segments/REC108/REC108_SEG0004.wav,reviewed,maca kenniw teqqarem marra wi ɣa yinin i babas niɣ i yemmas marra min tzemmarem ad zzayi tnefɛem aqa ggiɣ t d tawhibt i arebbi aqa netta war iḥdij ɛad ad iweqqar babas niɣ yemmas s marra man aya
REC108_SEG0005_PART01,REC108,SPK009,train,vad_v2_spk009,63.416,75.872,12.456,data/processed/segments/REC108/REC108_SEG0005_PART01.wav,reviewed,ammu tbeṭṭřem awař n arebbi di ṭṭweɛ n tubbart nwem kenniw a imnafqen icaɛya tuɣa ittnabba xawem s ṣṣeḥ inna řgens a ittcenneɛ ayi s iyenc
REC108_SEG0005_PART02,REC108,SPK009,train,vad_v2_spk009,75.872,88.328,12.456,data/processed/segments/REC108/REC108_SEG0005_PART02.wav,reviewed,icen nsen maca uř nsen iggʷej xafi aqa nitni cennɛen ayi baṭeř minzi nitni sseřmaden tiɣuriwin nni iǧan d tiweṣṣa n iwdan
REC108_SEG0006,REC108,SPK009,train,vad_v2_spk009,89.432,103.848,14.416,data/processed/segments/REC108/REC108_SEG0006.wav,reviewed,řami d iřaɣa dd x řɣaci ɣares inna asen sřem mliḥ fehmem war iǧi min ittadfen deg uqemmum issexmej bnadem maca min i dd itteffɣen zeg uqemmum d man aya i issexmajen bnadem
REC108_SEG0007,REC108,SPK009,train,vad_v2_spk009,104.76,120.456,15.696,data/processed/segments/REC108/REC108_SEG0007.wav,reviewed,denni usin dd ɣares imeḥḍaren nnes nnan as ma tessned belli ifarisiyyen nderfen di man aya řami t sřin maca netta yarra dd inna asen kuř aɣeddu war t iẓẓu baba wenni iǧan deg ijenna ad ittwaqřeɛ
REC108_SEG0008,REC108,SPK009,train,vad_v2_spk009,121.272,131.016,9.744,data/processed/segments/REC108/REC108_SEG0008.wav,reviewed,ejj i ten nitni d idarɣařen neddhen idarɣařen mařa adarɣař ineddeh adarɣař ad wḍan s tnayen idsen deg weḥfur
REC108_SEG0009_PART01,REC108,SPK009,train,vad_v2_spk009,131.608,142.752,11.144,data/processed/segments/REC108/REC108_SEG0009_PART01.wav,reviewed,yarra dd cimɛun buṭrus inna as a sidi fessar aneɣ amedya ya maca yasuɛ inna asen ma kenniw ɛad břa řefhamet ař řexxu ma war tefhimem ca be
REC108_SEG0009_PART02,REC108,SPK009,train,vad_v2_spk009,142.752,153.896,11.144,data/processed/segments/REC108/REC108_SEG0009_PART02.wav,reviewed,lli marra min ɣa yadfen deg uqemmum ad iraḥ ɣar uɛeddis uca ssenni ad ittwassuffeɣ barra i usizdeg maca min i dd itteffɣen zeg uqemmum ittas dd zeg wuř
REC108_SEG0010_PART01,REC108,SPK009,train,vad_v2_spk009,154.232,166.384,12.152,data/processed/segments/REC108/REC108_SEG0010_PART01.wav,reviewed,arq ccɣeř tuceffra cchadat s ẓur d uceqqef aqa d man aya min issxemmajen bnadem maca macca s ifassen war issirden war tessxemmij ca bnadem
REC108_SEG0010_PART02,REC108,SPK009,train,vad_v2_spk009,166.384,178.536,12.152,data/processed/segments/REC108/REC108_SEG0010_PART02.wav,reviewed,qa d man aya i issxemmajen bnadem minzi zeg wuř n iwdan i dd tteffɣen ixarriṣen iɛeffanen zzina anɣay f
REC108_SEG0011,REC108,SPK009,train,vad_v2_spk009,181.592,184.456,2.864,data/processed/segments/REC108/REC108_SEG0011.wav,reviewed,l iman n temɣart zeg ayt n kenɛan
REC108_SEG0012,REC108,SPK009,train,vad_v2_spk009,185.72,200.232,14.512,data/processed/segments/REC108/REC108_SEG0012.wav,reviewed,řexdenni iffeɣ dd yasuɛ ssenni iruḥ ɣar jjwayeh n ṣur d ṣaydun u xzar ict n temɣart zeg ayt n kenɛan zi tammurt nni tesɣuy tenna a sidi a mmis n dawud arḥem ayi
REC108_SEG0013_PART01,REC108,SPK009,train,vad_v2_spk009,200.696,214.528,13.832,data/processed/segments/REC108/REC108_SEG0013_PART01.wav,reviewed,yeǧi aqa dayes cciṭan issnexřaɛen maca netta war xas dd yarri ca uřa s yijj n wawař usin dd ɣares imeḥḍaren nnes ttaren zzayes nnan aẓẓeř xas minzi nettat teḍfar aneɣ dd
REC108_SEG0013_PART02,REC108,SPK009,train,vad_v2_spk009,214.528,228.36,13.832,data/processed/segments/REC108/REC108_SEG0013_PART02.wav,reviewed,s iɣuyyan netta yarra dd inna asen necc ttwassekkeɣ dd ɣar wuǧi iweddaren n taddart n israil waha maca nettat tusa dd tesjed as tenna a sidi ɛawen ayi
REC108_SEG0014_PART01,REC108,SPK009,train,vad_v2_spk009,228.952,242.64,13.688,data/processed/segments/REC108/REC108_SEG0014_PART01.wav,reviewed,maca netta yarra dd inna war iɛeddeř ad immeksi weɣrum n iḥenjiren maḥend ad immenḍar i yiṭan maca nettat tenna wah a sidi maɣar uřa d iṭan ttetten iřeqqwaz i dd iweṭṭan
REC108_SEG0014_PART02,REC108,SPK009,train,vad_v2_spk009,242.64,256.328,13.688,data/processed/segments/REC108/REC108_SEG0014_PART02.wav,reviewed,zi ṭṭabřa n siditsen uca ttɣiman ddaren řexdenni inna as yasuɛ a tamɣart l iman nnem imɣar ad yiři am mammec řxaḍar nnem uca yeǧis teggenfa di tsaɛɛet nni
REC108_SEG0016_PART01,REC108,SPK009,train,vad_v2_spk009,262.744,276.972,14.228,data/processed/segments/REC108/REC108_SEG0016_PART01.wav,reviewed,uca yuyur yasuɛ ssenni yiweḍ dd ɣar tma n řebḥar n ljalil igeɛɛed ɣar wedrar iqqim dinni yusa dd ɣares ijj n ubarru ameqqran n řɣaci iwyen dd akidsen ineɛ
REC108_SEG0016_PART02,REC108,SPK009,train,vad_v2_spk009,276.972,291.2,14.228,data/processed/segments/REC108/REC108_SEG0016_PART02.wav,reviewed,ḍaben d idarɣařen d ignawen d iqejdaḥen d inneɣni aṭṭas ssarsen ten ɣar iḍaren n yasuɛ uca issgenfa ten ařami itebhet řɣaci aqa ẓrin ignawen ssawařen
REC108_SEG0017,REC108,SPK009,train,vad_v2_spk009,291.2,299.496,8.296,data/processed/segments/REC108/REC108_SEG0017.wav,reviewed,iqejdaḥen ggenfan ineɛḍaben gguren idarɣařen ttwařan uca ssɛuǧen arebbi n israil
REC108_SEG0018,REC108,SPK009,train,vad_v2_spk009,302.008,307.592,5.584,data/processed/segments/REC108/REC108_SEG0018.wav,reviewed,lmuɛjiza n usecci i twařa wiss tnayen kta n arebɛa ařaf n yaryazen
REC108_SEG0019,REC108,SPK009,train,vad_v2_spk009,309.56,316.488,6.928,data/processed/segments/REC108/REC108_SEG0019.wav,reviewed,yasuɛ iřaɣa dd x imeḥḍaren nnes inna asen ḥinneɣ x řɣaci minzi qqimen akidi třata n wussan
REC108_SEG0020_PART01,REC108,SPK009,train,vad_v2_spk009,317.112,329.636,12.524,data/processed/segments/REC108/REC108_SEG0020_PART01.wav,reviewed,war ɣarsen min ɣa ccen war xseɣ ca ad ten ssqebbḍeɣ ttẓuman ḥima war tteḍɛifen ca deg webrid nnan as imeḥḍaren nnes manis d ɣa nawi aɣr
REC108_SEG0020_PART02,REC108,SPK009,train,vad_v2_spk009,329.636,342.16,12.524,data/processed/segments/REC108/REC108_SEG0020_PART02.wav,reviewed,um di řexřa ya i zi ɣa nessecc ijj n řɣaci d ameqqran am wanita inna asen yasuɛ mecḥař ɣarwem d aɣrum nnan as sebɛa n tecnifin d ca n iseřman imeẓyanen
REC108_SEG0021,REC108,SPK009,train,vad_v2_spk009,342.16,354.984,12.824,data/processed/segments/REC108/REC108_SEG0021.wav,reviewed,xenni yumur řɣaci ḥima ad qqimen di temmurt iksi sebɛa n tecnifin d iseřman nni iqada yarẓa i tent uca iwca i tent i imeḥḍaren nnes uca imeḥḍaren wcin tent i iwdan
REC108_SEG0022_PART01,REC108,SPK009,train,vad_v2_spk009,355.416,366.704,11.288,data/processed/segments/REC108/REC108_SEG0022_PART01.wav,reviewed,marra ccin jjiwnen xenni yarwen dd iřeqqwaz iceṭṭen tuɣa din sebɛa n tsuǧatin ɛemmarent inni tuɣa iccen aqa aten di arebɛa ařaf
REC108_SEG0022_PART02,REC108,SPK009,train,vad_v2_spk009,366.704,377.992,11.288,data/processed/segments/REC108/REC108_SEG0022_PART02.wav,reviewed,n yeryazen břa timɣarin d iḥenjiren awarni řami issqebbeḍ řɣaci
REC109_SEG0001,REC109,SPK009,train,vad_v2_spk009,1.688,4.488,2.8,data/processed/segments/REC109/REC109_SEG0001.wav,reviewed,ifarisiyyen ttaren ict n řeɛřamet
REC109_SEG0002,REC109,SPK009,train,vad_v2_spk009,6.328,15.368,9.04,data/processed/segments/REC109/REC109_SEG0002.wav,reviewed,usin dd ɣares ifarisiyyen d iṣaduqiyyen sseqsan t ḥima ad t jarrben ma ad asen isscen ca n řeɛřamet zeg ujenna
REC109_SEG0003_PART01,REC109,SPK009,train,vad_v2_spk009,15.864,29.504,13.64,data/processed/segments/REC109/REC109_SEG0003_PART01.wav,reviewed,maca netta yarra dd inna asen ɣar tmeddit ad tinim aqa řḥař iffeɣ minzi ajenna d azeggʷaɣ u ɣar řefjar ad tinim aqa ass a ad isuḍ usemmiḍ minzi ajenna d azeg
REC109_SEG0003_PART02,REC109,SPK009,train,vad_v2_spk009,29.504,43.144,13.64,data/processed/segments/REC109/REC109_SEG0003_PART02.wav,reviewed,ggʷaɣ ař abarcan a imnafqen kenniw tessnem ad tfarzem udem n ujenna maca řeɛřamat n zzman a war tzemmarem ad tent tfarzem jjiř aɛeffan izennan yarezzu ict n řeɛřamet
REC109_SEG0004,REC109,SPK009,train,vad_v2_spk009,43.16,50.92,7.76,data/processed/segments/REC109/REC109_SEG0004.wav,reviewed,maca war d as ittmewci uřa d ict n řeɛřamet mɣir řeɛřamet n yunus anabi xenni ijja i ten iruḥ
REC109_SEG0005,REC109,SPK009,train,vad_v2_spk009,54.296,57.064,2.768,data/processed/segments/REC109/REC109_SEG0005.wav,reviewed,antun n ifarisiyyen d isaḍuqiyyen
REC109_SEG0006,REC109,SPK009,train,vad_v2_spk009,58.936,77.064,18.128,data/processed/segments/REC109/REC109_SEG0006.wav,reviewed,řami dd iwḍen imeḥḍaren nnes ɣar ujemmaḍ n řebḥar ttun ad kisen dd awyen aɣrum inna asen yasuɛ ḥḍam ixef nwem zeg wentun n ifarisiyyen d iṣaduqiyyen nitni mcawaren jar asen x man aya nnan aqa inna man aya minzi war d niwi ca aɣrum
REC109_SEG0007,REC109,SPK009,train,vad_v2_spk009,77.624,92.168,14.544,data/processed/segments/REC109/REC109_SEG0007.wav,reviewed,yasuɛ am tuɣa issen man aya inna asen a kenniw i di iǧa drus n l iman mayemmi temcawarem jar awem aqa man aya iǧa umi war dd tiwyem aɣrum ma ɛad war tefhimem ca
REC109_SEG0008,REC109,SPK009,train,vad_v2_spk009,92.984,100.36,7.376,data/processed/segments/REC109/REC109_SEG0008.wav,reviewed,ma war teɛqiřem ca x xemsa n iřeqqwaz n weɣrum i xemsa ařaf u mecḥař n tsuǧatin i tyarwem
REC109_SEG0009_PART01,REC109,SPK009,train,vad_v2_spk009,100.888,113.44,12.552,data/processed/segments/REC109/REC109_SEG0009_PART01.wav,reviewed,niɣ x sebɛa n iřeqqwaz n weɣrum i arebɛa ařaf u mecḥař n tsuǧatin i tyarwem ma ɛad war tefhimen ca belli necc war kiwem ssiwřeɣ ca x weɣrum umi d awem nniɣ
REC109_SEG0009_PART02,REC109,SPK009,train,vad_v2_spk009,113.44,125.992,12.552,data/processed/segments/REC109/REC109_SEG0009_PART02.wav,reviewed,ḥḍam ixef nwem zeg wentun n ifarisiyyen d iṣaduqiyyen ssenni fehmen aqa netta war d asen inni maḥend ad ḥḍan ixef nsen zeg wentun n weɣrum maca zi tɣuri n ifarisiyyen d iṣaduqiyyen
REC109_SEG0010,REC109,SPK009,train,vad_v2_spk009,129.144,132.008,2.864,data/processed/segments/REC109/REC109_SEG0010.wav,reviewed,lmasiḥ d mmis n arebbi iddaren
REC109_SEG0011,REC109,SPK009,train,vad_v2_spk009,134.168,147.944,13.776,data/processed/segments/REC109/REC109_SEG0011.wav,reviewed,řami dd yiweḍ yasuɛ ɣar temmurt n qayṣariya filippus isseqsa imeḥḍaren nnes min ɛniɣ necc mmis n bnadem ɛlaḥsab min qqaren iwdan nnan as ca qqaren d yuḥanna amseɣḍaṣ
REC109_SEG0012,REC109,SPK009,train,vad_v2_spk009,148.76,153.48,4.72,data/processed/segments/REC109/REC109_SEG0012.wav,reviewed,u wenneɣni d iliya u wenneɣni ɛawed d irmiya
REC109_SEG0013_PART01,REC109,SPK009,train,vad_v2_spk009,153.912,167.008,13.096,data/processed/segments/REC109/REC109_SEG0013_PART01.wav,reviewed,niɣ d ijjen zeg inabiyyen inna asen maca kenniw min xafi teqqarem yarra dd xas cimɛun buṭrus inna cek d lmasiḥ mmis n arebbi iddaren yarra dd xas yasuɛ
REC109_SEG0013_PART02,REC109,SPK009,train,vad_v2_spk009,167.008,180.104,13.096,data/processed/segments/REC109/REC109_SEG0013_PART02.wav,reviewed,inna as sseɛd nnec a cimɛun mmis n yuna minzi war iǧi d aysum niɣ d idammen i d ac imřen man aya maca d baba i iǧan deg ijenwan necc ad ac iniɣ
REC109_SEG0014,REC109,SPK009,train,vad_v2_spk009,180.152,188.04,7.888,data/processed/segments/REC109/REC109_SEG0014.wav,reviewed,aqa cek d buṭrus d tasḍat n weẓru u x tasḍarta ya ad bniɣ tamesmunt inu i yenni daytiqqan
REC109_SEG0015_PART01,REC109,SPK009,train,vad_v2_spk009,188.312,200.528,12.216,data/processed/segments/REC109/REC109_SEG0015_PART01.wav,reviewed,uca tiwwura n řaxart war d as zemmarent d necc ad ac wceɣ tisarutin n tgeldit n ijenwan u marra min ɣa tcedded di temmurt ad yiři icedd deg
REC109_SEG0015_PART02,REC109,SPK009,train,vad_v2_spk009,200.528,212.744,12.216,data/processed/segments/REC109/REC109_SEG0015_PART02.wav,reviewed,ijenwan u marra min ɣa tfesyed di temmurt ad yiři ifsi deg ijenwan řexdenni yumur imeḥḍaren nnes ḥima war xebbaren ḥed belli netta d lmasiḥ
REC109_SEG0016,REC109,SPK009,train,vad_v2_spk009,215.768,220.616,4.848,data/processed/segments/REC109/REC109_SEG0016.wav,reviewed,yasuɛ izwar issawař x řmewt d tnukra nnes i twařa tamezwarut
REC109_SEG0017,REC109,SPK009,train,vad_v2_spk009,221.944,239.784,17.84,data/processed/segments/REC109/REC109_SEG0017.wav,reviewed,ssenni ibda yasuɛ ad isscen i imeḥḍaren nnes belli ittxeṣṣa as ad iraḥ ɣar urcalim ad iweddeb aṭṭas zeg imɣaren n řgens u zeg imeqqranen n ikehhanen d imseřmaden n idlisen ad ittwaneɣ uca ad dd ittwassnekkar ɛawed deg wass wiss třata
REC109_SEG0018_PART01,REC109,SPK009,train,vad_v2_spk009,240.12,251.392,11.272,data/processed/segments/REC109/REC109_SEG0018_PART01.wav,reviewed,maca buṭrus yiwyi t weḥḥdes ibda ittwebbex i t inna war ittiři a sidi man aya war d ac ittemsar ɛemmarṣ maca netta inneqřeb
REC109_SEG0018_PART02,REC109,SPK009,train,vad_v2_spk009,251.392,262.664,11.272,data/processed/segments/REC109/REC109_SEG0018_PART02.wav,reviewed,inna i buṭrus ffeɣ xafi a cciṭan cek d ict n tɛenkrift i necc minzi war cek icqi min iǧan n arebbi maca min iǧan n iwdan
REC109_SEG0019,REC109,SPK009,train,vad_v2_spk009,263.096,278.376,15.28,data/processed/segments/REC109/REC109_SEG0019.wav,reviewed,řexdenni inna yasuɛ i imeḥḍaren nnes mařa ca n ijjen ixs ad ayi iḍfar ad inkar ixef nnes ad iksi ṣṣalib nnes uca ad ayi iḍfar minzi wenni ixsen ad issenjem tudart nnes ad tt iweddar
REC109_SEG0020_PART01,REC109,SPK009,train,vad_v2_spk009,278.616,289.488,10.872,data/processed/segments/REC109/REC109_SEG0020_PART01.wav,reviewed,maca wenni i ɣa iweddaren tudart nnes di ṭṭweɛ inu ad tt yaf minzi man řefḍeř i ɣares ɣar bnadem mařa yarbeḥ ddunect marra maca iřqef i t d
REC109_SEG0020_PART02,REC109,SPK009,train,vad_v2_spk009,289.488,300.36,10.872,data/processed/segments/REC109/REC109_SEG0020_PART02.wav,reviewed,ruct di řeɛmar nnes niɣ min ɣa iwc bnadem i weṣřaḥ n řeɛmar nnes minzi mmis n bnadem ad dd yas s uɛuǧi n babas ak d lmalakat nnes
REC109_SEG0021,REC109,SPK009,train,vad_v2_spk009,300.536,315.816,15.28,data/processed/segments/REC109/REC109_SEG0021.wav,reviewed,uca xenni ad ixeǧeṣ kuř ijjen ɛlaḥsab min igga s tidett necc ad awem iniɣ aqa ca zeg ina i da ibedden war ttqisin ca řmewt ař ɣa ẓaren mmis n bnadem ittas dd di tgeldit nnes
REC110_SEG0001,REC110,SPK009,train,vad_v2_spk009,1.656,4.744,3.088,data/processed/segments/REC110/REC110_SEG0001.wav,reviewed,yasuɛ x wedrar ak d musa d iliya
REC110_SEG0002,REC110,SPK009,train,vad_v2_spk009,6.616,17.608,10.992,data/processed/segments/REC110/REC110_SEG0002.wav,reviewed,awarni setta n wussan yasuɛ yiwi dd buṭrus d yaɛqub d umas yuḥanna akides yiwyi i ten weḥḥedsen ɣar ijj n wedrar yuɛřa
REC110_SEG0003_PART01,REC110,SPK009,train,vad_v2_spk009,18.104,29.408,11.304,data/processed/segments/REC110/REC110_SEG0003_PART01.wav,reviewed,uca ittwabeddeř waddud n yasuɛ qibač nsen tuɣa aɣembub nnes ittceɛciɛ am tfuct idweř warruḍ nnes d acemřař am tfawt uřa d musa
REC110_SEG0003_PART02,REC110,SPK009,train,vad_v2_spk009,29.408,40.712,11.304,data/processed/segments/REC110/REC110_SEG0003_PART02.wav,reviewed,d iliya ḍharen asen dd ssawařen akides buṭrus iṭṭef deg wawař inna i yasuɛ a sidi aqa mliḥ umi i da neǧa
REC110_SEG0004_PART01,REC110,SPK009,train,vad_v2_spk009,40.952,54.448,13.496,data/processed/segments/REC110/REC110_SEG0004_PART01.wav,reviewed,mařa texsed ad newwet danita třata n iɛuccuten n tseṭṭa ijjen i cek ijjen i musa u ijjen i iliya am tuɣa issawař ɛad ikka dd xasen ijj n useynu
REC110_SEG0004_PART02,REC110,SPK009,train,vad_v2_spk009,54.448,67.944,13.496,data/processed/segments/REC110/REC110_SEG0004_PART02.wav,reviewed,ittseqsiq issduriy ten s tiři nnes uca xzar aqa ij tmijja zeg ujenna tenna d wa d mmi iɛizzen dayes ufiɣ arḍa inu sřem ɣares
REC110_SEG0005,REC110,SPK009,train,vad_v2_spk009,68.504,85.192,16.688,data/processed/segments/REC110/REC110_SEG0005.wav,reviewed,řami sřin imeḥḍaren man aya wḍan x uɣembub nsen uca ggʷeden aṭṭas yusa dd ɣarsen yasuɛ iḥada ten inna kkarem war tteggʷedem ca řami ssgeɛɛden tiṭṭawin nsen war ẓrin ḥed mɣir yasuɛ netta waha
REC110_SEG0006_PART01,REC110,SPK009,train,vad_v2_spk009,86.68,100.784,14.104,data/processed/segments/REC110/REC110_SEG0006_PART01.wav,reviewed,am dd hwan zeg wedrar yumur i ten yasuɛ inna asen war ssiwiřem x řewḥiy a am ɣarwem iǧa ijj nneɣni ař dd ɣa ikkar mmis n bnadem jar imettinen
REC110_SEG0006_PART02,REC110,SPK009,train,vad_v2_spk009,100.784,114.888,14.104,data/processed/segments/REC110/REC110_SEG0006_PART02.wav,reviewed,imeḥḍaren sseqsan t nnan as mayemmi qqaren imseřmaden n idlisen aqa iliya ad dd yas d amezwaru yarra dd yasuɛ inna iliya ad dd yas d amezwaru ḥima ad ittwakemmeř marra
REC110_SEG0007_PART01,REC110,SPK009,train,vad_v2_spk009,115.576,125.76,10.184,data/processed/segments/REC110/REC110_SEG0007_PART01.wav,reviewed,maca necc ad awem iniɣ xzar iliya aqa yusa dd war zzayes steɛtarifen maca ggin zzayes min xsen ammu uřa d
REC110_SEG0007_PART02,REC110,SPK009,train,vad_v2_spk009,125.76,135.944,10.184,data/processed/segments/REC110/REC110_SEG0007_PART02.wav,reviewed,mmis n bnadem ad zzaysen iweddeb řexdenni fehmen imeḥḍaren belli tuɣa issawař akidsen x yuḥanna amseɣḍaṣ
REC110_SEG0008,REC110,SPK009,train,vad_v2_spk009,138.968,141.928,2.96,data/processed/segments/REC110/REC110_SEG0008.wav,reviewed,yasuɛ issgenfa aḥenjir amaryaḥ
REC110_SEG0009_PART01,REC110,SPK009,train,vad_v2_spk009,143.864,155.648,11.784,data/processed/segments/REC110/REC110_SEG0009_PART01.wav,reviewed,řami dd usin ɣar řɣaci yusa dd ɣares ijj n bnadem iwḍa as ɣar iḍaren inna as a sidi zziǧez i mmi minzi aqa netta ittbarkik
REC110_SEG0009_PART02,REC110,SPK009,train,vad_v2_spk009,155.648,167.432,11.784,data/processed/segments/REC110/REC110_SEG0009_PART02.wav,reviewed,kiḍ immarni xas řḥar maɣar aṭṭas n twařawin iwḍa di tmessi u deg waman iwyeɣ t ɣar imeḥḍaren nnec maca nitni war zemmaren ad t ssgenfan
REC110_SEG0010,REC110,SPK009,train,vad_v2_spk009,167.928,178.472,10.544,data/processed/segments/REC110/REC110_SEG0010.wav,reviewed,yasuɛ yarra dd inna a jjiř i war yuminen d imufriɣen mecḥař i ɣa qqimeɣ ɛad akidwem mecḥař ɛad i ɣa qqimeɣ ṣbareɣ awem
REC110_SEG0011,REC110,SPK009,train,vad_v2_spk009,179.224,196.04,16.816,data/processed/segments/REC110/REC110_SEG0011.wav,reviewed,awyem t i dd ɣari xenni iwebbex i t yasuɛ uca iffeɣ zzayes cciṭan uca idweř uḥenjir iggenfa zi tsaɛɛet nni řexdenni usin dd imeḥḍaren weḥḥedsen ɣar yasuɛ nnan as mayemmi neccin war nzemmar ad t nessufeɣ
REC110_SEG0012_PART01,REC110,SPK009,train,vad_v2_spk009,196.632,210.928,14.296,data/processed/segments/REC110/REC110_SEG0012_PART01.wav,reviewed,inna asen yasuɛ sminzi wa tuminemca s tidett ad awem iniɣ mařa daywem l iman anect n ict n tḥebbuct n zzariɛet n uxerdel ad as tinim i wedrar a muṭṭi
REC110_SEG0012_PART02,REC110,SPK009,train,vad_v2_spk009,210.928,225.224,14.296,data/processed/segments/REC110/REC110_SEG0012_PART02.wav,reviewed,ssa ar diha xenni ad immuṭṭi uca war din ittiři ɛad uřa d ict n řḥajjet war d as tzemmarem ɛad maca ddarb a war dd itteffeɣ mɣir s tẓaǧit d uẓummi
REC110_SEG0013,REC110,SPK009,train,vad_v2_spk009,227.832,233.128,5.296,data/processed/segments/REC110/REC110_SEG0013.wav,reviewed,yasuɛ issawař x řmewt d tnukra nnes i twařa wiss tnayen
REC110_SEG0014,REC110,SPK009,train,vad_v2_spk009,235.384,249.704,14.32,data/processed/segments/REC110/REC110_SEG0014.wav,reviewed,řami tuɣa ttsaran di ljalil inna asen yasuɛ i imeḥḍaren nnes mmis n bnadem ad immewc deg ifassen n iwdan ad t nɣen uca ad dd ittwassnekkar deg wass wiss třata xenni ceḍnen aṭṭas
REC110_SEG0015,REC110,SPK009,train,vad_v2_spk009,252.76,256.584,3.824,data/processed/segments/REC110/REC110_SEG0015.wav,reviewed,awař n yasuɛ x ḍḍariba i zzawect tameqqrant
REC110_SEG0016,REC110,SPK009,train,vad_v2_spk009,258.584,270.504,11.92,data/processed/segments/REC110/REC110_SEG0016.wav,reviewed,řami dd usin ɣar kafarnaḥum qarrben dd ayt n ḍḍariba ɣar buṭrus nnan amseřmad nwem ma war ittxeǧiṣ tnayen n drahemmai zzawect tameqqrant
REC110_SEG0017,REC110,SPK009,train,vad_v2_spk009,271.224,272.424,1.2,data/processed/segments/REC110/REC110_SEG0017.wav,reviewed,inna wah
REC110_SEG0018_PART01,REC110,SPK009,train,vad_v2_spk009,272.952,287.1,14.148,data/processed/segments/REC110/REC110_SEG0018_PART01.wav,reviewed,ařami dd yudef buṭrus ɣar taddart izwar as dd yasuɛ inna cimɛun mammec twařid cek wi zi ṭṭfen ijeǧiden n ddunect řeɛcur d tenɛacin i izemmen i kuř azeǧif
REC110_SEG0018_PART02,REC110,SPK009,train,vad_v2_spk009,287.1,301.248,14.148,data/processed/segments/REC110/REC110_SEG0018_PART02.wav,reviewed,ma zi tarwa nsen niɣ zeg ibarraniyyen inna as cimɛun zeg ibarraniyyen inna as yasuɛ s uya ǧan tarwa d iḥurriyyen maca ḥima war ten nessendrif ruḥ ɣar řebḥar
REC110_SEG0019,REC110,SPK009,train,vad_v2_spk009,301.248,316.04,14.792,data/processed/segments/REC110/REC110_SEG0019.wav,reviewed,nḍar taṣennart uca arzem aqemmum i tesřemt tamezwarut i dd ɣa iffɣen uca ad tafed ict n tepyist n uṣulḍi n ustatir ksi tt uca ewc i tt xafi u x yixef nnec
REC111_SEG0001,REC111,SPK009,train,vad_v2_spk009,1.656,5.48,3.824,data/processed/segments/REC111/REC111_SEG0001.wav,reviewed,man wen iǧan d ameqqran di tgeldit n ijenwan
REC111_SEG0002_PART01,REC111,SPK009,train,vad_v2_spk009,7.0,21.52,14.52,data/processed/segments/REC111/REC111_SEG0002_PART01.wav,reviewed,di tsaɛɛet nni usin dd imeḥḍaren ɣar yasuɛ nnan man wen iǧan d ameqqran di tgeldit n ijenwan yasuɛ iřaɣa dd x ijj n uḥenjir ɣares issbedd i t di řwesṭ nsen inna s tidett necc ad awem i
REC111_SEG0002_PART02,REC111,SPK009,train,vad_v2_spk009,21.52,36.04,14.52,data/processed/segments/REC111/REC111_SEG0002_PART02.wav,reviewed,niɣ mařa war ttubem u tdewřem am iḥenjiren ɛemmarṣ ad tadfem ɣar tgeldit n ijenwan s uya wenni i ɣa issmeẓyen ixef nnes am uḥenjir a aqa d wenni d ameqqran di tgeldit n ijenwan
REC111_SEG0003,REC111,SPK009,train,vad_v2_spk009,36.504,42.76,6.256,data/processed/segments/REC111/REC111_SEG0003.wav,reviewed,u wenni i ɣa iqebřen ijj n uḥenjir i iǧan am uḥenjir a s yisem inu iqebbeř ayi
REC111_SEG0004,REC111,SPK009,train,vad_v2_spk009,45.912,49.352,3.44,data/processed/segments/REC111/REC111_SEG0004.wav,reviewed,aɛřam ɣar řgens x min i ɣa iɣarren i ddenb
REC111_SEG0005_PART01,REC111,SPK009,train,vad_v2_spk009,50.104,61.168,11.064,data/processed/segments/REC111/REC111_SEG0005_PART01.wav,reviewed,maca kuř ijjen wenni i ɣa issenqarḍen ijjen zeg imeẓyanen a i zzayi ittamnen iḥřa as ad as tettwagg ict n teṣḍart n tsirt
REC111_SEG0005_PART02,REC111,SPK009,train,vad_v2_spk009,61.168,72.232,11.064,data/processed/segments/REC111/REC111_SEG0005_PART02.wav,reviewed,tedqeř ɣar yiri nnes ad ittwassɣareq di řaǧaɣ n řebḥar uct x ddunect x ssibbet n tɛenkrifin iwa ittxeṣṣa ad dd asent tɛenkrifin
REC111_SEG0006_PART01,REC111,SPK009,train,vad_v2_spk009,73.08,85.696,12.616,data/processed/segments/REC111/REC111_SEG0006_PART01.wav,reviewed,maca amcum n bnadem nni itteggen taɛenkrift mařa issenqarḍ cek ufus nnec niɣ aḍar nnec xenni qess i t nḍar i t xak iḥřa ac ad
REC111_SEG0006_PART02,REC111,SPK009,train,vad_v2_spk009,85.696,98.312,12.616,data/processed/segments/REC111/REC111_SEG0006_PART02.wav,reviewed,tadfed ɣar tudart d aqejdaḥ niɣ d ameɛḍuř x umenḍar s tnayen n ifassen niɣ s tnayen n iḍaren di tmessi i řebda mařa tessenqarḍ cek tiṭṭ nnec
REC111_SEG0007,REC111,SPK009,train,vad_v2_spk009,98.968,109.736,10.768,data/processed/segments/REC111/REC111_SEG0007.wav,reviewed,xenni qeřɛ i tt nḍar i tt xak iḥřa ac ad tadfed ɣar tudart s ict n tiṭṭ x uweṭṭu di jehennama iccuren s tmessi s tnayen n tiṭṭawin
REC111_SEG0008,REC111,SPK009,train,vad_v2_spk009,113.656,115.656,2.0,data/processed/segments/REC111/REC111_SEG0008.wav,reviewed,amedya n wuǧi iweddaren
REC111_SEG0009,REC111,SPK009,train,vad_v2_spk009,117.112,128.872,11.76,data/processed/segments/REC111/REC111_SEG0009.wav,reviewed,ɣarwem ad tesseḥqarem ijjen zeg imeẓyanen a minzi necc ad awem iniɣ aqa lmalakat nsen deg ijenwan aqa řebda ttwařant tifras n baba i iǧan deg ijenwan
REC111_SEG0010,REC111,SPK009,train,vad_v2_spk009,129.304,147.4,18.096,data/processed/segments/REC111/REC111_SEG0010.wav,reviewed,minzi mmis n bnadem yusa dd ḥima ad issenjem min tuɣa iweddaren mammec i d awem ittɣiř mařa din ca n bnadem ɣares mya n wuǧi uca ijjen zzaysen iweddar ma xenni war ittejji tesɛa u tesɛin deg idurar ad iraḥ ad yarzu x wenni iweddaren
REC111_SEG0011,REC111,SPK009,train,vad_v2_spk009,147.96,166.376,18.416,data/processed/segments/REC111/REC111_SEG0011.wav,reviewed,u mařa yufa i t s tidett necc ad awem iniɣ ad zzayes ifarḥ ktar zi min ɣa ifarḥ zi tesɛa u tesɛin inni war iweddaren ammu uřa d babatwem i iǧan deg ijenwan war ixs ad iweddar uřa d ijj zeg imeẓyanen a
REC111_SEG0012,REC111,SPK009,train,vad_v2_spk009,169.656,171.688,2.032,data/processed/segments/REC111/REC111_SEG0012.wav,reviewed,ddenb n ijj n uma
REC111_SEG0013,REC111,SPK009,train,vad_v2_spk009,172.856,180.776,7.92,data/processed/segments/REC111/REC111_SEG0013.wav,reviewed,mařa ixḍa umac akidek ruḥ ɣares webbex i t mɣir jar ac d jar as waha
REC111_SEG0014_PART01,REC111,SPK009,train,vad_v2_spk009,181.144,195.78,14.636,data/processed/segments/REC111/REC111_SEG0014_PART01.wav,reviewed,mařa isřa ɣarek aqa tarbeḥed umac mařa war ɣarek isři ca awi akidek ca n ijjen nneɣni niɣ tnayen ḥima x uqemmum n tnayen niɣ n třata n řechud ad itt
REC111_SEG0014_PART02,REC111,SPK009,train,vad_v2_spk009,195.78,210.416,14.636,data/processed/segments/REC111/REC111_SEG0014_PART02.wav,reviewed,waḍmen wawař marra mařa netta war ɣarsen isři xenni ini tt i tmesmunt n řmuminin uca mařa war isři uřa ɣar tmesmunt xenni ejj i t ad ɣarwem yiři
REC111_SEG0015,REC111,SPK009,train,vad_v2_spk009,210.416,214.28,3.864,data/processed/segments/REC111/REC111_SEG0015.wav,reviewed,am yijj n bu ḍḍariba niɣ am yijj n kuffar
REC111_SEG0016_PART01,REC111,SPK009,train,vad_v2_spk009,214.936,229.12,14.184,data/processed/segments/REC111/REC111_SEG0016_PART01.wav,reviewed,s tidett necc ad awem iniɣ marra min ɣa tceddem di temmurt ad yiři icedd deg ujenna uca marra min ɣa tfesyem di temmurt ad yiři ifsi deg ujenna ad awem iniɣ
REC111_SEG0016_PART02,REC111,SPK009,train,vad_v2_spk009,229.12,243.304,14.184,data/processed/segments/REC111/REC111_SEG0016_PART02.wav,reviewed,ɛawed mařa tnayen n iwdan ad mmsetfaqen x temmurt x ca n řḥajjet i ɣa ttaren aqa d man aya d asen i ɣa ittwagg zi baba i iǧan deg ijenwan
REC111_SEG0017,REC111,SPK009,train,vad_v2_spk009,243.448,251.08,7.632,data/processed/segments/REC111/REC111_SEG0017.wav,reviewed,minzi mani ɣa munen tnayen niɣ třata s yisem inu necc ad din iřiɣ di řwesṭ nsen
REC111_SEG0018,REC111,SPK009,train,vad_v2_spk009,254.232,256.936,2.704,data/processed/segments/REC111/REC111_SEG0018.wav,reviewed,amedya n umsexxar aɛeffan
REC111_SEG0019,REC111,SPK009,train,vad_v2_spk009,258.84,278.216,19.376,data/processed/segments/REC111/REC111_SEG0019.wav,reviewed,řexdenni yusa dd ɣares buṭrus inna a sidi mecḥař n twařawin i ɣa ixḍa akidi uma necc ad as samḥeɣ ma ař sebɛa n twařawin inna as yasuɛ war d ac qqareɣ ca ař sebɛa maca ař sebɛin di sebɛa n imuren
REC111_SEG0020,REC111,SPK009,train,vad_v2_spk009,278.808,289.768,10.96,data/processed/segments/REC111/REC111_SEG0020.wav,reviewed,suyenni tgeldit n ijenwan deg ijj n weryaz d ajeǧid i ixsen ad yegg řeḥsab ak d imsexxaren nnes umi ibda ad imseḥseb
REC111_SEG0021_PART01,REC111,SPK009,train,vad_v2_spk009,290.232,304.64,14.408,data/processed/segments/REC111/REC111_SEG0021_PART01.wav,reviewed,iwyen dd ɣares ijj n bnadem itturs as ɛecra ařaf talint am war tuɣi ɣares min zi ɣa yarr amarwas yumur bab nnes ḥima ad ittwammenz
REC111_SEG0021_PART02,REC111,SPK009,train,vad_v2_spk009,304.64,319.048,14.408,data/processed/segments/REC111/REC111_SEG0021_PART02.wav,reviewed,netta d temɣart nnes d tarwa nnes d marra min ɣares ḥima ad ittwaxeǧeṣ umarwas iwḍa as umsexxar nni ɣar iḍaren isjed as inna a sidi ṣbar xafi ad ac arreɣ marra
REC111_SEG0022,REC111,SPK009,train,vad_v2_spk009,319.64,326.76,7.12,data/processed/segments/REC111/REC111_SEG0022.wav,reviewed,aqa izziǧez as bab n umsexxar nni iḍřeq as uca isamḥ as deg umarwas
REC111_SEG0023_PART01,REC111,SPK009,train,vad_v2_spk009,327.832,340.592,12.76,data/processed/segments/REC111/REC111_SEG0023_PART01.wav,reviewed,řami dd iffeɣ umsexxar nni yufa ijjen zeg inni tuɣa d imsexxaren imɛacaren nnes u wanita itturs as mya dinar iṭṭef i t icebbar as deg yiri inna as
REC111_SEG0023_PART02,REC111,SPK009,train,vad_v2_spk009,340.592,353.352,12.76,data/processed/segments/REC111/REC111_SEG0023_PART02.wav,reviewed,xeǧeṣ min d ac tturseɣ iwḍa yas umsexxar amɛacar nnes ɣar iḍaren iḥeccmit i t inna ṣbar xafi ad ac arreɣ marra maca netta war ixs
REC111_SEG0024,REC111,SPK009,train,vad_v2_spk009,353.72,358.056,4.336,data/processed/segments/REC111/REC111_SEG0024.wav,reviewed,iruḥ inḍar i t di řeḥbes ař dd ɣa yarr amarwas
REC111_SEG0025,REC111,SPK009,train,vad_v2_spk009,358.904,376.392,17.488,data/processed/segments/REC111/REC111_SEG0025.wav,reviewed,řami ẓřin imsexxaren imɛacaren nnes min imsaren ceḍnen aṭṭas uca ruḥen nnan tt i bab nsen uca iřaɣa dd xas sidis inna as a cek amsexxar aɛeffan marra min d ac tturseɣ samḥeɣ ac minzi tettared ayi
REC111_SEG0026_PART01,REC111,SPK009,train,vad_v2_spk009,376.92,391.745,14.825,data/processed/segments/REC111/REC111_SEG0026_PART01.wav,reviewed,ma war iǧi zeɛma uřa d cek xak ad ac izziǧez wenni d amsexxar amɛacar nnec am mammec i d ayi tezziǧed cek xenni ixeyyeq sidis isseɛdu t deg ifassen n imɛaddeben
REC111_SEG0026_PART02,REC111,SPK009,train,vad_v2_spk009,391.745,406.57,14.825,data/processed/segments/REC111/REC111_SEG0026_PART02.wav,reviewed,ař ɣa ixeǧeṣ marra min dayes d amarwas ammu i ɣa yegg baba wenni iǧan deg ujenna i kenniw mařa kenniw war tsimiḥem s wuř kuř ijjen zzaywem i umas ixeṭṭan nnes
REC112_SEG0001,REC112,SPK009,train,vad_v2_spk009,1.72,5.288,3.568,data/processed/segments/REC112/REC112_SEG0001.wav,reviewed,awařen n yasuɛ x řemřac d waǧaf
REC112_SEG0002,REC112,SPK009,train,vad_v2_spk009,6.776,21.704,14.928,data/processed/segments/REC112/REC112_SEG0002.wav,reviewed,ařami ikemmeř yasuɛ awařen a iffeɣ zi ljalil yiweḍ ɣar jjwayeh n temmurt n yahudiyya ɣar ujemmaḍ n yeɣzar n l urdun aqa iḍfar i t ijj n řɣaci d ameqqran
REC112_SEG0003,REC112,SPK009,train,vad_v2_spk009,22.488,24.392,1.904,data/processed/segments/REC112/REC112_SEG0003.wav,reviewed,issgenfa i ten dinni
REC112_SEG0004_PART01,REC112,SPK009,train,vad_v2_spk009,25.4,37.04,11.64,data/processed/segments/REC112/REC112_SEG0004_PART01.wav,reviewed,usin dd ɣares uřa d ifarisiyyen tuɣa arezzun ad t jarrben nnan as ma iḥeǧeř i weryaz ad iǧef i temɣart nnes zi mkuř sibbet
REC112_SEG0004_PART02,REC112,SPK009,train,vad_v2_spk009,37.04,48.68,11.64,data/processed/segments/REC112/REC112_SEG0004_PART02.wav,reviewed,yarra dd inna asen ma war teɣrim ca belli wenni ten dd ixeřqen zeg umezwaru ixřeq i ten dd d awtem d tewtemt uca aqa inna
REC112_SEG0005,REC112,SPK009,train,vad_v2_spk009,49.624,61.096,11.472,data/processed/segments/REC112/REC112_SEG0005.wav,reviewed,s uyenni ad ismeḥ weryaz di babas d yemmas ad iqqen ɣar temɣart nnes uca tnayen idsen nni ad iřin d iijjen arimet
REC112_SEG0006,REC112,SPK009,train,vad_v2_spk009,61.944,67.688,5.744,data/processed/segments/REC112/REC112_SEG0006.wav,reviewed,ammu war ttiřin ɛad d tnayen maca d ijjen n arrimet
REC112_SEG0007_PART01,REC112,SPK009,train,vad_v2_spk009,67.992,81.836,13.844,data/processed/segments/REC112/REC112_SEG0007_PART01.wav,reviewed,min issmun arebbi war t ibeṭṭi bnadem nnan as mayemmi yumur musa xenni maḥend ad iwc tabrat n waǧaf ḥima ad as iǧef inna asen musa
REC112_SEG0007_PART02,REC112,SPK009,train,vad_v2_spk009,81.836,95.68,13.844,data/processed/segments/REC112/REC112_SEG0007_PART02.wav,reviewed,ijja kenniw ad teǧfem i temɣarin nwem zi ssibbet n řeqsaḥet n wuřawen nwem maca war iǧi ammu zeg umezwaru maca necc ad awem iniɣ wenni i ɣa iǧfen i temɣart nnes
REC112_SEG0008,REC112,SPK009,train,vad_v2_spk009,95.68,115.208,19.528,data/processed/segments/REC112/REC112_SEG0008.wav,reviewed,wa iǧii sibbet n faqcɣer uca adimrec icten nneɣni aqa netta izenna u wenni i ɣa iwyen tamɣart tenni i iǧfen aqa uřa d netta izenna imeḥḍaren nnes nnan as mařa ammu i teǧa tmesřact jar bnadem d temɣart nnes
REC112_SEG0009,REC112,SPK009,train,vad_v2_spk009,115.64,130.792,15.152,data/processed/segments/REC112/REC112_SEG0009.wav,reviewed,xenni nhřa ma ad imřec maca netta inna asen war iǧi marra zemmaren ad qebřen awař a mɣir inni umi temmewc ad t iqbeř minzi aqa din inni ittwaqessen minzi nitni d inni dd ittwaxeřqen ammu zeg uɛeddis n yemmatsen
REC112_SEG0010,REC112,SPK009,train,vad_v2_spk009,131.16,145.64,14.48,data/processed/segments/REC112/REC112_SEG0010.wav,reviewed,uca aqa din inni ittwaqessen minzi nitni ttwaqessen zeg ifassen n iwdan uca aqa din inni ittwaqessen minzi nitni qessen ixef nsen di ṭṭweɛ n tgeldit n ijenwan wenni izemmaren ad t iqbeř ejj i t ad t iqbeř
REC112_SEG0011,REC112,SPK009,train,vad_v2_spk009,148.344,151.432,3.088,data/processed/segments/REC112/REC112_SEG0011.wav,reviewed,yasuɛ ibarek iḥenjiren imeẓyanen
REC112_SEG0012,REC112,SPK009,train,vad_v2_spk009,152.952,161.096,8.144,data/processed/segments/REC112/REC112_SEG0012.wav,reviewed,řexdenni iwyen as dd iḥenjiren imeẓyanen maḥend ad xasen issars afus nnes uca ad asen iksi s řmeɛruf
REC112_SEG0013,REC112,SPK009,train,vad_v2_spk009,161.784,178.6,16.816,data/processed/segments/REC112/REC112_SEG0013.wav,reviewed,maca imeḥḍaren nnes webbxen ten maca yasuɛ inna asen jjem iḥenjiren ad ɣari dd asen war ten mennɛem ca minzi tageldit n ijenwan i yinni am nitni issars xasen afus nnes uca iruḥ ssenni
REC112_SEG0014,REC112,SPK009,train,vad_v2_spk009,181.72,185.544,3.824,data/processed/segments/REC112/REC112_SEG0014.wav,reviewed,yasuɛ ak d webřiɣ wenni d bab n wagřa
REC112_SEG0015,REC112,SPK009,train,vad_v2_spk009,187.768,207.144,19.376,data/processed/segments/REC112/REC112_SEG0015.wav,reviewed,uca xzar iqarreb dd ijjen inna as a amseɣɣar aṣebḥan min ɣa ggeɣ d aṣebḥan ḥima ad ɣari tiři tudart ittduman inna as yasuɛ mayemmi d ayi třaɣid aṣebḥan war iǧi ḥed d aṣebḥan mɣir ijjen aqa t d arebbi
REC112_SEG0016_PART01,REC112,SPK009,train,vad_v2_spk009,207.704,220.88,13.176,data/processed/segments/REC112/REC112_SEG0016_PART01.wav,reviewed,maca mařa texsed ad tadfed ɣar tudart ṭṭef di tweṣṣa inna as man tina inna as yasuɛ war neqq war zenni war tticar war cehhed s z
REC112_SEG0016_PART02,REC112,SPK009,train,vad_v2_spk009,220.88,234.056,13.176,data/processed/segments/REC112/REC112_SEG0016_PART02.wav,reviewed,ẓur weqqar babac d yemmac uca ad amqarreb nnec am yixef nnec abřiɣ inna as aqa ḍfareɣ timesřayin a marra zi temẓi inu min d ayi ittxiṣṣen ɛad
REC112_SEG0017_PART01,REC112,SPK009,train,vad_v2_spk009,234.648,245.424,10.776,data/processed/segments/REC112/REC112_SEG0017_PART01.wav,reviewed,yasuɛ inna as mařa texsed ad tiřid tkemmřed ruḥ zenz marra min ɣarek ewc i t i imezřaḍ uca ad ɣarek yiři ijj n řkenz deg ijenwan
REC112_SEG0017_PART02,REC112,SPK009,train,vad_v2_spk009,245.424,256.2,10.776,data/processed/segments/REC112/REC112_SEG0017_PART02.wav,reviewed,xenni as dd ḍfar ayi dd řami isřa webřiɣ awař a iruḥ icḍen minzi tuɣa ɣares aṭṭas n wagřa
REC112_SEG0018,REC112,SPK009,train,vad_v2_spk009,256.92,266.184,9.264,data/processed/segments/REC112/REC112_SEG0018.wav,reviewed,xas uca inna yasuɛ i imeḥḍaren nnes s tidett necc ad awem iniɣ aqa yewɛar x bab n wagřa ad yadef ɣar tgeldit n ijenwan
REC112_SEG0019_PART01,REC112,SPK009,train,vad_v2_spk009,266.616,279.376,12.76,data/processed/segments/REC112/REC112_SEG0019_PART01.wav,reviewed,uca necc ad awem iniɣ ɛawed aqa ihwen i weřɣem ad yekk zi tiṭṭ n tsineft x bu wagřa ad yadef ɣar tgeldit n arebbi umi tt sřin imeḥḍaren nnes nnxeř
REC112_SEG0019_PART02,REC112,SPK009,train,vad_v2_spk009,279.376,292.136,12.76,data/processed/segments/REC112/REC112_SEG0019_PART02.wav,reviewed,ɛen nnan wi izemmaren xenni ad iṭṭef tudart ɛad am tuɣa daysen ixezzar yasuɛ inna asen ɣar iwdan man aya war izemmar maca ɣar arebbi kuřci di tzemmar nnes
REC112_SEG0020,REC112,SPK009,train,vad_v2_spk009,292.76,301.352,8.592,data/processed/segments/REC112/REC112_SEG0020.wav,reviewed,xenni yarra dd buṭrus inna as xzar aqa neccin nejja kuřci neḍfar i cek min ɣarneɣ i ɣa yiřin
REC112_SEG0021_PART01,REC112,SPK009,train,vad_v2_spk009,301.784,312.336,10.552,data/processed/segments/REC112/REC112_SEG0021_PART01.wav,reviewed,yasuɛ inna asen s tidett necc ad awem iniɣ i kenniw inni d ayi dd iḍfaren aqa xmi ɣa tiři marra ddunect d jdid xmi ɣa iqqim mmis n bnadem x řɛarc n uɛuǧi
REC112_SEG0021_PART02,REC112,SPK009,train,vad_v2_spk009,312.336,322.888,10.552,data/processed/segments/REC112/REC112_SEG0021_PART02.wav,reviewed,nnes aqa uřa d kenniw ad teqqimem x tenɛac n řekrasi igellden ḥima ad tḥekmem x tenɛac n tqebbař n ayt n israil
REC112_SEG0022_PART01,REC112,SPK009,train,vad_v2_spk009,323.448,338.037,14.589,data/processed/segments/REC112/REC112_SEG0022_PART01.wav,reviewed,kuř ijjen wenni isemḥen di tudrin niɣ deg aytmas niɣ di suyetmas niɣ di babas niɣ deg yemmas niɣ di temɣart nnes d tarwa nnes uřa deg yeyyaren di ṭṭweɛ n yisem inu
REC112_SEG0022_PART02,REC112,SPK009,train,vad_v2_spk009,338.037,352.627,14.589,data/processed/segments/REC112/REC112_SEG0022_PART02.wav,reviewed,ad iksi mya n tseqqar uca ad iwart tudart ittduman maca aṭṭas n yinni iǧan d imezwura ad iřin d ineggura uca ineggura ad iřin d imezwura
REC113_SEG0001,REC113,SPK009,train,vad_v2_spk009,2.168,5.8,3.632,data/processed/segments/REC113/REC113_SEG0001.wav,reviewed,amedya n ixemmasen deg umarjuɛ n uḍiř
REC113_SEG0002,REC113,SPK009,train,vad_v2_spk009,7.608,18.696,11.088,data/processed/segments/REC113/REC113_SEG0002.wav,reviewed,minzi tageldit n ijenwan am yijj n bab n taddart iffeɣ ɣar ṣṣbeḥ zic ḥima ad icra ixemmasen i umarjeɛ nnes n uḍiř
REC113_SEG0003_PART01,REC113,SPK009,train,vad_v2_spk009,19.224,29.472,10.248,data/processed/segments/REC113/REC113_SEG0003_PART01.wav,reviewed,řami ikkes awař ak d icewwařen s yijjen dinar i yijjen wass issekk i ten ɣar umarjeɛ nnes n uḍiř řami dd iffeɣ netta
REC113_SEG0003_PART02,REC113,SPK009,train,vad_v2_spk009,29.472,39.72,10.248,data/processed/segments/REC113/REC113_SEG0003_PART02.wav,reviewed,ɛawed di jjwayeh n tsaɛɛet wiss třata ixs ad yini ɣar tesɛa di ṣṣbeḥ iẓra inneɣni bedden di řmewqef břa řxedmet
REC113_SEG0004,REC113,SPK009,train,vad_v2_spk009,40.12,55.688,15.568,data/processed/segments/REC113/REC113_SEG0004.wav,reviewed,netta inna asen ruḥem uřa d kenniw ɣar umarjeɛ inu n uḍiř ad awem wceɣ min d awem dd ikkaren uca ruḥen iffeɣ dd ɛawed di jjwayeh n tsaɛɛet wiss setta d wiss tesɛa uca igga amenni ɛawed
REC113_SEG0005_PART01,REC113,SPK009,train,vad_v2_spk009,56.632,69.248,12.616,data/processed/segments/REC113/REC113_SEG0005_PART01.wav,reviewed,řami dd iffeɣ di jjwayeh n tsaɛɛet wiss hiṭɛac ixs ad yini ɣar xemsa n tmeddit yufa din ɛawed inneɣni bedden din břa řxedmet inna asen
REC113_SEG0005_PART02,REC113,SPK009,train,vad_v2_spk009,69.248,81.864,12.616,data/processed/segments/REC113/REC113_SEG0005_PART02.wav,reviewed,mayemmi tbeddem da ass ikmeř břa řxedmet nnan as minzi war d aneɣ icri ḥed inna asen ruḥem uřa d kenniw ɣar umarjeɛ inu n uḍiř ad teṭṭfem min d awem dd ikkaren
REC113_SEG0006,REC113,SPK009,train,vad_v2_spk009,82.264,95.848,13.584,data/processed/segments/REC113/REC113_SEG0006.wav,reviewed,řami dd tiweḍ tmeddit inna bab n umarjeɛ n uḍiř i uweqqaf nnes řaɣa dd x ixemmasen xeǧeṣ asen řmunet sizwar zeg inni dd yusin d ineggura uca ammu ař imezwura
REC113_SEG0007,REC113,SPK009,train,vad_v2_spk009,96.408,115.816,19.408,data/processed/segments/REC113/REC113_SEG0007.wav,reviewed,uca usin dd inni d icra di jjwayeh n tsaɛɛet wiss ḥiṭac uca kuř ijjen zzaysen iṭṭef ijjen dinar řami dd usin inni tuɣa d imezwura ittɣiř asen ad ṭṭfen ktar maca uřa d nitni ṭṭfen i kuř ijjen zzaysen ijj n dinar
REC113_SEG0008_PART01,REC113,SPK009,train,vad_v2_spk009,116.344,129.952,13.608,data/processed/segments/REC113/REC113_SEG0008_PART01.wav,reviewed,aqa xeyyqen x bab n taddart nnan aqa ina d inni d ineggura xedmen ict n tsaɛɛet u cek temqudd i ten akidneɣ neccin inni yarebbun
REC113_SEG0008_PART02,REC113,SPK009,train,vad_v2_spk009,129.952,143.56,13.608,data/processed/segments/REC113/REC113_SEG0008_PART02.wav,reviewed,ddqeř n wass d řeḥmu maca netta yarra dd x ijjen zzaysen inna a ameddukkeř inu necc war cek ḍřimeɣ ma war kidi tekkised awař x ijj n dinar
REC113_SEG0009,REC113,SPK009,train,vad_v2_spk009,144.408,157.96,13.552,data/processed/segments/REC113/REC113_SEG0009.wav,reviewed,ṭṭef min iǧan nnec uca uyur necc xseɣ ad wceɣ i ina d inni d ineggura anect min d ac wciɣ niɣ ma war ɣari bu řḥeqq maḥend ad ggeɣ min xseɣ ak d min iǧan inu
REC113_SEG0010,REC113,SPK009,train,vad_v2_spk009,158.648,173.832,15.184,data/processed/segments/REC113/REC113_SEG0010.wav,reviewed,niɣ tiṭṭ nnec d taɛeffant minzi necc d aṣebḥan ammu i ɣa dewřen ineggura d imezwura uca imezwura ad dewřen d ineggura minzi aṭṭas inni ittwařaɣan maca drus inni ittwaxdaren
REC113_SEG0011,REC113,SPK009,train,vad_v2_spk009,176.344,182.504,6.16,data/processed/segments/REC113/REC113_SEG0011.wav,reviewed,yasuɛ issawař x řmewt d tnukra nnes i twařa wiss třata
REC113_SEG0012_PART01,REC113,SPK009,train,vad_v2_spk009,184.888,196.416,11.528,data/processed/segments/REC113/REC113_SEG0012_PART01.wav,reviewed,řami ikkar dd yasuɛ maḥend ad igeɛɛed ɣar urcalim yiwi tenɛac n imeḥḍaren nnes ɣar uɣezdis deg webrid inna asen xzar ad ngeɛɛed ɣar
REC113_SEG0012_PART02,REC113,SPK009,train,vad_v2_spk009,196.416,207.944,11.528,data/processed/segments/REC113/REC113_SEG0012_PART02.wav,reviewed,urcalim uca ad immewc mmis n bnadem deg ifassen n imeqqranen n ikehhanen d imseřmaden n idlisen u nitni ad xas ḥekmen s řmewt
REC113_SEG0013,REC113,SPK009,train,vad_v2_spk009,208.792,220.136,11.344,data/processed/segments/REC113/REC113_SEG0013.wav,reviewed,ad t sellmen i řegnus maḥend ad zzayes stehzan ad t hettken s urekkuḍ uca ad t ṣellben maca deg wass wiss třata ad dd ikkar
REC113_SEG0014,REC113,SPK009,train,vad_v2_spk009,223.8,226.92,3.12,data/processed/segments/REC113/REC113_SEG0014.wav,reviewed,tutra n yemmas n yaɛqub d yuḥanna
REC113_SEG0015_PART01,REC113,SPK009,train,vad_v2_spk009,228.92,239.952,11.032,data/processed/segments/REC113/REC113_SEG0015_PART01.wav,reviewed,řexdenni tusa dd ɣares yemmas n tarwa n zabdi ak d iḥenjiren nnes tesjed as ḥima ad zzayes tettar ca n řḥajjet inna as netta mi
REC113_SEG0015_PART02,REC113,SPK009,train,vad_v2_spk009,239.952,250.984,11.032,data/processed/segments/REC113/REC113_SEG0015_PART02.wav,reviewed,n texsed tenna as nettat ini maḥend ad qqimen tnayen n iḥenjiren a inu ijjen ɣar ufusi nnec u wenneɣni ɣar uzeřmaḍ nnec di tgeldit nnec
REC113_SEG0016,REC113,SPK009,train,vad_v2_spk009,251.64,266.984,15.344,data/processed/segments/REC113/REC113_SEG0016.wav,reviewed,yasuɛ yarra dd xasen inna kenniw war tessinem ca min tettarem ma tzemmarem ad teswem řkas i ɣa sweɣ necc niɣ ad tettwassɣeḍṣem s useɣḍeṣ i zi ɣa ttwassɣeḍṣeɣ necc nnan as nzemmar
REC113_SEG0017,REC113,SPK009,train,vad_v2_spk009,267.416,285.192,17.776,data/processed/segments/REC113/REC113_SEG0017.wav,reviewed,netta inna asen řkas inu ad t teswem u aseɣḍeṣ i zi ɣa ttwassɣeḍṣeɣ ad zzayes tettwassɣeḍṣem maca aɣimi ɣar ufusi inu d uzeřmaḍ inu war iǧi i necc maḥend ad t wceɣ maca ad yiři i yinni umi t issewjed baba
REC113_SEG0018,REC113,SPK009,train,vad_v2_spk009,286.136,303.752,17.616,data/processed/segments/REC113/REC113_SEG0018.wav,reviewed,řami sřin ɛecra n imeḥḍaren nneɣni man aya xeyyqen aṭṭas x tnayen n wawmaten maca yasuɛ iřaɣa dd xasen ɣares inna kenniw aqa tessnem belli řḥukkam n řegnus ḥekkmen xasen uca uřa d imeqqranen ttṣellaṭen xasen
REC113_SEG0019_PART01,REC113,SPK009,train,vad_v2_spk009,304.408,318.32,13.912,data/processed/segments/REC113/REC113_SEG0019_PART01.wav,reviewed,war ittiři ammu jar awem maca s řmeqřub wenni ixsen ad yiři d ameqqran jar awem ad yiři d amsexxar nwem u wenni ixsen ad yiři d amezwaru jar awem jit ad yiři
REC113_SEG0019_PART02,REC113,SPK009,train,vad_v2_spk009,318.32,332.232,13.912,data/processed/segments/REC113/REC113_SEG0019_PART02.wav,reviewed,d amsexxar nwem am mammec mmis n bnadem war dd yusi ḥima ad xas sexxaren maca ḥima ad xasen isexxar uca ad iwc tudart nnes d aṣřaḥ i waṭṭas n yewdan
REC113_SEG0020,REC113,SPK009,train,vad_v2_spk009,335.288,337.992,2.704,data/processed/segments/REC113/REC113_SEG0020.wav,reviewed,yasuɛ issgenfa tnayen n idarɣařen
REC113_SEG0021,REC113,SPK009,train,vad_v2_spk009,340.376,349.192,8.816,data/processed/segments/REC113/REC113_SEG0021.wav,reviewed,řami dd iffeɣ yasuɛ zi ariḥa iḍfar i t i dd aṭṭas n řɣaci xzar aqa din tnayen n idarɣařen qqimen x ṭṭarf n webrid
REC113_SEG0022_PART01,REC113,SPK009,train,vad_v2_spk009,349.656,364.144,14.488,data/processed/segments/REC113/REC113_SEG0022_PART01.wav,reviewed,řami sřin belli yasuɛ ad iɛdu řaɣan nnan a sidi mmis n dawud arḥem aneɣ maca řɣaci iziyyar xasen ḥima ad sqaren maca nitni sɣuyen s jjehd ktar nnan
REC113_SEG0022_PART02,REC113,SPK009,train,vad_v2_spk009,364.144,378.632,14.488,data/processed/segments/REC113/REC113_SEG0022_PART02.wav,reviewed,arḥem aneɣ a siditneɣ mmis n dawud xenni ibedd yasuɛ iřaɣa dd xasen inna min texsem ad awem ggeɣ nnan as nitni a siditneɣ mařa texsed ad ttwarezment tiṭṭawin nneɣ
REC113_SEG0023,REC113,SPK009,train,vad_v2_spk009,378.936,386.216,7.28,data/processed/segments/REC113/REC113_SEG0023.wav,reviewed,yasuɛ iḥinn xasen xenni iḥada tiṭṭawin nsen řexdenni dewřent tiṭṭawin nsen ttwařant
REC114_SEG0001,REC114,SPK009,train,vad_v2_spk009,1.784,5.256,3.472,data/processed/segments/REC114/REC114_SEG0001.wav,reviewed,adaf n yasuɛ ɣar urcalim am ujeǧid
REC114_SEG0002,REC114,SPK009,train,vad_v2_spk009,6.36,13.448,7.088,data/processed/segments/REC114/REC114_SEG0002.wav,reviewed,řami dd qarrben ɣar urcalim iwḍen ɣar bayt faji ɣar uɣezdis n wedrar n zzitun
REC114_SEG0003_PART01,REC114,SPK009,train,vad_v2_spk009,13.72,25.04,11.32,data/processed/segments/REC114/REC114_SEG0003_PART01.wav,reviewed,issekk yasuɛ tnayen n imeḥḍaren nnes inna asen ruḥem ɣar dcar nni qibač nwem deɣya ad tafem ict n teɣyuč teqqen d ijj n wesnus akides
REC114_SEG0003_PART02,REC114,SPK009,train,vad_v2_spk009,25.04,36.36,11.32,data/processed/segments/REC114/REC114_SEG0003_PART02.wav,reviewed,fesyem asen tawyem ten dd ɣari mařa inna awem ḥed ca arrem xas ammu aqa siditneɣ iḥdaj i ten netta ad ten dd yarr deɣya
REC114_SEG0004,REC114,SPK009,train,vad_v2_spk009,36.824,49.896,13.072,data/processed/segments/REC114/REC114_SEG0004.wav,reviewed,man aya qaɛ imsar ḥima ad ittwakemmeř marra min ittwannan zeg unabi am inna inim i yeǧis n ṣihyun xzar ajeǧid nnem ad ɣarem dd yas s uwaḍeɛ
REC114_SEG0005_PART01,REC114,SPK009,train,vad_v2_spk009,50.488,63.68,13.192,data/processed/segments/REC114/REC114_SEG0005_PART01.wav,reviewed,yenya x weɣyuř d wesnus aqa d mmis n teɣyuč ruḥen imeḥḍaren uca ggin am mammec ten yumur yasuɛ iwyen dd aɣyuř d wesnus sarsen arruḍ nsen
REC114_SEG0005_PART02,REC114,SPK009,train,vad_v2_spk009,63.68,76.872,13.192,data/processed/segments/REC114/REC114_SEG0005_PART02.wav,reviewed,x wesnus uca inya xas yasuɛ aṭṭas zi řɣaci ssun arruḍ nsen deg webrid u inneɣni qessen řefruɛ zi tcejjura sun ten deg webrid
REC114_SEG0006,REC114,SPK009,train,vad_v2_spk009,77.272,96.104,18.832,data/processed/segments/REC114/REC114_SEG0006.wav,reviewed,uca abarru n řɣaci nni d as izwaren d yinni i t i dd iḍfaren tuɣa sɣuyyun nnan uṣanna i mmis n dawud lbaraka i wenni dd yusin s yisem n sidi uṣanna di řuɛřa x řuɛřa n ijenwan
REC114_SEG0007,REC114,SPK009,train,vad_v2_spk009,97.112,108.328,11.216,data/processed/segments/REC114/REC114_SEG0007.wav,reviewed,řami yudef ɣar urcalim thaj tendint qaɛ iwdan nnan min iɛna wa řɣaci inna d wa d anabi yasuɛ zi nnaṣira di ljalil
REC114_SEG0008,REC114,SPK009,train,vad_v2_spk009,112.728,115.624,2.896,data/processed/segments/REC114/REC114_SEG0008.wav,reviewed,adaf n yasuɛ di zzawect tameqqrant
REC114_SEG0009_PART01,REC114,SPK009,train,vad_v2_spk009,116.152,129.652,13.5,data/processed/segments/REC114/REC114_SEG0009_PART01.wav,reviewed,yudef yasuɛ ɣar zzawect tameqqrant n arebbi issuffeɣ marra inni izznuzan d yinni issaɣen di zzawect tameqqrant uca iqřeb ṭṭwabeř n iṣarrafen n tenɛacin d řekrasi n yinni i
REC114_SEG0009_PART02,REC114,SPK009,train,vad_v2_spk009,129.652,143.152,13.5,data/processed/segments/REC114/REC114_SEG0009_PART02.wav,reviewed,zznuzan idbiren inna asen aqa tura taddart inu ad tettwasemma taddart n tẓaǧit maca kenniw tarrim tt d ifri n iceffaren iwyen dd ɣares di zzawect tameqqrant
REC114_SEG0010,REC114,SPK009,train,vad_v2_spk009,143.152,156.584,13.432,data/processed/segments/REC114/REC114_SEG0010.wav,reviewed,idarɣařen d ineɛḍaben uca issgenfa ten umi ẓrin imeqqranen n ikehhanen d imseřmaden n idlisen lmuɛjizat i yegga u aqa iḥenjiren ttřaɣan di zzawect tameqqrant qqaren
REC114_SEG0011_PART01,REC114,SPK009,train,vad_v2_spk009,157.016,168.192,11.176,data/processed/segments/REC114/REC114_SEG0011_PART01.wav,reviewed,uṣanna i mmis n dawud xeyyqen aṭṭas nnan as ma tesřid min qqaren yina inna asen yasuɛ wah ma war teɣrim ɛemmarṣ
REC114_SEG0011_PART02,REC114,SPK009,train,vad_v2_spk009,168.192,179.368,11.176,data/processed/segments/REC114/REC114_SEG0011_PART02.wav,reviewed,zeg iqemmumen n iḥenjiren d iseyman tesswejded cek ttesbiḥ řexdenni ismeḥ daysen iffeɣ barra i tendint ɣar bayt ɛanya insa din
REC114_SEG0012,REC114,SPK009,train,vad_v2_spk009,184.44,185.832,1.392,data/processed/segments/REC114/REC114_SEG0012.wav,reviewed,artu yuẓɣen
REC114_SEG0013,REC114,SPK009,train,vad_v2_spk009,187.704,204.584,16.88,data/processed/segments/REC114/REC114_SEG0013.wav,reviewed,ɣar ṣṣbeḥ zic řami dd idweř ɣar tendint tuɣa dayes řaẓ iẓra ijj n wartu x webrid iruḥ ɣares war dayes yufi mɣir tifray waha xenni inna i wartu war zzayek tteffeɣ řɣiǧet ɛemmarṣ řexdenni yuẓeɣ wartu deɣya
REC114_SEG0014_PART01,REC114,SPK009,train,vad_v2_spk009,205.048,218.304,13.256,data/processed/segments/REC114/REC114_SEG0014_PART01.wav,reviewed,umi ẓrin imeḥḍaren man aya tbehten nnan mammec igga wartu yuẓeɣ deɣya yasuɛ yarra dd inna asen s tidett necc ad awem iniɣ mařa daywem l iman u war tcekkim ca aqa war tetteggem
REC114_SEG0014_PART02,REC114,SPK009,train,vad_v2_spk009,218.304,231.56,13.256,data/processed/segments/REC114/REC114_SEG0014_PART02.wav,reviewed,min imsaren i wartu waha maca ɛawed mařa tennam i wedrar a meksi wḍa di řebḥar ad yiři d qaɛ min ɣa tettarem di tẓaǧit s l iman ad t teṭṭfem
REC114_SEG0015,REC114,SPK009,train,vad_v2_spk009,237.656,239.976,2.32,data/processed/segments/REC114/REC114_SEG0015.wav,reviewed,aseqsi x ttesriḥ n yasuɛ
REC114_SEG0016_PART01,REC114,SPK009,train,vad_v2_spk009,240.76,254.64,13.88,data/processed/segments/REC114/REC114_SEG0016_PART01.wav,reviewed,řami yudef ɣar zzawect tameqqrant usin dd ɣares imeqqranen n ikehhanen d imɣaren n řgens am tuɣa isseřmad nnan s man ṣṣulṭa i teggid timesřayin a wi d ac iwcin ṣṣulṭa ya
REC114_SEG0016_PART02,REC114,SPK009,train,vad_v2_spk009,254.64,268.52,13.88,data/processed/segments/REC114/REC114_SEG0016_PART02.wav,reviewed,yasuɛ yarra dd inna asen uřa d necc ad kenniw sseqsiɣ ijj n useqsi u mařa tarrim dd xafi uřa d necc ad awem iniɣ s man ṣṣulṭa i tteggeɣ timesřayin a
REC114_SEG0017,REC114,SPK009,train,vad_v2_spk009,269.208,284.68,15.472,data/processed/segments/REC114/REC114_SEG0017.wav,reviewed,aseɣḍaṣ n yuḥanna manis netta zeg ujenna niɣ zeg iwdan mcawaren nitni jar asen nnan mařa nenna zeg ujenna ad aneɣ ini mayemmi war zzayes tuminem u mařa nenna
REC114_SEG0018,REC114,SPK009,train,vad_v2_spk009,285.368,304.392,19.024,data/processed/segments/REC114/REC114_SEG0018.wav,reviewed,zeg iwdan xenni dayneɣ tiggʷudi zi řɣaci minzi marra ḥessben yuḥanna d anabi arrin dd nnan war nessin inna asen netta xenni uřa d necc war d awem qqareɣ s man ṣṣulṭa i tteggeɣ man aya
REC114_SEG0019_PART01,REC114,SPK009,train,vad_v2_spk009,308.184,319.248,11.064,data/processed/segments/REC114/REC114_SEG0019_PART01.wav,reviewed,amedya n tnayen n wawmaten min d awem ittɣiř kenniw ijj n weryaz tuɣa ɣares tnayen n iḥenjiren iřaɣa x umezwaru inna a mmi uyur
REC114_SEG0019_PART02,REC114,SPK009,train,vad_v2_spk009,319.248,330.312,11.064,data/processed/segments/REC114/REC114_SEG0019_PART02.wav,reviewed,ass a ad txedmed deg umarjeɛ n uḍiř netta yarra dd inna necc war xseɣ ca maca awarni man aya indem uca iruḥ din
REC114_SEG0020,REC114,SPK009,train,vad_v2_spk009,330.936,345.16,14.224,data/processed/segments/REC114/REC114_SEG0020.wav,reviewed,uca yusa dd netta ɣar wenni wiss tnayen inna as amenni beɛda wanita yarra dd xas wah a sidi maca war iruḥ ca man wen zzaysen i iggin řxaḍar i babas nitni arrin dd xas
REC114_SEG0021_PART01,REC114,SPK009,train,vad_v2_spk009,345.784,359.648,13.864,data/processed/segments/REC114/REC114_SEG0021_PART01.wav,reviewed,wenni d amezwaru yasuɛ inna asen s tidett necc ad awem iniɣ aqa ayt n ḍḍariba d temɣarin n farq ccɣeř ad awem izwaren ɣar tgeldit n arebbi minzi yuḥanna yusa dd ɣarwem deg webrid n t
REC114_SEG0021_PART02,REC114,SPK009,train,vad_v2_spk009,359.648,373.512,13.864,data/processed/segments/REC114/REC114_SEG0021_PART02.wav,reviewed,segda kenniw war zzayes tuminem maca ayt n ḍḍariba d temɣarin n farq ccɣeř aqa nitni umnen zzayes řami teẓrim man aya war tetubem ca ɣar uneggaru maḥend ad zzayes tamnem
REC114_SEG0022,REC114,SPK009,train,vad_v2_spk009,378.488,381.864,3.376,data/processed/segments/REC114/REC114_SEG0022.wav,reviewed,amedya n ixemmasen deg umarjuɛ n tzayart
REC114_SEG0023_PART01,REC114,SPK009,train,vad_v2_spk009,383.224,394.96,11.736,data/processed/segments/REC114/REC114_SEG0023_PART01.wav,reviewed,sřem ɛawed i yijj n umedya nneɣni tuɣa din ijj n weryaz bab n taddart igga ijj n umarjeɛ n uḍiř iẓẓu dayes tizayarin netta iquwwar as dd s
REC114_SEG0023_PART02,REC114,SPK009,train,vad_v2_spk009,394.96,406.696,11.736,data/processed/segments/REC114/REC114_SEG0023_PART02.wav,reviewed,yijj n wefray iɣza dayes tasirt n uḍiř uca ibna dayes ict n ṣṣumɛet xenni yarhen amarjeɛ nni n uḍiř i ca n ixemmasen uca isafar
REC114_SEG0024,REC114,SPK009,train,vad_v2_spk009,407.352,416.424,9.072,data/processed/segments/REC114/REC114_SEG0024.wav,reviewed,umi dd tiweḍ řweqt n ṣṣabet n řɣiǧet issekk imsexxaren nnes ɣar ixemmasen nni ḥima ad dd awyen řɣiǧet nnes
REC114_SEG0025_PART01,REC114,SPK009,train,vad_v2_spk009,417.464,430.784,13.32,data/processed/segments/REC114/REC114_SEG0025_PART01.wav,reviewed,ixemmasen ṭṭfen imsexxaren nnes wtin ijjen nɣin nneɣni uca arejmen ɛawed ijjen nneɣni ɛawed issekk imsexxaren nneɣni ktar zeg umezwaru uca
REC114_SEG0025_PART02,REC114,SPK009,train,vad_v2_spk009,430.784,444.104,13.32,data/processed/segments/REC114/REC114_SEG0025_PART02.wav,reviewed,ggin daysen ɛawed amenni ɣar uneggar issekk asen dd mmis inna nican ad weqqaren mmi maca řami ẓrin ixemmasen mmis nnan jar asen aqa d awrit
REC114_SEG0026,REC114,SPK009,train,vad_v2_spk009,444.792,453.544,8.752,data/processed/segments/REC114/REC114_SEG0026.wav,reviewed,zidem ad t neneɣ ad as nekkes řwart i neccin ṭṭfen t nḍaren t barra i umarjeɛ n uḍiř uca nɣin t
REC114_SEG0027,REC114,SPK009,train,vad_v2_spk009,454.2,473.8,19.6,data/processed/segments/REC114/REC114_SEG0027.wav,reviewed,mařa yusa dd bab n umarjeɛ nni min ɣa yegg deg ixemmasen nni nnan as ad yareddeǧ iɛeffanen nni qaɛ uca ad iwc amarjeɛ n uḍiř i ixemmasen nneɣni inni d as i ɣa iwcen řɣiǧet di řweqt nnes yasuɛ inna asen ma war teɣrim ɛemmarṣ deg idlisen
REC114_SEG0028,REC114,SPK009,train,vad_v2_spk009,474.264,486.504,12.24,data/processed/segments/REC114/REC114_SEG0028.wav,reviewed,aẓru i iɛiffen ibennayen aqa idweř d aẓru azeǧif n teɣmart manaya it wag zi sidi aqqat ijjen ḥajjet s ṭebhet tiṭṭawin nneɣ
REC114_SEG0029,REC114,SPK009,train,vad_v2_spk009,488.184,497.992,9.808,data/processed/segments/REC114/REC114_SEG0029.wav,reviewed,s uyenni ad awem iniɣ belli tageldit n arebbi ad awem tettwakkes uca ad temmewc i yijj n řgens i ɣa iwcen řɣiǧet nnes
REC114_SEG0030,REC114,SPK009,train,vad_v2_spk009,498.424,518.348,19.924,data/processed/segments/REC114/REC114_SEG0030.wav,reviewed,wi ɣa iwḍan x weẓru ya ad ittwařbez u wi xef i ɣa iwḍa ad t iřbez řami sřin imeqqranen n ikehhanen d ifarisiyyen imedya nnes fehmen belli issawař xasen arezzun ad t ṭṭfen maca ggʷeden zi řɣaci minzi řɣaci tuɣa iḥesseb i t d ijj n unabi
REC115_SEG0001,REC115,SPK009,train,vad_v2_spk009,1.336,4.648,3.312,data/processed/segments/REC115/REC115_SEG0001.wav,reviewed,amedya x inni ittwaɛarḍen ɣar wurar
REC115_SEG0002,REC115,SPK009,train,vad_v2_spk009,6.584,25.032,18.448,data/processed/segments/REC115/REC115_SEG0002.wav,reviewed,iṭṭef yasuɛ ɛawed deg wawař uca issiweř akidsen ɛawed s imedya inna tageldit n ijenwan am yijj n weryaz ijj n ujeǧid igga urar i mmis issekk dd imsexxaren nnes ḥima ad řaɣan x yinni ittwaɛarḍen ɣar wurar maca ugin ad dd asen
REC115_SEG0003,REC115,SPK009,train,vad_v2_spk009,25.816,41.128,15.312,data/processed/segments/REC115/REC115_SEG0003.wav,reviewed,ɛawed issekk dd imsexxaren nneɣni inna inim i yinni ittwaɛarḍen aqa sswejdeɣ awem amecři ɣarṣeɣ i iyenduzen inu d řmař inu iṣeḥḥen aqa marra iwjed asem dd ɣar wurar
REC115_SEG0004,REC115,SPK009,train,vad_v2_spk009,42.072,56.2,14.128,data/processed/segments/REC115/REC115_SEG0004.wav,reviewed,nitni maca war wcin ca taynit i man aya ruḥen ijjen ɣar řeɛraṣi nnes u wenneɣni ɣar ttijara nnes inni iqqimen ṭṭfen imsexxaren nnes ɣezzan daysen uca nɣin ten
REC115_SEG0005,REC115,SPK009,train,vad_v2_spk009,57.912,68.424,10.512,data/processed/segments/REC115/REC115_SEG0005.wav,reviewed,řami isřa ujeǧid man aya ixeyyeq aṭṭas issekk dd řɛeskar nnes uca yareyyeb iqettařen nni uca issecmeḍ tandint nsen
REC115_SEG0006,REC115,SPK009,train,vad_v2_spk009,69.144,84.36,15.216,data/processed/segments/REC115/REC115_SEG0006.wav,reviewed,xenni inna i imsexxaren nnes aqa urar iwjed maca inni tuɣa ittwaɛarḍen war t sdihiǧen ca s uya uyurem ɣar mani ttemsebḍan ibriden řaɣam dd x marra inni i ɣa tafem din ɣar wurar
REC115_SEG0007_PART01,REC115,SPK009,train,vad_v2_spk009,85.176,96.896,11.72,data/processed/segments/REC115/REC115_SEG0007_PART01.wav,reviewed,xenni ffɣen dd imsexxaren nni ɣar ibriden uca ssmunen marra inni ufin am yiṣebḥanen am yiɛeffanen uca amcan n wurar tedweř teccur s inewjiwen i iqqimen
REC115_SEG0007_PART02,REC115,SPK009,train,vad_v2_spk009,96.896,108.616,11.72,data/processed/segments/REC115/REC115_SEG0007_PART02.wav,reviewed,dinni řami dd yudef ujeǧid maḥend ad iẓar inewjiwen nni iqqimen dinni iḥekkar i yijj n bnadem war yarḍ ca arruḍ n wurar inna as a ameddukkeř inu
REC115_SEG0008_PART01,REC115,SPK009,train,vad_v2_spk009,109.144,120.656,11.512,data/processed/segments/REC115/REC115_SEG0008_PART01.wav,reviewed,mammec dd tudfed danita břa arruḍ n wurar maca netta idweř ignu xenni inna ujeǧid i imsexxaren carfem t s ifassen d iḍaren uca nḍarem
REC115_SEG0008_PART02,REC115,SPK009,train,vad_v2_spk009,120.656,132.168,11.512,data/processed/segments/REC115/REC115_SEG0008_PART02.wav,reviewed,t barra ɣar uneggar n taǧest mani ɣa iřin imeṭṭawen d uɣezzi n teɣmas minzi aqa din aṭṭas inni ittwařaɣan maca drus inni ittwafarzen
REC115_SEG0009,REC115,SPK009,train,vad_v2_spk009,135.576,137.864,2.288,data/processed/segments/REC115/REC115_SEG0009.wav,reviewed,aseqsi x ḍḍariba i qayṣar
REC115_SEG0010_PART01,REC115,SPK009,train,vad_v2_spk009,139.864,153.76,13.896,data/processed/segments/REC115/REC115_SEG0010_PART01.wav,reviewed,xenni ruḥen ifarisiyyen mcawaren meḥend ad as ggen ijj n řfex di ssibbet n wawařen nnes ssekken ɣares imeḥḍaren nsen ak d inni zi taddart n hirudus nnan a amseɣɣar aqa nessen be
REC115_SEG0010_PART02,REC115,SPK009,train,vad_v2_spk009,153.76,167.656,13.896,data/processed/segments/REC115/REC115_SEG0010_PART02.wav,reviewed,lli cek d tidett tesseřmaded abrid n arebbi s tidett nhřa ma tesseřqid uřa x yijj minzi cek war tqebřed ca řxezřat ɣar iɣenbab n iwdan iwa ini aneɣ mammec i twařid cek
REC115_SEG0011,REC115,SPK009,train,vad_v2_spk009,168.12,172.776,4.656,data/processed/segments/REC115/REC115_SEG0011.wav,reviewed,ma iḥeqq ɛlaḥsab ccariɛa ad tettwaxeǧeṣ ḍḍariba i qayṣar niɣ lla
REC115_SEG0012_PART01,REC115,SPK009,train,vad_v2_spk009,173.336,186.048,12.712,data/processed/segments/REC115/REC115_SEG0012_PART01.wav,reviewed,maca yasuɛ issen taḥraymect nsen uca inna mayemmi d ayi tettjarrabem kenniw a imnafqen seccnem ayi ijj n uqiyya n dinar n ḍḍariba x kuř azeǧif iwyen as dd
REC115_SEG0012_PART02,REC115,SPK009,train,vad_v2_spk009,186.048,198.76,12.712,data/processed/segments/REC115/REC115_SEG0012_PART02.wav,reviewed,ijj n dinar xenni inna asen wi yiřan taṣwirt a d tira ya nnan as n qayṣar xenni inna asen wcem i qayṣar min iǧan i qayṣar u i arebbi min iǧan i arebbi
REC115_SEG0013,REC115,SPK009,train,vad_v2_spk009,198.968,203.496,4.528,data/processed/segments/REC115/REC115_SEG0013.wav,reviewed,řami sřin man aya tbehten semḥen dayes uca ruḥen
REC115_SEG0014,REC115,SPK009,train,vad_v2_spk009,206.872,209.704,2.832,data/processed/segments/REC115/REC115_SEG0014.wav,reviewed,aseqsi n iṣaduqiyyen x tnukra
REC115_SEG0015_PART01,REC115,SPK009,train,vad_v2_spk009,211.0,221.584,10.584,data/processed/segments/REC115/REC115_SEG0015_PART01.wav,reviewed,deg wass nni usin dd ɣares iṣaduqiyyen qqaren as aqa war din bu tnukra uca sseqsan t nnan as a amseɣɣar musa aqa
REC115_SEG0015_PART02,REC115,SPK009,train,vad_v2_spk009,221.584,232.168,10.584,data/processed/segments/REC115/REC115_SEG0015_PART02.wav,reviewed,inna mařa immut ḥed war dd yejji bu tarwa ittxeṣṣa i umas ad imřec ak d temɣart nnes ad kides dd yejj aḥenjir i umas
REC115_SEG0016,REC115,SPK009,train,vad_v2_spk009,232.76,252.072,19.312,data/processed/segments/REC115/REC115_SEG0016.wav,reviewed,tuɣa ɣarneɣ sebɛa n wawmaten amezwaru imřec immut umi war dd yejji ca tarwa aqa ijja tamɣart nnes i umas ammu i immut uřa d wenni wiss tnayen d wiss třata ař wenni wiss sebɛa ɣar uneggaru nsen marra temmut temɣart
REC115_SEG0017,REC115,SPK009,train,vad_v2_spk009,252.856,260.104,7.248,data/processed/segments/REC115/REC115_SEG0017.wav,reviewed,i man wen zzaysen i ɣa tiři temɣart di tnukra minzi tuɣa tamɣart nsen marra
REC115_SEG0018,REC115,SPK009,train,vad_v2_spk009,261.08,270.376,9.296,data/processed/segments/REC115/REC115_SEG0018.wav,reviewed,yasuɛ yarra dd inna asen aqa kenniw tweddarem minzi war tessinem ca tira iqeddsen uřa d jjehd n arebbi
REC115_SEG0019_PART01,REC115,SPK009,train,vad_v2_spk009,270.712,285.12,14.408,data/processed/segments/REC115/REC115_SEG0019_PART01.wav,reviewed,minzi di tnukra war ttiwyen nitni timɣarin u timɣarin war ttiřint i yeryazen maca ad iřin am lmalakat n arebbi deg ujenna maca zi jjihet n tnukra
REC115_SEG0019_PART02,REC115,SPK009,train,vad_v2_spk009,285.12,299.528,14.408,data/processed/segments/REC115/REC115_SEG0019_PART02.wav,reviewed,jar imettinen ma war teɣrim ca min d awem inna arebbi i iqqaren aqa necc d arebbi n ibrahim arebbi n isḥaq arebbi n yaɛqub arebbi war iǧi d arebbi n imettinen maca n yinni iddaren
REC115_SEG0020,REC115,SPK009,train,vad_v2_spk009,299.704,304.552,4.848,data/processed/segments/REC115/REC115_SEG0020.wav,reviewed,řami sřin řɣaci man aya tbehten deg useřmed nnes
REC115_SEG0021,REC115,SPK009,train,vad_v2_spk009,308.504,310.344,1.84,data/processed/segments/REC115/REC115_SEG0021.wav,reviewed,tawṣeyyet tameqqrant
REC115_SEG0022_PART01,REC115,SPK009,train,vad_v2_spk009,312.568,327.104,14.536,data/processed/segments/REC115/REC115_SEG0022_PART01.wav,reviewed,řami sřin ifarisiyyen belli netta ibelleɛ aqemmum n iṣaduqiyyen munen jar asen ijjen zzaysen ijjen wenni issnen ccariɛa mliḥ isseqsa t ḥima ad t ijarreb a amseɣɣar man tawṣeyyet i iǧan d
REC115_SEG0022_PART02,REC115,SPK009,train,vad_v2_spk009,327.104,341.64,14.536,data/processed/segments/REC115/REC115_SEG0022_PART02.wav,reviewed,tameqqrant di ccariɛa inna as yasuɛ ad texsed sidi arebbi nnec s marra wuř nnec s marra řeɛmar nnec s marra jjehd nnec u s marra řeɛqeř nnec d ta d tawṣeyyet tameqqrant d tamezwarut
REC115_SEG0023,REC115,SPK009,train,vad_v2_spk009,342.008,354.568,12.56,data/processed/segments/REC115/REC115_SEG0023.wav,reviewed,tenni wiss tnayen tarwes dayes aqa nettat ad texsed jjar nnec amecnaw ixef nnec x tnayen n tweṣṣa ya tettwabna marra ccariɛa d inabiyyen
REC115_SEG0024,REC115,SPK009,train,vad_v2_spk009,357.656,361.192,3.536,data/processed/segments/REC115/REC115_SEG0024.wav,reviewed,yasuɛ isseqsa ifarisiyyen x mmis n dawud
REC115_SEG0025_PART01,REC115,SPK009,train,vad_v2_spk009,363.416,377.696,14.28,data/processed/segments/REC115/REC115_SEG0025_PART01.wav,reviewed,am tuɣa munen ifarisiyyen isseqsa ten yasuɛ inna min teqqarem x lmasiḥ umi igga mmis nnan as mmis n dawud inna asen mammec i ɣa yegg dawud ad as isemma zi arruḥ
REC115_SEG0025_PART02,REC115,SPK009,train,vad_v2_spk009,377.696,391.976,14.28,data/processed/segments/REC115/REC115_SEG0025_PART02.wav,reviewed,sidi am iqqar sidi inna i sidi inu qqim dd x ufusi inu ař ɣa ggeɣ řɛedyan nnec sadu iḍaren nnec mařa dawud iřaɣa as sidi mammec ɣa yiři d mmis
REC115_SEG0026,REC115,SPK009,train,vad_v2_spk009,392.568,401.032,8.464,data/processed/segments/REC115/REC115_SEG0026.wav,reviewed,uřa d ijjen war izemmar ad xas dd yarr u uřa d ijj war iqqim izeɛɛem ittseqsa t ca ɛad zeg wass nni
REC116_SEG0001,REC116,SPK009,train,vad_v2_spk009,2.264,6.568,4.304,data/processed/segments/REC116/REC116_SEG0001.wav,reviewed,awařen iqesḥen x imseřmaden n ccariɛa d ifarisiyyen
REC116_SEG0002_PART01,REC116,SPK009,train,vad_v2_spk009,8.632,19.984,11.352,data/processed/segments/REC116/REC116_SEG0002_PART01.wav,reviewed,řexdenni issiweř yasuɛ ak d řɣaci u ak d imeḥḍaren nnes inna imseřmaden n idlisen d ifarisiyyen ssɣimen simant nsen x řkursi n musa s uya marra
REC116_SEG0002_PART02,REC116,SPK009,train,vad_v2_spk009,19.984,31.336,11.352,data/processed/segments/REC116/REC116_SEG0002_PART02.wav,reviewed,min d awem qqaren maḥend ad dayes tcebbarem ggem t maca war tteggem ɛlaḥsab řexdayem nsen minzi nitni waxxa qqaren t war t tteggen maca
REC116_SEG0003,REC116,SPK009,train,vad_v2_spk009,31.928,42.12,10.192,data/processed/segments/REC116/REC116_SEG0003.wav,reviewed,ttceddan řeḥmeř iḍeqřen ssrusan ten x tɣardin n iwdan maca nitni s yixef nsen war xsen ad ten ssenhezzen uřa s yijj n uḍaḍ
REC116_SEG0004_PART01,REC116,SPK009,train,vad_v2_spk009,42.872,55.504,12.632,data/processed/segments/REC116/REC116_SEG0004_PART01.wav,reviewed,marra řexdayem nsen i itteggen tteggen tent ḥima ad ten ẓaren iwdan minzi nitni tteggen tiḥezzanin nsen n tẓaǧit d imiriwen uca ticrurin i iǧan
REC116_SEG0004_PART02,REC116,SPK009,train,vad_v2_spk009,55.504,68.136,12.632,data/processed/segments/REC116/REC116_SEG0004_PART02.wav,reviewed,ɣar ubeḥřuř n řkacni n tẓaǧit nsen ggin tent d timeqqranin nitni ttexsen imucan iṣebḥen ɣar řefruḥ u řekrasi iṣebḥen di temzidawin
REC116_SEG0005_PART01,REC116,SPK009,train,vad_v2_spk009,68.824,79.808,10.984,data/processed/segments/REC116/REC116_SEG0005_PART01.wav,reviewed,uřa d ssřam di řeswaq uca iɛjeb asen ad asen řaɣan iwdan a amseřmad inu maca kenniw war ttejjim ad awem řaɣan a amseřmad inu minzi
REC116_SEG0005_PART02,REC116,SPK009,train,vad_v2_spk009,79.808,90.792,10.984,data/processed/segments/REC116/REC116_SEG0005_PART02.wav,reviewed,amseřmad nwem d ijjen maca kenniw marra d awmaten war ttejjim ad awem řaɣan di temmurt a baba minzi babatwem i iǧan deg ijenwan d ijjen
REC116_SEG0006_PART01,REC116,SPK009,train,vad_v2_spk009,91.16,103.504,12.344,data/processed/segments/REC116/REC116_SEG0006_PART01.wav,reviewed,war ttejjim ad awem řaɣan imgewwaden minzi ijjen d wenni d amgewwad nwem aqa t d lmasiḥ maca ameqqran nwem ad yiři d amsexxar nwem wenni i ɣa issuɛ
REC116_SEG0006_PART02,REC116,SPK009,train,vad_v2_spk009,103.504,115.848,12.344,data/processed/segments/REC116/REC116_SEG0006_PART02.wav,reviewed,řan ixef nnes ad ittwassemẓi u wenni i ɣa issmeẓyen ixef nnes ad ittwassuɛřa uct xawem a kenniw imseřmaden n idlisen d ifarisiyyen kenniw a imnafqen
REC116_SEG0007_PART01,REC116,SPK009,train,vad_v2_spk009,116.248,129.856,13.608,data/processed/segments/REC116/REC116_SEG0007_PART01.wav,reviewed,kenniw tettettem tudrin n tijjař am tettarem tiwhibin di ṭṭweɛ n tẓaǧatin nwem tizirarin s uyenni ad teksim řḥukm d ameqqran uct xawem a kenniw imseřmaden n idlisen
REC116_SEG0007_PART02,REC116,SPK009,train,vad_v2_spk009,129.856,143.464,13.608,data/processed/segments/REC116/REC116_SEG0007_PART02.wav,reviewed,d ifarisiyyen kenniw a imnafqen kenniw tettbellɛem tageldit n ijenwan i iwdan minzi kenniw simant nwem war tt tettidfem uca inni yarezzun ad dd adfen war ten tettejjim ad dd adfen
REC116_SEG0008_PART01,REC116,SPK009,train,vad_v2_spk009,144.024,154.08,10.056,data/processed/segments/REC116/REC116_SEG0008_PART01.wav,reviewed,uct xawem a kenniw imseřmaden n idlisen d ifarisiyyen kenniw a imnafqen kenniw tekkem x řbarr u x řebḥar ḥima ad dd
REC116_SEG0008_PART02,REC116,SPK009,train,vad_v2_spk009,154.08,164.136,10.056,data/processed/segments/REC116/REC116_SEG0008_PART02.wav,reviewed,tarrem ijjen d amɛacar n ddin n wudayen u xmi i kidwem ɣa yiři tettarram t d mmis n jehennama d aɛeffan mahu x kenniw tnayen n tseqqar
REC116_SEG0009,REC116,SPK009,train,vad_v2_spk009,164.792,182.504,17.712,data/processed/segments/REC116/REC116_SEG0009.wav,reviewed,uct xawem a kenniw imgewwaden idarɣařen inni iqqaren wenni ijjuǧen ɣar zzawect tameqqrant aqa tajaǧit nnes war tessekkwi walu maca wenni i ɣa ijjuǧen s wureɣ i iǧan di zzawect tameqqrant aqa netta iqqen ɣar iřes nnes
REC116_SEG0010,REC116,SPK009,train,vad_v2_spk009,182.904,197.0,14.096,data/processed/segments/REC116/REC116_SEG0010.wav,reviewed,a ifɣař a idarɣařen min isekkwan ktar ureɣ niɣ zzawect tameqqrant tenni tessqeddes ureɣ uca ammu i teqqarem ɛawed wenni ijjuǧen ɣar uɛalṭar aqa tajaǧit nnes war tsekkwi walu
REC116_SEG0011_PART01,REC116,SPK009,train,vad_v2_spk009,197.304,211.232,13.928,data/processed/segments/REC116/REC116_SEG0011_PART01.wav,reviewed,maca wenni i ɣa ijjuǧen s tmewci i xas immarsen aqa netta iqqen ɣar iřes nnes a ifɣař a idarɣařen min isekkwan ktar tamewci niɣ aɛalṭar wenni iss
REC116_SEG0011_PART02,REC116,SPK009,train,vad_v2_spk009,211.232,225.16,13.928,data/processed/segments/REC116/REC116_SEG0011_PART02.wav,reviewed,qeddes tamewci s uya wi ɣa ijjaǧen xenni ɣar uɛalṭar aqa ijjuǧ ɣar uɛalṭar u ɣar marra min xas iǧan u wi ɣa ijjaǧen ɣar zzawect tameqqrant ijjuǧ ɣares u ɣar wenni dayes izeddɣen
REC116_SEG0012,REC116,SPK009,train,vad_v2_spk009,225.592,231.336,5.744,data/processed/segments/REC116/REC116_SEG0012.wav,reviewed,u wi ɣa ijjaǧen ɣar ujenna aqa ijjuǧ ɣar řɛarc n arebbi d wenni xas iqqimen
REC116_SEG0013_PART01,REC116,SPK009,train,vad_v2_spk009,232.344,244.192,11.848,data/processed/segments/REC116/REC116_SEG0013_PART01.wav,reviewed,uct xawem a kenniw imseřmaden n idlisen d ifarisiyyen kenniw a imnafqen minzi kenniw tetticem taɛcart n nneɛnaɛ d ssanuǧ d řcemmum
REC116_SEG0013_PART02,REC116,SPK009,train,vad_v2_spk009,244.192,256.04,11.848,data/processed/segments/REC116/REC116_SEG0013_PART02.wav,reviewed,maca war d awem icqi min iǧan d ameqqran di ccariɛa aqa řḥukm d arreḥmet d l iman ina i ittxeṣṣa ad teggem inneɣni
REC116_SEG0014,REC116,SPK009,train,vad_v2_spk009,256.536,263.016,6.48,data/processed/segments/REC116/REC116_SEG0014.wav,reviewed,a imgewwaden idarɣařen inni ifarrnen tizit maca tessɣeǧayem ařɣem
REC116_SEG0015_PART01,REC116,SPK009,train,vad_v2_spk009,263.864,276.672,12.808,data/processed/segments/REC116/REC116_SEG0015_PART01.wav,reviewed,uct xawem a kenniw imseřmaden n idlisen d ifarisiyyen kenniw a imnafqen minzi tessizdagem barra n aɣarraf d ṭṭebṣi maca ɣar daxeř t ccuren
REC116_SEG0015_PART02,REC116,SPK009,train,vad_v2_spk009,276.672,289.48,12.808,data/processed/segments/REC116/REC116_SEG0015_PART02.wav,reviewed,s tuccefra d min war iseggden a ifarisiyyen idarɣařen sizdegem amezwar daxeř n aɣarraf d ṭṭebṣi maḥend ad yiři izdig uřa min iǧan ɣar barra nsen
REC116_SEG0016_PART01,REC116,SPK009,train,vad_v2_spk009,289.944,303.872,13.928,data/processed/segments/REC116/REC116_SEG0016_PART01.wav,reviewed,uct xawem a kenniw imseřmaden n idlisen d ifarisiyyen kenniw a imnafqen minzi teggim am yimeḍřan inni ittwajiyyaren ttbanen d iṣebḥanen ɣar barra maca ɣar daxeř aqa ccuren s
REC116_SEG0016_PART02,REC116,SPK009,train,vad_v2_spk009,303.872,317.8,13.928,data/processed/segments/REC116/REC116_SEG0016_PART02.wav,reviewed,iɣsan n řxecbat u s marra řexmej amenni kenniw ɛawed aqa teḍharem d imseggaden qibač i iwdan maca ɣar daxeř aqa teccurem s řmuɛṣiyyet u s nnifaq
REC116_SEG0017,REC116,SPK009,train,vad_v2_spk009,318.264,331.08,12.816,data/processed/segments/REC116/REC116_SEG0017.wav,reviewed,uct xawem a kenniw imseřmaden n idlisen d ifarisiyyen kenniw a imnafqen minzi tbennam imeḍřan n inabiyyen u tzewwqem řqubbat n imeḍřan n imseggaden
REC116_SEG0018_PART01,REC116,SPK009,train,vad_v2_spk009,331.544,345.552,14.008,data/processed/segments/REC116/REC116_SEG0018_PART01.wav,reviewed,teqqarem mři tuɣa neǧa deg wussan n řejdud nneɣ ad yiři war ncarrec deg usizzeř n idammen n inabiyyen s uya tcehhdem x yixef nwem belli kenniw d tarwa n yinni inɣin
REC116_SEG0018_PART02,REC116,SPK009,train,vad_v2_spk009,345.552,359.56,14.008,data/processed/segments/REC116/REC116_SEG0018_PART02.wav,reviewed,inabiyyen iwa kemmřem kenniw xenni uřa řeqyas n min ggin řejdud nwem a iřefsawen tarwa n ifiɣran mammec ɣa teggem ad tettwassnejmem zi řḥukm n tmessi n jehennama
REC116_SEG0019,REC116,SPK009,train,vad_v2_spk009,359.928,366.536,6.608,data/processed/segments/REC116/REC116_SEG0019.wav,reviewed,s uyenni xzarem necc ad ɣarwem dd ssekkeɣ inabiyyen d imiɣisen d imseřmaden n idlisen
REC116_SEG0020_PART01,REC116,SPK009,train,vad_v2_spk009,366.744,378.772,12.028,data/processed/segments/REC116/REC116_SEG0020_PART01.wav,reviewed,ca zzaysen ad ten tenɣem ca zzaysen ad ten tṣellbem u ca zzaysen ad ten thettkem s urekkuḍ di temzidawin nwem uca ad xasen taẓẓřem zi tendint
REC116_SEG0020_PART02,REC116,SPK009,train,vad_v2_spk009,378.772,390.8,12.028,data/processed/segments/REC116/REC116_SEG0020_PART02.wav,reviewed,ɣar tendint nneɣni ařami ad xawem iřin marra idammen iseggden i issizzřen x temmurt zeg idammen n habil amseggad ař idammen n zakariyya
REC116_SEG0021,REC116,SPK009,train,vad_v2_spk009,390.8,401.608,10.808,data/processed/segments/REC116/REC116_SEG0021.wav,reviewed,mmis n birixya i tenɣim jar zzawect tameqqrant d uɛalṭar s tidett necc ad awem iniɣ marra timesřayin a ad dd asent x jjiř a
REC116_SEG0023,REC116,SPK009,train,vad_v2_spk009,407.992,409.48,1.488,data/processed/segments/REC116/REC116_SEG0023.wav,reviewed,a urcalim
REC116_SEG0024_PART01,REC116,SPK009,train,vad_v2_spk009,409.72,424.511,14.791,data/processed/segments/REC116/REC116_SEG0024_PART01.wav,reviewed,a urcalim cem i ineqqen inabiyyen u yarejjmen inni d am dd ittwassekken mecḥař tuɣa xseɣ ad ssmuneɣ tarwa nnem amacnaw yict n tyaẓiḍt tegga ifiǧusen nnes sadu afriwen nnes
REC116_SEG0024_PART02,REC116,SPK009,train,vad_v2_spk009,424.511,439.301,14.791,data/processed/segments/REC116/REC116_SEG0024_PART02.wav,reviewed,maca kenniw tuɣa war tettexsem xzar taddart nwem ad tettwajj i cem d řxarbet minzi necc ad awem iniɣ kenniw war d ayi tẓarrem ař ɣa tinim damimuni wenni dd yusin s yisem n sidi
REC117_SEG0002,REC117,SPK009,train,vad_v2_spk009,5.912,19.208,13.296,data/processed/segments/REC117/REC117_SEG0002.wav,reviewed,xenni yuyar yasuɛ iffeɣ zi zzawect tameqqrant usin dd ɣares imeḥḍaren nnes hima ad asecnen řebniyyat n zzawect tameqqrant inna sen yasu3 ma wartezrim marra man aya
REC117_SEG0003_PART01,REC117,SPK009,train,vad_v2_spk009,19.544,30.112,10.568,data/processed/segments/REC117/REC117_SEG0003_PART01.wav,reviewed,s tidett necc ad awem iniɣ war da ittɣimi uřa d ijj n weẓru x weẓru nneɣni i war ittnehdim umi tuɣa yasuɛ iqqim x wedrar n zzitun usin dd
REC117_SEG0003_PART02,REC117,SPK009,train,vad_v2_spk009,30.112,40.68,10.568,data/processed/segments/REC117/REC117_SEG0003_PART02.wav,reviewed,imeḥḍaren nnes tuɣa ttemsawařan nnan as ini aneɣ meřmi i ɣa imsar aya u man řeɛřamet n twasit nnec u n qeṭṭu n ddunect
REC117_SEG0004,REC117,SPK009,train,vad_v2_spk009,41.176,53.256,12.08,data/processed/segments/REC117/REC117_SEG0004.wav,reviewed,yasuɛ yarra dd inna asen ḥḍam ixef nwem war kenniw ixeddeɛ ḥed minzi aṭṭas ad dd asen s yisem inu ad inin aqa necc d lmasiḥ uca ad xedɛen aṭṭas
REC117_SEG0005_PART01,REC117,SPK009,train,vad_v2_spk009,53.496,64.528,11.032,data/processed/segments/REC117/REC117_SEG0005_PART01.wav,reviewed,uca ad tesřem x garrat u x řexburat n imenɣan ɣarwem aqa ad teggʷedem minzi s uɣiř ad yiři man aya maca war ittiři ɛad d aneggar
REC117_SEG0005_PART02,REC117,SPK009,train,vad_v2_spk009,64.528,75.56,11.032,data/processed/segments/REC117/REC117_SEG0005_PART02.wav,reviewed,minzi řgens ad iɣewweɣ x ijj n řgens nneɣni u tageldit x tgeldit nneɣni ad yiři řaẓ d řehřacat yewɛaren d inhezzan n temmurt da d diha
REC117_SEG0006,REC117,SPK009,train,vad_v2_spk009,75.96,90.056,14.096,data/processed/segments/REC117/REC117_SEG0006.wav,reviewed,maca marra man aya d beddu n řewjeɛ n tarut xenni ad kenniw dd awyen ɣar řmeḥnet uca ad kenniw nɣen u marra řegnus ad kenniw carhen zi ssibbet n yisem inu
REC117_SEG0007,REC117,SPK009,train,vad_v2_spk009,90.328,106.408,16.08,data/processed/segments/REC117/REC117_SEG0007.wav,reviewed,řexdenni ad nqarḍen waṭṭas ad carhen ijjen wenneɣni uca ad sellmen ijjen wenneɣni ad kkaren waṭṭas n inabiyyen issxarriqen uca ad ɣwan aṭṭas s waṭṭas n řmuɛṣiyyet ad tudrus tayri n waṭṭas n iwdan
REC117_SEG0008,REC117,SPK009,train,vad_v2_spk009,106.584,120.744,14.16,data/processed/segments/REC117/REC117_SEG0008.wav,reviewed,maca wi ɣa iṣbaren ɣar uneggar aqa netta ad iddar řexbar a aṣebḥan n tgeldit ad zzayes barrḥen di ddunect marra d cchadet i marra řegnus uca řexdenni ad dd yas uneggar
REC117_SEG0009,REC117,SPK009,train,vad_v2_spk009,121.176,140.84,19.664,data/processed/segments/REC117/REC117_SEG0009.wav,reviewed,xmi ɣa tẓarem řeɛřamet n nnɛi n wareyyeb min xef issiweř unabi daniyal deg wemcan iqeddsen ejj wenni t i ɣa iɣaren ad iften řexdenni jjem inni iǧan di yahudiyya ad arewřen ɣar idurar wenni iǧan x tzeqqa war dd ihekkwi ca ḥima ad iksi ca zi taddart nnes
REC117_SEG0010,REC117,SPK009,train,vad_v2_spk009,141.208,152.008,10.8,data/processed/segments/REC117/REC117_SEG0010.wav,reviewed,u wenni iǧan deg iyyar war dd iddikkʷiř ca ḥima ad dd yawi arruḍ nnes uct x tinni iǧan s ddeyset d tinni issuṭṭuḍen deg wussan nni
REC117_SEG0011_PART01,REC117,SPK009,train,vad_v2_spk009,152.504,164.144,11.64,data/processed/segments/REC117/REC117_SEG0011_PART01.wav,reviewed,ẓaǧem ḥima war tettiři tarewřa nwem di řmecta niɣ di ssebt minzi řexdenni ad tiři řmeḥnet tameqqrant i war imsaren ɛemmarṣ zeg wami teǧa ddunect ař i řexxu u
REC117_SEG0011_PART02,REC117,SPK009,train,vad_v2_spk009,164.144,175.784,11.64,data/processed/segments/REC117/REC117_SEG0011_PART02.wav,reviewed,ɛemmarṣ war tettiři ɛad mři ussan nni war ttwassmeẓyen xenni war ittwassenjem uřa d ijj n bnadem maca ussan nni ad ttwassmeẓyen di ṭṭweɛ n yinni ittwafarzen
REC117_SEG0012,REC117,SPK009,train,vad_v2_spk009,176.12,190.216,14.096,data/processed/segments/REC117/REC117_SEG0012.wav,reviewed,mařa inna awem ḥed xzarem aqa da lmasiḥ niɣ aqa t diha war t ttimnem minzi ad iřin imasiḥen issxarriqen d inabiyyen issxarriqen ad ggen řeɛřamat mɣarent ḥima
REC117_SEG0013,REC117,SPK009,train,vad_v2_spk009,190.36,207.368,17.008,data/processed/segments/REC117/REC117_SEG0013.wav,reviewed,mři zemmaren ad ɣwan ɛawed inni ittwaxdaren xzarem aqa nniɣ awem t qbeř mařa nnan awem xzarem netta aqa t di řexřa war ttriḥem ca din niɣ xzarem netta aqa t daxeř i wexxam
REC117_SEG0014_PART01,REC117,SPK009,train,vad_v2_spk009,207.48,220.576,13.096,data/processed/segments/REC117/REC117_SEG0014_PART01.wav,reviewed,war tt ttimnem minzi am wajjaj i dd itteffɣen zi ccarq uca ittegg tafawt ař řɣarb ammu i ɣa tiři twasit n mmis n bnadem mani ɣa tiři arrimet
REC117_SEG0014_PART02,REC117,SPK009,train,vad_v2_spk009,220.576,233.672,13.096,data/processed/segments/REC117/REC117_SEG0014_PART02.wav,reviewed,diha ad munen inḍiwen řexdenni awarni řmeḥnet n wussan nni ad tbarcen tfuct u taziri war tettic ɛad ṭṭya nnes u itran ad dd wḍan zeg ujenna
REC117_SEG0015,REC117,SPK009,train,vad_v2_spk009,234.008,237.576,3.568,data/processed/segments/REC117/REC117_SEG0015.wav,reviewed,u ṣṣulaṭat n ijenwan ad ttwanhezzent
REC117_SEG0016,REC117,SPK009,train,vad_v2_spk009,238.424,253.032,14.608,data/processed/segments/REC117/REC117_SEG0016.wav,reviewed,xenni ad dd teḍhar řeɛřamet n mmis n bnadem deg ujenna u marra tiqebbař n temmurt ad wtent agejdur uca ad ẓarent mmis n bnadem yusa dd x iseynuten s jjehd u s izřan usebbeḥ
REC117_SEG0017,REC117,SPK009,train,vad_v2_spk009,253.848,257.64,3.792,data/processed/segments/REC117/REC117_SEG0017.wav,reviewed,etta ad issekk lmalakat nnes s ijjen rbuq imɣar
REC117_SEG0018_PART01,REC117,SPK009,train,vad_v2_spk009,257.912,271.072,13.16,data/processed/segments/REC117/REC117_SEG0018_PART01.wav,reviewed,uca ad dd ssmunent inni ittwafarzen zi arebɛa n iɣezdisen n usemmiḍ zi ṭṭarf aneggaru n ijenwan ař wenneɣni řemdem zeg umedya n wartu xmi ɣa dewřen řefruɛ
REC117_SEG0018_PART02,REC117,SPK009,train,vad_v2_spk009,271.072,284.232,13.16,data/processed/segments/REC117/REC117_SEG0018_PART02.wav,reviewed,nnes d iřeqqaɣen ad dd ssuffɣen tifray ad tessnem aqa anebdu yudes dd ammu ɛawed kenniw xmi ɣa tẓarem marra man aya ad tessnem aqa yudes dd ɣar tewwart
REC117_SEG0019,REC117,SPK009,train,vad_v2_spk009,284.696,290.856,6.16,data/processed/segments/REC117/REC117_SEG0019.wav,reviewed,s tidett necc ad awem iniɣ jjiř a war iɛeddu ař ɣa imsar man aya marra
REC117_SEG0020,REC117,SPK009,train,vad_v2_spk009,291.736,297.224,5.488,data/processed/segments/REC117/REC117_SEG0020.wav,reviewed,ajenna d temmurt ad ɛdun maca awařen inu war ɛeddun ɛemmarṣ
REC117_SEG0022,REC117,SPK009,train,vad_v2_spk009,305.24,315.24,10.0,data/processed/segments/REC117/REC117_SEG0022.wav,reviewed,maca xwa ssenni niɣ x tsaɛɛet nni war xas issin uřa d ijj uřa d lmalakat n ijenwan mɣir tbabat weḥḥdes
REC117_SEG0023_PART01,REC117,SPK009,train,vad_v2_spk009,315.832,329.76,13.928,data/processed/segments/REC117/REC117_SEG0023_PART01.wav,reviewed,am mammec tuɣa iǧa deg wussan n nuḥ ammu i ɣa tiři ɣar twasit n mmis n bnadem minzi am mammec ten tuɣa deg wussan qbeř ṭṭufan ttetten sessen meǧcen u ssme
REC117_SEG0023_PART02,REC117,SPK009,train,vad_v2_spk009,329.76,343.688,13.928,data/processed/segments/REC117/REC117_SEG0023_PART02.wav,reviewed,ǧacen ař ass i di yudef nuḥ ɣar uɣarrabu uca war ucin walu ařami dd yusa ṭṭufan imḥa i ten marra ammu i ɣa tiři ɣar twasit n mmis n bnadem
REC117_SEG0024_PART01,REC117,SPK009,train,vad_v2_spk009,343.96,353.968,10.008,data/processed/segments/REC117/REC117_SEG0024_PART01.wav,reviewed,di řweqt nni ad iřin tnayen deg iyyar ijjen ad t ksin u wenneɣni ad t jjen tnayen n temɣarin ad ḥaryent s tsirt
REC117_SEG0024_PART02,REC117,SPK009,train,vad_v2_spk009,353.968,363.976,10.008,data/processed/segments/REC117/REC117_SEG0024_PART02.wav,reviewed,icten ad tt ksin u tenneɣni ad tt jjen s uya ḥḍam minzi war tessinem ca di man tasaɛɛet i dd ɣa yas siditwem
REC117_SEG0025_PART01,REC117,SPK009,train,vad_v2_spk009,364.632,375.872,11.24,data/processed/segments/REC117/REC117_SEG0025_PART01.wav,reviewed,maca ssnem aya mařa bab n taddart issen di man ḥeṭṭu n ǧiřet i dd ɣa yas uceffar iři iqqim iḥeṭṭa war t ittejji
REC117_SEG0025_PART02,REC117,SPK009,train,vad_v2_spk009,375.872,387.112,11.24,data/processed/segments/REC117/REC117_SEG0025_PART02.wav,reviewed,ad yadef ɣar taddart nnes s uyenni iřim twejdem minzi mmis n bnadem ad dd yas deg ict n tsaɛɛet war tt tettrijim
REC117_SEG0026,REC117,SPK009,train,vad_v2_spk009,389.944,394.056,4.112,data/processed/segments/REC117/REC117_SEG0026.wav,reviewed,x wi iǧan d amsexxar amtiqqi d amiɣis
REC117_SEG0027,REC117,SPK009,train,vad_v2_spk009,395.032,405.352,10.32,data/processed/segments/REC117/REC117_SEG0027.wav,reviewed,wi iǧan xenni d amsexxar amtiqqi d amiɣis i igga bab nnes ḥima ad ibḍa x imsexxaren nnes min ɣa ccen di řweqt nnes
REC117_SEG0028_PART01,REC117,SPK009,train,vad_v2_spk009,405.784,416.752,10.968,data/processed/segments/REC117/REC117_SEG0028_PART01.wav,reviewed,sseɛd n umsexxar wenni i ɣa yafen sidis iřha ammu xmi dd ɣa yas s tidett necc ad awem iniɣ ad t igg x marra agřa nnes maca
REC117_SEG0028_PART02,REC117,SPK009,train,vad_v2_spk009,416.752,427.72,10.968,data/processed/segments/REC117/REC117_SEG0028_PART02.wav,reviewed,mařa amsexxar aɛeffan nni ad yini deg wuř nnes sidi inu iɛeṭṭař maḥend ad dd yas uca ibda iccat imsexxaren imɛacaren nni ikides idjjan
REC117_SEG0029,REC117,SPK009,train,vad_v2_spk009,427.896,447.656,19.76,data/processed/segments/REC117/REC117_SEG0029.wav,reviewed,ad icc ad isu ak d imeskaren xenni ad dd yas sidis n umsexxar nni deg ijj n wass i di war t ittriji u deg ict n tsaɛɛet war tt issin ad t iqess d iwetwiten uca ad tiři tesɣart nnes ak d imnafqen din i ɣa yiřin imeṭṭawen d uɣezzi n teɣmas
REC118_SEG0001,REC118,SPK009,train,vad_v2_spk009,1.496,3.848,2.352,data/processed/segments/REC118/REC118_SEG0001.wav,reviewed,amedya n ɛecra n teɛzariyyin
REC118_SEG0002_PART01,REC118,SPK009,train,vad_v2_spk009,4.888,18.256,13.368,data/processed/segments/REC118/REC118_SEG0002_PART01.wav,reviewed,xenni ad tiři tgeldit n ijenwan amecnaw ɛecra n teɛzariyyin iwyent řefnarat nsent ffɣent ḥima ad mmeřqent ak d wesři d tesřit xemsa zzaysent d timiɣisin u xemsa d
REC118_SEG0002_PART02,REC118,SPK009,train,vad_v2_spk009,18.256,31.624,13.368,data/processed/segments/REC118/REC118_SEG0002_PART02.wav,reviewed,tifɣař tinni iǧan d tifɣař ksint řefnarat nsent maca war iwyint ca zzect timiɣisin iwyent i dd zzect di tziyyatin nsent ak d řefnarat nsent
REC118_SEG0003,REC118,SPK009,train,vad_v2_spk009,32.184,38.536,6.352,data/processed/segments/REC118/REC118_SEG0003.wav,reviewed,řami iɛḍeř umuřay bdant ttnudument marra uca ṭṭṣent
REC118_SEG0004_PART01,REC118,SPK009,train,vad_v2_spk009,39.16,53.408,14.248,data/processed/segments/REC118/REC118_SEG0004_PART01.wav,reviewed,di řwesṭ n ǧiřet tuɣa din tɣuyyit xzarem aqa amuřay yusa dd ffɣem dd ad t teřqam xenni kkarent teɛzariyyin nni ssewjdent i dd řefnarat nsent tifɣař
REC118_SEG0004_PART02,REC118,SPK009,train,vad_v2_spk009,53.408,67.656,14.248,data/processed/segments/REC118/REC118_SEG0004_PART02.wav,reviewed,nnant i tmiɣisin wcent aneɣ zi zzect nkent minzi řefnarat nneɣ xesyent arrint i dd xasent tmiɣisin nnant ɛemmarṣ war d aneɣ ittqeddi i neccin d kennint
REC118_SEG0005,REC118,SPK009,train,vad_v2_spk009,67.992,71.88,3.888,data/processed/segments/REC118/REC118_SEG0005.wav,reviewed,ruḥent ɣar isebbaben maḥend ad tesɣent i yixef nkent
REC118_SEG0006,REC118,SPK009,train,vad_v2_spk009,72.6,82.664,10.064,data/processed/segments/REC118/REC118_SEG0006.wav,reviewed,řami ruḥent nitenti ḥima ad sɣent yusa dd umuřay u tinni tuɣa iwejden udfent akides ɣar wurar uca tbelleɛ tewwart
REC118_SEG0007_PART01,REC118,SPK009,train,vad_v2_spk009,83.736,94.672,10.936,data/processed/segments/REC118/REC118_SEG0007_PART01.wav,reviewed,awarni man aya usint teɛzariyyin nneɣni qqarent a siditneɣ a siditneɣ arzem aneɣ netta yarra dd inna s tidett
REC118_SEG0007_PART02,REC118,SPK009,train,vad_v2_spk009,94.672,105.608,10.936,data/processed/segments/REC118/REC118_SEG0007_PART02.wav,reviewed,necc ad akent iniɣ war kennint ssineɣ s uyenni ḥḍam minzi kenniw war tessinem ca ass uřa d tasaɛɛet i di dɣayass mmis n bnadem
REC118_SEG0009,REC118,SPK009,train,vad_v2_spk009,112.152,120.776,8.624,data/processed/segments/REC118/REC118_SEG0009.wav,reviewed,minzi tamesřact am yijj n bnadem isafar barra i temmurt nnes iřaɣa dd x imsexxaren nnes uca ikellef i ten x wagřa nnes
REC118_SEG0010,REC118,SPK009,train,vad_v2_spk009,121.528,128.616,7.088,data/processed/segments/REC118/REC118_SEG0010.wav,reviewed,iwca i yijjen xemsa talint i wenneɣni tnayen i wenni wiss třata icten n talint
REC118_SEG0011,REC118,SPK009,train,vad_v2_spk009,129.336,133.832,4.496,data/processed/segments/REC118/REC118_SEG0011.wav,reviewed,kuř ijjen ɛlaḥsab tizemmar nnes řexdenni ikkar isafar
REC118_SEG0012_PART01,REC118,SPK009,train,vad_v2_spk009,134.36,148.912,14.552,data/processed/segments/REC118/REC118_SEG0012_PART01.wav,reviewed,wenni iṭṭfen xemsa talint isebbeb daysen uca yarbeḥ xemsa amenni ɛawed wenni iṭṭfen tnayen talint yarbeḥ tnayen nneɣni maca wenni iṭṭfen ict n talint iruḥ iɣza di temmurt
REC118_SEG0012_PART02,REC118,SPK009,train,vad_v2_spk009,148.912,163.464,14.552,data/processed/segments/REC118/REC118_SEG0012_PART02.wav,reviewed,uca issnuffar tmenyat n nnuqart n bab nnes řami teɛdu aṭṭas n řweqt yusa dd bab n imsexxaren nni uca igga akidsen řeḥsab xenni yusa dd wenni iṭṭfen xemsa talint yiwi dd xemsa talint nneɣni
REC118_SEG0013_PART01,REC118,SPK009,train,vad_v2_spk009,163.48,173.712,10.232,data/processed/segments/REC118/REC118_SEG0013_PART01.wav,reviewed,inna a sidi tewcid ayi xemsa talint aqa da arebḥeɣ xemsa nneɣni ktar yarra dd xas bab nnes inna mliḥ i
REC118_SEG0013_PART02,REC118,SPK009,train,vad_v2_spk009,173.712,183.944,10.232,data/processed/segments/REC118/REC118_SEG0013_PART02.wav,reviewed,teggid a amsexxar aṣebḥan d amtiqqi tuɣa cek d amtiqqi x drus ad ac ggeɣ x waṭṭas adef dd ɣar řefraḥet n sidi nnec
REC118_SEG0014,REC118,SPK009,train,vad_v2_spk009,184.728,193.96,9.232,data/processed/segments/REC118/REC118_SEG0014.wav,reviewed,xenni yusa dd ɛawed wenni iṭṭfen tnayen talint inna a sidi tewcid ayi tnayen talint aqa arebḥeɣ tnayen nneɣni ktar
REC118_SEG0015_PART01,REC118,SPK009,train,vad_v2_spk009,194.296,205.824,11.528,data/processed/segments/REC118/REC118_SEG0015_PART01.wav,reviewed,inna as sidi nnes mliḥ i teggid a amsexxar aṣebḥan d amtiqqi tuɣa cek d amtiqqi x drus ad ac ggeɣ x waṭṭas adef dd ɣar řefraḥet n
REC118_SEG0015_PART02,REC118,SPK009,train,vad_v2_spk009,205.824,217.352,11.528,data/processed/segments/REC118/REC118_SEG0015_PART02.wav,reviewed,sidi nekk maca wenni iṭṭfen ict n talint yusa dd ɛawed inna a sidi ssneɣ aqa cek d bnadem tqesḥed tmejjared mani war tzarrɛed
REC118_SEG0016,REC118,SPK009,train,vad_v2_spk009,218.008,227.432,9.424,data/processed/segments/REC118/REC118_SEG0016.wav,reviewed,tyarrwed mani war tessarwated s uyenni ggʷedeɣ uca ruḥeɣ ssnuffareɣ talint nnec di temmurt aɣac tenni nnec
REC118_SEG0017_PART01,REC118,SPK009,train,vad_v2_spk009,227.672,240.88,13.208,data/processed/segments/REC118/REC118_SEG0017_PART01.wav,reviewed,yarra dd sidi nnes inna as a amsexxar aɛeffan ameɛguz aqa tessned belli aqa mjareɣ mani war zarɛeɣ u yarweɣ mani war ssarweteɣ xenni
REC118_SEG0017_PART02,REC118,SPK009,train,vad_v2_spk009,240.88,254.088,13.208,data/processed/segments/REC118/REC118_SEG0017_PART02.wav,reviewed,mři tiwyed tmenyat inu ɣar řbanku xenni necc xmi dd ɣa yaseɣ ad ttareɣ min iǧan inu s arriba s uya kksem as talint nni ewc i tt i wenni ɣar iǧa ɛecra talintat
REC118_SEG0018,REC118,SPK009,train,vad_v2_spk009,254.168,273.352,19.184,data/processed/segments/REC118/REC118_SEG0018.wav,reviewed,minzi i kuř ijjen wenni ɣar iǧa ad as immewc uca ad ɣares yiři s waṭṭas maca wenni war ɣar iǧi uřa d min ɣares ad as ittwakkes nḍarem amsexxar ibeṭṭřen ɣar barra deg uneggar n taǧest mani ɣa iřin imeṭṭawen d uɣezzi n teɣmas
REC118_SEG0019,REC118,SPK009,train,vad_v2_spk009,276.984,281.288,4.304,data/processed/segments/REC118/REC118_SEG0019.wav,reviewed,řḥukm n lmasih x iḥuřiyyen u x iɣayḍen
REC118_SEG0020_PART01,REC118,SPK009,train,vad_v2_spk009,283.224,295.456,12.232,data/processed/segments/REC118/REC118_SEG0020_PART01.wav,reviewed,xmi dd ɣa yas mmis n bnadem deg uɛuǧi nnes u marra lmalakat nnes iqeddsen akides xenni ad iqqim x řɛarc n uɛuǧi nnes ad ssmunen marra řegnus qibač
REC118_SEG0020_PART02,REC118,SPK009,train,vad_v2_spk009,295.456,307.688,12.232,data/processed/segments/REC118/REC118_SEG0020_PART02.wav,reviewed,nnes uca netta ad ten imssebḍa am mammec ameksaw issbeṭṭa iḥuřiyyen x iɣayḍen netta ad igg iḥuřiyyen x ufusi nnes maca iɣayḍen x uzeřmaḍ nnes
REC118_SEG0021_PART01,REC118,SPK009,train,vad_v2_spk009,308.216,319.568,11.352,data/processed/segments/REC118/REC118_SEG0021_PART01.wav,reviewed,řexdenni ad ini ujeǧid i yinni x ufusi nnes asem dd a kenniw inni ittwabarken zi baba wartem tageldit i d awem dd iwejden zeg wami
REC118_SEG0021_PART02,REC118,SPK009,train,vad_v2_spk009,319.568,330.92,11.352,data/processed/segments/REC118/REC118_SEG0021_PART02.wav,reviewed,tettwagg ddunect minzi tuɣa dayi řaẓ uca kenniw tesseccem ayi tuɣa ffudeɣ tewcim ayi ad sweɣ tuɣa ayi d abarrani kenniw tesszedɣem ayi
REC118_SEG0022_PART01,REC118,SPK009,train,vad_v2_spk009,331.384,342.256,10.872,data/processed/segments/REC118/REC118_SEG0022_PART01.wav,reviewed,tuɣa ayi d aɛaryan kenniw tessyarḍem ayi tuɣa heřceɣ kenniw tessijem dd xafi tuɣa ayi di řeḥbes kenniw tusim dd ɣari xenni
REC118_SEG0022_PART02,REC118,SPK009,train,vad_v2_spk009,342.256,353.128,10.872,data/processed/segments/REC118/REC118_SEG0022_PART02.wav,reviewed,a xas dd arren imseggaden qqaren a siditneɣ meřmi cek neẓra tǧuẓed uca nessecc i cek niɣ meřmi cek neẓra teffuded uca newc ac ad teswed
REC118_SEG0023,REC118,SPK009,train,vad_v2_spk009,353.656,365.288,11.632,data/processed/segments/REC118/REC118_SEG0023.wav,reviewed,meřmi cek neẓra d abarrani uca nessezdeɣ i cek niɣ d aɛaryan uca nessyarḍ i cek meřmi cek neẓra theřced niɣ di řeḥbes uca nusa dd ɣarek
REC118_SEG0024_PART01,REC118,SPK009,train,vad_v2_spk009,366.008,379.408,13.4,data/processed/segments/REC118/REC118_SEG0024_PART01.wav,reviewed,ad dd yarr ujeǧid ad asen yini s tidett necc ad awem iniɣ min i teggim i yijjen zeg wawmaten imeẓyanen inu i necc umi t teggim řexdenni ad yini i yinni iǧan x uzeřmaḍ nnes
REC118_SEG0024_PART02,REC118,SPK009,train,vad_v2_spk009,379.408,392.808,13.4,data/processed/segments/REC118/REC118_SEG0024_PART02.wav,reviewed,beɛɛdem xafi a kenniw inni ittwaneɛřen ɣar tmessi n řebda i iwejden i ibřis d lmalakat nnes minzi tuɣa dayi řaẓ war d ayi tesseccem
REC118_SEG0025,REC118,SPK009,train,vad_v2_spk009,393.528,395.816,2.288,data/processed/segments/REC118/REC118_SEG0025.wav,reviewed,ffudeɣ war d ayi tewcim ad sweɣ
REC118_SEG0026_PART01,REC118,SPK009,train,vad_v2_spk009,396.248,410.032,13.784,data/processed/segments/REC118/REC118_SEG0026_PART01.wav,reviewed,tuɣa ayi d abarrani kenniw war d ayi tesszedɣem tuɣa ayi d aɛaryan war d ayi tessyarḍem heřceɣ u ttwaḥebseɣ war xafi dd tessijem ca řexdenni uřa d nitni ad xas dd arr
REC118_SEG0026_PART02,REC118,SPK009,train,vad_v2_spk009,410.032,423.816,13.784,data/processed/segments/REC118/REC118_SEG0026_PART02.wav,reviewed,en ad inin a siditneɣ meřmi cek neẓra teǧuẓed niɣ teffuded niɣ d abarrani niɣ d aɛaryan niɣ theřced niɣ di řeḥbes xenni neccin war xak nsexxar ca
REC118_SEG0027,REC118,SPK009,train,vad_v2_spk009,424.024,442.472,18.448,data/processed/segments/REC118/REC118_SEG0027.wav,reviewed,xenni ad xasen dd yarr ad yini s tidett necc ad awem iniɣ min war teggim i yijjen zeg imeẓyanen inu i necc umi war t teggim ɛawed ad raḥen nitni ɣar řeɛdab ittduman maca imseggaden ɣar tudart ittduman
REC119_SEG0001,REC119,SPK009,train,vad_v2_spk009,1.368,4.648,3.28,data/processed/segments/REC119/REC119_SEG0001.wav,reviewed,tameɛmuč n wudayen maḥend ad nɣen yasuɛ
REC119_SEG0002,REC119,SPK009,train,vad_v2_spk009,6.584,16.968,10.384,data/processed/segments/REC119/REC119_SEG0002.wav,reviewed,awarni řami ikemmeř yasuɛ awařen a inna i imeḥḍaren nnes tessnem belli awarni tnayen n wussan ad tiři řɛid n tɣarṣt n useɛdu
REC119_SEG0003,REC119,SPK009,train,vad_v2_spk009,17.816,34.376,16.56,data/processed/segments/REC119/REC119_SEG0003.wav,reviewed,řexdenni ad immewc mmis n bnadem ḥima ad ittwaṣelleb řexdenni munen imeqqranen n ikehhanen d imseřmaden n idlisen d imɣaren n řgens di řemraḥ n arrays n ikehhanen wenni umi qqaren qayafa
REC119_SEG0004,REC119,SPK009,train,vad_v2_spk009,35.032,47.816,12.784,data/processed/segments/REC119/REC119_SEG0004.wav,reviewed,uca mcawaren mammec ɣa ṭṭfen yasuɛ s teḥraymect uca ad t nɣen nnan war ittiři di řɛid ḥima war ittekkar uɣewweɣ di řgens
REC119_SEG0005,REC119,SPK009,train,vad_v2_spk009,50.712,53.576,2.864,data/processed/segments/REC119/REC119_SEG0005.wav,reviewed,adhan n yasuɛ di bayt ɛanya
REC119_SEG0006,REC119,SPK009,train,vad_v2_spk009,54.488,71.464,16.976,data/processed/segments/REC119/REC119_SEG0006.wav,reviewed,řami tuɣa yasuɛ di bayt ɛanya di taddart n cimɛun wenni di iǧa řbarṣ tusa dd ɣares ict n temɣart s ijj n uɣarraf n alabaster iccur s zzect iɣřan i wedhan uca tfarreɣ i tt x uzeǧif nnes am iqqim yasuɛ ɣar ṭṭabřa
REC119_SEG0007_PART01,REC119,SPK009,train,vad_v2_spk009,72.312,84.736,12.424,data/processed/segments/REC119/REC119_SEG0007_PART01.wav,reviewed,umi ẓrin imeḥḍaren man aya iqqes asen řḥař aṭṭas nnan min umi teǧa txessart a tuɣa izemmar ad temmenz zzect a n wedhan s ttaman d ameqqran uca xenni
REC119_SEG0007_PART02,REC119,SPK009,train,vad_v2_spk009,84.736,97.16,12.424,data/processed/segments/REC119/REC119_SEG0007_PART02.wav,reviewed,ad temmewc i imezřaḍ maca yasuɛ tuɣa issen man aya inna mayemmi tziyyarem x temɣart a minzi nettat tegga ayi ijjen n řxedmet teṣbeḥ
REC119_SEG0008_PART01,REC119,SPK009,train,vad_v2_spk009,97.816,112.192,14.376,data/processed/segments/REC119/REC119_SEG0008_PART01.wav,reviewed,minzi imezřaḍ aqa aten řebda akidwem maca necc war kiwem ttiřiɣ i řebda minzi nettat mařa tfarreɣ dd zzect a i wedhan x arrimet inu aqa tegga man aya i usewjed n
REC119_SEG0008_PART02,REC119,SPK009,train,vad_v2_spk009,112.192,126.568,14.376,data/processed/segments/REC119/REC119_SEG0008_PART02.wav,reviewed,wenḍeř inu s tidett necc ad awem iniɣ mani ma i ɣa ittwabarreḥ zi řexbar a aṣebḥan zayyi di marra ddunect ad ssiwřen ɛawed x min dayi tegga d řiḍaret i nettat
REC119_SEG0009,REC119,SPK009,train,vad_v2_spk009,130.04,134.856,4.816,data/processed/segments/REC119/REC119_SEG0009.wav,reviewed,yahuda izzenz ixef nnes maḥend ad isellem yasuɛ
REC119_SEG0010,REC119,SPK009,train,vad_v2_spk009,136.088,155.976,19.888,data/processed/segments/REC119/REC119_SEG0010.wav,reviewed,řexdenni iřuḥ ijjen zi tenɛac qqaren as yahuda isxariyuṭi ɣar imeqqranen n ikehhanen inna min d ayi ɣa tewcem maḥend ad awem sellmeɣ yasuɛ uca waɛden t s třatin n řweznat n nnuqart ssenni tuɣa yarezzu ict n tewwart ḥima ad t isellem
REC119_SEG0011,REC119,SPK009,train,vad_v2_spk009,158.552,161.064,2.512,data/processed/segments/REC119/REC119_SEG0011.wav,reviewed,amensi n tɣarṣt n useɛdu
REC119_SEG0012_PART01,REC119,SPK009,train,vad_v2_spk009,162.872,176.08,13.208,data/processed/segments/REC119/REC119_SEG0012_PART01.wav,reviewed,deg wass amezwaru n weɣrum břa antun usin dd imeḥḍaren ɣar yasuɛ nnan mani texsed ad nessewjed i cek maḥend ad tecced amensi n useɛdu inna asen uyurem
REC119_SEG0012_PART02,REC119,SPK009,train,vad_v2_spk009,176.08,189.288,13.208,data/processed/segments/REC119/REC119_SEG0012_PART02.wav,reviewed,ɣar tendint ɣar ijj n fřan inim as amseřmad nneɣ iqqar aqa řweqt inu tiweḍ dd ad ɣarek ggeɣ amensi n useɛdu ak d imeḥḍaren inu
REC119_SEG0013,REC119,SPK009,train,vad_v2_spk009,190.008,195.528,5.52,data/processed/segments/REC119/REC119_SEG0013.wav,reviewed,imeḥḍaren ggin am mammec ten iweṣṣa yasuɛ uca ssewjden taɣarest useɛdu
REC119_SEG0014,REC119,SPK009,train,vad_v2_spk009,196.248,208.072,11.824,data/processed/segments/REC119/REC119_SEG0014.wav,reviewed,řami dd tiweḍ tmeddit iqqim ɣar umensi ak d tenɛac n imeḥḍaren nnes am ttetten nitni inna s tidett necc ad awem iniɣ ijjen zzaywem ad ayi iɣdar
REC119_SEG0015_PART01,REC119,SPK009,train,vad_v2_spk009,208.664,219.792,11.128,data/processed/segments/REC119/REC119_SEG0015_PART01.wav,reviewed,nitni dewřen ceḍnen aṭṭas uca kuř ijjen zzaysen ibda ad as yini ma war iǧi d necc a sidi yarra dd xasen inna wenni issisnen afus akidi di
REC119_SEG0015_PART02,REC119,SPK009,train,vad_v2_spk009,219.792,230.92,11.128,data/processed/segments/REC119/REC119_SEG0015_PART02.wav,reviewed,ṭṭebṣi d netta i d ayi ɣa iɣdaren mmis n bnadem ad iraḥ am mammec xas tura maca uct x bnadem nni i ɣa iɣdaren mmis n bnadem
REC119_SEG0016,REC119,SPK009,train,vad_v2_spk009,231.352,241.992,10.64,data/processed/segments/REC119/REC119_SEG0016.wav,reviewed,iḥřa as i bnadem nni war dd ixřiq ɛemmarṣ yahuda aɣeddar yarra dd inna ma war iǧi d necc a amseřmad inu
REC119_SEG0017,REC119,SPK009,train,vad_v2_spk009,242.68,245.864,3.184,data/processed/segments/REC119/REC119_SEG0017.wav,reviewed,netta inna as aqa cek tennid t
REC119_SEG0019,REC119,SPK009,train,vad_v2_spk009,253.784,265.288,11.504,data/processed/segments/REC119/REC119_SEG0019.wav,reviewed,am tuɣa ttetten iksi yasuɛ aɣrum u awarni řami ibarek yarẓa i t iwca i t i imeḥḍaren inna ksim ccem ta d arrimet inu
REC119_SEG0020_PART01,REC119,SPK009,train,vad_v2_spk009,265.848,277.728,11.88,data/processed/segments/REC119/REC119_SEG0020_PART01.wav,reviewed,iksi řkas iqada uca iwca asen t inna swem zzayes marra idwem minzi wa d idammen inu n řɛahd n jdid inni i ɣa ittwassizřen
REC119_SEG0020_PART02,REC119,SPK009,train,vad_v2_spk009,277.728,289.608,11.88,data/processed/segments/REC119/REC119_SEG0020_PART02.wav,reviewed,i weɣfar n ddnub necc ad awem iniɣ zi řexxu tsawent war sesseɣ ɛad zi řɣiǧet n tzayart ař ass i di tt ɣa sweɣ zi jdid akidwem di tgeldit n baba
REC119_SEG0021,REC119,SPK009,train,vad_v2_spk009,289.912,295.912,6.0,data/processed/segments/REC119/REC119_SEG0021.wav,reviewed,u awarni řami ɣennjen izři n ttesbiḥ ffɣen ɣar wedrar n zzitun
REC119_SEG0022,REC119,SPK009,train,vad_v2_spk009,300.088,303.688,3.6,data/processed/segments/REC119/REC119_SEG0022.wav,reviewed,yasuɛ izwar issiweř x wenkar zi buṭrus
REC119_SEG0023,REC119,SPK009,train,vad_v2_spk009,304.376,309.032,4.656,data/processed/segments/REC119/REC119_SEG0023.wav,reviewed,xenni inna asen yasuɛ marra kenniw ad dayi tenderfem
REC119_SEG0024_PART01,REC119,SPK009,train,vad_v2_spk009,309.368,323.056,13.688,data/processed/segments/REC119/REC119_SEG0024_PART01.wav,reviewed,minzi aqa tura ad wteɣ ameksaw uca iḥuřiyyen n tḥimart ad ttwazuzzaren maca awarni řami i dd ɣa ttwassnekkareɣ ad awem izwareɣ ɣar ljalil maca buṭrus yarra dd inna as mařa daye
REC119_SEG0024_PART02,REC119,SPK009,train,vad_v2_spk009,323.056,336.744,13.688,data/processed/segments/REC119/REC119_SEG0024_PART02.wav,reviewed,k i ɣa nderfen marra necc war dayek ttendrifeɣ ca ɛemmarṣ inna as yasuɛ s tidett necc ad ac iniɣ di ǧiřet a qbeř i ɣa issquqeɛ uyaẓiḍ ad ayi tenkared třata n twařawin
REC119_SEG0025,REC119,SPK009,train,vad_v2_spk009,337.048,346.184,9.136,data/processed/segments/REC119/REC119_SEG0025.wav,reviewed,buṭrus inna as waxxa tuɣa ittxeṣṣa ayi ad mmteɣ akidek necc war cek nekkareɣ ɛemmarṣ ammu i nnan marra imeḥḍaren ɛawed
REC119_SEG0026,REC119,SPK009,train,vad_v2_spk009,349.72,354.696,4.976,data/processed/segments/REC119/REC119_SEG0026.wav,reviewed,taẓaǧit n yasuɛ deg weḥwic n xitsimaniy
REC119_SEG0027,REC119,SPK009,train,vad_v2_spk009,356.344,374.76,18.416,data/processed/segments/REC119/REC119_SEG0027.wav,reviewed,řexdenni iruḥ yasuɛ akidsen ɣar ijj n wemcan qqaren as xitsimaniy inna i imeḥḍaren nnes qqimem danita am i ɣa ẓẓaǧeɣ din am kis yiwi buṭrus d tnayen n iḥenjiren n zabdi ibda isḥissif uca tudef dayes tiggʷdi
REC119_SEG0028_PART01,REC119,SPK009,train,vad_v2_spk009,375.416,386.304,10.888,data/processed/segments/REC119/REC119_SEG0028_PART01.wav,reviewed,xenni inna asen řeɛmar inu issḥissif aṭṭas ař řmewt qqimem da ḥḍam akidi xenni iɛzeř cwayt ktar iwḍa x uɣembub nnes itt
REC119_SEG0028_PART02,REC119,SPK009,train,vad_v2_spk009,386.304,397.192,10.888,data/processed/segments/REC119/REC119_SEG0028_PART02.wav,reviewed,ẓaǧa inna a baba mařa iɛeddeř ejj ad xafi iɛdu řkas a maca war ittiři am mammec xseɣ necc maca am mammec texsed cek
REC119_SEG0029,REC119,SPK009,train,vad_v2_spk009,397.592,406.44,8.848,data/processed/segments/REC119/REC119_SEG0029.wav,reviewed,řexdenni idweř dd ɣar imeḥḍaren nnes uca yufa i ten ṭṭṣen inna i buṭrus ma war tzemmarem ad kidi teḥḍam uřa d ict n tsaɛɛet
REC119_SEG0030,REC119,SPK009,train,vad_v2_spk009,407.192,414.856,7.664,data/processed/segments/REC119/REC119_SEG0030.wav,reviewed,ḥḍam ẓẓaǧem ḥima war dd tettidfem deg hukki arruḥ aqa iwjed maca ddat teḍɛef
REC119_SEG0031,REC119,SPK009,train,vad_v2_spk009,415.608,427.176,11.568,data/processed/segments/REC119/REC119_SEG0031.wav,reviewed,yuyur ɛawed i umur wiss tnayen uca iẓẓuǧ inna a baba mařa řkas a war izemmar ad xafi yekk mɣir mařa necc swiɣ t aqa ad yiři min texsed cek
REC119_SEG0032_PART01,REC119,SPK009,train,vad_v2_spk009,427.64,440.528,12.888,data/processed/segments/REC119/REC119_SEG0032_PART01.wav,reviewed,řami dd idweř yufa i ten ɛawed ṭṭṣen minzi tiṭṭawin nsen tuɣa ḍeqqřent ijja i ten yuyur ɛawed uca iẓẓuǧ i twařa wiss třata iqqar awařen a ɛawed
REC119_SEG0032_PART02,REC119,SPK009,train,vad_v2_spk009,440.528,453.416,12.888,data/processed/segments/REC119/REC119_SEG0032_PART02.wav,reviewed,řexdenni idweř dd ɣar imeḥḍaren nnes inna asen kemmřem x yiḍeṣ nwem řexxu areyyḥem xzarem aqa tsaɛɛet tiweḍ dd aqa mmis n bnadem ad immewc deg ifassen n imednab
REC119_SEG0033,REC119,SPK009,train,vad_v2_spk009,454.072,460.232,6.16,data/processed/segments/REC119/REC119_SEG0033.wav,reviewed,kkarem ad nraḥ xzarem wenni d ayi ɣa iɣdaren yudes dd
REC119_SEG0034,REC119,SPK009,train,vad_v2_spk009,463.544,465.064,1.52,data/processed/segments/REC119/REC119_SEG0034.wav,reviewed,uḍuf n yasuɛ
REC119_SEG0035,REC119,SPK009,train,vad_v2_spk009,466.52,475.688,9.168,data/processed/segments/REC119/REC119_SEG0035.wav,reviewed,am tuɣa issawař ɛad yusa dd yahuda aɣeddar ijjen zi tenɛac ak d ijj n řɣaci ameqqran s řesyuf d iɛumad
REC119_SEG0036_PART01,REC119,SPK009,train,vad_v2_spk009,475.992,486.544,10.552,data/processed/segments/REC119/REC119_SEG0036_PART01.wav,reviewed,usin dd zeg imeqqranen n ikehhanen d imɣaren n řgens yahuda aɣeddar aqa iwca asen ict n řeɛřamet inna wenni i ɣa ssudmeɣ d wenni
REC119_SEG0036_PART02,REC119,SPK009,train,vad_v2_spk009,486.544,497.096,10.552,data/processed/segments/REC119/REC119_SEG0036_PART02.wav,reviewed,netta ṭṭfem t řexdenni dd iqarreb ɣar yasuɛ inna sřam xak a amseřmad inu uca issudem i t xas uca yasuɛ inna as
REC119_SEG0037,REC119,SPK009,train,vad_v2_spk009,498.008,517.672,19.664,data/processed/segments/REC119/REC119_SEG0037.wav,reviewed,a ameddukkeř inu min xef dd tusid da řexdenni qarrben dd ɣares ḥarten x yasuɛ uca ṭṭfen t u xzar ijjen zeg inni iǧan ak d yasuɛ isswiẓẓeḍ afus nnes ijbed ssif uca iwta amsexxar n arrays n ikehhanen iqess as amezzuɣ
REC119_SEG0038,REC119,SPK009,train,vad_v2_spk009,518.168,535.944,17.776,data/processed/segments/REC119/REC119_SEG0038.wav,reviewed,xenni inna as yasuɛ arr ssif ɣar wemcan nnes minzi marra inni ikessin ssif ad mmten s ssif niɣ ittɣiř ac belli necc war zemmareɣ ad ẓẓaǧeɣ i baba aqa netta ad d ayi dd issekk ktar zi tenɛac n ilixiyunen n lmalakat
REC119_SEG0039,REC119,SPK009,train,vad_v2_spk009,536.632,543.08,6.448,data/processed/segments/REC119/REC119_SEG0039.wav,reviewed,mammec xenni i ɣa ttwakemmřent tira iqeddsen i iqqaren belli ittxeṣṣa ad imsar ammu
REC119_SEG0040_PART01,REC119,SPK009,train,vad_v2_spk009,543.64,555.712,12.072,data/processed/segments/REC119/REC119_SEG0040_PART01.wav,reviewed,di tsaɛɛet nni ɛawed issiweř yasuɛ ak d řɣaci axmi x ijj n uqṭaṭɛiy i dd teffɣem s řesyuf d iɛumad maḥend ad ayi teṭṭfem kuř ass tuɣa qqimeɣ ɣarwem sseř
REC119_SEG0040_PART02,REC119,SPK009,train,vad_v2_spk009,555.712,567.784,12.072,data/processed/segments/REC119/REC119_SEG0040_PART02.wav,reviewed,madeɣ di zzawect tameqqrant war dayi teṭṭifem maca man aya marra imsar ḥima ad ttwakemmřent tira n inabiyyen řexdenni semḥen dayes marra imeḥḍaren uca arewřen
REC119_SEG0041,REC119,SPK009,train,vad_v2_spk009,570.296,573.704,3.408,data/processed/segments/REC119/REC119_SEG0041.wav,reviewed,yasuɛ qibaǧ lmeḥkama tameqqrant n wudayen
REC119_SEG0042,REC119,SPK009,train,vad_v2_spk009,575.736,585.608,9.872,data/processed/segments/REC119/REC119_SEG0042.wav,reviewed,inni iṭṭfen yasuɛ iwyen t ɣar qayafa arrays n ikehhanen wenni ɣar tuɣa munen imseřmaden n idlisen d imɣaren n řgens
REC119_SEG0043,REC119,SPK009,train,vad_v2_spk009,586.328,598.568,12.24,data/processed/segments/REC119/REC119_SEG0043.wav,reviewed,cimɛun buṭrus iḍfar i t i dd zi řaggʷaj ařami d yiweḍ ɣar řemraḥ n arrays n ikehhanen u řami yudef iqqim jar imxazniyyen ḥima ad iẓar mammec i ɣa teffeɣ
REC119_SEG0044_PART01,REC119,SPK009,train,vad_v2_spk009,599.576,611.904,12.328,data/processed/segments/REC119/REC119_SEG0044_PART01.wav,reviewed,imeqqranen n ikehhanen d imɣaren n řgens u marra lmeḥkama tameqqrant tuɣa arezzun icehhaden issxarriqen x yasuɛ maḥend ad t n
REC119_SEG0044_PART02,REC119,SPK009,train,vad_v2_spk009,611.904,624.232,12.328,data/processed/segments/REC119/REC119_SEG0044_PART02.wav,reviewed,ɣen maca war zemmaren ad tt afen waxxa usin dd aṭṭas n řechud issxarriqen ɣar uneggar usin dd tnayen n řechud issxarriqen nitni innan
REC119_SEG0045,REC119,SPK009,train,vad_v2_spk009,624.472,640.04,15.568,data/processed/segments/REC119/REC119_SEG0045.wav,reviewed,wa aqa inna necc zemmareɣ ad hedmeɣ zzawect tameqqrant n arebbi u di třata n wussan ad tt bniɣ ɛawed arrays n ikehhanen ikkar dd inna as ma war dd tarrid s walu min xak cehhden ina
REC119_SEG0046_PART01,REC119,SPK009,train,vad_v2_spk009,641.176,653.296,12.12,data/processed/segments/REC119/REC119_SEG0046_PART01.wav,reviewed,maca yasuɛ isqar inna as arrays n ikehhanen necc ad cek jjeɣ ad tejjaǧed s arebbi iddaren belli cek ad aneɣ tinid ma xenni cek d lmasiḥ mmis n arebbi inna as yasuɛ
REC119_SEG0046_PART02,REC119,SPK009,train,vad_v2_spk009,653.296,665.416,12.12,data/processed/segments/REC119/REC119_SEG0046_PART02.wav,reviewed,cek tennid t maca necc ad awem iniɣ zi ssa tsawent ad tẓarem mmis n bnadem iqqim x ufusi n tzemmar xmi dd ɣa yas x iseynuten n ujenna
REC119_SEG0047,REC119,SPK009,train,vad_v2_spk009,666.168,679.56,13.392,data/processed/segments/REC119/REC119_SEG0047.wav,reviewed,řexdenni icarreg arrays n ikehhanen arruḍ nnes inna netta aqa iceqqef di arebbi mayemmi neḥdaj ɛad řechud xzarem řexxu aqa tesřim i uceqqef nnes min d awem ittɣiř kenniw
REC119_SEG0048,REC119,SPK009,train,vad_v2_spk009,679.896,697.32,17.424,data/processed/segments/REC119/REC119_SEG0048.wav,reviewed,nitni arrin dd xas nnan netta isdaheǧ řmewt xenni bdan ssusufen as x uɣembub ccaten t s řpuniyyat x uzeǧif u inneɣni wtin t ɛawed nnan nabb aneɣ a cek lmasiḥ wi cek iwtin
REC119_SEG0049,REC119,SPK009,train,vad_v2_spk009,700.856,703.208,2.352,data/processed/segments/REC119/REC119_SEG0049.wav,reviewed,ankar n yasuɛ zi buṭrus
REC119_SEG0050_PART01,REC119,SPK009,train,vad_v2_spk009,704.728,717.616,12.888,data/processed/segments/REC119/REC119_SEG0050_PART01.wav,reviewed,buṭrus iqqim ɣar barra di řemraḥ tqarreb dd ɣares ict n tayya tenna uřa d cek tuɣa cek ak d yasuɛ zi nnaṣira maca netta inkar zzat i marra inna
REC119_SEG0050_PART02,REC119,SPK009,train,vad_v2_spk009,717.616,730.504,12.888,data/processed/segments/REC119/REC119_SEG0050_PART02.wav,reviewed,war ssineɣ min xef tessawařed am iggur ɣar usqif n tewwart teẓra i t ict n tayya nneɣni tenna asen i yinni din iqqimen d wa tuɣa ak d yasuɛ zi nnaṣira
REC119_SEG0051,REC119,SPK009,train,vad_v2_spk009,731.096,748.872,17.776,data/processed/segments/REC119/REC119_SEG0051.wav,reviewed,netta inkar ɛawed s ict n tjaǧit inna war ssineɣ bnadem nni cwayt ɣar zzat qarrben dd inni din ibedden ɣar buṭrus nnan nican uřa d cek d ijjen zzaysen minzi řhard nnec issbeyyen i cek
REC119_SEG0052,REC119,SPK009,train,vad_v2_spk009,749.752,769.0,19.248,data/processed/segments/REC119/REC119_SEG0052.wav,reviewed,xenni ibda ineɛɛeř ittjjaǧa necc war ssineɣ bnadem nni řexdenni issquqeɛ uyaẓiḍ uca iɛqeř buṭrus awař i d as inna yasuɛ qbeř i ɣa issquqeɛ uyaẓiḍ ad ayi tenkared třata n twařawin uca iffeɣ iru s imeṭṭawen imerzagen
REC120_SEG0001,REC120,SPK009,train,vad_v2_spk009,1.464,4.552,3.088,data/processed/segments/REC120/REC120_SEG0001.wav,reviewed,andam d řmewt n yahuda
REC120_SEG0002,REC120,SPK009,train,vad_v2_spk009,5.752,21.544,15.792,data/processed/segments/REC120/REC120_SEG0002.wav,reviewed,ɣar ṣṣbeḥ zic aqa marra imeqqranen n ikehhanen d imɣaren n řgens mcawaren x yasuɛ mammec i t ɣa nɣen uca nitni carfen t iwyen t uca sellmen t i lɛamil arumani pilaṭus
REC120_SEG0003,REC120,SPK009,train,vad_v2_spk009,22.264,37.288,15.024,data/processed/segments/REC120/REC120_SEG0003.wav,reviewed,umi iẓra yahuda aɣeddar belli yasuɛ ittwaḥkem indem uca yarra dd třatin n řweznat n nnuqart ɣar imeqqranen n ikehhanen d imɣaren n řgens inna necc xḍiɣ
REC120_SEG0004_PART01,REC120,SPK009,train,vad_v2_spk009,38.136,51.872,13.736,data/processed/segments/REC120/REC120_SEG0004_PART01.wav,reviewed,aqa ɣdareɣ idammen imezdagen maca nitni nnan min d aneɣ iruḥen xzar dd cek awarni řami inḍar řweznat n nnuqart di zzawect tameqqrant iffeɣ uca iruḥ yuyeř
REC120_SEG0004_PART02,REC120,SPK009,train,vad_v2_spk009,51.872,65.608,13.736,data/processed/segments/REC120/REC120_SEG0004_PART02.wav,reviewed,ixef nnes imeqqranen n ikehhanen ksin řweznat n nnuqart nnan war icuwwar ad ten nessars deg wexxam n ṣṣdaqi minzi řweznat nni d ttaman n usizzeř n idammen
REC120_SEG0005,REC120,SPK009,train,vad_v2_spk009,66.264,81.448,15.184,data/processed/segments/REC120/REC120_SEG0005.wav,reviewed,kksen awař jar asen maḥend ad zzayes sɣen iyyar n bu třaxt maḥend ad yiři i imeḍřan n ibarraniyyen s uyenni ittwasemma iyyar nni iyyar n idammen ař ass n řexxu
REC120_SEG0006_PART01,REC120,SPK009,train,vad_v2_spk009,82.04,92.432,10.392,data/processed/segments/REC120/REC120_SEG0006_PART01.wav,reviewed,řexdenni ittwakemmeř min ittwannan zeg unabi i innan ksiɣ třatin n řweznat n nnuqart řqedd n wenni iɣřan mixef
REC120_SEG0006_PART02,REC120,SPK009,train,vad_v2_spk009,92.432,102.824,10.392,data/processed/segments/REC120/REC120_SEG0006_PART02.wav,reviewed,inni zi tarwa n israil kksen awař uca necc wciɣ tent i iyyar n bu třaxt am mammec i d ayi yumur sidi
REC120_SEG0007,REC120,SPK009,train,vad_v2_spk009,106.488,109.672,3.184,data/processed/segments/REC120/REC120_SEG0007.wav,reviewed,yasuɛ qibač lɛamil pilaṭus
REC120_SEG0008,REC120,SPK009,train,vad_v2_spk009,111.128,117.992,6.864,data/processed/segments/REC120/REC120_SEG0008.wav,reviewed,yasuɛ tuɣa ibedd qibač i lɛamil lɛamil isseqsa as inna ma cek d ajeǧid n wudayen
REC120_SEG0009_PART01,REC120,SPK009,train,vad_v2_spk009,118.968,129.248,10.28,data/processed/segments/REC120/REC120_SEG0009_PART01.wav,reviewed,yasuɛ inna as cek aqa tennid t uca řami t tehmen imeqqranen n ikehhanen d imɣaren n řgens yarra dd s walu xenni inna as
REC120_SEG0009_PART02,REC120,SPK009,train,vad_v2_spk009,129.248,139.528,10.28,data/processed/segments/REC120/REC120_SEG0009_PART02.wav,reviewed,pilaṭus ma war tesřid mecḥař xak cehhden netta war xas dd yarri uřa s ijj n wawař ařami iqqim lɛamil ittebhet aṭṭas
REC120_SEG0011,REC120,SPK009,train,vad_v2_spk009,148.184,156.104,7.92,data/processed/segments/REC120/REC120_SEG0011.wav,reviewed,tuɣa lɛamil innum yarexxu di kuř řɛid i yijj n umeḥbus i řɣaci wenni ixsen nitni
REC120_SEG0012_PART01,REC120,SPK009,train,vad_v2_spk009,156.728,169.328,12.6,data/processed/segments/REC120/REC120_SEG0012_PART01.wav,reviewed,tuɣa ɣarsen deg wussan nni ijj n umeḥbus ittwassen qqaren as bar abbas řami munen inna asen pilaṭus wi texsem ad awem dd arxuɣ bar abbas niɣ yasuɛ
REC120_SEG0012_PART02,REC120,SPK009,train,vad_v2_spk009,169.328,181.928,12.6,data/processed/segments/REC120/REC120_SEG0012_PART02.wav,reviewed,wenni umi qqaren lmasiḥ minzi netta issen aqa nitni sellmen t zi řeḥsed am tuɣa lɛamil iqqim x řkursi n řḥukm tessekk dd ɣares temɣart nnes tenna
REC120_SEG0013,REC120,SPK009,train,vad_v2_spk009,182.136,200.488,18.352,data/processed/segments/REC120/REC120_SEG0013.wav,reviewed,barra ixef nnec zeg umseggad nni minzi aqa ass a ttwaɛeddbeɣ aṭṭas di tarjit inu di ssibbet nnes maca imeqqranen n ikehhanen d imɣaren n řgens ssqenɛen řɣaci ḥima ad ttaren bar abbas u ḥima ad areddǧen yasuɛ
REC120_SEG0014,REC120,SPK009,train,vad_v2_spk009,201.944,208.232,6.288,data/processed/segments/REC120/REC120_SEG0014.wav,reviewed,lɛamil yarra dd inna asen man wen zi tnayen a i texsem ad arxuɣ i kenniw
REC120_SEG0015_PART01,REC120,SPK009,train,vad_v2_spk009,208.632,221.488,12.856,data/processed/segments/REC120/REC120_SEG0015_PART01.wav,reviewed,nnan bar abbas pilaṭus inna asen min ɣa ggeɣ xenni ak d yasuɛ umi qqaren lmasiḥ nnan as marra ṣellb i t inna asen lɛamil man tuɛeffna i igga
REC120_SEG0015_PART02,REC120,SPK009,train,vad_v2_spk009,221.488,234.344,12.856,data/processed/segments/REC120/REC120_SEG0015_PART02.wav,reviewed,sɣuyyen s jjehd ktar nnan ṣellb i t řami iẓra pilaṭus belli war yiweḍ ɣar walu mahu ad ikkar uɣuwweɣ iksi aman issird ifassen nnes qibač i řɣaci inna
REC120_SEG0016_PART01,REC120,SPK009,train,vad_v2_spk009,234.52,244.848,10.328,data/processed/segments/REC120/REC120_SEG0016_PART01.wav,reviewed,necc war tturseɣ ca deg idammen n umseggad a xzarem kenniw řgens marra yarra dd inna ejj idammen nnes ad xaneɣ iřin u x tarwa nneɣ
REC120_SEG0016_PART02,REC120,SPK009,train,vad_v2_spk009,244.848,255.176,10.328,data/processed/segments/REC120/REC120_SEG0016_PART02.wav,reviewed,xenni yarxu asen dd i bar abbas maca awarni řami ihettek yasuɛ s urekkuḍ isellem i t ḥima ad ittwaṣelleb
REC120_SEG0017,REC120,SPK009,train,vad_v2_spk009,259.512,263.368,3.856,data/processed/segments/REC120/REC120_SEG0017.wav,reviewed,aseḥqar n yasuɛ zi řɛeskar n pilaṭus
REC120_SEG0018_PART01,REC120,SPK009,train,vad_v2_spk009,263.896,277.508,13.612,data/processed/segments/REC120/REC120_SEG0018_PART01.wav,reviewed,řexdenni iwyen iɛeskariyyen n lɛamil yasuɛ ɣar taddart n ccraɛ umi qqaren prituriyum uca ssmunen xas marra řɛeskar kksen as dd arruḍ uca arḍen as ijj n ujeǧab d aze
REC120_SEG0018_PART02,REC120,SPK009,train,vad_v2_spk009,277.508,291.12,13.612,data/processed/segments/REC120/REC120_SEG0018_PART02.wav,reviewed,ggʷaɣ nitni muden as ijj n ttaj s isennanen ssarsen t x uzeǧif nnes uca ggin as uɣanim deg ufus nnes afusi xenni wḍan ɣar iḍaren nnes zzates
REC120_SEG0019,REC120,SPK009,train,vad_v2_spk009,291.12,310.28,19.16,data/processed/segments/REC120/REC120_SEG0019.wav,reviewed,qqimen ttbuṣaren xas nnan azul xak a cek a ajeǧid n wudayen ssusfen as x uɣembub nnes ksin aɣanim uca wtin t zzayes ɣar uzeǧif awarni řami t deǧen ksin xas aseřham arḍen as arruḍ nnes uca nedhen t maḥend ad t ṣellben
REC120_SEG0020,REC120,SPK009,train,vad_v2_spk009,314.616,316.296,1.68,data/processed/segments/REC120/REC120_SEG0020.wav,reviewed,abrid ɣar ṣṣalib
REC120_SEG0021,REC120,SPK009,train,vad_v2_spk009,318.424,328.168,9.744,data/processed/segments/REC120/REC120_SEG0021.wav,reviewed,am ffɣen ɣar barra n tendint ufin ijj n weryaz zi qayrawan qqaren as cimɛun uca ziyyaren xas ḥima ad yarbu ṣṣalib nnes
REC120_SEG0022,REC120,SPK009,train,vad_v2_spk009,328.92,348.712,19.792,data/processed/segments/REC120/REC120_SEG0022.wav,reviewed,ařami iwḍen ɣar wemcan umi qqaren juljuta min ixs ad yini taceqquft wcin as řxeǧ ixeǧḍen s tarzugi uca umi t iqqas yugi ad isu awarni řami t ṣellben bḍan arruḍ nnes jar asen umi xas ggin akeccuḍ
REC120_SEG0023,REC120,SPK009,train,vad_v2_spk009,349.528,357.064,7.536,data/processed/segments/REC120/REC120_SEG0023.wav,reviewed,am din qqimen ttɛessan xas ggin as sennej i uzeǧif nnes ict n tira mayemmi xas ḥekmen s řmewt
REC120_SEG0024_PART01,REC120,SPK009,train,vad_v2_spk009,357.752,371.856,14.104,data/processed/segments/REC120/REC120_SEG0024_PART01.wav,reviewed,wa d yasuɛ ajeǧid n wudayen xenni ṣellben akides tnayen n ixewwanen ijjen ɣar ufusi nnes u ijjen ɣar uzeřmaḍ nnes inni tuɣa ittekkan ttceqqafen dayes
REC120_SEG0024_PART02,REC120,SPK009,train,vad_v2_spk009,371.856,385.96,14.104,data/processed/segments/REC120/REC120_SEG0024_PART02.wav,reviewed,tthezzan azeǧif nsen nnan a cek wenni ihedmen zzawect tameqqrant u di třata n wussan ad tt tebnid ɛawed senjem ixef nnec mařa cek d mmis n arebbi hwa dd xenni zi ṣṣalib
REC120_SEG0025,REC120,SPK009,train,vad_v2_spk009,386.52,405.256,18.736,data/processed/segments/REC120/REC120_SEG0025.wav,reviewed,uřa d imeqqranen n ikehhanen ak d imseřmaden n idlisen d imɣaren n řgens d ifarisiyyen stehzan zzayes amenni nnan issenjem inneɣni maca war izemmar ad issenjem xef nnes mařa netta d ajeǧid n israil ejj i t ad dd ihwa zi ṣṣalib ad zzayes namen
REC120_SEG0026,REC120,SPK009,train,vad_v2_spk009,406.072,420.616,14.544,data/processed/segments/REC120/REC120_SEG0026.wav,reviewed,ittceř x arebbi ejj i t netta ad t issenjem mařa yarḍa xas minzi inna necc d mmis n arebbi uřa d ixewwanen inni tuɣa ittwaṣellben akides tuɣa ssfeṭṭaḥen zzayes amenni
REC120_SEG0028_PART01,REC120,SPK009,train,vad_v2_spk009,427.16,437.424,10.264,data/processed/segments/REC120/REC120_SEG0028_PART01.wav,reviewed,zi tsaɛɛet wiss setta tewḍa dd taǧest x marra tammurt ař tasaɛɛet wiss tesɛa jjwayeh n tsaɛɛet wiss tesɛa isɣuy yasuɛ s t
REC120_SEG0028_PART02,REC120,SPK009,train,vad_v2_spk009,437.424,447.688,10.264,data/processed/segments/REC120/REC120_SEG0028_PART02.wav,reviewed,mijja ijehden inna a ili ili li man cabaktani min yazzu adyini a arebbi inu a arebbi inu mayemmi dayi tsemḥed
REC120_SEG0029,REC120,SPK009,train,vad_v2_spk009,448.696,464.008,15.312,data/processed/segments/REC120/REC120_SEG0029.wav,reviewed,řami d as sřan inni din ibedden nnan ca zzaysen ittřaɣa x iliya deɣya yuzzeř dd ɣares ijjen zzaysen iksi spunxa issuff i tt s řxeǧ igga i tt x ijj n uɣanim uca iwca as ad isu
REC120_SEG0030,REC120,SPK009,train,vad_v2_spk009,464.696,475.816,11.12,data/processed/segments/REC120/REC120_SEG0030.wav,reviewed,inneɣni nnan ejj i t ad nẓar ma ad dd yas iliya ḥima ad t issenjem isɣuyy yasuɛ ɛawed s tmijja ijehden uca issarxu arruḥ nnes
REC120_SEG0031,REC120,SPK009,train,vad_v2_spk009,476.504,477.352,0.848,data/processed/segments/REC120/REC120_SEG0031.wav,reviewed,xzar
REC120_SEG0032_PART01,REC120,SPK009,train,vad_v2_spk009,477.784,492.7,14.916,data/processed/segments/REC120/REC120_SEG0032_PART01.wav,reviewed,ařeḥḥaf n wadaf ɣar zzawect tameqqrant itccarreg x tnayen zi sennej ař swadday tammurt tenhezz tiṣuḍar feǧqent imeḍřan ttwarezmen uca aṭṭas n rxacbat n imqedda
REC120_SEG0032_PART02,REC120,SPK009,train,vad_v2_spk009,492.7,507.616,14.916,data/processed/segments/REC120/REC120_SEG0032_PART02.wav,reviewed,sen inni tuɣa iṭṭṣen din ttwassnekkarent dd nitni ffɣen zeg imeḍřan uca awarni i tnukra nnes udfen ɣar tendint iqeddsen uca banen dd i waṭṭas řami řqebṭan x mya d yinni tuɣa akides
REC120_SEG0033,REC120,SPK009,train,vad_v2_spk009,507.616,526.792,19.176,data/processed/segments/REC120/REC120_SEG0033.wav,reviewed,iḥeṭṭan yasuɛ ẓrin anhezzi n temmurt d min imsaren ggʷeden aṭṭas nnan s tidett tuɣa wa d mmis n arebbi tuɣa din aṭṭas n temɣarin tinni tuɣa ixezzaren zi řaggʷaj ḍfarent yasuɛ zi ljalil ḥima ad xas sexxarent
REC120_SEG0034,REC120,SPK009,train,vad_v2_spk009,527.576,536.488,8.912,data/processed/segments/REC120/REC120_SEG0034.wav,reviewed,jarasent maryam n majdala d maryam yemmas n yaɛqub d yusis d yemmas n ayt n zabdi
REC120_SEG0035,REC120,SPK009,train,vad_v2_spk009,539.576,541.064,1.488,data/processed/segments/REC120/REC120_SEG0035.wav,reviewed,anḍeř n yasuɛ
REC120_SEG0037_PART01,REC120,SPK009,train,vad_v2_spk009,562.136,574.752,12.616,data/processed/segments/REC120/REC120_SEG0037_PART01.wav,reviewed,yusuf iksi rxecbet inneḍ i tt deg ict n txeyyaḍt n řeqṭen azdad iṣfan issars i tt deg ijj n wenḍeř n jdid i tuɣa iɣza uca awarni řami isseqnu
REC120_SEG0037_PART02,REC120,SPK009,train,vad_v2_spk009,574.752,587.368,12.616,data/processed/segments/REC120/REC120_SEG0037_PART02.wav,reviewed,nni ijj n teṣḍart ḥima ad iqfeř tawwart n wenḍeř iruḥ tuɣa din maryam n majdala d maryam nneɣnit qqiment qibač i wenḍeř
REC120_SEG0039,REC120,SPK009,train,vad_v2_spk009,593.016,601.416,8.4,data/processed/segments/REC120/REC120_SEG0039.wav,reviewed,tiwecca nnes awarni ass n usewjed munen imeqqranen n ikehhanen d ifarisiyyen ɣar pilaṭus nnan a siditneɣ
REC120_SEG0040,REC120,SPK009,train,vad_v2_spk009,602.168,609.0,6.832,data/processed/segments/REC120/REC120_SEG0040.wav,reviewed,neɛqeř belli aɣeccac a am tuɣa ɛad iddar inna awarni třata n wussan ad kkareɣ
REC120_SEG0041_PART01,REC120,SPK009,train,vad_v2_spk009,609.496,621.376,11.88,data/processed/segments/REC120/REC120_SEG0041_PART01.wav,reviewed,xenni umur ḥima ad ḍemnen anḍeř ař ass wiss třata ḥima ad taɣ imeḥḍaren nnes war dd ttisen s ǧiřet ad t acaren xenni ad inin i řgens aqa ikkar dd zi
REC120_SEG0041_PART02,REC120,SPK009,train,vad_v2_spk009,621.376,633.256,11.88,data/processed/segments/REC120/REC120_SEG0041_PART02.wav,reviewed,taddart n imettinen uca ammu i ɣa yiři uweddar aneggaru ktar x umezwar inna asen pilaṭus aqa ɣarwem iɛessasen ruḥem ḍemnen t am mammec tettwařam
REC120_SEG0042,REC120,SPK009,train,vad_v2_spk009,633.752,641.32,7.568,data/processed/segments/REC120/REC120_SEG0042.wav,reviewed,ruḥen ḥima ad ɛessen x wenḍeř uca ḍemnen aẓru nitni jmiɛ ak d iɛessasen
REC121_SEG0001,REC121,SPK009,train,vad_v2_spk009,1.56,3.016,1.456,data/processed/segments/REC121/REC121_SEG0001.wav,reviewed,tanukra n yasuɛ
REC121_SEG0002_PART01,REC121,SPK009,train,vad_v2_spk009,4.568,16.544,11.976,data/processed/segments/REC121/REC121_SEG0002_PART01.wav,reviewed,awarni řami teɛdu ssebt ɣar řefjar n wass amezwaru n ssimana tusa dd maryam n majdala d maryam nneɣnit ḥima ad ssijjent x wenḍeř
REC121_SEG0002_PART02,REC121,SPK009,train,vad_v2_spk009,16.544,28.52,11.976,data/processed/segments/REC121/REC121_SEG0002_PART02.wav,reviewed,xzar imsar ijj n wenhezzi n temmurt imɣar minzi lmalak n sidi ihwa dd zeg ujenna iqarreb dd isseqnunni taṣḍart zeg wadaf uca iqqim xas
REC121_SEG0003_PART01,REC121,SPK009,train,vad_v2_spk009,29.464,42.08,12.616,data/processed/segments/REC121/REC121_SEG0003_PART01.wav,reviewed,tuɣa ṣṣifet nnes am wajjaj u warruḍ nnes d acemřař am wedfeř iɛessasen fecřen zi teggʷudi zzayes uca dewřen am yimettinen lmalak iṭṭef deg wa
REC121_SEG0003_PART02,REC121,SPK009,train,vad_v2_spk009,42.08,54.696,12.616,data/processed/segments/REC121/REC121_SEG0003_PART02.wav,reviewed,wař inna i temɣarin war tteggʷedent ca minzi ssneɣ aqa kennint tarezzunt x yasuɛ wenni ittwaṣellben war da iǧi minzi netta ikkar dd am mammec inna
REC121_SEG0004,REC121,SPK009,train,vad_v2_spk009,55.512,73.128,17.616,data/processed/segments/REC121/REC121_SEG0004.wav,reviewed,asent i dd da xzarent amcan mani tuɣa immars siditneɣ ruḥent deɣya inint i imeḥḍaren nnes aqa ittwassnekkar dd zi taddart n imettinen u xzar netta d awem i ɣa izwaren ɣar ljalil
REC121_SEG0005_PART01,REC121,SPK009,train,vad_v2_spk009,74.968,87.12,12.152,data/processed/segments/REC121/REC121_SEG0005_PART01.wav,reviewed,din ad t tẓarem xzar aqa nniɣ awem tt ffɣent nitenti deɣya zeg wenḍeř s tiggʷudi d řefraḥet imɣaren ttazzřent ḥima ad tt xebbarent
REC121_SEG0005_PART02,REC121,SPK009,train,vad_v2_spk009,87.12,99.272,12.152,data/processed/segments/REC121/REC121_SEG0005_PART02.wav,reviewed,imeḥḍaren uca xzar yasuɛ iřqa tent deg webrid inna asen sřam xakent nitenti usint i dd ɣares ṭṭfent deg iḍaren nnes uca sejdent as
REC121_SEG0006,REC121,SPK009,train,vad_v2_spk009,99.832,109.544,9.712,data/processed/segments/REC121/REC121_SEG0006.wav,reviewed,řexdenni inna asent yasuɛ war tteggʷedent ca ssiwḍent řexbar a i aytma ḥima ad raḥen ɣar ljalil diha ad ayi ẓaren
REC121_SEG0008_PART01,REC121,SPK009,train,vad_v2_spk009,116.056,129.92,13.864,data/processed/segments/REC121/REC121_SEG0008_PART01.wav,reviewed,am ruḥent xzar aqa ca zeg iɛessasen usin dd ɣar tendint ḥima ad xebbaren imeqqranen n ikehhanen x marra min imsaren řexdenni munen nitni ak d imɣaren n řgens uca mcawaren akid
REC121_SEG0008_PART02,REC121,SPK009,train,vad_v2_spk009,129.92,143.784,13.864,data/processed/segments/REC121/REC121_SEG0008_PART02.wav,reviewed,sen uca wcin asen i iɛesskaryen ttmenyat n nnuqart war iǧi drus nnan inim imeḥḍaren nnes usin dd s ǧiřet uca ucaren t am tuɣa neṭṭeṣ
REC121_SEG0009,REC121,SPK009,train,vad_v2_spk009,144.376,161.608,17.232,data/processed/segments/REC121/REC121_SEG0009.wav,reviewed,uca mařa isřa i t lɛamil ad t nesseqneɛ uca ad negg war tettiřim deg imunas ṭṭfen tmenyat n nnuqart uca ggin am mammec d asen ɛeřmen ammu i dd itteffeɣ řexbar a jar wudayen ař ass n yiḍa
REC121_SEG0010,REC121,SPK009,train,vad_v2_spk009,164.28,167.688,3.408,data/processed/segments/REC121/REC121_SEG0010.wav,reviewed,řumur ameqqran i ubarreḥ n řexbar aṣebḥan
REC121_SEG0011,REC121,SPK009,train,vad_v2_spk009,168.664,183.048,14.384,data/processed/segments/REC121/REC121_SEG0011.wav,reviewed,ḥiṭac n imeḥḍaren nni ruḥen ɣar ljalil ɣar wedrar mani ten yumur yasuɛ ařami t ẓrin sejden as maca ca cekken iqarreb dd ɣarsen yasuɛ issiweř akidsen inna
REC121_SEG0012,REC121,SPK009,train,vad_v2_spk009,183.48,201.864,18.384,data/processed/segments/REC121/REC121_SEG0012.wav,reviewed,temmewc ayi marra ṣṣulṭa deg ujenna u x temmurt am mammec i d ayi dd issekk baba ammu kenniw i ɣa ssekkeɣ necc ruḥem arrem marra řegnus d imeḥḍaren inu u ssɣeḍṣem ten s yisem n tbabat d tmemmit d arruḥ iqeddsen
REC121_SEG0013,REC121,SPK009,train,vad_v2_spk009,202.232,218.201,15.969,data/processed/segments/REC121/REC121_SEG0013.wav,reviewed,u sřemdem asen ad ṭṭfen di marra min xef kenniw umureɣ zzayes u xzar necc aqa ayi akidwem marra ussan ař qeṭṭu n ddunect aneggar n l rexbar asebḥan iqeddsen am mammec t ibarreḥ matta
REC122_SEG0001,REC122,SPK009,train,vad_v2_spk009,1.656,8.072,6.416,data/processed/segments/REC122/REC122_SEG0001.wav,reviewed,rexbar asbḥan n yasuɛ lmasiḥ sufuss n markus twasit n yasuɛ lmasiḥ
REC122_SEG0002_PART01,REC122,SPK009,train,vad_v2_spk009,9.048,19.984,10.936,data/processed/segments/REC122/REC122_SEG0002_PART01.wav,reviewed,beddu n rexbar asbḥan n yasuɛ lmasiḥ mmis n arebbi am mammec tura deg wedlis n unabi icaɛya aqa necc ad ssekkeɣ zzat i wudem nnec arqq
REC122_SEG0002_PART02,REC122,SPK009,train,vad_v2_spk009,19.984,30.92,10.936,data/processed/segments/REC122/REC122_SEG0002_PART02.wav,reviewed,as inu wenni i ɣa isswejden abrid nnec tmijja n wenni isɣuyyun di řexřa swejdem abrid n sidi seggmem imesraq nnes
REC122_SEG0003,REC122,SPK009,train,vad_v2_spk009,31.64,38.184,6.544,data/processed/segments/REC122/REC122_SEG0003.wav,reviewed,tuɣa yuḥanna isseɣḍaṣ di řexřa ittbarreḥ s useɣḍeṣ n ttubet i weɣfar n ddnub
REC122_SEG0004_PART01,REC122,SPK009,train,vad_v2_spk009,38.84,49.44,10.6,data/processed/segments/REC122/REC122_SEG0004_PART01.wav,reviewed,ffɣen dd ɣares marra jjwayeh n yahudiyya d ayt n urcalim ttwassɣeḍṣen zzayes deg iɣzar n l urdun am neɛɛmen s ddnub nsen tuɣa yuḥ
REC122_SEG0004_PART02,REC122,SPK009,train,vad_v2_spk009,49.44,60.04,10.6,data/processed/segments/REC122/REC122_SEG0004_PART02.wav,reviewed,anna yarḍ taḍuft n iřeɣman ibekkes s yijj n webyas n yiřem x tejɛinna nnes u tuɣa ittett iburexsen d tamment taḥurrect
REC122_SEG0005,REC122,SPK009,train,vad_v2_spk009,60.344,78.888,18.544,data/processed/segments/REC122/REC122_SEG0005.wav,reviewed,tuɣa ittbarreḥ iqqar ad dd yas awarni ayi wenni ijehden xafi wenni umi war sdihiǧeɣ ad aḍareɣ maḥend ad fesyeɣ ifiřan n sandaliyat nnes necc ssɣeḍṣeɣ kenniw deg waman maca netta ad kenniw isseɣḍeṣ di arruḥ iqeddsen
REC122_SEG0006_PART01,REC122,SPK009,train,vad_v2_spk009,81.336,94.976,13.64,data/processed/segments/REC122/REC122_SEG0006_PART01.wav,reviewed,asɣdes n yasuɛ deg wussan nni yusa dd yasuɛ zi nnaṣira di ljalil ittwasseɣḍeṣ zi yuḥanna deg yeɣzar n l urdun deɣya am dd igeɛɛed zeg waman
REC122_SEG0006_PART02,REC122,SPK009,train,vad_v2_spk009,94.976,108.616,13.64,data/processed/segments/REC122/REC122_SEG0006_PART02.wav,reviewed,iẓra ijenwan arzmen uca arruḥ am tedbirt tehwa dd xas tusa dd ict n tmijja zeg ijenwan cek d mmi iɛizzen dayek ufiɣ arḍa inu
REC122_SEG0007,REC122,SPK009,train,vad_v2_spk009,110.552,112.872,2.32,data/processed/segments/REC122/REC122_SEG0007.wav,reviewed,ajareb n yasuɛ di řexřa
REC122_SEG0008,REC122,SPK009,train,vad_v2_spk009,114.904,126.504,11.6,data/processed/segments/REC122/REC122_SEG0008.wav,reviewed,deɣya igewwed i t arruḥ ɣar řexřa uca iqqim din di řexřa arebɛin n wussan ijarreb i t cciṭan tuɣa t ak d řewḥuc uca sexxarent xas lmalakat
REC122_SEG0009,REC122,SPK009,train,vad_v2_spk009,128.408,130.92,2.512,data/processed/segments/REC122/REC122_SEG0009.wav,reviewed,ařaɣi n imeḥḍaren imezwura
REC122_SEG0010,REC122,SPK009,train,vad_v2_spk009,132.6,148.04,15.44,data/processed/segments/REC122/REC122_SEG0010.wav,reviewed,awarni řami ṭṭfen yuḥanna yudef dd yasuɛ ɣar ljalil ittbarreḥ s řexbar aṣebḥan n tgeldit inna aqa řweqt tiweḍ dd tqarreb dd tgeldit n arebbi tubem amnem di řexbar aṣebḥan
REC122_SEG0011_PART01,REC122,SPK009,train,vad_v2_spk009,148.728,160.336,11.608,data/processed/segments/REC122/REC122_SEG0011_PART01.wav,reviewed,am tuɣa iggur ɣar řebḥar n ljalil iẓra cimɛun d andrawus umas neṭṭaren tracca di řebḥar maɣar nitni d ineymaren n iseř
REC122_SEG0011_PART02,REC122,SPK009,train,vad_v2_spk009,160.336,171.944,11.608,data/processed/segments/REC122/REC122_SEG0011_PART02.wav,reviewed,man inna asen yasuɛ asem dd awarni ayi uca ad kenniw arreɣ d ineymaren n yewdan řexdenni jjin tiracciwin nsen uca ḍfaren t
REC122_SEG0012,REC122,SPK009,train,vad_v2_spk009,172.6,190.76,18.16,data/processed/segments/REC122/REC122_SEG0012.wav,reviewed,xenni awarni řami iɛdu cwayt ssenni iẓra yaɛqub mmis n zabdi d umas yuḥanna di tɣarrabut ɛedřen tiracciwin nsen iřaɣa xasen uca řexdenni jjin babatsen zabdi ak d ixemmasen di tɣarrabut uca ḍfaren t
REC122_SEG0014,REC122,SPK009,train,vad_v2_spk009,199.064,205.896,6.832,data/processed/segments/REC122/REC122_SEG0014.wav,reviewed,xeccen ɣar kafarnaḥum uca deɣya ibda isseřmad di ssebt di temzida
REC122_SEG0015_PART01,REC122,SPK009,train,vad_v2_spk009,206.52,220.784,14.264,data/processed/segments/REC122/REC122_SEG0015_PART01.wav,reviewed,tbehten zeg useřmed nnes minzi isseřmed i ten am wenni ɣar teǧa ṣṣulṭa war iǧi am yimseřmaden n idlisen tuɣa di temzida nsen ijj n bnadem dayes ijj n řaryaḥ d amen
REC122_SEG0015_PART02,REC122,SPK009,train,vad_v2_spk009,220.784,235.048,14.264,data/processed/segments/REC122/REC122_SEG0015_PART02.wav,reviewed,gus isɣuyyu iqqar min din jar aneɣ neccin d cek a yasuɛ nnaṣiri ma tusid dd ḥima ad aneɣ tesshellked aqa necc ssneɣ cek min teɛnid aqa cek d amqeddas n arebbi
REC122_SEG0016,REC122,SPK009,train,vad_v2_spk009,235.64,248.36,12.72,data/processed/segments/REC122/REC122_SEG0016.wav,reviewed,uca iɛřem as yasuɛ inna as sqar ffeɣ zzayes ijebd i t řaryaḥ amengus isɣuy s ict n tɣuyyit tejhed
REC122_SEG0017_PART01,REC122,SPK009,train,vad_v2_spk009,249.24,259.264,10.024,data/processed/segments/REC122/REC122_SEG0017_PART01.wav,reviewed,marra mmseqsan ak d wayawya nnan man aya mana taɣuri ya n jdid minzi s ṣṣulṭa yumur
REC122_SEG0017_PART02,REC122,SPK009,train,vad_v2_spk009,259.264,269.288,10.024,data/processed/segments/REC122/REC122_SEG0017_PART02.wav,reviewed,uřa d řaryaḥ imengas uca at ttaɛen řexdenni iffeɣ řexbar nnes ɣar marra jjwayeh i d as dd innḍen i ljalil
REC122_SEG0018,REC122,SPK009,train,vad_v2_spk009,272.28,283.368,11.088,data/processed/segments/REC122/REC122_SEG0018.wav,reviewed,asgenfi n tḍekkwač n buṭrus awarni řami dd ffɣen zi temzida ruḥen ɣar taddart n cimɛun d andrawus ak d yaɛqub d yuḥanna
REC122_SEG0019_PART01,REC122,SPK009,train,vad_v2_spk009,284.216,297.376,13.16,data/processed/segments/REC122/REC122_SEG0019_PART01.wav,reviewed,tuɣa taḍekkwač n cimɛun tezzeř s tmessi uca nitni ssiwřen xas akides iqarreb dd ɣares icebbar deg ufus nnes issgeɛɛed i tt i dd deɣya
REC122_SEG0019_PART02,REC122,SPK009,train,vad_v2_spk009,297.376,310.536,13.16,data/processed/segments/REC122/REC122_SEG0019_PART02.wav,reviewed,tejja xas tmessi uca nettat tebda tettsexxar xasen řami dd tiweḍ tmeddit tafuct truḥ ad teɣři iwyen ɣares marra imehřac d imaryaḥ
REC122_SEG0020,REC122,SPK009,train,vad_v2_spk009,311.224,322.408,11.184,data/processed/segments/REC122/REC122_SEG0020.wav,reviewed,tuɣa tandint marra tmun ɣar tewwart issgenfa aṭṭas n imeḥřac s ɛřam kuř řehřacat uca issuffeɣ aṭṭas n waryaḥ iɛeffanen
REC122_SEG0021,REC122,SPK009,train,vad_v2_spk009,323.096,327.688,4.592,data/processed/segments/REC122/REC122_SEG0021.wav,reviewed,war ijji ccwaṭen ad ssiwřen minzi ssnen t
REC122_SEG0022,REC122,SPK009,train,vad_v2_spk009,330.904,333.448,2.544,data/processed/segments/REC122/REC122_SEG0022.wav,reviewed,iẓẓuǧ yasuɛ ɣar ṣṣbeḥ zic
REC122_SEG0023_PART01,REC122,SPK009,train,vad_v2_spk009,333.944,348.596,14.652,data/processed/segments/REC122/REC122_SEG0023_PART01.wav,reviewed,tiwecca zic tuɣa ɛad d ǧiřet ikkar uca iffeɣ ɣar ijj n wemcan ixřan tuɣa ittẓaǧa din cimɛun d yinni tuɣa akides arzun xas řami t ufin nnan as marra iwdan
REC122_SEG0023_PART02,REC122,SPK009,train,vad_v2_spk009,348.596,363.248,14.652,data/processed/segments/REC122/REC122_SEG0023_PART02.wav,reviewed,arezzun xak inna asen ittxeṣṣa ad nraḥ ɣar dcurat d tneddam yudsen ḥima ad din barrḥeɣ ɛawed minzi aqa i uya umi dd usiɣ tuɣa isseřmad di temzidawin nsen
REC122_SEG0024,REC122,SPK009,train,vad_v2_spk009,363.248,366.856,3.608,data/processed/segments/REC122/REC122_SEG0024.wav,reviewed,di marra ljalil u issuffuɣ ccwaṭen
REC122_SEG0025,REC122,SPK009,train,vad_v2_spk009,370.392,373.352,2.96,data/processed/segments/REC122/REC122_SEG0025.wav,reviewed,asgenfi n ijj n bnadem dayes řbarṣ
REC122_SEG0026,REC122,SPK009,train,vad_v2_spk009,374.584,385.256,10.672,data/processed/segments/REC122/REC122_SEG0026.wav,reviewed,yusa dd ɣares ijjen dayes řbarṣ iwḍa ɣar iḍaren nnes ittar as inna mařa texsed tzemmared ad ayi tessizdeged
REC122_SEG0027,REC122,SPK009,train,vad_v2_spk009,386.104,400.36,14.256,data/processed/segments/REC122/REC122_SEG0027.wav,reviewed,izziǧez i yasuɛ isswiẓẓeḍ afus nnes iḥada i t inna as xseɣ iwa dweř d amezdag di tsaɛɛet nni am tyinna rexdenni iruḥ xas řbarṣ uca idweř izdig
REC122_SEG0028,REC122,SPK009,train,vad_v2_spk009,401.24,419.016,17.776,data/processed/segments/REC122/REC122_SEG0028.wav,reviewed,awarni řami d as iɛřem issekk i t řexdenni inna as xzar war t ttɛiwid uřa i yijjen maca ruḥ scen ixef nnec i ukehhan uca ewc x usizdeg nnec min yumur musa maḥend ad tcehded i nitni
REC122_SEG0029,REC122,SPK009,train,vad_v2_spk009,419.768,435.464,15.696,data/processed/segments/REC122/REC122_SEG0029.wav,reviewed,maca řami iruḥ ibda ittbarreḥ aṭṭas issuffeɣ řexbar ařami war izemmar yasuɛ ad yadef ɣar tandint s bṭayṭay maca tuɣa t barra deg imucan ixřan tuɣa ttasen dd ɣares zi kuř jjwayeh
REC123_SEG0001_PART01,REC123,SPK009,train,vad_v2_spk009,0.28,11.536,11.256,data/processed/segments/REC123/REC123_SEG0001_PART01.wav,reviewed,asgenfi n ijj n uneɛḍab yudef yasuɛ ɛawed ɣar kafarnaḥum řami sřin belli aqa t di taddart munen xas waṭṭas n iwdan
REC123_SEG0002,REC123,SPK009,train,vad_v2_spk009,23.16,39.432,16.272,data/processed/segments/REC123/REC123_SEG0002.wav,reviewed,arbun t i dd jar asen arebɛa n yeryazen minzi war zemmaren ad ɣares dd qarrben zi ssibbet n řɣaci gaɛɛden x tzeqqa ksin cwayt zi tzeqqa sennej amcan mani tuɣa yasuɛ uca ssehwan dd tassut min xef izzeř uneɛḍab
REC123_SEG0003,REC123,SPK009,train,vad_v2_spk009,39.864,58.248,18.384,data/processed/segments/REC123/REC123_SEG0003.wav,reviewed,umi iẓra yasuɛ l iman nsen inna i uneɛḍab a mmi aqa ddnub nnec ttwaɣfaren tuɣa qqimen din ca n imseřmaden n idlisen d ifarisiyyen ttxarraṣen deg wuř nsen min iɛna wa i ittceqqafen ammu wi izemmaren ad iɣfar ddnub mɣir arebbi weḥḥdes
REC123_SEG0004,REC123,SPK009,train,vad_v2_spk009,58.68,76.2,17.52,data/processed/segments/REC123/REC123_SEG0004.wav,reviewed,rexdenni yuca yasuɛ s arruḥ nnes belli aqa ttxarraṣen ammu deg ixef nsen inna asen mayemmi tettxemmamem di man aya deg wuřawen nwem min ihewnen ad iniɣ i uneɛḍab ttwaɣfaren ddnub nnec niɣ ad iniɣ kkar ksi tassut nnec uca uyur
REC123_SEG0005_PART01,REC123,SPK009,train,vad_v2_spk009,76.6,87.952,11.352,data/processed/segments/REC123/REC123_SEG0005_PART01.wav,reviewed,maca ḥima ad tessnem belli mmis n bnadem ɣares ṣṣulṭa x temmurt maḥend ad iɣfar ddnub inna xenni i uneɛḍab necc ad ac iniɣ kkar ksi tassut nnec truḥed ɣar taddart nnec
REC123_SEG0005_PART02,REC123,SPK009,train,vad_v2_spk009,87.952,99.304,11.352,data/processed/segments/REC123/REC123_SEG0005_PART02.wav,reviewed,deɣya ikkar řexdenni iksi tassut nnes uca iffeɣ qibač i marra iwdan ařami tbehten marra ssemɣaren di arebbi nnan ɛemmarṣ war neẓri man aya
REC123_SEG0006_PART01,REC123,SPK009,train,vad_v2_spk009,100.408,113.28,12.872,data/processed/segments/REC123/REC123_SEG0006_PART01.wav,reviewed,ařaɣi n matta lawi xenni iffeɣ ɛawed ɣar řebḥar uca yusa dd ɣares řɣaci marra uca isseřmed i ten am yeɛdu ibarq lawi mmis n ḥalfa iqqim ɣar taddart n ḍḍariba
REC123_SEG0006_PART02,REC123,SPK009,train,vad_v2_spk009,113.28,126.152,12.872,data/processed/segments/REC123/REC123_SEG0006_PART02.wav,reviewed,uca inna as ḍfar ayi dd ikkar uca iḍfar i t am iqqim netta ɣar umensi di taddart nnes tuɣa aṭṭas n ayt n ḍḍariba d imednab qqimen ak d yasuɛ d imeḥḍaren nnes
REC123_SEG0007_PART01,REC123,SPK009,train,vad_v2_spk009,126.456,140.624,14.168,data/processed/segments/REC123/REC123_SEG0007_PART01.wav,reviewed,minzi tuɣa aten deg waṭṭas uca ḍfaren t umi ẓrin imseřmaden n idlisen d ifarisiyyen aqa ittett ak d ayt n ḍḍariba d imednab nnan i imeḥḍaren nnes mayemmi ittett isess ak d ayt n
REC123_SEG0007_PART02,REC123,SPK009,train,vad_v2_spk009,140.624,154.792,14.168,data/processed/segments/REC123/REC123_SEG0007_PART02.wav,reviewed,ḍḍariba d imednab řami isřa yasuɛ man aya inna asen inni iṣeḥḥen war ḥdijen ca aḍbib maca imehřac wah aqa war dd usiɣ ḥima ad řaɣiɣ i yinni iseggden maca i imednab
REC123_SEG0008,REC123,SPK009,train,vad_v2_spk009,155.832,168.456,12.624,data/processed/segments/REC123/REC123_SEG0008.wav,reviewed,aseqsi x uẓummi tuɣa imeḥḍaren n yuḥanna amseɣḍaṣ d ifarisiyyen ttẓumman uca xenni usin dd ɣares nnan as mayemmi ttẓumman imeḥḍaren n yuḥanna d ifarisiyyen
REC123_SEG0009_PART01,REC123,SPK009,train,vad_v2_spk009,169.08,182.656,13.576,data/processed/segments/REC123/REC123_SEG0009_PART01.wav,reviewed,maca imeḥḍaren nnec war ttẓummin ca inna asen yasuɛ ma zemmaren tarwa n umuřay ad ẓummen d umuřay ɛad akidsen lla
REC123_SEG0009_PART02,REC123,SPK009,train,vad_v2_spk009,182.656,196.232,13.576,data/processed/segments/REC123/REC123_SEG0009_PART02.wav,reviewed,maca ad dd asen wussan xmi d ɣa immeksi umuřay xasen uca xenni ad ẓummen deg wussan nni war iǧi ḥed ittxeyyeḍ taneqqič zi tcuqqet n jdid x warruḍ aqdim
REC123_SEG0010_PART01,REC123,SPK009,train,vad_v2_spk009,196.44,208.096,11.656,data/processed/segments/REC123/REC123_SEG0010_PART01.wav,reviewed,niɣ xenni taneqqič nni n jdid ad teqřeɛ zeg warruḍ abuřay uca ad idweř ucarreg imɣar uřa d ijj war ittfarreɣ binu n jdid di txuncay tiqdimin
REC123_SEG0010_PART02,REC123,SPK009,train,vad_v2_spk009,208.096,219.752,11.656,data/processed/segments/REC123/REC123_SEG0010_PART02.wav,reviewed,ḥima binu n jdid war ittcarrig tixuncay u tixuncay ad ḍeyyɛent uca binu ad izeǧeɛ maca ittxeṣṣa ad ittwaffareɣ binu n jdid di txuncay n jdid
REC123_SEG0011,REC123,SPK009,train,vad_v2_spk009,220.888,223.24,2.352,data/processed/segments/REC123/REC123_SEG0011.wav,reviewed,lmasiḥ d bab n ssebt
REC123_SEG0012_PART01,REC123,SPK009,train,vad_v2_spk009,223.704,238.612,14.908,data/processed/segments/REC123/REC123_SEG0012_PART01.wav,reviewed,xenni imsar aqa icuq yasuɛ deg iyyaren n imendi di ssebt uca imeḥḍaren nnes bdan řeqqḍen tidrin am gguren nnan as ifarisiyyen xzar mayemmi tteggen di ssebt min war iḥeǧřen inna asen
REC123_SEG0012_PART02,REC123,SPK009,train,vad_v2_spk009,238.612,253.52,14.908,data/processed/segments/REC123/REC123_SEG0012_PART02.wav,reviewed,yasuɛ ma war teɣrim qaɛ min igga dawud řami tuɣa ittwaḥṣar iṭṭef i t řaẓ netta d yinni akides mammec dd yudef ɣar taddart n arebbi deg wussan n abyatar arrays n ikehhanen uca icca aɣrum
REC123_SEG0013,REC123,SPK009,train,vad_v2_spk009,253.52,270.864,17.344,data/processed/segments/REC123/REC123_SEG0013.wav,reviewed,n wescan n sidi i war iḥeǧřen ad t ccen mɣir ikehhanen waha uca iwca ɛawed i yinni tuɣa akides xenni inna asen aqa ass n ssebt ittwagg i bnadem war iǧi bnadem i ssebt ammu i iǧa mmis n bnadem uřa d bab n ssebt
REC124_SEG0001,REC124,SPK009,train,vad_v2_spk009,0.696,2.856,2.16,data/processed/segments/REC124/REC124_SEG0001.wav,reviewed,asgenfi deg wass n ssebt
REC124_SEG0002,REC124,SPK009,train,vad_v2_spk009,3.64,15.528,11.888,data/processed/segments/REC124/REC124_SEG0002.wav,reviewed,uca yudef dd yasuɛ ɛawed ɣar temzida tuɣa din ijj n weryaz afus nnes iqucceḥ bdan ḥeṭṭan t ma ad taɣ ad t issgenfa di ssebt ḥima zemmaren ad zzayes cetcan
REC124_SEG0003_PART01,REC124,SPK009,train,vad_v2_spk009,15.864,28.256,12.392,data/processed/segments/REC124/REC124_SEG0003_PART01.wav,reviewed,inna as i weryaz wenni ɣar iǧa afus iqucceḥ bedd di řwesṭ xenni inna asen ma iḥeǧeř di ssebt ad itwag min icnan niɣ min idǧan daɛfan
REC124_SEG0003_PART02,REC124,SPK009,train,vad_v2_spk009,28.256,40.648,12.392,data/processed/segments/REC124/REC124_SEG0003_PART02.wav,reviewed,issenjem ijj n řeɛmar niɣ ad t yareddeǧ maca nitni sqaren ixzar ɣar yinni d as dd innḍen s tefqeḥt zi ssibbet n řeqsaḥet n wuřawen nsen uca inna i weryaz
REC124_SEG0004,REC124,SPK009,train,vad_v2_spk009,40.888,56.776,15.888,data/processed/segments/REC124/REC124_SEG0004.wav,reviewed,swiẓẓeḍ afus nnec isswiẓẓeḍ i t i dd idweř ufus nnes iṣeḥḥ ɛawed řexdenni ffɣen ifarisiyyen ak d ca zi taddart n hirudus uca mcawaren xas mammec ɣa ggen ad t areddǧen
REC124_SEG0005,REC124,SPK009,train,vad_v2_spk009,58.68,62.76,4.08,data/processed/segments/REC124/REC124_SEG0005.wav,reviewed,yasuɛ isscen ṣṣulṭa nnes x řaryaḥ imengas
REC124_SEG0006,REC124,SPK009,train,vad_v2_spk009,63.736,81.16,17.424,data/processed/segments/REC124/REC124_SEG0006.wav,reviewed,iffeɣ yasuɛ ak d imeḥḍaren nnes ɣar řebḥar uca yarni iḍeffar i t dd řɣaci aṭṭas zi ljalil zi yahudiyya zi urcalim zi idumiya zeg ujemmaḍ n l urdun zi ṣur u zi ṣaydun aqa ijj n řɣaci d ameqqran
REC124_SEG0008_PART01,REC124,SPK009,train,vad_v2_spk009,86.136,98.992,12.856,data/processed/segments/REC124/REC124_SEG0008_PART01.wav,reviewed,inna i imeḥḍaren nnes maḥend ad awyen ict n tɣarrabut ɣares s ssibbet n řɣaci ḥima war t ddeḥḥsen minzi tuɣa issgenfa din aṭṭas ařami xas
REC124_SEG0008_PART02,REC124,SPK009,train,vad_v2_spk009,98.992,111.848,12.856,data/processed/segments/REC124/REC124_SEG0008_PART02.wav,reviewed,wḍan ḥima ad t awḍen ad t ḥadan uca řaryaḥ imengas wḍan zzates ɣar iḍaren nnes řami t ẓrin sɣuyen qqan aqa cek d mmis n arebbi
REC124_SEG0009,REC124,SPK009,train,vad_v2_spk009,112.12,116.552,4.432,data/processed/segments/REC124/REC124_SEG0009.wav,reviewed,maca iweṣṣa ten aṭṭas ḥima war xas ssuffuɣen řexbar
REC124_SEG0010,REC124,SPK009,train,vad_v2_spk009,121.016,123.976,2.96,data/processed/segments/REC124/REC124_SEG0010.wav,reviewed,yasuɛ ixḍar tenɛac n rrusul nnes
REC124_SEG0011_PART01,REC124,SPK009,train,vad_v2_spk009,124.6,139.168,14.568,data/processed/segments/REC124/REC124_SEG0011_PART01.wav,reviewed,xas uca yuři ɣar wedrar iřaɣa dd ɣares inni ixs uca usin dd ɣares igga tenɛac ḥima ad kides iřin u ḥima ad ten issekk maḥend ad barrḥen s rexbar asebḥan uca
REC124_SEG0011_PART02,REC124,SPK009,train,vad_v2_spk009,139.168,153.736,14.568,data/processed/segments/REC124/REC124_SEG0011_PART02.wav,reviewed,maḥend ad ɣarsen tiři ṣṣulṭa x usgenfi n řehřac u x usuffeɣ n raryaḥ iɛeffanen cimɛun igga as buṭrus isem wanita ixs ad yini aẓru d yaɛqub mmis n zabdi d yuḥanna umas n yaɛqub
REC124_SEG0012_PART01,REC124,SPK009,train,vad_v2_spk009,153.752,166.016,12.264,data/processed/segments/REC124/REC124_SEG0012_PART01.wav,reviewed,isemma aten buwanirjis min ixs ad yini ayt n wajjaj uca ifarz ɛawed andrawus d filippus d bar tulumawus
REC124_SEG0012_PART02,REC124,SPK009,train,vad_v2_spk009,166.016,178.28,12.264,data/processed/segments/REC124/REC124_SEG0012_PART02.wav,reviewed,d matta d tuma d yaɛqub mmis n ḥalfa d taddawus d cimɛun wenni umi ttkennan amɛessab d yahuda isxariyuṭi wenni t i ɣa iɣdaren
REC124_SEG0013,REC124,SPK009,train,vad_v2_spk009,180.696,182.984,2.288,data/processed/segments/REC124/REC124_SEG0013.wav,reviewed,yasuɛ d beɛalzabub
REC124_SEG0014_PART01,REC124,SPK009,train,vad_v2_spk009,183.512,198.064,14.552,data/processed/segments/REC124/REC124_SEG0014_PART01.wav,reviewed,usin dd ɣar taddart uca inneyru din ɛawed řɣaci ařami war ufin tawwart x macca n weɣrum umi sřin řaǧ nnes man aya ffɣen dd ḥima ad t ṭṭfen minzi nnan aqa
REC124_SEG0014_PART02,REC124,SPK009,train,vad_v2_spk009,198.064,212.616,14.552,data/processed/segments/REC124/REC124_SEG0014_PART02.wav,reviewed,ibbuhři maca imseřmaden n idlisen inni dd ihwan zi urcalim nnan aqa dayes beɛalzabub uca nnan ɛawed s umeqqran n raryaḥ iɛeffanen issuffuɣ raryaḥ iɛeffanen
REC124_SEG0015_PART01,REC124,SPK009,train,vad_v2_spk009,212.632,226.08,13.448,data/processed/segments/REC124/REC124_SEG0015_PART01.wav,reviewed,iřaɣa asen dd uca issiweř akidsen s imedya mammec izemmar cciṭan ad issuffeɣ cciṭan maɣar mařa temsebḍa ict n tgeldit x yixef nnes war tzemmar tgeldit nni ad tbedd
REC124_SEG0015_PART02,REC124,SPK009,train,vad_v2_spk009,226.08,239.528,13.448,data/processed/segments/REC124/REC124_SEG0015_PART02.wav,reviewed,mařa temsebḍa ijj n taddart x yixef nnes war tzemmar taddart nni ad tbedd mařa ikkar cciṭan ḍidd i yixef nnes xenni war ittiři d ijjen uca war izemmar ad ibedd
REC124_SEG0016,REC124,SPK009,train,vad_v2_spk009,240.088,243.496,3.408,data/processed/segments/REC124/REC124_SEG0016.wav,reviewed,maca ad yiři man aya d aneggar nnes
REC124_SEG0017,REC124,SPK009,train,vad_v2_spk009,244.248,255.24,10.992,data/processed/segments/REC124/REC124_SEG0017.wav,reviewed,war izemmar ḥed ad yadef ɣar taddart n wenni ijehden maḥend ad ikecceḍ řeqcuɛ nnes mařa war icarf wenni ijehden amezwar
REC124_SEG0018_PART01,REC124,SPK009,train,vad_v2_spk009,255.704,269.568,13.864,data/processed/segments/REC124/REC124_SEG0018_PART01.wav,reviewed,xenni izemmar ad ikecceḍ taddart nnes s tidett necc ad awem iniɣ belli ad asen ttwaɣfaren i tarwa n bnadem marra ddnub nsen uřa d aceqqef i zi ɣa ceqqfen maca wenni i ɣa
REC124_SEG0018_PART02,REC124,SPK009,train,vad_v2_spk009,269.568,283.432,13.864,data/processed/segments/REC124/REC124_SEG0018_PART02.wav,reviewed,iceqqfen di arruḥ iqeddsen war ɣares bu weɣfar qaɛ maca aqa ittwaḥkem xas s řḥukm ittduman minzi nitni nnan aqa dayes řaryaḥ amengus
REC124_SEG0019_PART01,REC124,SPK009,train,vad_v2_spk009,287.16,297.568,10.408,data/processed/segments/REC124/REC124_SEG0019_PART01.wav,reviewed,yemmas d aytmas n yasuɛ řexdenni tusa d aytmas dd yemmas bedden barra i taddart uca ssekken dd ɣares řaɣan as dd
REC124_SEG0019_PART02,REC124,SPK009,train,vad_v2_spk009,297.568,307.976,10.408,data/processed/segments/REC124/REC124_SEG0019_PART02.wav,reviewed,maca řɣaci qqimen nnḍen as dd nnan as xzar yemmac d aytmac aqa aten di barra arezzun xak yarra dd xasen inna
REC124_SEG0020,REC124,SPK009,train,vad_v2_spk009,308.44,326.504,18.064,data/processed/segments/REC124/REC124_SEG0020.wav,reviewed,man ten i iǧan d yemma u man yen i iǧan d aytma uca umi ixzar ɣar yinni ɣares iqqimen inna xzar aqa yemma d aytma minzi wenni itteggen min ixs arebbi d netta d uma d učma d yemma
REC125_SEG0001,REC125,SPK009,train,vad_v2_spk009,0.76,2.632,1.872,data/processed/segments/REC125/REC125_SEG0001.wav,reviewed,amedya n umzzariɛ
REC125_SEG0002,REC125,SPK009,train,vad_v2_spk009,3.32,15.976,12.656,data/processed/segments/REC125/REC125_SEG0002.wav,reviewed,ibda isseřmad ɛawed ɣar řebḥar u imun dd xas řɣaci aṭṭas ařami yenya di tɣarrabut uca iqqim dayes x řebḥar am řɣaci marra tuɣa t x tma n řebḥar x řbarr
REC125_SEG0003,REC125,SPK009,train,vad_v2_spk009,16.856,33.0,16.144,data/processed/segments/REC125/REC125_SEG0003.wav,reviewed,tuɣa isseřmad i ten s imedya aṭṭas inna di tɣuri nnes sřem xzar ijj n ufeǧaḥ iffeɣ ḥima ad izarɛ am tuɣa izarreɛ tewḍa ca n zzariɛet x tma n webrid
REC125_SEG0004_PART01,REC125,SPK009,train,vad_v2_spk009,33.528,43.728,10.2,data/processed/segments/REC125/REC125_SEG0004_PART01.wav,reviewed,ixecc dd ijj n ujḍiḍ ineqb i tt tewḍa ca n zzariɛet nneɣni x weẓru mani war dayes tuɣi bu ucař aṭṭas deɣya teɣmi
REC125_SEG0004_PART02,REC125,SPK009,train,vad_v2_spk009,43.728,53.928,10.2,data/processed/segments/REC125/REC125_SEG0004_PART02.wav,reviewed,s minzi tammurt war tuǧiɣ maca umi dd tenqar tfuct tecmeḍ minzi war ɣares tuɣi bu weẓwar xenni tisřaw
REC125_SEG0005_PART01,REC125,SPK009,train,vad_v2_spk009,54.456,68.416,13.96,data/processed/segments/REC125/REC125_SEG0005_PART01.wav,reviewed,tewḍa ca n zzariɛet nneɣni jar isennanen uca mɣaren xas isennanen uca jeyyḥen tt war tewci ca řɣiǧet tewḍa ca n zzariɛet nneɣni x temmurt teṣbeḥ uca teɣmi tegma tewca řɣiǧet
REC125_SEG0005_PART02,REC125,SPK009,train,vad_v2_spk009,68.416,82.376,13.96,data/processed/segments/REC125/REC125_SEG0005_PART02.wav,reviewed,ca n zzariɛet tusa dd s třatin ca s settin u ca s mya n tseqqar xenni inna wenni ɣar iǧa imezzuɣen i useǧi ejj i t ad iseř
REC125_SEG0006,REC125,SPK009,train,vad_v2_spk009,83.672,93.576,9.904,data/processed/segments/REC125/REC125_SEG0006.wav,reviewed,maymi issiwer yasuɛ s imedya umi tuɣa aten weḥḥedsen sseqsan t inni d as dd innḍen jmiɛ ak d tenɛac x umedya nni
REC125_SEG0007_PART01,REC125,SPK009,train,vad_v2_spk009,94.424,106.272,11.848,data/processed/segments/REC125/REC125_SEG0007_PART01.wav,reviewed,inna asen aqa immewc awem maḥend ad tessnem ssirr n tgeldit n arebbi maca inni di barra ad asen yiři kuřci s imedya ḥima am ttwařan
REC125_SEG0007_PART02,REC125,SPK009,train,vad_v2_spk009,106.272,118.12,11.848,data/processed/segments/REC125/REC125_SEG0007_PART02.wav,reviewed,ad ttwařan uca war ttwiřin am ttesřan ttesřan uca war fehhmen ḥima war ttetuben uca ad asen ittwaɣfar ddnub nsen
REC125_SEG0008,REC125,SPK009,train,vad_v2_spk009,120.792,127.752,6.96,data/processed/segments/REC125/REC125_SEG0008.wav,reviewed,afsar n umedya n zzariɛet inna asen ma war tefhimem ca i umedya ya
REC125_SEG0009,REC125,SPK009,train,vad_v2_spk009,128.824,132.264,3.44,data/processed/segments/REC125/REC125_SEG0009.wav,reviewed,mammec i ɣa tessnem marra imettiřen a
REC125_SEG0010_PART01,REC125,SPK009,train,vad_v2_spk009,132.632,145.728,13.096,data/processed/segments/REC125/REC125_SEG0010_PART01.wav,reviewed,afeǧaḥ nni izarɛen izarreɛ awař ina aqa d inni x webrid aqa yina d yinni daysen ittwazarɛ wawař maca awarni řami d as sřin řexdenni yusa dd cciṭan
REC125_SEG0010_PART02,REC125,SPK009,train,vad_v2_spk009,145.728,158.824,13.096,data/processed/segments/REC125/REC125_SEG0010_PART02.wav,reviewed,uca ikkes awař i ittwazarɛen deg wuřawen nsen uca yina d inni ittwazarɛen x temmurt uḥejri aqa yina d inni xmi ɣa sřen awař
REC125_SEG0011,REC125,SPK009,train,vad_v2_spk009,159.224,169.8,10.576,data/processed/segments/REC125/REC125_SEG0011.wav,reviewed,ad t qebřen deɣya s řefraḥet maca war ɣarsen bu jjadira deg ixef nsen maca ad qqimen ɣar ijj n řmijař
REC125_SEG0012_PART01,REC125,SPK009,train,vad_v2_spk009,170.328,184.352,14.024,data/processed/segments/REC125/REC125_SEG0012_PART01.wav,reviewed,mařa temsar řmeḥnet niɣ umarret di ssibbet n wawař ad nqarḍen deɣya uca yina d inni ittwazarɛen jar isennanen aqa yina d inni xmi ɣa sře
REC125_SEG0012_PART02,REC125,SPK009,train,vad_v2_spk009,184.352,198.376,14.024,data/processed/segments/REC125/REC125_SEG0012_PART02.wav,reviewed,n awař ad ɣarsen dd adfent tḥissaf n ddunect a d uɣekkʷi n wagřa d marra nnecwat inneɣni ad jeyyfent awař xenni
REC125_SEG0013_PART01,REC125,SPK009,train,vad_v2_spk009,198.392,208.432,10.04,data/processed/segments/REC125/REC125_SEG0013_PART01.wav,reviewed,idakkʷař wawař břa řɣiǧet uca yina d inni ittwazarɛen x temmurt iṣebḥen aqa yina d inni xmi
REC125_SEG0013_PART02,REC125,SPK009,train,vad_v2_spk009,208.432,218.472,10.04,data/processed/segments/REC125/REC125_SEG0013_PART02.wav,reviewed,ɣa sřen awař ad t qebřen ad wcen řɣiǧet ca zzaysen třatin inneɣni settin u inneɣni mya n tseqqar
REC125_SEG0014,REC125,SPK009,train,vad_v2_spk009,220.632,223.816,3.184,data/processed/segments/REC125/REC125_SEG0014.wav,reviewed,amedya n řqendiř inna asen
REC125_SEG0015,REC125,SPK009,train,vad_v2_spk009,224.568,230.152,5.584,data/processed/segments/REC125/REC125_SEG0015.wav,reviewed,ma ad dd asen s řqendiř ḥima ad immars sadu rkkʷarbed niɣ sadu qama
REC125_SEG0016_PART01,REC125,SPK009,train,vad_v2_spk009,230.744,243.36,12.616,data/processed/segments/REC125/REC125_SEG0016_PART01.wav,reviewed,ma war ittmarsi ca x řmerfeɛ minzi war din min inuffaren war dd ittwassargeb uca war din uřa d ict n řḥajjet di tnuffra war tetwasseḍhari mařa din ḥed i ɣar
REC125_SEG0016_PART02,REC125,SPK009,train,vad_v2_spk009,243.36,255.976,12.616,data/processed/segments/REC125/REC125_SEG0016_PART02.wav,reviewed,iǧa imezzuɣen i useǧi ejj i t ad iseř inna asen ḥḍam min ɣa tesřem s řeqyas nni zzayes i ɣa teɛbarem zzayes i d awem ɣa ɛbaren ɛawed
REC125_SEG0017,REC125,SPK009,train,vad_v2_spk009,256.088,270.824,14.736,data/processed/segments/REC125/REC125_SEG0017.wav,reviewed,uca i kenniw inni ittesřan ad asen immarni ɛad minzi wenni ɣar iǧa ad as immarni u wenni war ɣar iǧi uřa d min ɣares ad as ittwakkes
REC125_SEG0018,REC125,SPK009,train,vad_v2_spk009,273.912,277.576,3.664,data/processed/segments/REC125/REC125_SEG0018.wav,reviewed,amedya n zzariɛet d tgeldit n arebbi
REC125_SEG0019_PART01,REC125,SPK009,train,vad_v2_spk009,278.072,290.94,12.868,data/processed/segments/REC125/REC125_SEG0019_PART01.wav,reviewed,inna s uyenni ad tiři tageldit n arebbi am yijj n weryaz ineṭṭar zzariɛet di temmurt xenni ad iṭṭeṣ ad dd ikkar ǧiřet d wass
REC125_SEG0019_PART02,REC125,SPK009,train,vad_v2_spk009,290.94,303.808,12.868,data/processed/segments/REC125/REC125_SEG0019_PART02.wav,reviewed,uca zzariɛet ad tgeɛɛed ad tegma maca netta war issin mammec minzi tammurt tettawi dd řɣiǧet s yixef nnes amezwar aɣemmuy
REC125_SEG0020,REC125,SPK009,train,vad_v2_spk009,303.808,313.96,10.152,data/processed/segments/REC125/REC125_SEG0020.wav,reviewed,xenni tidart awarni as irden ikemmřen di tidart řami dd tiweḍ řɣiǧet řexdenni issekk amjar minzi tameyra tiweḍ dd
REC125_SEG0021,REC125,SPK009,train,vad_v2_spk009,317.496,320.712,3.216,data/processed/segments/REC125/REC125_SEG0021.wav,reviewed,amedya n tḥebbuct n zzariɛet n uxerdel
REC125_SEG0022,REC125,SPK009,train,vad_v2_spk009,321.56,329.736,8.176,data/processed/segments/REC125/REC125_SEG0022.wav,reviewed,inna min di i ɣa narwes tageldit n arebbi niɣ s man amedya i zi tt i ɣa narcem
REC125_SEG0023,REC125,SPK009,train,vad_v2_spk009,330.424,342.856,12.432,data/processed/segments/REC125/REC125_SEG0023.wav,reviewed,aqa tt am tḥebbuct n zzariɛet n uxerdel tenni řami tettwazarɛ di temmurt aqa nettat d tameẓyant x marra tiḥebba n zzariɛet i iǧan di temmurt
REC125_SEG0024,REC125,SPK009,train,vad_v2_spk009,343.736,350.792,7.056,data/processed/segments/REC125/REC125_SEG0024.wav,reviewed,řami tettwazarɛ teɣmi dd temɣar x marra rxudat n tebḥart
REC125_SEG0025,REC125,SPK009,train,vad_v2_spk009,351.608,358.952,7.344,data/processed/segments/REC125/REC125_SEG0025.wav,reviewed,ad tegg řefruɛ imɣaren ařami ijḍaḍ n ujenna zemmaren ad ggen řeɛwacc di tiři nnes
REC125_SEG0026,REC125,SPK009,train,vad_v2_spk009,359.768,377.352,17.584,data/processed/segments/REC125/REC125_SEG0026.wav,reviewed,tuɣa yasuɛ issawař awař akidsen s imedya aṭṭas am yina s imedya ittřiqen maḥend ad ten sřen iwdan břa imedya war kisen issiweř ca maca tuɣa issefham kuřci i imeḥḍaren nnes weḥḥedsen
REC125_SEG0027,REC125,SPK009,train,vad_v2_spk009,380.312,397.416,17.104,data/processed/segments/REC125/REC125_SEG0027.wav,reviewed,yasuɛ d tḥaryaḍt deg wass nni řami d tewḍa tmeddit inna asen ejj aneɣ ad neẓwa ɣar ujemmaḍin semḥen di řɣaci iwyen t umi t tuɣa ɛad di tɣarrabut uca tuɣa din akidsen ɛawed tiɣarruba nneɣni
REC125_SEG0028,REC125,SPK009,train,vad_v2_spk009,397.944,415.08,17.136,data/processed/segments/REC125/REC125_SEG0028.wav,reviewed,tekkar dd ict n tḥaryaḍt temɣar řemwaj ccaten di tɣarrabut ařami tebda tettcura maca yasuɛ tuɣa iṭṭeṣ x ict n tsunta ɣar ḍeffar n tɣarrabut nitni ssfaqen t nnan as a amseřmad ma war d ac necqi ca neccin mařa nettwahellek
REC125_SEG0029_PART01,REC125,SPK009,train,vad_v2_spk009,415.352,426.832,11.48,data/processed/segments/REC125/REC125_SEG0029_PART01.wav,reviewed,xenni ikkar iwebbex asemmiḍ inna i řebḥar ars sqar yarsa usemmiḍ uca idweř kuřci yarsa xenni inna asen mayemmi teggʷedem ammu
REC125_SEG0029_PART02,REC125,SPK009,train,vad_v2_spk009,426.832,438.312,11.48,data/processed/segments/REC125/REC125_SEG0029_PART02.wav,reviewed,min kenniw yuɣin war daywem bu l iman tudef i ten tiggʷudi temɣar nnan i wayawya min iɛna wa aqa uřa d asemmiḍ d řebḥar tggen as array
REC126_SEG0001,REC126,SPK009,train,vad_v2_spk009,0.6,2.856,2.256,data/processed/segments/REC126/REC126_SEG0001.wav,reviewed,asgenfi n ijj n umeryaḥ
REC126_SEG0002,REC126,SPK009,train,vad_v2_spk009,4.344,17.672,13.328,data/processed/segments/REC126/REC126_SEG0002.wav,reviewed,iwden ɣar ujemmaḍin n řebḥar di temmurt n gadarinis umi dd iffeɣ zi tɣarrabut iřqa i t ijj n bnadem zeg imeḍřan dayes ijj n řaryaḥ d amengus
REC126_SEG0003,REC126,SPK009,train,vad_v2_spk009,18.36,36.232,17.872,data/processed/segments/REC126/REC126_SEG0003.wav,reviewed,tuɣa izeddeɣ deg imeḍřan uca war izemmar ḥed ad t icarf uřa s ssnaseř minzi waxxa tuɣa carfen t aṭṭas n twařawin s iceddiyyen d ssnaseř aqa netta iqḍu ssnaseř nni yarẓa iceddiyyen u war izemmar ḥed ad t iqemmeɛ
REC126_SEG0004,REC126,SPK009,train,vad_v2_spk009,37.112,45.352,8.24,data/processed/segments/REC126/REC126_SEG0004.wav,reviewed,tuɣa t řebda ass d ǧiřet deg idurar u deg imeḍřan isɣuyyu iyezzem ixef nnes s iẓra
REC126_SEG0005_PART01,REC126,SPK009,train,vad_v2_spk009,45.816,59.44,13.624,data/processed/segments/REC126/REC126_SEG0005_PART01.wav,reviewed,umi iẓra netta yasuɛ zi řaggʷaj yuzzeř uca isjed as isɣuy s jjehd uca inna as min din jar ayi akidek a yasuɛ mmis n arebbi amɛuǧi x kuřci
REC126_SEG0005_PART02,REC126,SPK009,train,vad_v2_spk009,59.44,73.064,13.624,data/processed/segments/REC126/REC126_SEG0005_PART02.wav,reviewed,ttzawgeɣ cek s arebbi war d ayi ttmarrat minzi aqa inna as ffeɣ zi bnadem a a řaryaḥ amengus isseqsa t mammec d ac qqaren
REC126_SEG0006_PART01,REC126,SPK009,train,vad_v2_spk009,73.24,86.688,13.448,data/processed/segments/REC126/REC126_SEG0006_PART01.wav,reviewed,yarra dd inna isem inu lixyun man aya ixs ad yini abarru minzi neccin deg waṭṭas izawg i t aṭṭas ḥima war t issiggʷej barra i uduwwar nni
REC126_SEG0006_PART02,REC126,SPK009,train,vad_v2_spk009,86.688,100.136,13.448,data/processed/segments/REC126/REC126_SEG0006_PART02.wav,reviewed,tuɣa din ɣar wedrar ict n tḥimart temɣar n iřfan tetthedda zawgen t ccwaṭen nni nnan sekk aneɣ ɣar iřfan ḥima ad daysen nadef
REC126_SEG0007,REC126,SPK009,train,vad_v2_spk009,100.568,118.344,17.776,data/processed/segments/REC126/REC126_SEG0007.wav,reviewed,isamḥ asen yasuɛ řexdenni ffɣen řaryaḥ imengas zeg weryaz nni udfen deg iřfan uca tuzzeř tḥimart nni ɣar ijj n jjarf yuɛřan uca tewḍa di řebḥar tuɣa ten ɛřaḥař deg wařfayen zzaysen uca ɣarqen di řebḥar
REC126_SEG0008_PART01,REC126,SPK009,train,vad_v2_spk009,118.904,129.248,10.344,data/processed/segments/REC126/REC126_SEG0008_PART01.wav,reviewed,maca imeksawen n iřfan arewřen xebbaren man aya di tendint u x iyyaren iwdan ffɣen dd ḥima ad ẓaren min imsaren
REC126_SEG0008_PART02,REC126,SPK009,train,vad_v2_spk009,129.248,139.592,10.344,data/processed/segments/REC126/REC126_SEG0008_PART02.wav,reviewed,usin dd ɣar yasuɛ ttwařan amaryaḥ i dayes tuɣa ccwaṭen wenni di tuɣa izeddeɣ lixyun iqqim yarḍ s řbař nnes uca ggʷeden
REC126_SEG0009,REC126,SPK009,train,vad_v2_spk009,139.768,148.904,9.136,data/processed/segments/REC126/REC126_SEG0009.wav,reviewed,inni iẓrin man aya xebbaren ten min imsaren i umaryaḥ i di tuɣa ccwaṭen u ɛawed x yiřfan nni
REC126_SEG0010_PART01,REC126,SPK009,train,vad_v2_spk009,149.496,160.32,10.824,data/processed/segments/REC126/REC126_SEG0010_PART01.wav,reviewed,uca bdan ttzawgen t maḥend ad iggʷej x temmurt nsen řami inya netta di tɣarrabut izawg i t umaryaḥ i dayes tuɣa ccwa
REC126_SEG0010_PART02,REC126,SPK009,train,vad_v2_spk009,160.32,171.144,10.824,data/processed/segments/REC126/REC126_SEG0010_PART02.wav,reviewed,ṭen ḥima ad iqqim akides war t ijji maca inna as ruḥ ɣar taddart nnec d řaǧ nnec xebbar i ten marra min zzayek igga sidi
REC126_SEG0011,REC126,SPK009,train,vad_v2_spk009,171.352,181.896,10.544,data/processed/segments/REC126/REC126_SEG0011.wav,reviewed,mammec xak yarḥem uca iruḥ ibda ittbarreḥ di dikapulis marra min d as igga yasuɛ uca marra tbehten
REC126_SEG0012,REC126,SPK009,train,vad_v2_spk009,183.768,189.48,5.712,data/processed/segments/REC126/REC126_SEG0012.wav,reviewed,yeǧis n yayrus tamɣart tehřec řqedd n tenɛac n iseggʷusa
REC126_SEG0013_PART01,REC126,SPK009,train,vad_v2_spk009,190.136,202.448,12.312,data/processed/segments/REC126/REC126_SEG0013_PART01.wav,reviewed,awarni řami iẓwa yasuɛ s tɣarrabut ɣar ujemmaḍ imun dd xas ɛawed aṭṭas n řɣaci am tuɣa t x tma n řebḥar yusa dd ijjen zeg imeqqranen n temzida
REC126_SEG0013_PART02,REC126,SPK009,train,vad_v2_spk009,202.448,214.76,12.312,data/processed/segments/REC126/REC126_SEG0013_PART02.wav,reviewed,issem ness yayrus umi t iẓra iwḍa as ɣar iḍaren izawg i t aṭṭas inna as iǧi tmaẓuẓt tḥeřc aṭṭas ttzawgeɣ cek ad dd tased ad
REC126_SEG0014,REC126,SPK009,train,vad_v2_spk009,215.0,225.352,10.352,data/processed/segments/REC126/REC126_SEG0014.wav,reviewed,axas tessarsed ifassen nnec ḥima ad teggenfa ad teddar iruḥ akides uca iḍfar i t i dd waṭṭas n řɣaci deḥḥsen t netta
REC126_SEG0015_PART01,REC126,SPK009,train,vad_v2_spk009,225.88,239.776,13.896,data/processed/segments/REC126/REC126_SEG0015_PART01.wav,reviewed,ict n temɣart ttazzřen zzayes idammen tenɛac n iseggʷusa uca tekka xas tamara aṭṭas zeg iḍbiben umi tessuffeɣ marra min ɣares maca war testenfiɛ s walu
REC126_SEG0015_PART02,REC126,SPK009,train,vad_v2_spk009,239.776,253.672,13.896,data/processed/segments/REC126/REC126_SEG0015_PART02.wav,reviewed,maca yarni ɛad xas řḥař aqa tesřa x yasuɛ uca tusa dd ɣares am tekka x ddḥas n řɣaci zi ḍeffar nnes uca tḥada arruḍ nnes minzi tenna
REC126_SEG0016_PART01,REC126,SPK009,train,vad_v2_spk009,254.072,267.872,13.8,data/processed/segments/REC126/REC126_SEG0016_PART01.wav,reviewed,mařa ḥadiɣ mɣir arruḍ nnes ad qqimeɣ ddareɣ řexdenni yuẓeɣ usizzeř n idammen tuca ak d arrimet nnes belli teggenfa zi řehřac nnes řexdenni yuca yasuɛ ak d yixef nnes belli
REC126_SEG0016_PART02,REC126,SPK009,train,vad_v2_spk009,267.872,281.672,13.8,data/processed/segments/REC126/REC126_SEG0016_PART02.wav,reviewed,iffeɣ zzayes jjehd uca inneqřeb ɣar řɣaci inna wi iḥadan arruḍ inu nnan as imeḥḍaren nnes cek twařid řɣaci ideḥḥes i cek u cek tesseqsid
REC126_SEG0017,REC126,SPK009,train,vad_v2_spk009,282.2,288.552,6.352,data/processed/segments/REC126/REC126_SEG0017.wav,reviewed,wi d ayi iḥadan maca iqqim ixezzar ḥima ad iẓar wi yeggin man aya
REC126_SEG0018_PART01,REC126,SPK009,train,vad_v2_spk009,288.984,303.008,14.024,data/processed/segments/REC126/REC126_SEG0018_PART01.wav,reviewed,tuɣa tameṭṭut teggʷed tettarjiji am tessen min d as imsaren uca tusa dd tewḍa as ɣar iḍaren uca tɛawed as tidett marra xenni inna as a yeǧi
REC126_SEG0018_PART02,REC126,SPK009,train,vad_v2_spk009,303.008,317.032,14.024,data/processed/segments/REC126/REC126_SEG0018_PART02.wav,reviewed,l iman nnem aqa iwca am tudart ruḥ s řehna ad tiřid teggenfid zi řehřac nnem am tuɣa ɛad issawař usin dd ca zi taddart n umeqqran n temzida nnan as
REC126_SEG0019,REC126,SPK009,train,vad_v2_spk009,317.08,328.68,11.6,data/processed/segments/REC126/REC126_SEG0019.wav,reviewed,iǧic temmut mayemmi tṣeddaɛed ɛad amseɣɣar maca yasuɛ isřa awařen i innan uca inna i umeqqran n temzida war tteggʷed ca amen waha
REC126_SEG0020,REC126,SPK009,train,vad_v2_spk009,329.56,344.936,15.376,data/processed/segments/REC126/REC126_SEG0020.wav,reviewed,war ismiḥ uřa i yijjen ad t yuyur akides mɣir cimɛun buṭrus d yaɛqub d yuḥanna umas n yaɛqub usin dd ɣar taddart n umeqqran n temzida uca iẓra i ten ccaten agejdur ttrun uca sɣuyyun
REC126_SEG0021_PART01,REC126,SPK009,train,vad_v2_spk009,345.56,358.72,13.16,data/processed/segments/REC126/REC126_SEG0021_PART01.wav,reviewed,umi dd yudef inna asen mayemmi teccatem agejdur tettrum taḥenjirt war temmut ca maca aqa teṭṭeṣ nitni ḍeḥcen zzayes maca netta issuffeɣ i ten kuř
REC126_SEG0021_PART02,REC126,SPK009,train,vad_v2_spk009,358.72,371.88,13.16,data/processed/segments/REC126/REC126_SEG0021_PART02.wav,reviewed,ci barra uca yiwi akides babas d yemmas n tḥenjirt d yinni tuɣa akides xenni yudef dd mani tuɣa tezzer tḥenjirt iṭṭef deg ufus n tḥenjirt inna as kkar a taḥenjirt
REC126_SEG0022,REC126,SPK009,train,vad_v2_spk009,372.248,392.15,19.902,data/processed/segments/REC126/REC126_SEG0022.wav,reviewed,řexdenni tekkar tḥenjirt uca tuyur minzi tuɣa taḥenjirt ɣares tenɛac n iseggʷusa tbehten nitni s yijj n utebhet imɣar uca netta yumur i ten s jjehd ḥima uřa d ijjen ad ibarreḥ s man aya xenni iweṣṣa ad as wcen ḥima ad tecc
REC127_SEG0001_PART01,REC127,SPK009,train,vad_v2_spk009,1.08,14.016,12.936,data/processed/segments/REC127/REC127_SEG0001_PART01.wav,reviewed,anabi war ɣares bu ccan di temmurt nnes iffeɣ ssenni yusa dd ɣar tendint nnes uca ḍfaren t i dd imeḥḍaren nnes řami dd tiweḍ ssebt ibda isseřmad di temzida aṭṭas n
REC127_SEG0001_PART02,REC127,SPK009,train,vad_v2_spk009,14.016,26.952,12.936,data/processed/segments/REC127/REC127_SEG0001_PART02.wav,reviewed,yinni d as isřin tbehten nnan zi manis dd usint tmesřayin a ɣar wanita mana tiɣit a i d as immewcen ařami msarent x ifassen nnes řeɛjayeb am tina
REC127_SEG0002,REC127,SPK009,train,vad_v2_spk009,27.832,37.928,10.096,data/processed/segments/REC127/REC127_SEG0002.wav,reviewed,ma war iǧi wa d anejjar mmis n maryam d umas n yaɛqub d yusis d yahuda d cimɛun ma war ǧint suyetmas da akidneɣ
REC127_SEG0003_PART01,REC127,SPK009,train,vad_v2_spk009,38.168,51.968,13.8,data/processed/segments/REC127/REC127_SEG0003_PART01.wav,reviewed,u nderfen dayes inna asen yasuɛ war iǧi anabi břa ccan mɣir di tammurt nnes jar řaǧ nnes u di taddart nnes uca netta war izemmar ad din igg uřa d ijj n
REC127_SEG0003_PART02,REC127,SPK009,train,vad_v2_spk009,51.968,65.768,13.8,data/processed/segments/REC127/REC127_SEG0003_PART02.wav,reviewed,řeɛjeb illa issars afus nnes x drus n imehřac waha uca issgenfa i ten tuɣa ittebhet zi tikkest n l iman nsen xenni iruḥ ittsara dcurat yudsen isseřmad
REC127_SEG0004,REC127,SPK009,train,vad_v2_spk009,69.24,88.744,19.504,data/processed/segments/REC127/REC127_SEG0004.wav,reviewed,yasuɛ issekk tenɛac n rrusul iřaɣa dd i tenɛac n rrusul ibda issekk i ten tyuya tyuya uca iwca asen ṣṣulṭa x řaryaḥ imengas maḥend ad ten ssuffɣen yumur i ten ḥima war kessin walu deg webrid mɣir taɣɣarct waha lla tacyart lla aɣrum
REC127_SEG0005,REC127,SPK009,train,vad_v2_spk009,89.304,104.296,14.992,data/processed/segments/REC127/REC127_SEG0005.wav,reviewed,lla tipyisin n nnḥas deg ubyass maca ad qqnen sandaliyat maca war yarrḍen tyuya n tcamirat inna asen mani ma tudfem ɣar ca n taddart qqimem dayes ař ssenni i ɣa teffɣem
REC127_SEG0006_PART01,REC127,SPK009,train,vad_v2_spk009,104.76,115.104,10.344,data/processed/segments/REC127/REC127_SEG0006_PART01.wav,reviewed,ɣar marra inni war kenniw iqbiřen u war ɣarwem ttesřin zzerzem taɛejjajt zeg iḍaren nwem d cchadet i nitni
REC127_SEG0006_PART02,REC127,SPK009,train,vad_v2_spk009,115.104,125.448,10.344,data/processed/segments/REC127/REC127_SEG0006_PART02.wav,reviewed,s tidett necc ad awem iniɣ ad yiři řḥař ihwen i temmurt n sadum d ɛamurra deg wass n lḥisab zi tendint nni
REC127_SEG0007,REC127,SPK009,train,vad_v2_spk009,125.688,135.432,9.744,data/processed/segments/REC127/REC127_SEG0007.wav,reviewed,uca ruḥen barrḥen ḥima ad tuben ssuffɣen aṭṭas n ccwaṭen dehnen imehřac aṭṭas s zzect uca ssgenfan ten
REC127_SEG0008,REC127,SPK009,train,vad_v2_spk009,138.424,141.032,2.608,data/processed/segments/REC127/REC127_SEG0008.wav,reviewed,řmewt n yuḥanna amseɣḍaṣ
REC127_SEG0009_PART01,REC127,SPK009,train,vad_v2_spk009,142.04,153.248,11.208,data/processed/segments/REC127/REC127_SEG0009_PART01.wav,reviewed,isřa xas ujeǧid hirudus minzi isem nnes idweř icneɛ inna aqa yuḥanna amseɣḍaṣ ittwassnekkar dd zi taddart n imettinen s uyenni
REC127_SEG0009_PART02,REC127,SPK009,train,vad_v2_spk009,153.248,164.456,11.208,data/processed/segments/REC127/REC127_SEG0009_PART02.wav,reviewed,xedmentt dayes řeɛjayeb nni inneɣni nnan aqa t d iliya u inneɣni nnan ɛawed aqa t d nnabi am yijjen zeg inabiyyen
REC127_SEG0010_PART01,REC127,SPK009,train,vad_v2_spk009,165.208,177.76,12.552,data/processed/segments/REC127/REC127_SEG0010_PART01.wav,reviewed,řami isřa hirudus man aya inna wa d yuḥanna wenni umi qesseɣ azeǧif aqa netta ittwassnekkar dd zi taddart n imettinen minzi hirudus simant nnes tuɣa issekk
REC127_SEG0010_PART02,REC127,SPK009,train,vad_v2_spk009,177.76,190.312,12.552,data/processed/segments/REC127/REC127_SEG0010_PART02.wav,reviewed,dd ɣares uca iḥebbes yuḥanna icarf i t di řeḥbes x ssibbet n hirudiyya tamɣart n umas filippus tenni i k d imřec hirudus
REC127_SEG0011,REC127,SPK009,train,vad_v2_spk009,191.768,194.888,3.12,data/processed/segments/REC127/REC127_SEG0011.wav,reviewed,minzi yuḥanna tuɣa iqqar i hirudus
REC127_SEG0012_PART01,REC127,SPK009,train,vad_v2_spk009,195.288,209.616,14.328,data/processed/segments/REC127/REC127_SEG0012_PART01.wav,reviewed,war d ac iḥeǧeř ad ɣarek tiři temɣart n umac s uyenni tuɣa hirudiyya tenḍar dayes tiṭṭawin uca tarezzu ad t tneɣ maca war tzemmar minzi hirudus
REC127_SEG0012_PART02,REC127,SPK009,train,vad_v2_spk009,209.616,223.944,14.328,data/processed/segments/REC127/REC127_SEG0012_PART02.wav,reviewed,tuɣa itteggʷed zi yuḥanna issen belli netta d aryaz d amseggad d amqeddas u iḥeṭṭa xas isřa zzayes aṭṭas n tmesřayin uca isexxar xas
REC127_SEG0014_PART01,REC127,SPK009,train,vad_v2_spk009,241.176,252.896,11.72,data/processed/segments/REC127/REC127_SEG0014_PART01.wav,reviewed,uca tudef dd yeǧis n hirudiyya tecḍeḥ teɛjeb as i hirudus d yinni iqqimen akides xenni inna as ujeǧid i tḥenjirt ttar zzayi
REC127_SEG0014_PART02,REC127,SPK009,train,vad_v2_spk009,252.896,264.616,11.72,data/processed/segments/REC127/REC127_SEG0014_PART02.wav,reviewed,marra min texsed ad am t wceɣ ijjuǧ as mecḥař ma zzayi i ɣa tettared ad am t wceɣ waxxa ař azyen n tgeldit inu
REC127_SEG0015,REC127,SPK009,train,vad_v2_spk009,265.144,274.056,8.912,data/processed/segments/REC127/REC127_SEG0015.wav,reviewed,teffeɣ dd nettat tenna i yemmas min d as i ɣa ttareɣ tenna as tanita azeǧif n yuḥanna amseɣḍaṣ t
REC127_SEG0016,REC127,SPK009,train,vad_v2_spk009,274.776,293.32,18.544,data/processed/segments/REC127/REC127_SEG0016.wav,reviewed,deɣya s tazřa ɣar ujeǧid tenna as xseɣ ad ayi dd tessarsed di tsaɛɛet a azeǧif n yuḥanna x ijj n ṭṭebṣi icḍen ujeǧid aṭṭas maca x ssibbet n tjaǧit u x ssibbet n inewjiwen i iqqimen ɣar ṭṭabřa war ixs ad tt iqemmeɛ
REC127_SEG0017,REC127,SPK009,train,vad_v2_spk009,293.848,310.056,16.208,data/processed/segments/REC127/REC127_SEG0017.wav,reviewed,u řexdenni issekk ujeǧid ijj n uɛessas ɣar řeḥbes s ssif yumur ḥima ad dd yawi azeǧif n yuḥanna wanita iruḥ iqess as azeǧif i yuḥanna di řeḥbes xas uca yiwi dd azeǧif nnes x ṭṭebṣi
REC127_SEG0018,REC127,SPK009,train,vad_v2_spk009,310.616,323.848,13.232,data/processed/segments/REC127/REC127_SEG0018.wav,reviewed,iwca as t i tḥenjirt u taḥenjirt tewc as t i yemmas řami sřin imeḥḍaren nnes man aya usin dd ksin řxecbet nnes ssarsen tt deg wenḍeř
REC127_SEG0019,REC127,SPK009,train,vad_v2_spk009,326.744,331.24,4.496,data/processed/segments/REC127/REC127_SEG0019.wav,reviewed,lmuɛjiza n usecci n ktar n xems araf n yaryazen
REC127_SEG0020_PART01,REC127,SPK009,train,vad_v2_spk009,331.992,342.624,10.632,data/processed/segments/REC127/REC127_SEG0020_PART01.wav,reviewed,munen rrusul ɛawed ɣar yasuɛ xebbaren t x kuřci x min ggin d x min tuɣa sseřmaden inna asen asem dd
REC127_SEG0020_PART02,REC127,SPK009,train,vad_v2_spk009,342.624,353.256,10.632,data/processed/segments/REC127/REC127_SEG0020_PART02.wav,reviewed,ejj aneɣ ad nraḥ ɣar ijj n wemcan ixřan ḥima ad tareyyḥem cwayt minzi tuɣa din aṭṭas n yinni dd yusin d n yinni iruḥen
REC127_SEG0021,REC127,SPK009,train,vad_v2_spk009,353.88,373.128,19.248,data/processed/segments/REC127/REC127_SEG0021.wav,reviewed,ařami war iwiḍen ad ccen xenni ruḥen weḥḥedsen di tɣarrabut ɣar ijj n wemcan ixřan maca řɣaci iẓra i ten ffɣen dd di tɣarrabut uca aṭṭas i t ɛeqřen uca izwaren as am ttazzřen x iḍaren ɣar dinni zi marra tineddam
REC127_SEG0022,REC127,SPK009,train,vad_v2_spk009,373.976,382.728,8.752,data/processed/segments/REC127/REC127_SEG0022.wav,reviewed,umi dd iḍra yasuɛ iẓra aṭṭas n řɣaci zziǧzen as minzi tuɣa aten am wuǧi břa ameksaw
REC127_SEG0023_PART01,REC127,SPK009,train,vad_v2_spk009,383.32,394.96,11.64,data/processed/segments/REC127/REC127_SEG0023_PART01.wav,reviewed,xenni ibda ad ten isseřmed aṭṭas rami iruḥ wass ad iqḍa qarrben dd ɣares imeḥḍaren nnes nnan as amcan a ixřa u řweqt teɛdu
REC127_SEG0023_PART02,REC127,SPK009,train,vad_v2_spk009,394.96,406.6,11.64,data/processed/segments/REC127/REC127_SEG0023_PART02.wav,reviewed,sekk i ten ḥima ad raḥen ɣar řeɛraṣiyyat u ɣar dcurat yudsen ḥima ad sɣen aɣrum i yixef nsen minzi war ɣarsen min ɣa ccen
REC127_SEG0024,REC127,SPK009,train,vad_v2_spk009,407.032,423.976,16.944,data/processed/segments/REC127/REC127_SEG0024.wav,reviewed,maca netta inna asen wcem asen kenniw min ɣa ccen nnan as ma ad nraḥ maḥend ad asen nseɣ aɣrum s mitayen dinar uca ad asen newc min ɣa ccen inna asen ruḥem xzarem mecḥař n tecnifin i ɣarwem
REC127_SEG0025,REC127,SPK009,train,vad_v2_spk009,424.728,430.952,6.224,data/processed/segments/REC127/REC127_SEG0025.wav,reviewed,umi argben nnan as xemsa n tecnifin n weɣrum d tnayen n iseřman
REC127_SEG0026,REC127,SPK009,train,vad_v2_spk009,431.832,442.824,10.992,data/processed/segments/REC127/REC127_SEG0026.wav,reviewed,yumur i ten ad ten ssɣimen marra di tɛurricin x reḥtic aziza uca qqimen di tɛurricin n mya u di tɛurricin n xemsin
REC127_SEG0027_PART01,REC127,SPK009,train,vad_v2_spk009,443.256,457.552,14.296,data/processed/segments/REC127/REC127_SEG0027_PART01.wav,reviewed,umi iksi yeccu xemsa n tecnifin d tnayen n iseřman nni issgeɛɛed tamuɣři nnes ɣar ujenna ibarek uca yarẓa ticnifin iwca i tent i imeḥḍaren nnes ḥima ad tent ssarsen zzatsen
REC127_SEG0027_PART02,REC127,SPK009,train,vad_v2_spk009,457.552,471.848,14.296,data/processed/segments/REC127/REC127_SEG0027_PART02.wav,reviewed,uca nitni farqen ɛawed tnayen n iseřman i marra ccin marra jjiwnen xenni řeqḍen iřeqqʷaz iceṭṭen ccuren tenɛac n tsuǧatin uřa d iseřman iceṭṭen
REC127_SEG0028,REC127,SPK009,train,vad_v2_spk009,472.248,477.8,5.552,data/processed/segments/REC127/REC127_SEG0028.wav,reviewed,inni iccin zi tecnifin tuɣa aten di xemsa ařaf n yeryazen
REC127_SEG0029,REC127,SPK009,train,vad_v2_spk009,481.592,493.448,11.856,data/processed/segments/REC127/REC127_SEG0029.wav,reviewed,yasuɛ iggur x waman n řebḥar řexdenni iziyyar x imeḥḍaren nnes maḥend ad adfen ɣar tɣarrabut ad as izwaren ɣar ujemmaḍ ɣar bayt ṣayda
REC127_SEG0030_PART01,REC127,SPK009,train,vad_v2_spk009,494.264,505.76,11.496,data/processed/segments/REC127/REC127_SEG0030_PART01.wav,reviewed,ad isqad netta řɣaci awarni řami ten isqad iruḥ ɣar wedrar ḥima ad iẓẓaǧ řami dd tewḍa tmeddit tuɣa taɣarrabut di řbuɣaz
REC127_SEG0030_PART02,REC127,SPK009,train,vad_v2_spk009,505.76,517.256,11.496,data/processed/segments/REC127/REC127_SEG0030_PART02.wav,reviewed,uca netta tuɣa weḥḥdes x řbarr iẓra belli nitni ttemqetmaren s uqeddef n tɣarrabut minzi asemmiḍ yusa asen dd deg uɣembub
REC127_SEG0031_PART01,REC127,SPK009,train,vad_v2_spk009,517.528,530.144,12.616,data/processed/segments/REC127/REC127_SEG0031_PART01.wav,reviewed,ɣar ḥeṭṭu wiss arebɛa n ǧiřet yusa dd ɣarsen yasuɛ iggur x wawan n řebḥar uca tuɣa ixs ad ten iɛdu umi t ẓrin iggur di řebḥar ittɣiř asen d řexy
REC127_SEG0031_PART02,REC127,SPK009,train,vad_v2_spk009,530.144,542.76,12.616,data/processed/segments/REC127/REC127_SEG0031_PART02.wav,reviewed,ař aɣeddar uca sɣuyen minzi marra ẓrin t uca nnxeřɛen řexdenni issiweř akidsen inna asen ggem uř aqa d necc war teggʷedem ca
REC127_SEG0032,REC127,SPK009,train,vad_v2_spk009,543.0,560.232,17.232,data/processed/segments/REC127/REC127_SEG0032.wav,reviewed,inyi dd ɣarsen di tɣarrabut uca yarsa usemmiḍ tuɣa nitni ttbehten arewwɛen aṭṭas deg yixef nsen minzi war fhimen walu i lmuɛjiza n tecnifin minzi uř nsen tuɣa iqseḥ
REC127_SEG0033,REC127,SPK009,train,vad_v2_spk009,562.84,567.304,4.464,data/processed/segments/REC127/REC127_SEG0033.wav,reviewed,asgenfi n waṭṭas n iwdan di jinisaret
REC127_SEG0034,REC127,SPK009,train,vad_v2_spk009,568.184,586.728,18.544,data/processed/segments/REC127/REC127_SEG0034.wav,reviewed,umi ẓwan ɣar ujemmaḍ usin dd ɣar temmurt n jinnisaret umi dd ffɣen zi tɣarrabut ɛeqřen t iwdan deɣya uzzřen ɣar marra jjwayeh nni uca bdan ad dd awyen inni tuɣa iheřcen aṭṭas di tassut ɣar wemcan mani sřin aqa t netta
REC127_SEG0035,REC127,SPK009,train,vad_v2_spk009,587.256,605.672,18.416,data/processed/segments/REC127/REC127_SEG0035.wav,reviewed,mani ma dd yusa di tendint niɣ di ředcur niɣ di řeɛraṣiyyat ssrusan as dd imehřac deg ibriden uca ttzawagen t ad asen ismeḥ ad ḥadan mɣir abeḥřuř n ujeǧab nnes u marra inni t iḥadan ggenfan
REC128_SEG0002_PART01,REC128,SPK009,train,vad_v2_spk009,6.488,20.128,13.64,data/processed/segments/REC128/REC128_SEG0002_PART01.wav,reviewed,munen ɣares ifarisiyyen d imseřmaden n idlisen i dd yusin zi urcalim umi ẓrin belli ca n imeḥḍaren nnes ccin aɣrum břa ma ad ssirden
REC128_SEG0002_PART02,REC128,SPK009,train,vad_v2_spk009,20.128,33.768,13.64,data/processed/segments/REC128/REC128_SEG0002_PART02.wav,reviewed,ifassen nsen d amezwaru ɛeyyben xasen minzi marra ifarisiyyen d wudayen war ttetten mɣir awarni řami ssirden ifassen s yijj n řuḍu mliḥ minzi tteṭṭfen di tubbart n rejdud u řami dd usin zi ssuq
REC128_SEG0003_PART01,REC128,SPK009,train,vad_v2_spk009,33.848,47.392,13.544,data/processed/segments/REC128/REC128_SEG0003_PART01.wav,reviewed,war ttetten mařa war ssɣeḍṣen ifassen nsen di tbanyut d amezwaru u aqa din aṭṭas n tmesřayin nneɣni qebřen tent maḥend ad zzaysent ṭṭfen ɛlaḥsab tubbart nsen am useɣḍas n řkisan d
REC128_SEG0003_PART02,REC128,SPK009,train,vad_v2_spk009,47.392,60.936,13.544,data/processed/segments/REC128/REC128_SEG0003_PART02.wav,reviewed,iɣarrafen d tebriqin n nnḥas d dduri n řectawat deg ict n tbanyut xenni sseqsan t ifarisiyyen d imseřmaden n idlisen mayemmi war ḍfaren imeḥḍaren nnec tubbart n rejdud
REC128_SEG0004,REC128,SPK009,train,vad_v2_spk009,61.24,80.2,18.96,data/processed/segments/REC128/REC128_SEG0004.wav,reviewed,maca ttetten aɣrum am war ssiriden ifassen yarra dd inna asen nican inebba icaɛya xawem a imnafqen am mammec tura řgens a iweqqar ayi s iyencicen nnes maca uř nsen iggʷej xafi
REC128_SEG0005,REC128,SPK009,train,vad_v2_spk009,80.568,100.232,19.664,data/processed/segments/REC128/REC128_SEG0005.wav,reviewed,maca nitni cennɛen ayi baṭeř minzi sseřmaden tiɣuriwin tinni d tiweṣṣa n iwdan minzi tejjim tawṣeyyet n arebbi teṭṭfem di tubbart n iwdan am useɣḍas n řkisan d teydurin deg ict n tbanyut u aṭṭas n tmesřayin nneɣni am tina inna asen nican
REC128_SEG0006,REC128,SPK009,train,vad_v2_spk009,100.664,115.56,14.896,data/processed/segments/REC128/REC128_SEG0006.wav,reviewed,aqa tneṭṭařem tawṣeyyet n arebbi ḥima ad teqqimem tetteṭṭfem di tubbart nwem minzi musa inna weqqar babac d yemmac u wenni i ɣa ineɛren babas niɣ yemmas ittxeṣṣa as ad immet
REC128_SEG0007_PART01,REC128,SPK009,train,vad_v2_spk009,115.8,127.68,11.88,data/processed/segments/REC128/REC128_SEG0007_PART01.wav,reviewed,maca kenniw teqqarem mařa ijj n weryaz inna i babas niɣ i yemmas min ma tzemmarem ad zzayi testenfɛem aqa ggiɣ t d ṣṣedqet i arebbi war t
REC128_SEG0007_PART02,REC128,SPK009,train,vad_v2_spk009,127.68,139.56,11.88,data/processed/segments/REC128/REC128_SEG0007_PART02.wav,reviewed,tettejjim qaɛ ad igg ca i babas d yemmas ammu i tesseḥqaram awař n arebbi s tubbart nwem i tettsellamem u tetteggem aṭṭas n tmesřayin am tina
REC128_SEG0008,REC128,SPK009,train,vad_v2_spk009,141.72,143.144,1.424,data/processed/segments/REC128/REC128_SEG0008.wav,reviewed,tazdugi n wuř
REC128_SEG0009_PART01,REC128,SPK009,train,vad_v2_spk009,143.672,158.58,14.908,data/processed/segments/REC128/REC128_SEG0009_PART01.wav,reviewed,umi idas d iřaɣa marra řɣaci inna asen sřem dd ɣari marra uca fehmem war din uřa d ijjen n řḥajjet i dd ittadfen ɣar bnadem zi barra tzemmar ad t tessexmej maca
REC128_SEG0009_PART02,REC128,SPK009,train,vad_v2_spk009,158.58,173.488,14.908,data/processed/segments/REC128/REC128_SEG0009_PART02.wav,reviewed,min i dd itteffɣen zi bnadem aqa man aya issexmaj bnadem wenni ɣar ǧan imezzuɣen i useǧi ejj i t ad iseř umi dd yudef ɣar taddart zi řɣaci sseqsan t imeḥḍaren nnes x umedya nni
REC128_SEG0010,REC128,SPK009,train,vad_v2_spk009,173.488,177.48,3.992,data/processed/segments/REC128/REC128_SEG0010.wav,reviewed,inna asen ma kenniw ɛad břa řefhamet
REC128_SEG0011_PART01,REC128,SPK009,train,vad_v2_spk009,178.2,188.384,10.184,data/processed/segments/REC128/REC128_SEG0011_PART01.wav,reviewed,ma war tefhimem ca belli marra min ɣa yadfen bnadem zi barra war izemmar ad t issexmej minzi man aya war dd ittidef ca
REC128_SEG0011_PART02,REC128,SPK009,train,vad_v2_spk009,188.384,198.568,10.184,data/processed/segments/REC128/REC128_SEG0011_PART02.wav,reviewed,ɣar wuř nnes maca ɣar uɛeddis xenni ad iffeɣ ɣar wemcan nnes am issizdeg marra macca xenni inna
REC128_SEG0012_PART01,REC128,SPK009,train,vad_v2_spk009,199.128,211.792,12.664,data/processed/segments/REC128/REC128_SEG0012_PART01.wav,reviewed,min i dd itteffɣen zi bnadem d man aya issxemmaj bnadem minzi zi daxeř zeg wuřawen n iwdan i dd itteffɣen inwayen iɛeffanen zzina farq ccɣeř
REC128_SEG0012_PART02,REC128,SPK009,train,vad_v2_spk009,211.792,224.456,12.664,data/processed/segments/REC128/REC128_SEG0012_PART02.wav,reviewed,tukkarḍa anɣay ṭṭmeɛ řɣar taḥraymect afucceḥ tiṭṭ taɛeffant aceqqef tuffet d tubbuheřya
REC128_SEG0013,REC128,SPK009,train,vad_v2_spk009,224.792,231.336,6.544,data/processed/segments/REC128/REC128_SEG0013.wav,reviewed,marra timesřayin a tiɛeffanin tteffɣent i dd zi daxeř uca ssxemmajent bnadem
REC128_SEG0014,REC128,SPK009,train,vad_v2_spk009,233.176,242.632,9.456,data/processed/segments/REC128/REC128_SEG0014.wav,reviewed,l iman n temɣart di temmurt n tiṣur d ṣaydun ikkar ssenni uca iruḥ ɣar temmurt n ṣur d ṣaydun
REC128_SEG0015_PART01,REC128,SPK009,train,vad_v2_spk009,242.936,254.848,11.912,data/processed/segments/REC128/REC128_SEG0015_PART01.wav,reviewed,řami dd yudef ɣar ijjen taddart war ixs ad t issen ḥed waxxa amenni war izemmar ad innuffar minzi ict n tmeṭṭut ɣares yeǧis dayes ijj n řaryaḥ
REC128_SEG0015_PART02,REC128,SPK009,train,vad_v2_spk009,254.848,266.76,11.912,data/processed/segments/REC128/REC128_SEG0015_PART02.wav,reviewed,d amengus tesřa xas deɣya uca tusa dd ɣares tewḍa as ɣar iḍaren nnes tuɣa tamɣart a d ijjen tabarranit zi temmurt n suriya d finiqiya
REC128_SEG0016_PART01,REC128,SPK009,train,vad_v2_spk009,266.968,281.216,14.248,data/processed/segments/REC128/REC128_SEG0016_PART01.wav,reviewed,uca tzawg i t maḥend ad issuffeɣ cciṭan zeg yeǧis maca yasuɛ inna as ejj iḥenjiren amezwar ad jjiwnen minzi war ittřiq ad ittwakkes weɣrum n iḥenjiren ḥima ad immenḍar i yiṭan
REC128_SEG0016_PART02,REC128,SPK009,train,vad_v2_spk009,281.216,295.464,14.248,data/processed/segments/REC128/REC128_SEG0016_PART02.wav,reviewed,maca nettat tarra dd tenna as wah a sidi uřa d iṭan ttetten iřeqqʷaz n iḥenjiren sadu ṭṭabřa inna as yasuɛ uyur x ssibbet n wawař a i tennid aqa iffeɣ cciṭan zeg yeǧim
REC128_SEG0017,REC128,SPK009,train,vad_v2_spk009,295.832,303.592,7.76,data/processed/segments/REC128/REC128_SEG0017.wav,reviewed,uca a řami dd tusa ɣar taddart nnes tufa yeǧis tezzeř di qama u cciṭan ittwassuffeɣ zzayes
REC128_SEG0018_PART01,REC128,SPK009,train,vad_v2_spk009,306.456,317.376,10.92,data/processed/segments/REC128/REC128_SEG0018_PART01.wav,reviewed,asgenfi n ijjenn bnadem azizun iffeɣ dd yasuɛ ɛawed zi temmurt n ṣur d ṣaydun
REC128_SEG0018_PART02,REC128,SPK009,train,vad_v2_spk009,317.376,328.296,10.92,data/processed/segments/REC128/REC128_SEG0018_PART02.wav,reviewed,yiweḍ ɣar řebḥar n ljalil ɣar ṭṭarf n temmurt n dikapulis iwyen dd ɣares ijj n udehcur itewtaw uca ttaren zzayes ad xas issars afus nnes
REC128_SEG0019,REC128,SPK009,train,vad_v2_spk009,328.952,340.968,12.016,data/processed/segments/REC128/REC128_SEG0019.wav,reviewed,issiggʷej i t zi řɣaci ɣar uɣezdis uca igga as iḍewḍan deg imezzuɣen nnes issusef uca iḥada iřes nnes xenni ixzar ɣar ujenna
REC128_SEG0020_PART01,REC128,SPK009,train,vad_v2_spk009,341.336,351.408,10.072,data/processed/segments/REC128/REC128_SEG0020_PART01.wav,reviewed,isqinf ed inna as nurzem řexdenni nnurzmen imezzuɣen nnes uca tefsi tesɣunt n yiřes nnes ibda issawař nican
REC128_SEG0020_PART02,REC128,SPK009,train,vad_v2_spk009,351.408,361.48,10.072,data/processed/segments/REC128/REC128_SEG0020_PART02.wav,reviewed,iɛřem asen war t qqaren i ḥed maca mecḥař ma ten yumur waxxa amenni tuɣa ssuffuɣen xas řexbar mah
REC128_SEG0021,REC128,SPK009,train,vad_v2_spk009,361.912,371.912,10.0,data/processed/segments/REC128/REC128_SEG0021.wav,reviewed,uca tbehten s unexřiɛ ařami nnan marra igga i t mliḥ yarra idehcar ttesřan d ignawen ssawařen
REC129_SEG0002,REC129,SPK009,train,vad_v2_spk009,6.136,20.104,13.968,data/processed/segments/REC129/REC129_SEG0002.wav,reviewed,deg wussan nni am tuɣa din ɛawed aṭṭas n řɣaci uca war tuɣi ɣarsen min ɣa ccen iřaɣa yasuɛ x imeḥḍaren nnes inna asen aqa zziǧzen ayi řɣaci minzi qqimen akidi ɛad třata n wussan
REC129_SEG0003,REC129,SPK009,train,vad_v2_spk009,20.44,37.16,16.72,data/processed/segments/REC129/REC129_SEG0003.wav,reviewed,war ɣarsen min ɣa ccen mařa ssekkeɣ ten ɣar tudrin nsen am ɛad ǧuẓen ad ttwaheyyfen deg webrid minzi ca zzaysen usin dd zi řaggʷaj nnan as imeḥḍaren nnes zi manis izemmar ḥed ad yaf aɣrum di řexřa ya
REC129_SEG0004,REC129,SPK009,train,vad_v2_spk009,37.4,56.616,19.216,data/processed/segments/REC129/REC129_SEG0004.wav,reviewed,isseqsa ten mecḥař n tecnifin i ɣarwem nnan sebɛa xenni yumur řɣaci ad iqqim di temmurt uca iksi sebɛa nni n tecnifin u awarni řami ibarek yarẓa i tent iwca i tent i imeḥḍaren nnes ḥima ad tent qeddmen uca xenni qeddmen tent i řɣaci
REC129_SEG0005_PART01,REC129,SPK009,train,vad_v2_spk009,57.24,70.224,12.984,data/processed/segments/REC129/REC129_SEG0005_PART01.wav,reviewed,tuɣa ɣarsen cwayt n iseřman d imeẓyanen ibark i ten ɛawed inna ad qeddmen ina ccin jjiwnen uca yarwen min iceṭṭen aqa sebɛa n tsuǧatin
REC129_SEG0005_PART02,REC129,SPK009,train,vad_v2_spk009,70.224,83.208,12.984,data/processed/segments/REC129/REC129_SEG0005_PART02.wav,reviewed,inni iccen tuɣa aten ɛřaḥař di arebɛa ařaf xenni issekk i ten uca řexdenni inya di tɣarrabut ak d imeḥḍaren nnes yiweḍ ɣar jjwayeh n dalmanuta
REC129_SEG0006_PART01,REC129,SPK009,train,vad_v2_spk009,86.456,100.896,14.44,data/processed/segments/REC129/REC129_SEG0006_PART01.wav,reviewed,ifarisiyyen ttarenijj n řeɛřamet ffɣen ifarisiyyen bdan ttqacaḥen dayes ttaren zzayes ict n řeɛřamet zeg ujenna ḥima ad t jarrben izehhar di arruḥ nnes inna
REC129_SEG0006_PART02,REC129,SPK009,train,vad_v2_spk009,100.896,115.336,14.44,data/processed/segments/REC129/REC129_SEG0006_PART02.wav,reviewed,mayemmi ittettar jjiř a ijj n řeɛřamet s tidett necc ad awem iniɣ ɛemmarṣ war d as temmewc i jjiř a ict n řeɛřamet xenni ismeḥ daysen uca inya di tɣarrabut uca ruḥen nitni ɣar ujemmaḍ
REC129_SEG0008,REC129,SPK009,train,vad_v2_spk009,121.24,129.384,8.144,data/processed/segments/REC129/REC129_SEG0008.wav,reviewed,maca imeḥḍaren nnes ttun ad kisen ksin aɣrum uca war tuɣi ɣarsen walu di tɣarrabut mɣir ict n tecnift n weɣrum waha
REC129_SEG0009_PART01,REC129,SPK009,train,vad_v2_spk009,130.072,142.768,12.696,data/processed/segments/REC129/REC129_SEG0009_PART01.wav,reviewed,uca netta iɛermasen i xzarem ḥḍam zeg wentun n ifarisiyyen d wentun n hirudus mcawaren jar asen nnan d man aya minzi war ɣarneɣ bu tecnifin n weɣrum
REC129_SEG0009_PART02,REC129,SPK009,train,vad_v2_spk009,142.768,155.464,12.696,data/processed/segments/REC129/REC129_SEG0009_PART02.wav,reviewed,uca yargeb yasuɛ inna asen mayemmi temcawarem belli war ɣarwem bu tecnifin n weɣrum ma war tucim ma war tefhimem ma ɛad uřawen nwem qesḥen ma ɣarwem tiṭṭawin maca war tettwiřim
REC129_SEG0010_PART01,REC129,SPK009,train,vad_v2_spk009,155.736,168.432,12.696,data/processed/segments/REC129/REC129_SEG0010_PART01.wav,reviewed,ma ɣarwem imezzuɣen maca war tettesřim ma war tɛeqqiřem ɛad umi arẓiɣ xemsa n tecnifin n weɣrum i xemsa ařaf mecḥař n tsuǧatin i iccuren s iřeqqʷaz i tyarwem nnan as
REC129_SEG0010_PART02,REC129,SPK009,train,vad_v2_spk009,168.432,181.128,12.696,data/processed/segments/REC129/REC129_SEG0010_PART02.wav,reviewed,tenɛac u ɣar sebɛa n tecnifin n weɣrum i arebɛa ařaf mecḥař n tsuǧatin iccuren s iřeqqʷaz i tyarwem nnan sebɛa xenni inna asen mammec ɛad war tefhimem ař řexxu
REC129_SEG0011,REC129,SPK009,train,vad_v2_spk009,184.376,193.384,9.008,data/processed/segments/REC129/REC129_SEG0011.wav,reviewed,asgenfi n ijj n udarɣař di baytṣayḍa yusa dd ɣar bayt ṣayda uca nitni iwyen as dd ijj n udarɣař zawgen t ad iḥada wanita
REC129_SEG0012_PART01,REC129,SPK009,train,vad_v2_spk009,193.976,207.2,13.224,data/processed/segments/REC129/REC129_SEG0012_PART01.wav,reviewed,netta imneɛ adarɣař zeg ufus indeh i t barra i dcar uca issusef di tiṭṭawin nnes issars xas afus nnes isseqsa min ittwařa isewḍ inna ttwařiɣ iwdan gguren am ticejjura
REC129_SEG0012_PART02,REC129,SPK009,train,vad_v2_spk009,207.2,220.424,13.224,data/processed/segments/REC129/REC129_SEG0012_PART02.wav,reviewed,xenni issars ɛawed afus nnes x tiṭṭawin nnes xenni iggenfa idweř ittwařa marra mliḥ issekk i t ɣar taddart nnes inna war d ttidef dcar war t qqar i ḥed di dcar
REC129_SEG0013,REC129,SPK009,train,vad_v2_spk009,223.16,241.928,18.768,data/processed/segments/REC129/REC129_SEG0013.wav,reviewed,cchadet n buṭrus x yasuɛ xenni yuyur yasuɛ ak d imeḥḍaren nnes ɣar ředcur n qayṣariya filippus deg webrid isseqsa imeḥḍaren nnes inna asen min qqaren iwdan min ɛniɣ necc arrin dd yuḥanna amseɣḍaṣ ca nneɣni nnan iliya
REC129_SEG0014,REC129,SPK009,train,vad_v2_spk009,242.36,258.184,15.824,data/processed/segments/REC129/REC129_SEG0014.wav,reviewed,inneɣni qqaren ijjen zeg inabiyyen inna asen i kenniw min teqqarem xafi yarra dd cimɛun inna as cek d lmasiḥ mmis n arebbi iddaren yumur i ten mliḥ maḥend war tt xas qqaren uřa i yijj
REC129_SEG0015,REC129,SPK009,train,vad_v2_spk009,260.056,263.624,3.568,data/processed/segments/REC129/REC129_SEG0015.wav,reviewed,yasuɛ izwar issawař x řmewt d tnukra nnes
REC129_SEG0016,REC129,SPK009,train,vad_v2_spk009,264.728,276.232,11.504,data/processed/segments/REC129/REC129_SEG0016.wav,reviewed,ibda isseřmad aqa mmis n bnadem ittxeṣṣa ad iweddeb aṭṭas uca ad ittwasseḥqar zeg imɣaren n řgens d imeqqranen n ikehhanen d imseřmaden n idlisen
REC129_SEG0017,REC129,SPK009,train,vad_v2_spk009,277.048,295.752,18.704,data/processed/segments/REC129/REC129_SEG0017.wav,reviewed,ad t nɣen uca deg wass wiss třata ad dd ikkar inna awař a s bṭayṭay maca iksi t buṭrus ɣares ɣar uɣezdis uca ibda ittwebbex i t xas uca inneqřeb ixzar deg imeḥḍaren nnes uca iwebbex i cimɛun iqqar
REC129_SEG0018_PART01,REC129,SPK009,train,vad_v2_spk009,296.312,306.496,10.184,data/processed/segments/REC129/REC129_SEG0018_PART01.wav,reviewed,aggʷej xafi awarni ayi a cciṭan minzi cek war d ac icqi min iǧan n arebbi maca min iǧan n iwdan iřaɣa dd yasuɛ i řɣaci
REC129_SEG0018_PART02,REC129,SPK009,train,vad_v2_spk009,306.496,316.68,10.184,data/processed/segments/REC129/REC129_SEG0018_PART02.wav,reviewed,ak d imeḥḍaren nnes ɣares inna asen wenni ixsen ad ayi iḍfar ad inkar ixef nnes ad iksi ṣṣalib nnes uca ad ayi iḍfar
REC129_SEG0019,REC129,SPK009,train,vad_v2_spk009,317.304,328.68,11.376,data/processed/segments/REC129/REC129_SEG0019.wav,reviewed,minzi wenni ixsen ad issenjem tudart nnes ad tt ixsar maca wenni i ɣa ixsaren tudart nnes di ṭṭweɛ inu u di ṭṭweɛ n řexbar aṣebḥan ad tt issenjem
REC129_SEG0020_PART01,REC129,SPK009,train,vad_v2_spk009,329.08,341.664,12.584,data/processed/segments/REC129/REC129_SEG0020_PART01.wav,reviewed,minzi man řefḍeř n bnadem mařa yarbeḥ ddunect marra maca ad ixsar řeɛmar nnes minzi min ɣa iwc bnadem deg wemcan n řeɛmar nnes minzi wenni
REC129_SEG0020_PART02,REC129,SPK009,train,vad_v2_spk009,341.664,354.248,12.584,data/processed/segments/REC129/REC129_SEG0020_PART02.wav,reviewed,zzayi i ɣa iseḍḥan u zeg wawařen inu di jjiř a izennan ixḍan aqa uřa d mmis n bnadem ad zzayes iseḍḥa xmi dd ɣa yas s uɛuǧi n babas ak d lmalakat iqeddsen
REC130_SEG0001,REC130,SPK009,train,vad_v2_spk009,0.76,4.744,3.984,data/processed/segments/REC130/REC130_SEG0001.wav,reviewed,asɛuǧi n yasuɛ x wedrar ak d musa d iliya
REC130_SEG0002_PART01,REC130,SPK009,train,vad_v2_spk009,5.304,18.832,13.528,data/processed/segments/REC130/REC130_SEG0002_PART01.wav,reviewed,uca inna asen s tidett necc ad awem iniɣ aqa ca zeg inni da ibedden war ttqasin ca řmewt ař ɣa ẓaren tageldit n arebbi tenni ad ɣayasen s jjehd awarni setta n wussan yasuɛ yiwi dd
REC130_SEG0002_PART02,REC130,SPK009,train,vad_v2_spk009,18.832,32.36,13.528,data/processed/segments/REC130/REC130_SEG0002_PART02.wav,reviewed,akides buṭrus d yaɛqub d yuḥanna weḥḥedsen ɣar ijj n wedrar yuɛřan uca ibeddeř abdur nsen arruḍ nnes idweř yařeqq d acemřař aṭṭas am acnaw adfeř
REC130_SEG0003_PART01,REC130,SPK009,train,vad_v2_spk009,32.504,46.272,13.768,data/processed/segments/REC130/REC130_SEG0003_PART01.wav,reviewed,n wedrar yuɛřan uca ibeddeř abdur nsen arruḍ nnes idweř yařeqq d acemřař aṭṭas am acnaw adfeř war izemmar uřa d ijj n bnadem x temmurt ad issemřeř amenni iḍhar asen dd iliya ak d musa am tuɣa ssawařen ak d yasuɛ inna as buṭrus a amseřmad inu
REC130_SEG0003_PART02,REC130,SPK009,train,vad_v2_spk009,46.272,60.04,13.768,data/processed/segments/REC130/REC130_SEG0003_PART02.wav,reviewed,aqa mliḥ umi da neǧa ejj aneɣ ad newwet třata n iɛuccuten n tseṭṭa ijjen i cek ijjen i musa u ijjen i iliya maca tuɣa iweddar as min ɣa yini minzi nitni ggʷeden aṭṭas
REC130_SEG0004,REC130,SPK009,train,vad_v2_spk009,60.664,78.472,17.808,data/processed/segments/REC130/REC130_SEG0004.wav,reviewed,ikka dd useynu issduriy i ten s tiři nnes uca třaɣa dd ict n tmijja zeg useynu teqqar wa d mmi iɛizzen sřem ɣares umi ssgeɛɛden nitni tiṭṭawin nsen deg ict n tecti war qqimen ttwařan ɛad ḥed akidsen mɣir yasuɛ weḥḥdes
REC130_SEG0005,REC130,SPK009,train,vad_v2_spk009,79.544,89.224,9.68,data/processed/segments/REC130/REC130_SEG0005.wav,reviewed,ařami dd hwan zeg wedrar yumur i ten ḥima war ttɛiwiden i ḥed walu zi min ẓrin ař dd ɣa ikkar mmis n bnadem jar imettinen
REC130_SEG0006_PART01,REC130,SPK009,train,vad_v2_spk009,89.592,100.288,10.696,data/processed/segments/REC130/REC130_SEG0006_PART01.wav,reviewed,xemmřen awař a deg yixef nsen am tuɣa ttseqsan ixef nsen min ixs ad yini wawař a ař dd ɣa ikkar zi taddart n imettinen sseqsan t nnan as maye
REC130_SEG0006_PART02,REC130,SPK009,train,vad_v2_spk009,100.288,110.984,10.696,data/processed/segments/REC130/REC130_SEG0006_PART02.wav,reviewed,mmi qqaren imseřmaden n idlisen belli ittxeṣṣa ad dd yas iliya d amezwaru yarra dd inna asen aqa iliya ad dd yas d amezwaru uca ad yarr kuřci
REC130_SEG0007,REC130,SPK009,train,vad_v2_spk009,111.256,124.2,12.944,data/processed/segments/REC130/REC130_SEG0007.wav,reviewed,uca ad tiři am mammec tura x mmis n bnadem aqa ad iweddeb aṭṭas uca ad t sseḥqaren maca necc ad awem iniɣ iliya aqa yusa dd uca ggin zzayes min xsen am mammec xas tura
REC130_SEG0008,REC130,SPK009,train,vad_v2_spk009,126.68,130.056,3.376,data/processed/segments/REC130/REC130_SEG0008.wav,reviewed,asgenfi n ijj n abřiɣ dayes řaryaḥ amengus
REC130_SEG0009_PART01,REC130,SPK009,train,vad_v2_spk009,130.872,145.008,14.136,data/processed/segments/REC130/REC130_SEG0009_PART01.wav,reviewed,řami dd yusa ɣar imeḥḍaren iẓra ijj n řɣaci d ameqqran ittenneḍ asen dd u imseřmaden n idlisen ttqacaḥen ten deɣya iẓra i t marra řɣaci tbehten aṭṭas uca uzzřen dd ɣares
REC130_SEG0009_PART02,REC130,SPK009,train,vad_v2_spk009,145.008,159.144,14.136,data/processed/segments/REC130/REC130_SEG0009_PART02.wav,reviewed,seǧmen xas xenni isseqsa imseřmaden n idlisen min xef kidsen tettqacaḥem yarra dd ijjen zi řɣaci inna a amseɣɣar iwyeɣ dd mmi ɣarek aqa dayes řaryaḥ nni t yarrin d agnaw
REC130_SEG0010,REC130,SPK009,train,vad_v2_spk009,159.896,168.328,8.432,data/processed/segments/REC130/REC130_SEG0010.wav,reviewed,xmi t itteṭṭef ineṭṭar i t ɣar temmurt itteffeɣ as dd ukuffu zeg uqemmum ittɣezza tiɣmas nnes uca ittaẓeɣ
REC130_SEG0011_PART01,REC130,SPK009,train,vad_v2_spk009,168.76,181.936,13.176,data/processed/segments/REC130/REC130_SEG0011_PART01.wav,reviewed,nniɣ i imeḥḍaren nnec ad t ssuffɣen maca war d as zemmaren yasuɛ yarra dd inna asen a jjiř war yuminen mecḥař kidwem i ɣa qqimeɣ mecḥař i kenniw i ɣa yarbuɣ ɛad awyem t i dd ɣari
REC130_SEG0011_PART02,REC130,SPK009,train,vad_v2_spk009,181.936,195.112,13.176,data/processed/segments/REC130/REC130_SEG0011_PART02.wav,reviewed,uca iwyen t i dd ɣares umi t iẓra řexdenni immenḍar i t řaryaḥ ammo d wammo ařami iwḍa ɣar temmurt ibda ittbarkikkiḍ ittekk as dd ukuffu zeg uqemmum yasuɛ isseqsa babas
REC130_SEG0012_PART01,REC130,SPK009,train,vad_v2_spk009,195.384,209.36,13.976,data/processed/segments/REC130/REC130_SEG0012_PART01.wav,reviewed,mecḥař zeg wami t i dd iḥkem uya inna as zi temẓi nnes aṭṭas n imuren ineṭṭar i t di tmessi u deg waman ḥima ad t isshellek maca mařa tzemmared x ca
REC130_SEG0012_PART02,REC130,SPK009,train,vad_v2_spk009,209.36,223.336,13.976,data/processed/segments/REC130/REC130_SEG0012_PART02.wav,reviewed,ɛawen ayi u ḥinn xafi inna as yasuɛ mařa tzemmared ad tamned aqa kuřci izemmar i wenni yumnen řexdenni isɣuy babas n uḥenjir s imeṭṭawen inna umneɣ a sidi
REC130_SEG0013,REC130,SPK009,train,vad_v2_spk009,223.672,237.288,13.616,data/processed/segments/REC130/REC130_SEG0013.wav,reviewed,ɛawen l iman ineqṣen inu umi iẓra yasuɛ řɣaci ittazzeř uca ssmunen dd ɣares nitni iwebbex řaryaḥ amengus inna as a řaryaḥ agnaw necc umureɣ cek ffeɣ zzayes
REC130_SEG0014_PART01,REC130,SPK009,train,vad_v2_spk009,237.592,249.504,11.912,data/processed/segments/REC130/REC130_SEG0014_PART01.wav,reviewed,war ttdekkwiř dayes ɛemmarṣ isɣuy cciṭan nni aṭṭas ijebbed i t aṭṭas ammu d wammu uca iffeɣ zzayes xenni idweř uḥenjir am yijj n umettin
REC130_SEG0014_PART02,REC130,SPK009,train,vad_v2_spk009,249.504,261.416,11.912,data/processed/segments/REC130/REC130_SEG0014_PART02.wav,reviewed,ařami tuɣa nnan aṭṭas aqa immut ̱ iṭṭef i t yasuɛ zeg ufus nnes issbedd i t umi dd yudef ɣar taddart sseqsan t imeḥḍaren nnes weḥḥedsen
REC130_SEG0015,REC130,SPK009,train,vad_v2_spk009,261.72,272.904,11.184,data/processed/segments/REC130/REC130_SEG0015.wav,reviewed,mayemmi war nzemmar neccin ad t nessuffeɣ inna asen ddegg a war izemmar ad ittwassuffeɣ uřa s ict n řḥajjet mɣir s uẓummi d tẓaǧit waha
REC130_SEG0016,REC130,SPK009,train,vad_v2_spk009,276.28,280.968,4.688,data/processed/segments/REC130/REC130_SEG0016.wav,reviewed,yasuɛ issawař x řmewt d tnukra nnes i twařa wiss tnayen
REC130_SEG0017_PART01,REC130,SPK009,train,vad_v2_spk009,281.688,293.184,11.496,data/processed/segments/REC130/REC130_SEG0017_PART01.wav,reviewed,ffɣen dd ssenni uca cuqen di ljalil netta tuɣa war ixs ad t iɛqeř uřa d ijjen maɣar tuɣa isseřmad imeḥḍaren nnes iqqar asen aqa mmis n bnadem ad immewc
REC130_SEG0017_PART02,REC130,SPK009,train,vad_v2_spk009,293.184,304.68,11.496,data/processed/segments/REC130/REC130_SEG0017_PART02.wav,reviewed,deg ifassen n iwdan ad t nɣen uca awarni řami t ɣa nɣen ad dd ikkar deg wass wiss třata maca nitni war fhimen i wawař a uca ggʷeden ad t sseqsan ɛad x uya
REC130_SEG0018,REC130,SPK009,train,vad_v2_spk009,309.336,321.064,11.728,data/processed/segments/REC130/REC130_SEG0018.wav,reviewed,man wen iǧan d ameqqran usin dd ɣar kafarnaḥum u awarni řami udfen ɣar taddart isseqsa ten di min di tuɣa tḥarrḍem ak d wayawya deg webrid
REC130_SEG0019_PART01,REC130,SPK009,train,vad_v2_spk009,321.432,332.256,10.824,data/processed/segments/REC130/REC130_SEG0019_PART01.wav,reviewed,maca sqaren minzi tuɣa ttemqacaḥen deg webrid di win iǧan d ameqqran zzaysen iqqim iřaɣa dd i tenɛac inna asen mařa ixs ḥed ad yiři d amez
REC130_SEG0019_PART02,REC130,SPK009,train,vad_v2_spk009,332.256,343.08,10.824,data/processed/segments/REC130/REC130_SEG0019_PART02.wav,reviewed,war ad yiři d aneggar uřa d amsexxar i marra iksi aḥenjir issbedd i t di řwesṭ nsen idarreɛ as uca inna asen
REC130_SEG0020,REC130,SPK009,train,vad_v2_spk009,343.416,353.512,10.096,data/processed/segments/REC130/REC130_SEG0020.wav,reviewed,wi ɣa iqebřen mɣir ijj n uḥenjir am uḥenjir a s yisem inu aqa iqbeř ayi u wi d ayi ɣa iqebřen war d ayi iqebbeř maca iqebbeř wi d ayi dd issekken
REC130_SEG0021,REC130,SPK009,train,vad_v2_spk009,357.08,376.552,19.472,data/processed/segments/REC130/REC130_SEG0021.wav,reviewed,wi war iǧin ḍidd nneɣ aqa t akidneɣ yarra dd xas yuḥanna inna as a amseřmad inu neẓra ijjen issuffuɣ ccwaṭen s yisem nnec u nemneɛ i t minzi netta war dd aneɣ iḍeffar inna yasuɛ war t mennɛem ca minzi war din uřa d ijj i ɣa yeggen timegga ijehden s yisem inu
REC130_SEG0022,REC130,SPK009,train,vad_v2_spk009,376.984,394.76,17.776,data/processed/segments/REC130/REC130_SEG0022.wav,reviewed,uca řexdenni deɣya ad xafi issiweř s řɣar minzi wi war iǧin ḍidd nwem aqa t akidwem wi kenniw i ɣa isseswen s yijj n řkas n waman waha minzi aqa kenniw n lmasiḥ i teǧam aqa s tidett necc ad awem iniɣ netta war ixessar ca řmunet nnes
REC130_SEG0023,REC130,SPK009,train,vad_v2_spk009,397.464,401.416,3.952,data/processed/segments/REC130/REC130_SEG0023.wav,reviewed,yasuɛ iɛřem iwdan x min iɣekkʷan i ddnub
REC130_SEG0024_PART01,REC130,SPK009,train,vad_v2_spk009,402.648,415.616,12.968,data/processed/segments/REC130/REC130_SEG0024_PART01.wav,reviewed,wi ɣa issenqraḍen ijjen zeg imeẓyanen a i dayi yumnen iḥřa as ad as tettwagg ict n teṣḍart n tsirt tedqeř deg iri nnes ad immenḍar di řebḥar mařa issenqarḍ cek ufus
REC130_SEG0024_PART02,REC130,SPK009,train,vad_v2_spk009,415.616,428.584,12.968,data/processed/segments/REC130/REC130_SEG0024_PART02.wav,reviewed,nnec qess i t iḥřa ac ad tadfed ɣar tudart d ameɛḍuř x wadaf s tnayen n ifassen di jehennama mani tikecca nsen war tettmetti u timessi nsen war txessi
REC130_SEG0025,REC130,SPK009,train,vad_v2_spk009,429.112,443.88,14.768,data/processed/segments/REC130/REC130_SEG0025.wav,reviewed,mařa isseɣwacek cek uḍar nnec qess i t iḥřa ac ad tadfed ɣar tudart d aqejdaḥ x uweṭṭu s tnayen n iḍaren di jehennama mani tikecca nsen war tettmetti u timessi nsen war txessi
REC130_SEG0026_PART01,REC130,SPK009,train,vad_v2_spk009,444.28,455.904,11.624,data/processed/segments/REC130/REC130_SEG0026_PART01.wav,reviewed,mařa tesseɣwacek cek tiṭṭ nnec qeřɛ i tt iḥřa ac ad tadfed ɣar tgeldit n arebbi s ict n tiṭṭ x uweṭṭu s tnayen n tiṭṭawin di tmessi n jehennama
REC130_SEG0026_PART02,REC130,SPK009,train,vad_v2_spk009,455.904,467.528,11.624,data/processed/segments/REC130/REC130_SEG0026_PART02.wav,reviewed,mani tikecca nsent war tettmetti u timessi nsent war txessi minzi kuř ijjen ad ittwameǧeḥ s tmessi u kuř taɣarṣt ad tettwameǧeḥ s tmeǧaḥt
REC130_SEG0027,REC130,SPK009,train,vad_v2_spk009,468.184,479.368,11.184,data/processed/segments/REC130/REC130_SEG0027.wav,reviewed,tameǧaḥt teṣbeḥ maca mařa tameǧaḥt ixsar uředdi nnes s min zi tt i ɣa ɛedřen ad tiři tmeǧaḥt daywem uca ḥḍam řehna jar awem
REC131_SEG0001,REC131,SPK009,train,vad_v2_spk009,1.304,3.976,2.672,data/processed/segments/REC131/REC131_SEG0001.wav,reviewed,yasuɛ issiweř x řemřac d waǧaf
REC131_SEG0002_PART01,REC131,SPK009,train,vad_v2_spk009,4.376,18.368,13.992,data/processed/segments/REC131/REC131_SEG0002_PART01.wav,reviewed,ikkar yuyur ssenni uca yiweḍ ɣar temmurt n yahudiyya ɣar wemcan n uẓekkwi n l urdun munen dd xas řɣaci aṭṭas u ɛawed tuɣa isseřmad i ten am mammec tuɣa innum usin dd ɣares ifarisiyyen sseqsan t
REC131_SEG0002_PART02,REC131,SPK009,train,vad_v2_spk009,18.368,32.36,13.992,data/processed/segments/REC131/REC131_SEG0002_PART02.wav,reviewed,ḥima ad t jarrben ma iḥeǧeř i weryaz ad iǧef i temɣart nnes yarra dd inna asen min xef tuɣa kenniw yumur musa nnan musa iwca ttesriḥ ad tettwari tebrat n waǧaf maḥend aryaz ad as iǧef
REC131_SEG0003,REC131,SPK009,train,vad_v2_spk009,32.728,39.144,6.416,data/processed/segments/REC131/REC131_SEG0003.wav,reviewed,yarra dd yasuɛ inna asen x ssibbet n řeqsaḥet n wuřawen nwem aqa yura awem tawṣeyyet a
REC131_SEG0004_PART01,REC131,SPK009,train,vad_v2_spk009,39.512,51.312,11.8,data/processed/segments/REC131/REC131_SEG0004_PART01.wav,reviewed,maca zi beddu zi mani tettwagg ddunect ixřeq i ten dd arebbi d awtem d tewtemt s uyenni ad ismeḥ weryaz di babas d yemmas ad iqqen ɣar temɣart nnes
REC131_SEG0004_PART02,REC131,SPK009,train,vad_v2_spk009,51.312,63.112,11.8,data/processed/segments/REC131/REC131_SEG0004_PART02.wav,reviewed,uca tnayen idsen xenni ad iřin d ict n ddat uca ammu war ttiřin ɛad d tnayen maca ad iřin d ict n arrimet s uya min issmun arebbi war t ibeṭṭi bnadem
REC131_SEG0005,REC131,SPK009,train,vad_v2_spk009,63.576,80.584,17.008,data/processed/segments/REC131/REC131_SEG0005.wav,reviewed,di taddart sseqsan t imeḥḍaren nnes ɛawed x man aya inna asen wi ɣa iǧfen i temɣart nnes uca ad yawi tenneɣnit aqa netta izna u mařa tamɣart teǧef i weryaz nnes uca xenni ad tiři i weryaz nneɣni aqa nettat tezna
REC131_SEG0006,REC131,SPK009,train,vad_v2_spk009,82.552,91.496,8.944,data/processed/segments/REC131/REC131_SEG0006.wav,reviewed,yasuɛ ibarek iḥenjiren iwyen as dd iḥenjiren ḥima ad ten iḥada maca imeḥḍaren webbxen inni ten dd yiwyen ɣares
REC131_SEG0007_PART01,REC131,SPK009,train,vad_v2_spk009,92.184,103.76,11.576,data/processed/segments/REC131/REC131_SEG0007_PART01.wav,reviewed,umi iẓra yasuɛ man aya ixeyyeq inna asen jjem iḥenjiren ad ɣari dd asen war ten mennɛem minzi tageldit n arebbi n yinni iǧan am nitni s tidett necc ad
REC131_SEG0007_PART02,REC131,SPK009,train,vad_v2_spk009,103.76,115.336,11.576,data/processed/segments/REC131/REC131_SEG0007_PART02.wav,reviewed,awem iniɣ wi war iqebbřen tageldit n arebbi am yijj n uḥenjir aqa ɛemmarṣ war ɣares ittidef idarreɛ asen uca am xasen issars ifassen nnes ibark i ten
REC131_SEG0008,REC131,SPK009,train,vad_v2_spk009,118.584,120.808,2.224,data/processed/segments/REC131/REC131_SEG0008.wav,reviewed,yasuɛ d weryaz bu wagřa
REC131_SEG0009_PART01,REC131,SPK009,train,vad_v2_spk009,121.272,135.46,14.188,data/processed/segments/REC131/REC131_SEG0009_PART01.wav,reviewed,umi iffeɣ maḥend ad yuyur deg webrid yuzzeř dd ɣares ijjen iwḍa as ɣar ifadden uca isseqsa t inna a amseɣɣar aṣebḥan min ɣa ggeɣ ḥima ad warteɣ tudart ittduman inna as yasuɛ mayemmi d ayi
REC131_SEG0009_PART02,REC131,SPK009,train,vad_v2_spk009,135.46,149.648,14.188,data/processed/segments/REC131/REC131_SEG0009_PART02.wav,reviewed,tettřaɣid aṣebḥan uřa d ijj war iǧi d aṣebḥan mɣir ijjen waha arebbi cek tessned tiweṣṣa war zenni war neqq war tticar war cehhed s ẓur war ttɣecca
REC131_SEG0010,REC131,SPK009,train,vad_v2_spk009,149.648,157.704,8.056,data/processed/segments/REC131/REC131_SEG0010.wav,reviewed,weqqar babac d yemmac yarra dd inna as wah a amseɣɣar aqa marra tina tuɣa ḍeffareɣ tent zi temẓi inu
REC131_SEG0011_PART01,REC131,SPK009,train,vad_v2_spk009,158.168,168.896,10.728,data/processed/segments/REC131/REC131_SEG0011_PART01.wav,reviewed,ixzar dayes yasuɛ uca issɛizz i t inna as teqqim icten ɛad uyur zenz marra min ɣarek ewc i t i imezřaḍ uca ad ɣarek yiři ijj n řkenz deg ujenna
REC131_SEG0011_PART02,REC131,SPK009,train,vad_v2_spk009,168.896,179.624,10.728,data/processed/segments/REC131/REC131_SEG0011_PART02.wav,reviewed,xenni assed ḍḍa ksi ṣṣalib nnec ḍfar ayi dd maca netta tuɣa iḥzen s wawař nni uca iruḥ icḍen minzi tuɣa ɣares aṭṭas n wagřa
REC131_SEG0012,REC131,SPK009,train,vad_v2_spk009,179.704,190.144,10.44,data/processed/segments/REC131/REC131_SEG0012.wav,reviewed,ixzar yasuɛ ɣar inni idass dyenden inna asen i imeḥḍaren nnes mecḥař iwɛar x yinni ɣar iǧa attas n wagřa ḥima ad adfen ɣar tgeldit n arebbi
REC131_SEG0013_PART01,REC131,SPK009,train,vad_v2_spk009,190.144,202.708,12.564,data/processed/segments/REC131/REC131_SEG0013_PART01.wav,reviewed,tbehten imeḥḍaren zeg wawařen nnes maca yasuɛ iɛawed iṭṭef deg wawař inna asen a tarwa inu mecḥař iwɛar x yinni ittcařan x wagřa nsen maḥend ad dd adfen ɣar
REC131_SEG0013_PART02,REC131,SPK009,train,vad_v2_spk009,202.708,215.272,12.564,data/processed/segments/REC131/REC131_SEG0013_PART02.wav,reviewed,tgeldit n arebbi ihwen ad yadef weřɣem zi tiṭṭ n tsineft zeg wadaf n bu wagřa ɣar tgeldit n arebbi immarni daysen ɛad unexřiɛ nnan i wayawya
REC131_SEG0014,REC131,SPK009,train,vad_v2_spk009,215.48,229.16,13.68,data/processed/segments/REC131/REC131_SEG0014.wav,reviewed,wi izemmaren xenni ad ittwassenjem ixzar daysen yasuɛ inna ɣar iwdan war izemmar maca ɣar arebbi war iǧi amenni minzi aqa ɣar arebbi kuřci di tzemmar nnes
REC131_SEG0015,REC131,SPK009,train,vad_v2_spk009,231.992,234.504,2.512,data/processed/segments/REC131/REC131_SEG0015.wav,reviewed,řmunet n weḍfar n yasuɛ
REC131_SEG0016,REC131,SPK009,train,vad_v2_spk009,235.256,241.096,5.84,data/processed/segments/REC131/REC131_SEG0016.wav,reviewed,ibda buṭrus ad yini xzar aqa neccin nejja kuřci neḍfar i cek dd
REC131_SEG0017_PART01,REC131,SPK009,train,vad_v2_spk009,241.336,254.62,13.284,data/processed/segments/REC131/REC131_SEG0017_PART01.wav,reviewed,yarra dd xas yasuɛ inna s tidett necc ad awem iniɣ war din iǧi uřa d ijjen wenni isemḥen di taddart niɣ deg aytmas niɣ di yessmas niɣ di babas niɣ di yemmas niɣ di
REC131_SEG0017_PART02,REC131,SPK009,train,vad_v2_spk009,254.62,267.904,13.284,data/processed/segments/REC131/REC131_SEG0017_PART02.wav,reviewed,temɣart niɣ di tarrawt uřa deg iyyaren di ṭṭweɛ inu u di ṭṭweɛ n řexbar aṣebḥan i war ikessin mya n tseqqar řexxu di zzman a ad iksi tudrin niɣ aytmas niɣ yessmas
REC131_SEG0018,REC131,SPK009,train,vad_v2_spk009,267.904,287.72,19.816,data/processed/segments/REC131/REC131_SEG0018.wav,reviewed,niɣ tyemmatin niɣ tarrawt d yeyyaren ak d umarret uca di zzman i dd ɣa yasen ad iksi tudart ittduman maca aṭṭas n yinni iǧan d imezwura ad iřin d ineggura uca inni iǧan d ineggura ad iřin d imezwura
REC131_SEG0019,REC131,SPK009,train,vad_v2_spk009,291.416,297.096,5.68,data/processed/segments/REC131/REC131_SEG0019.wav,reviewed,yasuɛ issawař x řmewt d tnukra nnes i twařa wiss třata
REC131_SEG0020_PART01,REC131,SPK009,train,vad_v2_spk009,297.592,311.36,13.768,data/processed/segments/REC131/REC131_SEG0020_PART01.wav,reviewed,tuɣa ten deg webrid maḥend ad geɛɛden ɣar urcalim u yasuɛ tuɣa izwar asen nitni tuɣa ttbehten uca ggʷeden umi t i dd ḍeffaren iksi tenɛac ɣar uɣezdis uca ibda iqqar asen x
REC131_SEG0020_PART02,REC131,SPK009,train,vad_v2_spk009,311.36,325.128,13.768,data/processed/segments/REC131/REC131_SEG0020_PART02.wav,reviewed,min d as ɣa imsaren inna xzar neccin ad ngeɛɛed ɣar urcalim u mmis n bnadem ad immewc deg ifassen n imeqqranen n ikehhanen d imseřmaden n idlisen u nitni ad xas ḥekmen s řmewt
REC131_SEG0021,REC131,SPK009,train,vad_v2_spk009,325.336,336.488,11.152,data/processed/segments/REC131/REC131_SEG0021.wav,reviewed,ad t sellmen i řegnus ad t sseḥqaren ad t hettken s urekkuḍ ad xas ssusfen ad t nɣen uca deg wass wiss třata ad ikkar
REC131_SEG0022_PART01,REC131,SPK009,train,vad_v2_spk009,339.832,350.704,10.872,data/processed/segments/REC131/REC131_SEG0022_PART01.wav,reviewed,tutra n yaɛqub d yuḥanna yusa dd ɣares yaɛqub d yuḥanna tarwa n zabdi nnan as a amseɣɣar nexs ad aneɣ tegged marra min
REC131_SEG0022_PART02,REC131,SPK009,train,vad_v2_spk009,350.704,361.576,10.872,data/processed/segments/REC131/REC131_SEG0022_PART02.wav,reviewed,zzayek ɣa nettar inna asen min texsem ad awem ggeɣ nnan as ewc aneɣ ad neqqim ijjen ɣar ufusi nnec u wenneɣni ɣar uzeřmaḍ nnec deg uɛuǧi nnec
REC131_SEG0023,REC131,SPK009,train,vad_v2_spk009,362.008,370.184,8.176,data/processed/segments/REC131/REC131_SEG0023.wav,reviewed,maca yasuɛ inna asen aqa war tessinem ca min tettarem ma tzemmarem ad teswem řkas i zi ɣa sweɣ necc
REC131_SEG0024_PART01,REC131,SPK009,train,vad_v2_spk009,370.328,382.624,12.296,data/processed/segments/REC131/REC131_SEG0024_PART01.wav,reviewed,niɣ ad tettwassɣeḍṣem s useɣḍeṣ i zi ɣa ttwassɣeḍṣeɣ necc nnan as nzemmar inna asen yasuɛ řkas i ɣa sweɣ necc ad t teswem u aseɣḍeṣ i zi ttwassɣeḍṣeɣ
REC131_SEG0024_PART02,REC131,SPK009,train,vad_v2_spk009,382.624,394.92,12.296,data/processed/segments/REC131/REC131_SEG0024_PART02.wav,reviewed,necc ad zzayes ttwassɣeḍṣem maca aɣimi x yefus inu niɣ x uzeřmaḍ inu war ɣari iǧi deg ufus inu maḥend ad t wceɣ maca ad immewc i yinni umi ittwassewjed
REC131_SEG0025_PART01,REC131,SPK009,train,vad_v2_spk009,395.512,408.48,12.968,data/processed/segments/REC131/REC131_SEG0025_PART01.wav,reviewed,řami sřin ɛecra n imeḥḍaren man aya xeyyqen x yaɛqub d yuḥanna xenni iřaɣa asen dd yasuɛ ɣares inna asen kenniw tessnem belli inni ittwaḥesben d řḥukkam n řegnus
REC131_SEG0025_PART02,REC131,SPK009,train,vad_v2_spk009,408.48,421.448,12.968,data/processed/segments/REC131/REC131_SEG0025_PART02.wav,reviewed,aqa ḥekkmen xasen u imeqqranen nsen aqa ttṣeǧaḍen ten war ittiři ammu jar awem maca wenni ixsen ad idweř d ameqqran jar awem aqa netta ad yiři d amsexxar nwem
REC131_SEG0026,REC131,SPK009,train,vad_v2_spk009,421.656,438.216,16.56,data/processed/segments/REC131/REC131_SEG0026.wav,reviewed,u wenni ixsen ad yiři d amezwaru jar awem aqa netta ad yiři d amsexxar i marra minzi ɛawed mmis n bnadem war dd yusi ḥima ad xas sexxaren maca ḥima ad ixdem ad iwc tudart nnes d rehdyet i waṭṭas n iwdan
REC131_SEG0027,REC131,SPK009,train,vad_v2_spk009,440.6,443.56,2.96,data/processed/segments/REC131/REC131_SEG0027.wav,reviewed,asgenfi n mmis n timawus adarɣař
REC131_SEG0028_PART01,REC131,SPK009,train,vad_v2_spk009,444.088,458.688,14.6,data/processed/segments/REC131/REC131_SEG0028_PART01.wav,reviewed,iwḍen dd ɣar ariḥa řami dd iffeɣ zi ariḥa ak d imeḥḍaren nnes d waṭṭas n řɣaci tuɣa timawus mmis n timawuswenni tuɛa d adarɣař iqqim deg webrid ittettar umi isřa belli yasuɛ
REC131_SEG0028_PART02,REC131,SPK009,train,vad_v2_spk009,458.688,473.288,14.6,data/processed/segments/REC131/REC131_SEG0028_PART02.wav,reviewed,nnaṣiri aqa t din ibda isɣuyyu iqqar a mmis n dawud arḥem ayi webbxen t aṭṭas ḥima ad isqar maca netta iqqim isɣuyyu ktar a mmis n dawud arḥem ayi
REC131_SEG0029,REC131,SPK009,train,vad_v2_spk009,473.56,477.224,3.664,data/processed/segments/REC131/REC131_SEG0029.wav,reviewed,ibedd yasuɛ uca yumur ad xas dd řaɣan
REC131_SEG0030_PART01,REC131,SPK009,train,vad_v2_spk009,477.336,490.553,13.217,data/processed/segments/REC131/REC131_SEG0030_PART01.wav,reviewed,řaɣan dd i udarɣař nnan as egg uř kkar aqa ittřaɣa dd xak inḍar udarɣař ajeǧab nnes ikkar uca yusa dd ɣar yasuɛ yarra dd yasuɛ inna as min texsed ad ac t ggeɣ
REC131_SEG0030_PART02,REC131,SPK009,train,vad_v2_spk009,490.553,503.771,13.217,data/processed/segments/REC131/REC131_SEG0030_PART02.wav,reviewed,inna as udarɣař a amseřmad ḥima ad twařiɣ inna as yasuɛ xzar l iman nnec isgenfi ccek řexdenni idweř ittwařa uca iḍfar i t deg webrid
REC132_SEG0001,REC132,SPK009,train,vad_v2_spk009,1.08,3.976,2.896,data/processed/segments/REC132/REC132_SEG0001.wav,reviewed,adaf n yasuɛ ɣar urcalim am ujeǧid
REC132_SEG0002_PART01,REC132,SPK009,train,vad_v2_spk009,4.952,16.848,11.896,data/processed/segments/REC132/REC132_SEG0002_PART01.wav,reviewed,umi dd qarrben ɣar urcalim ɣar bayt faji d bayt ɛanya zzat i wedrar n zzitun issekk tnayen n imeḥḍaren nnes inna asen ruḥem ɣar dcar nni qibač nwem xmi ɣares i
REC132_SEG0002_PART02,REC132,SPK009,train,vad_v2_spk009,16.848,28.744,11.896,data/processed/segments/REC132/REC132_SEG0002_PART02.wav,reviewed,ɣa tadfem řexdenni ad tafem ijj n wesnus iqqen war xas inyi uřa d ijj n bnadem fesyem as dd uca awyem t i dd ɣari mařa inna awem ḥed mayemmi i tetteggem aya
REC132_SEG0003,REC132,SPK009,train,vad_v2_spk009,29.208,39.016,9.808,data/processed/segments/REC132/REC132_SEG0003.wav,reviewed,xenni inim aqa sidi iḥdaj i t uca řexdenni ad t i dd issekk da ɛawed nitni ruḥen ufin asnus nni iqqen ɣar tewwart barra x webrid
REC132_SEG0004_PART01,REC132,SPK009,train,vad_v2_spk009,39.352,52.016,12.664,data/processed/segments/REC132/REC132_SEG0004_PART01.wav,reviewed,řami d as dd arxun nnan asen ca n yinni tuɣa din ibedden min tetteggem tfessyem i wesnus nnan asen am mammec ten iweṣṣa yasuɛ uca jjin ten iwyen dd asnus ɣar yasuɛ
REC132_SEG0004_PART02,REC132,SPK009,train,vad_v2_spk009,52.016,64.68,12.664,data/processed/segments/REC132/REC132_SEG0004_PART02.wav,reviewed,ssarsen xas arruḍ nsen uca inya xas netta aṭṭas ssun arruḍ nsen x webrid ca nneɣni qessen dd řefruɛ s wafriwen zi tcejjura uca ssun ten x webrid
REC132_SEG0005_PART01,REC132,SPK009,train,vad_v2_spk009,64.92,79.328,14.408,data/processed/segments/REC132/REC132_SEG0005_PART01.wav,reviewed,inni t izwaren d yinni t i dd iḍfaren tuɣa sɣuyyun s jjehd qqaren uṣanna lbaraka i wenni dd yusin s yisem n sidi ad tettwabarek tgeldit tenni i dd ɣa yasen s ufus n babatneɣ dawud uṣan
REC132_SEG0005_PART02,REC132,SPK009,train,vad_v2_spk009,79.328,93.736,14.408,data/processed/segments/REC132/REC132_SEG0005_PART02.wav,reviewed,na di řuɛřa x řuɛřa n ijenwan yusa dd yasuɛ ɣar urcalim yudef ɣar zzawect tameqqrant uca iẓra marra min din imsaren řami tuɣa issutem řḥař iffeɣ ɣar bayt ɛanya ak d tenɛac
REC132_SEG0006,REC132,SPK009,train,vad_v2_spk009,96.536,98.024,1.488,data/processed/segments/REC132/REC132_SEG0006.wav,reviewed,anɛař n wartu
REC132_SEG0007_PART01,REC132,SPK009,train,vad_v2_spk009,98.296,112.372,14.076,data/processed/segments/REC132/REC132_SEG0007_PART01.wav,reviewed,tiwecca nnes řami dd iffeɣ zi bayt ɛanya iṭṭef i t i dd řaẓ umi iẓra zi řaggʷaj ijj n wartu n tazart ɣares tifray yuyur din ḥima ad yarzu ma ad taɣ ad dayes yaf ca umi ɣares dd yiweḍ war
REC132_SEG0007_PART02,REC132,SPK009,train,vad_v2_spk009,112.372,126.448,14.076,data/processed/segments/REC132/REC132_SEG0007_PART02.wav,reviewed,yufi walu mɣir tifray minzi war tuɣi bu řweqt n tazart iṭṭef deg wawař inna as i wartu zi řexxu d tsawent war zzayem ittett uřa d ijj ɛad řɣiǧet tuɣa imeḥḍaren nnes ttesřan
REC132_SEG0008,REC132,SPK009,train,vad_v2_spk009,126.448,128.296,1.848,data/processed/segments/REC132/REC132_SEG0008.wav,reviewed,min iqqar
REC132_SEG0009,REC132,SPK009,train,vad_v2_spk009,130.584,133.64,3.056,data/processed/segments/REC132/REC132_SEG0009.wav,reviewed,yasuɛ d isebbaben di taddart iqeddsen
REC132_SEG0010_PART01,REC132,SPK009,train,vad_v2_spk009,134.648,149.104,14.456,data/processed/segments/REC132/REC132_SEG0010_PART01.wav,reviewed,ussind ɣar urcalim u umi yudef yasuɛ ɣar zawect temeqrant ibda issuffuɣ isebbaben d imsewwaqen nni iǧan di zzawect tameqqrant uca ibda issneqřab ṭṭwabeř n iṣarrafen
REC132_SEG0010_PART02,REC132,SPK009,train,vad_v2_spk009,149.104,163.56,14.456,data/processed/segments/REC132/REC132_SEG0010_PART02.wav,reviewed,n tmenyat d řekrasi n yinni tuɣa iznuzan idbiren uca war ijji ḥed ad iɛdu zzawect tameqqrant uřa s ict n řqecɛet tuɣa isseřmad inna asen ma war turi
REC132_SEG0011,REC132,SPK009,train,vad_v2_spk009,164.248,174.312,10.064,data/processed/segments/REC132/REC132_SEG0011.wav,reviewed,taddart inu ad as řaɣan taddart n tẓaǧit i marra řegnus maca kenniw tarrim tt d ifri n iceffaren
REC132_SEG0012,REC132,SPK009,train,vad_v2_spk009,175.32,193.16,17.84,data/processed/segments/REC132/REC132_SEG0012.wav,reviewed,imseřmaden n idlisen d imeqqranen n ikehhanen sřin man aya kkaren uca arezzun mammec ɣa ggen ad t nɣen minzi ggʷeden zzayes minzi řɣaci marra tuɣa ittebhet s useřmed nnes řami dd tewḍa tmeddit ffɣen ɣar barra n tendint
REC132_SEG0013,REC132,SPK009,train,vad_v2_spk009,195.672,197.192,1.52,data/processed/segments/REC132/REC132_SEG0013.wav,reviewed,artu isřaw
REC132_SEG0014_PART01,REC132,SPK009,train,vad_v2_spk009,198.52,211.328,12.808,data/processed/segments/REC132/REC132_SEG0014_PART01.wav,reviewed,di ṣṣbeḥ zic řami dinni ɛdun ẓrin belli wartu nni isřaw zeg iẓewran cimɛun iften xenni inna as a amseřmad inu xzar artu i tneɛřed aqa isřaw
REC132_SEG0014_PART02,REC132,SPK009,train,vad_v2_spk009,211.328,224.136,12.808,data/processed/segments/REC132/REC132_SEG0014_PART02.wav,reviewed,yarra dd yasuɛ inna asen maɛlik ad daywem yiři l iman n arebbi s tidett necc ad awem iniɣ mařa ḥed ad yini i wedrar a meksi wḍa di řebḥar
REC132_SEG0015,REC132,SPK009,train,vad_v2_spk009,224.376,241.8,17.424,data/processed/segments/REC132/REC132_SEG0015.wav,reviewed,war ittcekki deg wuř nnes maca ad yamen belli min inna ad iffeɣ iwa aqa ad iffeɣ i netta am mammec inna netta s uyenni necc ad awem iniɣ marra min ɣa tettarem am tettẓaǧam amnen belli ad t tkesbem uca ad ɣarwem yiři
REC132_SEG0016,REC132,SPK009,train,vad_v2_spk009,242.264,259.368,17.104,data/processed/segments/REC132/REC132_SEG0016.wav,reviewed,u xmi ɣa tbeddem tettẓẓaǧam ɣfarem min ɣarwem x ca n ijjen ḥima ad awem iɣfar ɛawed babatwem i iǧan deg ijenwan ddnub nwem mařa war tɣeffarem kenniw war d awem iɣeffar uřa d babatwem i iǧan deg ijenwan i ddnub nwem
REC132_SEG0017,REC132,SPK009,train,vad_v2_spk009,262.168,264.392,2.224,data/processed/segments/REC132/REC132_SEG0017.wav,reviewed,aseqsi x ttesriḥ n yasuɛ
REC132_SEG0018_PART01,REC132,SPK009,train,vad_v2_spk009,264.888,279.796,14.908,data/processed/segments/REC132/REC132_SEG0018_PART01.wav,reviewed,usin dd ɛawed ɣar urcalim am tuɣa iggur di zzawect tameqqrant qarrben dd ɣares imeqqranen n ikehhanen d imseřmaden n idlisen d imɣaren n řgens nnan as s man ttesriḥ i zi tettegged timesřayin a
REC132_SEG0018_PART02,REC132,SPK009,train,vad_v2_spk009,279.796,294.704,14.908,data/processed/segments/REC132/REC132_SEG0018_PART02.wav,reviewed,wi d ac iwcin ṣṣulṭa ya ḥima ad tegged timesřayin a yarra dd yasuɛ inna asen uřa d necc ad kenniw sseqsiɣ ijj n useqsi ḥima kenniw ad xafi tarrim uca xenni uřa d necc ad awem iniɣ s man ttesriḥ i zi
REC132_SEG0019,REC132,SPK009,train,vad_v2_spk009,294.704,295.72,1.016,data/processed/segments/REC132/REC132_SEG0019.wav,reviewed,tteggeɣ aya
REC132_SEG0020_PART01,REC132,SPK009,train,vad_v2_spk009,296.184,311.092,14.908,data/processed/segments/REC132/REC132_SEG0020_PART01.wav,reviewed,aseɣḍaṣ n yuḥanna ma ikka dd zeg ujenna niɣ zeg iwdan arrem dd xafi mcawaren jar asen nnan mařa nenna zeg ujenna ad yini mayemmi war zzayes tuminem maca mařa nenna
REC132_SEG0020_PART02,REC132,SPK009,train,vad_v2_spk009,311.092,326.0,14.908,data/processed/segments/REC132/REC132_SEG0020_PART02.wav,reviewed,zeg iwdan xenni ittxeṣṣa ad neggʷed zi řgens minzi marra ḥesben yuḥanna d anabi s tidett arrin dd nnan i yasuɛ war nessin yarred xasen yasuɛ inna xenni uřa d necc war d awem
REC132_SEG0021,REC132,SPK009,train,vad_v2_spk009,326.0,330.655,4.655,data/processed/segments/REC132/REC132_SEG0021.wav,reviewed,qqareɣ zi man ttesriḥ i zi tteggeɣ timesřayin a
REC133_SEG0001_PART01,REC133,SPK009,train,vad_v2_spk009,1.304,12.416,11.112,data/processed/segments/REC133/REC133_SEG0001_PART01.wav,reviewed,amedya n umarjuɛ n tzayart d ixemmasen iɛeffanen ibda issawař akidsen s imedya ijj n bnadem igga ijj n umarjeɛ n uḍiř iẓẓu dayes tizayarin
REC133_SEG0001_PART02,REC133,SPK009,train,vad_v2_spk009,12.416,23.528,11.112,data/processed/segments/REC133/REC133_SEG0001_PART02.wav,reviewed,iqewwar as dd s ijj n wefray iɣza tasirt n uḍiř ibna dayes ṣṣumɛet uca iwekkeř amarjuɛ nni i ixemmasen uca isafa
REC133_SEG0002,REC133,SPK009,train,vad_v2_spk009,23.96,37.992,14.032,data/processed/segments/REC133/REC133_SEG0002.wav,reviewed,řami dd yiweḍ řḥař issekk amsexxar nnes ɣar ixemmasen ḥima ad iksi tasɣart nnes zeg weřqaḍ n umarjeɛ n uḍiř maca nitni wtin t uca ssekken t ixwa
REC133_SEG0003,REC133,SPK009,train,vad_v2_spk009,38.552,58.472,19.92,data/processed/segments/REC133/REC133_SEG0003.wav,reviewed,ɛawed issekk ɣarsen ijj n umsexxar nneɣni arejmen t marẓen as uca řami t ssbeḥtřen uẓẓřen xas ɛawed issekk dd ɣarsen wenneɣni uca nɣin t uřa d netta ammu i issekk ɛad aṭṭas n inneɣni hettken ca zzaysen s urekkuḍ d ca nneɣni zzaysen nɣin ten
REC133_SEG0004,REC133,SPK009,train,vad_v2_spk009,58.744,75.624,16.88,data/processed/segments/REC133/REC133_SEG0004.wav,reviewed,ɣar uneggar issekk ɣarsen ayenni n mmis i ɣares i xas iɛizzen inna nican ad weqqaren mmi maca ixemmasen nni nnan jar asen aqa d wa d awrit zidem ad t neneɣ uca ad ɣarneɣ yiři řwart
REC133_SEG0005,REC133,SPK009,train,vad_v2_spk009,75.896,90.664,14.768,data/processed/segments/REC133/REC133_SEG0005.wav,reviewed,ksin t nɣin t uca nḍaren t barra i umarjeɛ n uḍiř min ɣa yegg bab n umarjeɛ n uḍiř ad dd yas ad ineɣ ixemmasen uca ad iwc amarjeɛ n uḍiř i inneɣni ma war teɣrim tira ya
REC133_SEG0006,REC133,SPK009,train,vad_v2_spk009,91.032,110.376,19.344,data/processed/segments/REC133/REC133_SEG0006.wav,reviewed,aẓru i tuɣa immenḍaren ibennayen aqa idweř d aẓru d azeǧif n teɣmart wa yusa dd zi sidi u man aya is tebhaḍ di tiṭṭawin nneɣ xsen ad t ṭṭfen maca nitni ggʷeden zi řɣaci minzi fehmen belli tuɣa issawař xasen s umedya nni nitni jjin t uca uyuren
REC133_SEG0007,REC133,SPK009,train,vad_v2_spk009,112.888,115.112,2.224,data/processed/segments/REC133/REC133_SEG0007.wav,reviewed,axeǧeṣ n ḍḍariba i qayṣar
REC133_SEG0008_PART01,REC133,SPK009,train,vad_v2_spk009,116.12,129.392,13.272,data/processed/segments/REC133/REC133_SEG0008_PART01.wav,reviewed,xenni ssekken ɣares ca n yeryazen zeg ifarisiyyen u ca zi taddart n hirudus ḥima ad as ṭṭfen s wawařen nnes umi dd usin nnan as a amseɣɣar neccin nessen aqa cek d
REC133_SEG0008_PART02,REC133,SPK009,train,vad_v2_spk009,129.392,142.664,13.272,data/processed/segments/REC133/REC133_SEG0008_PART02.wav,reviewed,tidett war teggʷided zeg iwdan u war txezzared ca ɣar wudem n iwdan maca tesseřmaded abrid n arebbi s tidett ma iḥeǧeř ad newc ddariba i kuř ijjen zzayneɣ i qayṣar niɣ lla
REC133_SEG0009_PART01,REC133,SPK009,train,vad_v2_spk009,143.096,157.056,13.96,data/processed/segments/REC133/REC133_SEG0009_PART01.wav,reviewed,ma ittxeṣṣa aneɣ ad nxeǧeṣ ḍḍariba niɣ lla řami netta yargeb x nnifaq nsen inna asen mayemmi d ayi tettjarrabem awyem ayi dd ijj n dinar ḥima ad t ẓareɣ iwyen as dd ijj n dinar
REC133_SEG0009_PART02,REC133,SPK009,train,vad_v2_spk009,157.056,171.016,13.96,data/processed/segments/REC133/REC133_SEG0009_PART02.wav,reviewed,xenni inna asen wi yiřan taṣwirt a d tira ya nnan as n qayṣar yarra dd yasuɛ inna asen wcem xenni i qayṣar min iǧan i qayṣar u min iǧan i arebbi i arebbi uca ttɛejben dayes
REC133_SEG0010_PART01,REC133,SPK009,train,vad_v2_spk009,172.632,184.368,11.736,data/processed/segments/REC133/REC133_SEG0010_PART01.wav,reviewed,aseqsi n iṣaduqiyyen x tnukra usin dd ɣares ɛawed iṣaduqiyyen nni iqqaren belli war din bu tnukra sseqsan t nnan a amseɣɣar aqa yura aneɣ musa
REC133_SEG0010_PART02,REC133,SPK009,train,vad_v2_spk009,184.368,196.104,11.736,data/processed/segments/REC133/REC133_SEG0010_PART02.wav,reviewed,mařa immut i ḥed umas uca ijja tamɣart maca war dd ijji bu tarrawt ad yawi umas tamɣart nni uca ad as isggaɛed dduriyet i umas
REC133_SEG0011,REC133,SPK009,train,vad_v2_spk009,196.952,198.952,2.0,data/processed/segments/REC133/REC133_SEG0011.wav,reviewed,tuɣa din sebɛa n wawmaten
REC133_SEG0012,REC133,SPK009,train,vad_v2_spk009,199.64,205.736,6.096,data/processed/segments/REC133/REC133_SEG0012.wav,reviewed,amezwaru yiwi ict n temɣart uca awarni řami immut war dd ijji bu dduriyet
REC133_SEG0013,REC133,SPK009,train,vad_v2_spk009,206.456,209.832,3.376,data/processed/segments/REC133/REC133_SEG0013.wav,reviewed,xenni yiwyi i tt wenni wiss tnayen uca immut
REC133_SEG0014,REC133,SPK009,train,vad_v2_spk009,210.68,213.48,2.8,data/processed/segments/REC133/REC133_SEG0014.wav,reviewed,war dd ijji bu dduriyet uřa d netta
REC133_SEG0015_PART01,REC133,SPK009,train,vad_v2_spk009,213.88,228.144,14.264,data/processed/segments/REC133/REC133_SEG0015_PART01.wav,reviewed,uca ammu uřa d wenni wiss třata marra sebɛa nni iwyen tt war dd jjin bu dduriyet aneggar nsen marra temmut temɣart nni ɛawed iwa di tnukra xmi dd ɣa kkaren umi ɣa tiři temɣart
REC133_SEG0015_PART02,REC133,SPK009,train,vad_v2_spk009,228.144,242.408,14.264,data/processed/segments/REC133/REC133_SEG0015_PART02.wav,reviewed,nni minzi nettat tuɣa tamɣart n sebɛa nni marra yarra dd yasuɛ inna asen ma war txeṭṭim ca minzi war tessinem ca tira iqeddsen d jjehd n arebbi maɣar xmi dd ɣa kkaren jar imettinen war tent ttiwyen d tamɣart
REC133_SEG0016_PART01,REC133,SPK009,train,vad_v2_spk009,242.584,256.832,14.248,data/processed/segments/REC133/REC133_SEG0016_PART01.wav,reviewed,u war ssmiǧicen timɣarin i yeryazen maca ad iřin am lmalakat i iǧan deg ujenna maca zi jjihet n imettinen aqa ttwassnekkaren ma war teɣrim deg wedlis n musa rami tuɣa ɣa tabɣa
REC133_SEG0016_PART02,REC133,SPK009,train,vad_v2_spk009,256.832,271.08,14.248,data/processed/segments/REC133/REC133_SEG0016_PART02.wav,reviewed,issiweř arebb inna necc arebbi n ibrahim d arebbi n isḥaq d arebbi n yaɛqub netta maci d arebbi n imettinen maca d arebbi n yinni iddaren s uyenni aqa kenniw txeṭṭam aṭṭas
REC133_SEG0017,REC133,SPK009,train,vad_v2_spk009,274.648,276.68,2.032,data/processed/segments/REC133/REC133_SEG0017.wav,reviewed,tawṣeyyet tameqqrant
REC133_SEG0018,REC133,SPK009,train,vad_v2_spk009,277.88,290.408,12.528,data/processed/segments/REC133/REC133_SEG0018.wav,reviewed,umi isřa ijjen zeg imseřmaden n idlisen belli tuɣa ttemharwaḍen jar asen uca issen belli netta aqa yarra dd xasen mliḥ xenni yused ɣares isseqsa t
REC133_SEG0019_PART01,REC133,SPK009,train,vad_v2_spk009,290.712,301.84,11.128,data/processed/segments/REC133/REC133_SEG0019_PART01.wav,reviewed,man tent iǧan d tawṣeyyet tamezwarut x kuřci yarra dd xas yasuɛ aqa tamezwarut x marra tiweṣṣa seř a israil sidi arebbi nneɣ
REC133_SEG0019_PART02,REC133,SPK009,train,vad_v2_spk009,301.84,312.968,11.128,data/processed/segments/REC133/REC133_SEG0019_PART02.wav,reviewed,sidi d ijj ad texsed sidi arebbi nnec s marra wuř nnec s marra řeɛmar nnec s marra řeɛqeř nnec s marra jjehd nnec ta d tawṣeyyet tamezwarut
REC133_SEG0020,REC133,SPK009,train,vad_v2_spk009,313.176,324.456,11.28,data/processed/segments/REC133/REC133_SEG0020.wav,reviewed,u tawṣeyyet wiss tnayen amecnaw tanita aqa d ta ad texsed jjar nnec amecnaw ixef nnec war din bu tewṣeyyet nneɣnit d tameqqrant x tina s tnayen
REC133_SEG0021_PART01,REC133,SPK009,train,vad_v2_spk009,325.016,338.944,13.928,data/processed/segments/REC133/REC133_SEG0021_PART01.wav,reviewed,inna as umseřmad n idlisen nican a amseřmad inu s tidett tennid belli netta d ijjen war din uřa d ijj nneɣni mɣir netta u belli mařa ijj n bnadem ad t ixs s wuř
REC133_SEG0021_PART02,REC133,SPK009,train,vad_v2_spk009,338.944,352.872,13.928,data/processed/segments/REC133/REC133_SEG0021_PART02.wav,reviewed,marra s řeɛqeř marra s řeɛmar marra u s jjehd marra uca ad ixs jjar nnes amecnaw ixef nnes aqa d man aya ḥsen zi marra tiɣarṣin n wecmaḍ d marra tiɣarṣin nneɣnit
REC133_SEG0022,REC133,SPK009,train,vad_v2_spk009,353.048,364.584,11.536,data/processed/segments/REC133/REC133_SEG0022.wav,reviewed,umi iẓra yasuɛ belli yarra dd s řeɛqeř inna as aqa cek war tiggʷijed ca x tgeldit n arebbi xenni war iɛewweř ḥed ad t isseqsa uřa deg ict n tmesřact
REC133_SEG0023,REC133,SPK009,train,vad_v2_spk009,367.032,369.416,2.384,data/processed/segments/REC133/REC133_SEG0023.wav,reviewed,man wen iǧan d mmis n dawud
REC133_SEG0024,REC133,SPK009,train,vad_v2_spk009,370.872,380.456,9.584,data/processed/segments/REC133/REC133_SEG0024.wav,reviewed,řami tuɣa isseřmad di zzawect tameqqrant iṭṭef yasuɛ deg wawař inna mammec qqaren imseřmaden n idlisen belli lmasiḥ d mmis n dawud
REC133_SEG0025_PART01,REC133,SPK009,train,vad_v2_spk009,380.632,391.136,10.504,data/processed/segments/REC133/REC133_SEG0025_PART01.wav,reviewed,minzi dawud s yixef nnes inna s arruḥ iqeddsen inna sidi i sidi inu qqim dd x ufusi inu ař dd ɣa ggeɣ řɛedyan nnec d
REC133_SEG0025_PART02,REC133,SPK009,train,vad_v2_spk009,391.136,401.64,10.504,data/processed/segments/REC133/REC133_SEG0025_PART02.wav,reviewed,tanebdat sadu iḍaren nnec s uya ittřaɣa as dd dawud sidi inu manis dd ikka d mmis marra řɣaci tuɣa isřa as s řefraḥet
REC133_SEG0026,REC133,SPK009,train,vad_v2_spk009,404.152,407.432,3.28,data/processed/segments/REC133/REC133_SEG0026.wav,reviewed,aɛřam n yasuɛ i imseřmaden n idlisen
REC133_SEG0027_PART01,REC133,SPK009,train,vad_v2_spk009,407.736,422.128,14.392,data/processed/segments/REC133/REC133_SEG0027_PART01.wav,reviewed,inna asen deg useřmad nnes ḥḍam ixef nwem zeg imseřmaden n idlisen inni umi itteɛjib asen řḥař xmi ɣa uyuren s řeɛbayat tizirarin u xmi xasen i ɣa seǧmen iwdan di řeswaq inni
REC133_SEG0027_PART02,REC133,SPK009,train,vad_v2_spk009,422.128,436.52,14.392,data/processed/segments/REC133/REC133_SEG0027_PART02.wav,reviewed,umi itteɛjib asen řekrasi n zzat di temzidawin uřa d imucan imezwura ɣar imensiwen n wuraren inni ittetten tudrin n tijjař am ttettaren tiwhibin
REC133_SEG0028,REC133,SPK009,train,vad_v2_spk009,436.952,440.104,3.152,data/processed/segments/REC133/REC133_SEG0028.wav,reviewed,aqa ina ad ksin řḥukm d ameqqran
REC133_SEG0029,REC133,SPK009,train,vad_v2_spk009,443.128,445.064,1.936,data/processed/segments/REC133/REC133_SEG0029.wav,reviewed,ṣṣedqet n tajjač
REC133_SEG0030,REC133,SPK009,train,vad_v2_spk009,446.392,456.68,10.288,data/processed/segments/REC133/REC133_SEG0030.wav,reviewed,am iqqim yasuɛ qibač i ssenduq n ṣṣedqet iẓra mammec ineṭṭar řɣaci tinɛacin di ssenduq aṭṭas n aytbab n wagřa tuɣa neṭṭaren dayes aṭṭas
REC133_SEG0031_PART01,REC133,SPK009,train,vad_v2_spk009,457.112,467.348,10.236,data/processed/segments/REC133/REC133_SEG0031_PART01.wav,reviewed,usa dd ict n tajjač d řmeskina tenḍar dayes tnayen n uqiyyat semman tent camunat xenni iřaɣa yasuɛ i imeḥḍaren nnes
REC133_SEG0031_PART02,REC133,SPK009,train,vad_v2_spk009,467.348,477.584,10.236,data/processed/segments/REC133/REC133_SEG0031_PART02.wav,reviewed,inna asen s tidett necc ad awem iniɣ tajjač a řmeskina aqa tenḍar dayes ktar x marra inni inḍaren di ssenduq n ṣṣedqet
REC133_SEG0032,REC133,SPK009,train,vad_v2_spk009,477.584,487.033,9.449,data/processed/segments/REC133/REC133_SEG0032.wav,reviewed,minzi marra nḍaren dayes zi min ɣarsen aṭṭas maca ta zi drus nnes tenḍar dayes kuřci min ɣares marra rɛutc nnes
REC134_SEG0001,REC134,SPK009,train,vad_v2_spk009,0.792,3.304,2.512,data/processed/segments/REC134/REC134_SEG0001.wav,reviewed,abarreḥ n yasuɛ x qeṭṭu n ddunect
REC134_SEG0002,REC134,SPK009,train,vad_v2_spk009,4.216,17.096,12.88,data/processed/segments/REC134/REC134_SEG0002.wav,reviewed,ařami dd iffeɣ zi zzawect tameqqrant inna as ijjen zeg imeḥḍaren nnes a amseɣɣar xzar mammec ǧan iẓra ya d řebni ya yarra dd yasuɛ inna as ma teẓrid řebni ya imɣaren
REC134_SEG0003,REC134,SPK009,train,vad_v2_spk009,17.848,22.984,5.136,data/processed/segments/REC134/REC134_SEG0003.wav,reviewed,war da ittɣimi uřa d ijj n weẓru x weẓru nneɣni i war ittnehdim
REC134_SEG0004,REC134,SPK009,train,vad_v2_spk009,23.704,39.24,15.536,data/processed/segments/REC134/REC134_SEG0004.wav,reviewed,řami tuɣa iqqim x wedrar n zzitun qibač i zzawect tameqqrant sseqsan t buṭrus d yaɛqub d yuḥanna d andrawus řami ten tuɣa weḥḥedsen ini aneɣ meřmi i ɣa yiři man aya u man ad tiři řeɛřamet aqa marra aya
REC134_SEG0005_PART01,REC134,SPK009,train,vad_v2_spk009,39.672,52.224,12.552,data/processed/segments/REC134/REC134_SEG0005_PART01.wav,reviewed,ibda yasuɛ iqqar asen xzarem ḥima war kenniw iɣekkwi ḥed aqa aṭṭas ad dd asen s yisem inu qqaren aqa d necc uca ad ɣarren aṭṭas mařa tesřim x imenɣan d
REC134_SEG0005_PART02,REC134,SPK009,train,vad_v2_spk009,52.224,64.776,12.552,data/processed/segments/REC134/REC134_SEG0005_PART02.wav,reviewed,řexbar n rbaruḍ war ttnexřiɛem ca minzi s uɣiř ad yiři man aya maca war ittiři ɛad d aneggar minzi řgens ad ikkar ḍidd i řgens nneɣni u tageldit ḍidd i tgeldit nneɣni
REC134_SEG0006,REC134,SPK009,train,vad_v2_spk009,65.112,73.896,8.784,data/processed/segments/REC134/REC134_SEG0006.wav,reviewed,ad iřin inhezzan n temmurt zeg wemcan ɣar wemcan nneɣni uca ad yiři řaẓ d uɣewwuɣ timesřayin a d beddu n řewjeɛ n tarwa
REC134_SEG0007_PART01,REC134,SPK009,train,vad_v2_spk009,74.232,87.776,13.544,data/processed/segments/REC134/REC134_SEG0007_PART01.wav,reviewed,xzarem ixef nwem minzi ad kenniw sellmen i tudrin n ccreɛ ad kenniw hettken s urekkuḍ di temzidawin nsen uca ad kenniw ssiwḍen ɣar ijeǧiden d řḥukkam di ssibbet inu d cch
REC134_SEG0007_PART02,REC134,SPK009,train,vad_v2_spk009,87.776,101.32,13.544,data/processed/segments/REC134/REC134_SEG0007_PART02.wav,reviewed,adet i nitni maca ɣar umezwar ittxeṣṣa ad ittwabarreḥ s řexbar aṣebḥan di marra řegnus xmi kenniw i ɣa gewwden ḥima ad kenniw sellmen war kessim s wemnus qbeř zi min ɣa tinim
REC134_SEG0008,REC134,SPK009,train,vad_v2_spk009,101.528,115.08,13.552,data/processed/segments/REC134/REC134_SEG0008.wav,reviewed,war dayes txarriṣem ca maca min ma d awem i ɣa immewcen di tsaɛɛet nni siwřem zzayes minzi war teǧim d kenniw i issawařen maca d arruḥ iqeddsen
REC134_SEG0009_PART01,REC134,SPK009,train,vad_v2_spk009,115.32,128.96,13.64,data/processed/segments/REC134/REC134_SEG0009_PART01.wav,reviewed,umas ad isellem umas maḥend ad t nɣen u babas ad isellem mmis uca ad tekkar tarwa x lwalidin nnes uca ad ten nɣen ad kenniw carhen marra di ssibbet n yise
REC134_SEG0009_PART02,REC134,SPK009,train,vad_v2_spk009,128.96,142.6,13.64,data/processed/segments/REC134/REC134_SEG0009_PART02.wav,reviewed,m inu maca wenni i ɣa iṣbaren ař aneggar ad ittwassenjem xmi ɣa tẓarem nnɛi n wareyyeb min xef tuɣa issawař unabi daniyal ittbedda mani war ittxeṣṣa ad ibedd
REC134_SEG0010,REC134,SPK009,train,vad_v2_spk009,143.0,150.28,7.28,data/processed/segments/REC134/REC134_SEG0010.wav,reviewed,wenni iɣrin ad ifhem řexdenni ittxeṣṣa i yinni iǧan di yahudiyya ad arewřen ɣar idurar
REC134_SEG0011_PART01,REC134,SPK009,train,vad_v2_spk009,150.744,162.228,11.484,data/processed/segments/REC134/REC134_SEG0011_PART01.wav,reviewed,u wenni iǧan x tzeqqa war dd ihekkwi ca ɣar taddart u war ittidef ca ḥima ad iksi ca zi taddart nnes u wenni iǧan deg iyyar war dd ittɛiqqib ca ḥima ad
REC134_SEG0011_PART02,REC134,SPK009,train,vad_v2_spk009,162.228,173.712,11.484,data/processed/segments/REC134/REC134_SEG0011_PART02.wav,reviewed,iksi arud nnes uct x tinni iǧan s ddeyset d tinni issuṭuḍen deg wussan nni ẓaǧem ḥima war tettiři tarewřa nwem di řmecta
REC134_SEG0012_PART01,REC134,SPK009,train,vad_v2_spk009,173.712,184.22,10.508,data/processed/segments/REC134/REC134_SEG0012_PART01.wav,reviewed,minzi deg wussan nni ad din tiři ict n řeḥsaret i war tuɣi am nettat zeg wami dd ixřeq arebbi ddunect ař řexxu uca war tettiři ɛemmarṣ ɛawed
REC134_SEG0012_PART02,REC134,SPK009,train,vad_v2_spk009,184.22,194.728,10.508,data/processed/segments/REC134/REC134_SEG0012_PART02.wav,reviewed,mařa sidi war issemẓi ussan nni war tnejjem uřa d ict n ddat maca di ṭṭweɛ n yinni ittwafarzen inni i ixḍar netta aqa issemẓi ussan nni
REC134_SEG0013,REC134,SPK009,train,vad_v2_spk009,195.192,214.28,19.088,data/processed/segments/REC134/REC134_SEG0013.wav,reviewed,xenni mařa inna awem ijjen aqa lmasiḥ da niɣ aqa t diha war t ttamnem minzi ad kkaren imasiḥen ifalsuten d inabiyyen issxarriqen ad ggen řeɛřamat d řeɛjayeb ḥima mařa izemmar ad ɣarren ɛad imextaren
REC134_SEG0014_PART01,REC134,SPK009,train,vad_v2_spk009,214.52,227.248,12.728,data/processed/segments/REC134/REC134_SEG0014_PART01.wav,reviewed,kenniw maca ḥḍam aqa marra nniɣ awem t qbeř maca deg wussan nni awarni řmeḥnet nni ad tebbarcen tfuct uca taziri war tettic ɛad tafawt nnes itran ad dd wḍan zeg ujen
REC134_SEG0014_PART02,REC134,SPK009,train,vad_v2_spk009,227.248,239.976,12.728,data/processed/segments/REC134/REC134_SEG0014_PART02.wav,reviewed,na uca ṣṣulaṭat i iǧan deg ijenwan ad ttwanhezzent xenni ad ẓaren mmis n bnadem itased deg iseynuten s jjehd d uɛuǧi ameqqran
REC134_SEG0015_PART01,REC134,SPK009,train,vad_v2_spk009,240.312,252.288,11.976,data/processed/segments/REC134/REC134_SEG0015_PART01.wav,reviewed,řexdenni ad issekk lmalakat nnes uca ad iyru inni zzayes ittwafarzen zi arebɛa n tɣemmura n usemmiḍ zi ṭṭarf aneggaru n temmurt ař ṭṭarf aneggaru n ujenna
REC134_SEG0015_PART02,REC134,SPK009,train,vad_v2_spk009,252.288,264.264,11.976,data/processed/segments/REC134/REC134_SEG0015_PART02.wav,reviewed,řemdem zeg wartu n tazart amettiř a xmi ɣa dewřen řefruɛ nnes ad dd areḍben uca tifray ad dd ffɣent xenni ad tessnem aqa anebdu yiweḍ dd
REC134_SEG0016_PART01,REC134,SPK009,train,vad_v2_spk009,264.696,278.944,14.248,data/processed/segments/REC134/REC134_SEG0016_PART01.wav,reviewed,ammu ittxeṣṣa uřa d kenniw xmi ɣa tẓarem timesřayin a ttemsarant ad tessnem aqa man aya yudes dd x tewwart s tidett ad awem iniɣ jjiř a war iɛeddu ca ař d ɣa yiři
REC134_SEG0016_PART02,REC134,SPK009,train,vad_v2_spk009,278.944,293.192,14.248,data/processed/segments/REC134/REC134_SEG0016_PART02.wav,reviewed,man aya marra ajenna d temmurt ad ɛdun maca awařen inu war ɛeddun ɛemmarṣ maca ass nni d tsaɛɛet nni uřa d ijj war t issin uřa d lmalakat nni iǧan deg ujenna
REC134_SEG0017,REC134,SPK009,train,vad_v2_spk009,293.496,297.576,4.08,data/processed/segments/REC134/REC134_SEG0017.wav,reviewed,uřa d tamemmit mɣir tbabat ḥdam
REC134_SEG0018_PART01,REC134,SPK009,train,vad_v2_spk009,297.784,312.532,14.748,data/processed/segments/REC134/REC134_SEG0018_PART01.wav,reviewed,ɛssem zzadjem minzi war tessinem ca meřmi dd ɣa taweḍ řweqt nni aqa t am yijj n bnadem ittxeṣṣa as ad isafar ijja taddart nnes iwekkeř imsexxaren nnes s
REC134_SEG0018_PART02,REC134,SPK009,train,vad_v2_spk009,312.532,327.28,14.748,data/processed/segments/REC134/REC134_SEG0018_PART02.wav,reviewed,ṣṣulṭa iwca i kuř ijj zzaysen řxedmet nnes uca iɛřem as i uɛessas n tewwart maḥend ad iqqim ad iḥḍa iwa ḥḍam xenni minzi war tessinem ca meřmi i dd ɣa yas bab n taddart
REC134_SEG0019,REC134,SPK009,train,vad_v2_spk009,327.28,343.51,16.23,data/processed/segments/REC134/REC134_SEG0019.wav,reviewed,ɣar uɛecci niɣ ɣar wezyen n ǧiřet niɣ ɣar usquqeɛ n uyaẓiḍ niɣ ɣar ṣṣbeḥ zic ḥima mařa dd ittis deɣya war kenniw ittif tetteṭṭṣem min d awem qqareɣ řexxu qqareɣ t i marra qimem faqem
REC135_SEG0001_PART01,REC135,SPK009,train,vad_v2_spk009,1.4,13.216,11.816,data/processed/segments/REC135/REC135_SEG0001_PART01.wav,reviewed,udayen arezzun ad nɣen yasuɛ iqqimas tnayen n wussan I řɛid n tɣarṣt n useɛdun řɛid n weɣrum břa antun u tuɣa imeqqranen n ikehhanen d imseř
REC135_SEG0001_PART02,REC135,SPK009,train,vad_v2_spk009,13.216,25.032,11.816,data/processed/segments/REC135/REC135_SEG0001_PART02.wav,reviewed,maden n idlisen arezzun ict n tewwart maḥend ad t ṭṭfen s teḥraymect uca ad t nɣen maca nitni nnan war ittiři di řɛid ḥima war ittiři uɣewwuɣ di řgens
REC135_SEG0002,REC135,SPK009,train,vad_v2_spk009,26.264,29.16,2.896,data/processed/segments/REC135/REC135_SEG0002.wav,reviewed,adhan n yasuɛ di bayt ɛanya
REC135_SEG0003_PART01,REC135,SPK009,train,vad_v2_spk009,30.232,42.112,11.88,data/processed/segments/REC135/REC135_SEG0003_PART01.wav,reviewed,řami tuɣa iqqim ɣar ṭṭabřa di bayt ɛanya di taddart n cimɛun wenni di iǧa řbarṣ tusa dd ict n temɣart aqa t ɣares ijj n uɣarraf n alabaster
REC135_SEG0003_PART02,REC135,SPK009,train,vad_v2_spk009,42.112,53.992,11.88,data/processed/segments/REC135/REC135_SEG0003_PART02.wav,reviewed,dayes řeɛṭur n ṣṣenbel teṣbeḥ tiɣřa tarzem taziyyat n alabaster uca tfarreɣ i tt x uzeǧif n yasuɛ
REC135_SEG0004,REC135,SPK009,train,vad_v2_spk009,54.584,60.616,6.032,data/processed/segments/REC135/REC135_SEG0004.wav,reviewed,tuɣa din ca n imeḥḍaren xeyyqen aṭṭas deg ixef nsen x man aya nnan
REC135_SEG0005_PART01,REC135,SPK009,train,vad_v2_spk009,61.016,73.152,12.136,data/processed/segments/REC135/REC135_SEG0005_PART01.wav,reviewed,mayemmi aḍeyyeɛ nřeɛṭur n ṣṣenbel minzi iři ad tettwammenz řeɛṭur a s ktar zi teřt mya dinar uca xenni ad immewc i imezřaḍ
REC135_SEG0005_PART02,REC135,SPK009,train,vad_v2_spk009,73.152,85.288,12.136,data/processed/segments/REC135/REC135_SEG0005_PART02.wav,reviewed,uca xeyyqen xas aṭṭas maca yasuɛ inna jjem tt mayemmi xas tettɛeddam aqa tegga dayi ijj n cɣeř icna minzi imezřaḍ aqa aten řebda akidwem
REC135_SEG0006_PART01,REC135,SPK009,train,vad_v2_spk009,85.336,98.176,12.84,data/processed/segments/REC135/REC135_SEG0006_PART01.wav,reviewed,tzemmarem ad kisen teggem řxar meřmi ma texsem maca necc war kidwem ttɣimiɣ řebda nettat tegga min umi tzemmar aqa tizzar temseḥ arrimet inu s řeɛṭur i wenḍeř
REC135_SEG0006_PART02,REC135,SPK009,train,vad_v2_spk009,98.176,111.016,12.84,data/processed/segments/REC135/REC135_SEG0006_PART02.wav,reviewed,s tidett necc ad awem iniɣ mani ma i ɣa ittwabarreḥ s řexbar a aṣebḥan zzayi di marra ddunect ad xebbaren ɛawed x min tegga d řidaret i nettat
REC135_SEG0007,REC135,SPK009,train,vad_v2_spk009,113.048,117.416,4.368,data/processed/segments/REC135/REC135_SEG0007.wav,reviewed,yahuda izzenz ixef nnes maḥend ad isellem l masiḥ
REC135_SEG0008_PART01,REC135,SPK009,train,vad_v2_spk009,118.36,128.432,10.072,data/processed/segments/REC135/REC135_SEG0008_PART01.wav,reviewed,xenni iruḥ yahuda isxariyuṭi ijjen zi tenɛac ɣar imeqqranen n ikehhanen ḥima ad asen isellem yasuɛ umi sřin man aya
REC135_SEG0008_PART02,REC135,SPK009,train,vad_v2_spk009,128.432,138.504,10.072,data/processed/segments/REC135/REC135_SEG0008_PART02.wav,reviewed,farḥen uca waɛden ad as wcen tmenyat u netta tuɣa yarezzu ict n tewwart ḥima ad asen t isellem
REC135_SEG0009,REC135,SPK009,train,vad_v2_spk009,141.912,145.832,3.92,data/processed/segments/REC135/REC135_SEG0009.wav,reviewed,asewjed n amensi rɛid n tɣarṣt n useɛdu
REC135_SEG0010_PART01,REC135,SPK009,train,vad_v2_spk009,146.456,160.4,13.944,data/processed/segments/REC135/REC135_SEG0010_PART01.wav,reviewed,deg wass amezwar n weɣrum břa antun umi ttnuman wudayen ad ɣarṣen i tɣarṣt n useɛdu nnan as imeḥḍaren nnes mani texsed ad nraḥ ḥima ad nessewjed
REC135_SEG0010_PART02,REC135,SPK009,train,vad_v2_spk009,160.4,174.344,13.944,data/processed/segments/REC135/REC135_SEG0010_PART02.wav,reviewed,maḥend ad tecced amensi n useɛdu issekk tnayen zeg imeḥḍaren nnes inna asen ruḥem ɣar tendint u xzar ad temsagarem ak d ijj n weryaz yarbu ict n teqbuct n waman ḍfarem t
REC135_SEG0011_PART01,REC135,SPK009,train,vad_v2_spk009,174.36,184.48,10.12,data/processed/segments/REC135/REC135_SEG0011_PART01.wav,reviewed,u mani ɣa yadef inim i bab n taddart amseřmad nneɣ iqqar mani teǧa tɣurfet ḥima ad cceɣ amensi n useɛdu
REC135_SEG0011_PART02,REC135,SPK009,train,vad_v2_spk009,184.48,194.6,10.12,data/processed/segments/REC135/REC135_SEG0011_PART02.wav,reviewed,ak d imeḥḍaren inu xenni netta ad awem immeř ijj n arwa imɣar sennej issu iɛdeř dinni i d aneɣ ɣa tesswejdem
REC135_SEG0012,REC135,SPK009,train,vad_v2_spk009,195.256,204.36,9.104,data/processed/segments/REC135/REC135_SEG0012.wav,reviewed,ffɣen imeḥḍaren usin dd ɣar tendint uca ufin marra am mammec tuɣa d asen inna xenni sswejden taɣarst n useɛdu
REC135_SEG0014_PART01,REC135,SPK009,train,vad_v2_spk009,211.128,223.952,12.824,data/processed/segments/REC135/REC135_SEG0014_PART01.wav,reviewed,ɣar uɛecci yusa dd ak d tenɛac n rrusul nnes řami tuɣa qqimen ɣar ṭṭabřa ttetten inna yasuɛ s tidett necc ad awem iniɣ aqa ijjen zzaywem wenni kidi ittetten
REC135_SEG0014_PART02,REC135,SPK009,train,vad_v2_spk009,223.952,236.776,12.824,data/processed/segments/REC135/REC135_SEG0014_PART02.wav,reviewed,ad ayi iɣdar bdan ttecḍinen nnan as ijjen awarni wenneɣni ma d necc inna asen aqa t d ijjen zi tenɛac i issisnen akidi aɣrum di ṭṭebṣi
REC135_SEG0015,REC135,SPK009,train,vad_v2_spk009,236.92,248.264,11.344,data/processed/segments/REC135/REC135_SEG0015.wav,reviewed,aqa mmis n bnadem ad iraḥ mammec d as tura maca uct x weryaz nni zi ɣa ittwaɣdar mmis n bnadem iḥřa as i weryaz nni mři war dd ixřiq
REC135_SEG0017,REC135,SPK009,train,vad_v2_spk009,255.384,271.304,15.92,data/processed/segments/REC135/REC135_SEG0017.wav,reviewed,řami tuɣa ttetten iksi yasuɛ aɣrum ibarek i t yarẓa i t uca iwca asen t inna ksim ccem aqa ta d arrimet inu xenni iksi aɣařřaf iqada ibarek uca iwca asen t
REC135_SEG0018_PART01,REC135,SPK009,train,vad_v2_spk009,271.8,285.488,13.688,data/processed/segments/REC135/REC135_SEG0018_PART01.wav,reviewed,u marra idsen swin zzayes inna asen aqa ina d idammen inu n řɛahd n jdid i ɣa ittwassizřen i waṭṭas n iwdan s tidett necc ad awem iniɣ necc war sesseɣ ɛemmar
REC135_SEG0018_PART02,REC135,SPK009,train,vad_v2_spk009,285.488,299.176,13.688,data/processed/segments/REC135/REC135_SEG0018_PART02.wav,reviewed,ṣ ɛad zi řɣiǧet n tzayart ař ass i di i tt ɣa sweɣ jdid di tgeldit n arebbi xenni awarni řami ɣennjen nitni iẓři n ttesbiḥ ffɣen ɣar wedrar n zzitun
REC135_SEG0019,REC135,SPK009,train,vad_v2_spk009,302.584,306.504,3.92,data/processed/segments/REC135/REC135_SEG0019.wav,reviewed,yasuɛ izwar issiweř x wenkar n buṭrus
REC135_SEG0020,REC135,SPK009,train,vad_v2_spk009,307.96,322.888,14.928,data/processed/segments/REC135/REC135_SEG0020.wav,reviewed,inna asen yasuɛ aqa marra kenniw ad dayi tenderfem di ǧiřet a minzi tura s ufus n nnabi zakarya aqa ad wteɣ ameksaw uca ad ttwazeǧaɛ weǧǧi
REC135_SEG0021_PART01,REC135,SPK009,train,vad_v2_spk009,323.416,334.608,11.192,data/processed/segments/REC135/REC135_SEG0021_PART01.wav,reviewed,maca awarni řami ttwassnekkareɣ ad awem izwareɣ ɣar ljalil inna as buṭrus waxxa ad dayek nderfen marra necc war dayek ttnedrifeɣ ca
REC135_SEG0021_PART02,REC135,SPK009,train,vad_v2_spk009,334.608,345.8,11.192,data/processed/segments/REC135/REC135_SEG0021_PART02.wav,reviewed,inna as yasuɛ s tidett necc ad ac iniɣ aqa ass a di ǧiřet a qbeř i ɣa issquqeɛ uyaẓiḍ tnayen n twařawin ad ayi tenkared třata n twařawin
REC135_SEG0022,REC135,SPK009,train,vad_v2_spk009,346.2,359.496,13.296,data/processed/segments/REC135/REC135_SEG0022.wav,reviewed,maca netta tuɣa iqqar s tmijja ijehden ɛad aṭṭas mařa ittxeṣṣa ad mmteɣ akidek war cek nekkareɣ a sidi inu uca am netta ammu i nnan uřa d nitni marra
REC135_SEG0023,REC135,SPK009,train,vad_v2_spk009,364.12,367.304,3.184,data/processed/segments/REC135/REC135_SEG0023.wav,reviewed,taẓaǧit n yasuɛ di xitsimaniy
REC135_SEG0024,REC135,SPK009,train,vad_v2_spk009,368.856,372.456,3.6,data/processed/segments/REC135/REC135_SEG0024.wav,reviewed,usin dd ɣar wemcan umi qqaren xitsimaniy
REC135_SEG0025_PART01,REC135,SPK009,train,vad_v2_spk009,373.016,387.216,14.2,data/processed/segments/REC135/REC135_SEG0025_PART01.wav,reviewed,inna i imeḥḍaren nnes qqimem da ařami ẓuǧeɣ necc xenni iksi akides buṭrus d yaɛqub d yuḥanna uca ibda ittnexřaɛ iggʷed aṭṭas inna asen aqa řeɛmar inu
REC135_SEG0025_PART02,REC135,SPK009,train,vad_v2_spk009,387.216,401.416,14.2,data/processed/segments/REC135/REC135_SEG0025_PART02.wav,reviewed,icḍen ař řmewt qqimem da teḥḍam yuyur cwayt ɣar zzat uca iwḍa ɣar temmurt iẓẓuǧ ḥima mařa iɛeddeř ad xas teɛdu tsaɛɛet nni inna baba baba inu
REC135_SEG0026,REC135,SPK009,train,vad_v2_spk009,401.592,416.168,14.576,data/processed/segments/REC135/REC135_SEG0026.wav,reviewed,kuřci tzemmared xas ksi xafi řkas a maca war ittiři min xseɣ necc maca min texsed cek uca idweř dd yufa i ten ṭṭṣen inna as i buṭrus a cimɛun ma aqa cek tetteṭṭṣed
REC135_SEG0027,REC135,SPK009,train,vad_v2_spk009,416.568,431.592,15.024,data/processed/segments/REC135/REC135_SEG0027.wav,reviewed,ma war tzemmared ad teḥḍid uřa d ict n tsaɛɛet ḥḍam ẓaǧem ḥima war tettidfem deg ujarreb arruḥ aqa iwjed maca ddat aqa teḍɛef uca yuyur ɛawed iẓẓuǧ iɛawed i wawařen nni d ijjen
REC135_SEG0028,REC135,SPK009,train,vad_v2_spk009,432.28,441.672,9.392,data/processed/segments/REC135/REC135_SEG0028.wav,reviewed,idweř dd ɛawed yusa dd ɣarsen twařa nneɣni yufa i ten ṭṭṣen maɣar tuɣa tiṭṭawin nsen deqřent u nitni war ssinen mammec xas dd ɣa yarren
REC135_SEG0029_PART01,REC135,SPK009,train,vad_v2_spk009,442.136,452.208,10.072,data/processed/segments/REC135/REC135_SEG0029_PART01.wav,reviewed,uca idweř dd netta ɣarsen twařa wiss třata inna asen ṭṭṣem řexxu tareyyḥem aqa yudes dd uneggar tiweḍ dd tsaɛɛet xza
REC135_SEG0029_PART02,REC135,SPK009,train,vad_v2_spk009,452.208,462.28,10.072,data/processed/segments/REC135/REC135_SEG0029_PART02.wav,reviewed,rem aqa mmis n bnadem ad immewc deg ifassen n imednab kkarem ad nraḥ xzarem aqa da wenni d ayi ɣa isellmen aqa yudes dd
REC135_SEG0030,REC135,SPK009,train,vad_v2_spk009,465.208,466.888,1.68,data/processed/segments/REC135/REC135_SEG0030.wav,reviewed,aḥebbes n yasuɛ
REC135_SEG0031_PART01,REC135,SPK009,train,vad_v2_spk009,468.12,481.632,13.512,data/processed/segments/REC135/REC135_SEG0031_PART01.wav,reviewed,am tuɣa ɛad issawař yusa dd yahuda ijjen zi tenɛac tuɣa akides iryazen aṭṭas s řesyuf d iɛumad usin dd nitni zeg imeqqranen n ikehhanen d
REC135_SEG0031_PART02,REC135,SPK009,train,vad_v2_spk009,481.632,495.144,13.512,data/processed/segments/REC135/REC135_SEG0031_PART02.wav,reviewed,imseřmaden n idlisen d imɣaren n řgens uca wenni t i ɣa iɣdaren tuɣa ittegg asen ict n řeɛřamet iqqar wenni i ɣa ssudmeɣ d wenni netta ṭṭfem t uca awyem t i dd
REC135_SEG0032_PART01,REC135,SPK009,train,vad_v2_spk009,496.056,509.04,12.984,data/processed/segments/REC135/REC135_SEG0032_PART01.wav,reviewed,deɣya yuyur ɣares inna a amseřmad inu a amseřmad inu uca issudem i t ssarsen xas ifassen uca ṭṭfen t ijjen zeg inni din ibedden ijbed ssif nnes
REC135_SEG0032_PART02,REC135,SPK009,train,vad_v2_spk009,509.04,522.024,12.984,data/processed/segments/REC135/REC135_SEG0032_PART02.wav,reviewed,iwta amsexxar n arrays n ikehhanen iqess as amezzuɣ yarra dd yasuɛ inna asen ma axmi x yijj n uqṭaṭɛiy i teffɣem xafi s řesyuf d iɛumad ḥima ad ayi teṭṭfem
REC135_SEG0033_PART01,REC135,SPK009,train,vad_v2_spk009,522.808,535.664,12.856,data/processed/segments/REC135/REC135_SEG0033_PART01.wav,reviewed,kuř ass tuɣa ayi akidwem di zzawect tameqqrant sseřmadeɣ war d ayi teṭṭifem maca man aya imsar ḥima ad ttwakemmřent tira iqeddsen xenni jjin t imeḥḍaren nnes
REC135_SEG0033_PART02,REC135,SPK009,train,vad_v2_spk009,535.664,548.52,12.856,data/processed/segments/REC135/REC135_SEG0033_PART02.wav,reviewed,uca arewřen iḍfar i t ijj n uɛezri tuɣa yarḍ ict n tecḍaḍt n řeqṭen waha x tqeddit nnes uca ṭṭfen t i dd maca netta ijja tacḍaḍt uca yarweř zzaysen d aɛaryan
REC135_SEG0034,REC135,SPK009,train,vad_v2_spk009,551.576,555.112,3.536,data/processed/segments/REC135/REC135_SEG0034.wav,reviewed,l masiḥ zzat i lmeḥkama tameqqrant n wudayen
REC135_SEG0035,REC135,SPK009,train,vad_v2_spk009,556.76,567.144,10.384,data/processed/segments/REC135/REC135_SEG0035.wav,reviewed,iwyen yasuɛ ɣar qayafa arrays n ikehhanen uca munen dd ɣares marra imeqqranen n ikehhanen d imɣaren n řgens d imseřmaden n idlisen
REC135_SEG0036_PART01,REC135,SPK009,train,vad_v2_spk009,567.48,581.552,14.072,data/processed/segments/REC135/REC135_SEG0036_PART01.wav,reviewed,tuɣa cimɛun iḍfar i t i dd zi řaggʷaj ɣar daxeř n řemraḥ n arrays n ikehhanen uca tuɣa iqqim jar iɛessasen ittweqqaḥ ixef nnes ɣar tmessi tuɣa imeqqranen n ikehhanen d marra
REC135_SEG0036_PART02,REC135,SPK009,train,vad_v2_spk009,581.552,595.624,14.072,data/processed/segments/REC135/REC135_SEG0036_PART02.wav,reviewed,l meḥkama tameqqrant arezzun cchadet ḍidd i yasuɛ ḥima ad t nɣen maca war tt ufin minzi aṭṭas tuɣa xas cehhden s ẓur
REC135_SEG0037,REC135,SPK009,train,vad_v2_spk009,595.864,615.336,19.472,data/processed/segments/REC135/REC135_SEG0037.wav,reviewed,maca cchadat nsen war ttmeřqint xenni kkaren ca uca cehden xas s ẓur nnan neccin nesřa as umi inna ad hedmeɣ zzawect tameqqrant i ittwaggen s ifassen uca di třata n wussan ad bniɣ icten nneɣnit i war ittwaggen s ifassen
REC135_SEG0038,REC135,SPK009,train,vad_v2_spk009,615.544,629.672,14.128,data/processed/segments/REC135/REC135_SEG0038.wav,reviewed,maca uřa ammu war ttmeřqint ca cchadat nsen xenni ikkar arrays n ikehhanen di řwesṭ nsen uca isseqsa yasuɛ inna as ma war dd tarrid s ca min xak cehhden yina
REC135_SEG0039,REC135,SPK009,train,vad_v2_spk009,630.296,646.568,16.272,data/processed/segments/REC135/REC135_SEG0039.wav,reviewed,maca netta isqar war dd yarri s ca isseqsa t arrays n ikehhanen ɛawed inna as ma cek d lmasiḥ mmis n lmubarek inna as yasuɛ aqa d necc u kenniw ad tẓarem mmis n bnadem ittɣima x ufusi n jjehd
REC135_SEG0040_PART01,REC135,SPK009,train,vad_v2_spk009,646.968,659.92,12.952,data/processed/segments/REC135/REC135_SEG0040_PART01.wav,reviewed,ad dd yas s iseynuten n ujenna icarreg arrays n ikehhanen tcamir nnes inna mayemmi neḥdaj ɛad řechud aqa tesřim aceqqef nni min dd awem iḍharen uca marra ḥekmen xas
REC135_SEG0040_PART02,REC135,SPK009,train,vad_v2_spk009,659.92,672.872,12.952,data/processed/segments/REC135/REC135_SEG0040_PART02.wav,reviewed,belli isdaheǧ řmewt ca zzaysen bdan ssusufen xas ttřeḥḥafen i uɣembub nnes ccaten t s řpuniyyat qqaren as nabb uca wtin t imxaznyen ar uɣembub
REC135_SEG0041,REC135,SPK009,train,vad_v2_spk009,676.568,678.408,1.84,data/processed/segments/REC135/REC135_SEG0041.wav,reviewed,ankar n buṭrus
REC135_SEG0042_PART01,REC135,SPK009,train,vad_v2_spk009,679.96,690.176,10.216,data/processed/segments/REC135/REC135_SEG0042_PART01.wav,reviewed,řami tuɣa cimɛun di řemraḥ swadday tusa dd din icten zi tiyya n arrays n ikehhanen umi t teẓra ittweqqaḥ texzar dayes tenna
REC135_SEG0042_PART02,REC135,SPK009,train,vad_v2_spk009,690.176,700.392,10.216,data/processed/segments/REC135/REC135_SEG0042_PART02.wav,reviewed,aqa tuɣa cek ak d yasuɛ nnaṣiri maca netta inkar inna war t ssineɣ war fhimeɣ min teqqared
REC135_SEG0043,REC135,SPK009,train,vad_v2_spk009,700.984,717.416,16.432,data/processed/segments/REC135/REC135_SEG0043.wav,reviewed,iffeɣ barra ɣar tesqift n tewwart uca řexdenni issquqeɛ uyaẓiḍ umi t teẓra tayya ijj n umur nneɣni tebda teqqar i yinni din ibedden aqa wa d ijjen zzaysen maca netta inkar i umur nneɣni
REC135_SEG0044,REC135,SPK009,train,vad_v2_spk009,717.784,732.296,14.512,data/processed/segments/REC135/REC135_SEG0044.wav,reviewed,cwayt xenni nnan inni tuɣa din ibedden i buṭrus s tidett cek zzaysen nican minzi cek ɛawed d ajalili řḥarḍ nnec am wenni nsen ibda ineɛɛeř ixef nnes ittjjaǧa
REC135_SEG0045,REC135,SPK009,train,vad_v2_spk009,732.44,750.12,17.68,data/processed/segments/REC135/REC135_SEG0045.wav,reviewed,war ssineɣ bnadem a mixef tessawařem řexdenni issquqeɛ uyaẓiḍ wiss martayen ifekkar cimɛun deg wawař i inna yasuɛ qbeř i ɣa issquqeɛ uyaẓiḍ wiss martayen ad ayi tenkared třata n twařawin xenni ibda ittru aṭṭas
REC136_SEG0001,REC136,SPK009,train,vad_v2_spk009,0.728,3.336,2.608,data/processed/segments/REC136/REC136_SEG0001.wav,reviewed,yasuɛ zzat i pilaṭus
REC136_SEG0002,REC136,SPK009,train,vad_v2_spk009,6.04,23.336,17.296,data/processed/segments/REC136/REC136_SEG0002.wav,reviewed,deɣya ɣar ṣṣbeḥ zic mcawaren imeqqranen n ikehhanen ak d imɣaren n řgens d imseřmaden n idlisen d marra jmaɛet tameqqrant nitni carfen yasuɛ iwyen t uca sellmen t i pilaṭus
REC136_SEG0003,REC136,SPK009,train,vad_v2_spk009,24.088,33.096,9.008,data/processed/segments/REC136/REC136_SEG0003.wav,reviewed,isseqsa i t pilaṭus ma cek d ajeǧid n wudayen yarra dd xas inna as cek tennid t simant nnec
REC136_SEG0004,REC136,SPK009,train,vad_v2_spk009,33.816,48.936,15.12,data/processed/segments/REC136/REC136_SEG0004.wav,reviewed,tuɣa imeqqranen n ikehhanen ttcetcan zzayes zeg waṭṭas n tmesřayin isseqsa t pilaṭus ɛawed inna as ma war dd tettarid s ca xzar aṭṭas n yinni xak ittcetcan
REC136_SEG0005,REC136,SPK009,train,vad_v2_spk009,49.656,53.96,4.304,data/processed/segments/REC136/REC136_SEG0005.wav,reviewed,war dd yarri yasuɛ s walu ařami itebhet pilaṭus
REC136_SEG0006,REC136,SPK009,train,vad_v2_spk009,57.688,59.784,2.096,data/processed/segments/REC136/REC136_SEG0006.wav,reviewed,yasuɛ d bar abbas
REC136_SEG0007,REC136,SPK009,train,vad_v2_spk009,61.72,74.632,12.912,data/processed/segments/REC136/REC136_SEG0007.wav,reviewed,innum iḍeǧeq i ijj n umeḥbus di kuř řɛid wenni ixsen nitni tuɣa din ijjen umi qqaren bar abbas ḥebbsen t ak d imɣewwɣen inni inɣin ijjen deg uɣewweɣ
REC136_SEG0008,REC136,SPK009,train,vad_v2_spk009,75.0,94.184,19.184,data/processed/segments/REC136/REC136_SEG0008.wav,reviewed,isɣuyy řɣaci uca nitni bdan ttettarren zzayes ḥima ad igg am mammec tuɣa innum ittegg i nitni yarra dd pilaṭus inna ma texsem ad awem dd arxuɣ i ujeǧid n wudayen minzi tuɣa issen belli imeqqranen n ikehhanen aqa sellmen t zi řeḥsed
REC136_SEG0009_PART01,REC136,SPK009,train,vad_v2_spk009,95.224,105.36,10.136,data/processed/segments/REC136/REC136_SEG0009_PART01.wav,reviewed,maca imeqqranen n ikehhanen ɛarnen řɣaci maḥend ad ttaren ad asen dd iḍřeq i bar abbas pilaṭus inna asen min texsem
REC136_SEG0009_PART02,REC136,SPK009,train,vad_v2_spk009,105.36,115.496,10.136,data/processed/segments/REC136/REC136_SEG0009_PART02.wav,reviewed,ad ggeɣ s wenni umi tettřaɣam ajeǧid n wudayen sɣuyyen ɛawed ṣellb i t inna asen pilaṭus man tuɛeffna i igga
REC136_SEG0010,REC136,SPK009,train,vad_v2_spk009,116.216,132.744,16.528,data/processed/segments/REC136/REC136_SEG0010.wav,reviewed,xenni arnin di tɣuyyit ɛad ktar ṣellb i t am tuɣa ixs pilaṭus ad issarḍa řɣaci iḍřeq i bar abbas maca isellem asen yasuɛ awarni řami t hettken s urekkuḍ ḥima ad t ṣellben
REC136_SEG0011,REC136,SPK009,train,vad_v2_spk009,136.824,139.432,2.608,data/processed/segments/REC136/REC136_SEG0011.wav,reviewed,iɛeskariyyen sseḥqaran yasuɛ
REC136_SEG0012,REC136,SPK009,train,vad_v2_spk009,141.528,148.488,6.96,data/processed/segments/REC136/REC136_SEG0012.wav,reviewed,gewwden t iɛeskariyyen ɣar daxeř n řemraḥ n taddart n ccraɛ umi qqaren prituriyum
REC136_SEG0013_PART01,REC136,SPK009,train,vad_v2_spk009,149.016,163.584,14.568,data/processed/segments/REC136/REC136_SEG0013_PART01.wav,reviewed,uca ssmunen marra řkumpaniyyet n řɛeskar ssyarḍen as ijj n werruḍ d azeggʷaɣ muden as ijj n ttaj s isennanen uca qqnen as t bdan ttseǧamen xas qqaren as azul xak a ajeǧid n wudayen
REC136_SEG0013_PART02,REC136,SPK009,train,vad_v2_spk009,163.584,178.152,14.568,data/processed/segments/REC136/REC136_SEG0013_PART02.wav,reviewed,tuɣa ccaten t ɣar uzeǧif s yijj n weɛmud n uɣanim ssusufen xas uca uḍaren x ifadden nsen ɛebden t awarni řami t sseḥqaren kksen as aseřham azeggʷaɣ uca ssyarḍen as arruḍ nnes
REC136_SEG0014,REC136,SPK009,train,vad_v2_spk009,178.616,182.216,3.6,data/processed/segments/REC136/REC136_SEG0014.wav,reviewed,xenni ssuffɣen t ḥima ad t ṣellben
REC136_SEG0015,REC136,SPK009,train,vad_v2_spk009,186.296,188.136,1.84,data/processed/segments/REC136/REC136_SEG0015.wav,reviewed,abrid ɣar ṣṣalib
REC136_SEG0016,REC136,SPK009,train,vad_v2_spk009,189.016,194.504,5.488,data/processed/segments/REC136/REC136_SEG0016.wav,reviewed,ḥṣaren ijjen wenni dd ikkin ssenni am dd yusa zeg iyyar
REC136_SEG0017,REC136,SPK009,train,vad_v2_spk009,195.32,211.176,15.856,data/processed/segments/REC136/REC136_SEG0017.wav,reviewed,cimɛun zi qayrawan babas n aliksandir d rufus ḥima ad as yarbu ṣṣalib iwyen yeccu ɣar wemcan umi qqaren juljuta min ixs ad yini amcan n tceqquft
REC136_SEG0018_PART01,REC136,SPK009,train,vad_v2_spk009,212.184,225.568,13.384,data/processed/segments/REC136/REC136_SEG0018_PART01.wav,reviewed,wcin as binu ixeǧḍen s mirru d amarzag ḥima ad t isuw maca netta war ixs ad t isuw umi t ṣellben bḍan arruḍ nnes ggin xas akeccuḍ x min ɣa iksi kuř
REC136_SEG0018_PART02,REC136,SPK009,train,vad_v2_spk009,225.568,238.952,13.384,data/processed/segments/REC136/REC136_SEG0018_PART02.wav,reviewed,ijj zzaysen tuɣa tasaɛɛet d třata aqa tt d tesɛa n ṣṣbeḥ umi t ṣellben ssibbet n řmewt nnes aqa tt di tira ya sennej nnes wa d ajeǧid n wudayen
REC136_SEG0019,REC136,SPK009,train,vad_v2_spk009,239.416,252.616,13.2,data/processed/segments/REC136/REC136_SEG0019.wav,reviewed,ṣellben akides tnayen n ixewwanen ijjen x ufusi nnes wenneɣni x uzeřmaḍ nnes ammu i ttwakemmřent tira iqqaren ittwaḥseb ak d inni itɛeddan
REC136_SEG0020,REC136,SPK009,train,vad_v2_spk009,253.56,269.864,16.304,data/processed/segments/REC136/REC136_SEG0020.wav,reviewed,inni ssenni dd ittekken tuɣa ttceqqafen dayes tthezzan izeǧifen nsen nnan a cek wenni i ɣa ihedmen zzawect tameqqrant uca ad tt tebnid ɛawed di třata n wussan senjem ixef nnec hwa dd zi ṣṣalib
REC136_SEG0021_PART01,REC136,SPK009,train,vad_v2_spk009,271.32,282.304,10.984,data/processed/segments/REC136/REC136_SEG0021_PART01.wav,reviewed,ammu i t sseḥqaren ɛawed imeqqranen n ikehhanen ak d imseřmaden n idlisen nnan tuɣa issenjem inneɣni maca war izemmar ad issenjem ixef nnes
REC136_SEG0021_PART02,REC136,SPK009,train,vad_v2_spk009,282.304,293.288,10.984,data/processed/segments/REC136/REC136_SEG0021_PART02.wav,reviewed,ejj lmasiḥ ajeǧid n israil ad dd ihwa řexxu zi ṣṣalib ḥima ad nẓar uca ad dayes namen uřa d yinni ittwaṣellben akides kkwaren t
REC136_SEG0022,REC136,SPK009,train,vad_v2_spk009,296.696,298.152,1.456,data/processed/segments/REC136/REC136_SEG0022.wav,reviewed,řmewt n yasuɛ
REC136_SEG0023,REC136,SPK009,train,vad_v2_spk009,299.448,312.52,13.072,data/processed/segments/REC136/REC136_SEG0023.wav,reviewed,umi dd tiweḍ tsaɛɛet setta aqa tt d ḍḍhur tewḍa dd taǧest x temmurt marra ař tesɛa aqa tt d třata n uɛecci di tsaɛɛet tesɛa isɣuy yasuɛ s tmijja tejhed
REC136_SEG0024_PART01,REC136,SPK009,train,vad_v2_spk009,312.792,326.464,13.672,data/processed/segments/REC136/REC136_SEG0024_PART01.wav,reviewed,inna s iřes n tramit il il lmana cabaqtani min ixs ad yini a arebbi inu a arebbi inu mayemmi dayi tejjid ca zeg inni din ibedden umi sřin aya nnan aqa ne
REC136_SEG0024_PART02,REC136,SPK009,train,vad_v2_spk009,326.464,340.136,13.672,data/processed/segments/REC136/REC136_SEG0024_PART02.wav,reviewed,tta iřaɣa i iliya yuzzeř dd ɣares ijjen issuff ict n spunxa s řxeǧ igga i tt x uɣanim iwca as ḥima ad isuw inna raja ejj aneɣ ad nẓar ma ad dd yas iliya ḥima ad t i dd issehwa
REC136_SEG0025,REC136,SPK009,train,vad_v2_spk009,340.92,354.024,13.104,data/processed/segments/REC136/REC136_SEG0025.wav,reviewed,xenni isɣuy yasuɛ s ict n tmijja tejhed uca isellem arruḥ nnes ařeḥḥaf n wadaf ɣar zzawect tameqqrant ittwacarreg x tnayen zi sennej ɣar swadday
REC136_SEG0026,REC136,SPK009,train,vad_v2_spk009,355.224,363.432,8.208,data/processed/segments/REC136/REC136_SEG0026.wav,reviewed,umi iẓra řqebṭan n mya i din ibedden zzates isɣuyyu ammu s jjehd uca xenni ibedd usuffeɣ n nnefs
REC136_SEG0027_PART01,REC136,SPK009,train,vad_v2_spk009,363.608,377.36,13.752,data/processed/segments/REC136/REC136_SEG0027_PART01.wav,reviewed,inna s tidett tuɣa bnadem a d mmis n arebbi tuɣa din ɛawed timɣarin xezzarent i dd zi řaggʷaj jar asent ɛawed maryam n majdala d maryam yemmas n
REC136_SEG0027_PART02,REC136,SPK009,train,vad_v2_spk009,377.36,391.112,13.752,data/processed/segments/REC136/REC136_SEG0027_PART02.wav,reviewed,yaɛqub amaẓuẓ u rad yemmas n yusis d salumi tinni t i dd iḍfaren sexxarent xas umi t tuɣa di ljalil tuɣa din uřa d aṭṭas n timɣarin nneɣnit tinni tuɣa akides i dd igeɛɛden ɣar urcalim
REC136_SEG0028,REC136,SPK009,train,vad_v2_spk009,394.232,395.848,1.616,data/processed/segments/REC136/REC136_SEG0028.wav,reviewed,anḍeř n yasuɛ
REC136_SEG0029_PART01,REC136,SPK009,train,vad_v2_spk009,396.248,411.18,14.932,data/processed/segments/REC136/REC136_SEG0029_PART01.wav,reviewed,řami dd tiweḍ tmeddit n usewjed tameddit nni iǧan qbeř i ass n ssebt yusa dd yusuf zi ramta ijj n umcawar icennɛen n meḥkama tameqqrant n udayyen wenni tuɣa ittrajan
REC136_SEG0029_PART02,REC136,SPK009,train,vad_v2_spk009,411.18,426.112,14.932,data/processed/segments/REC136/REC136_SEG0029_PART02.wav,reviewed,tageldit n arebbi uca netta izɛem ad yadef ɣar pilaṭus maḥend ad as ittar rxecbet n yasuɛ itebhet pilaṭus umi immut ammu deɣya iřaɣa dd i řqebṭan n mya isseqsa t
REC136_SEG0030,REC136,SPK009,train,vad_v2_spk009,426.112,427.912,1.8,data/processed/segments/REC136/REC136_SEG0030.wav,reviewed,ma immut ma ɛad
REC136_SEG0031_PART01,REC136,SPK009,train,vad_v2_spk009,428.536,442.199,13.663,data/processed/segments/REC136/REC136_SEG0031_PART01.wav,reviewed,umi ifhem man aya zi řqebṭan n mya iwca arrimet i yusuf isɣa yusuf řecfen n řeqṭen azdad iksi t zi ṣṣalib icfen i t di řecfen nni issars i t deg wenḍeř
REC136_SEG0031_PART02,REC136,SPK009,train,vad_v2_spk009,442.199,455.863,13.663,data/processed/segments/REC136/REC136_SEG0031_PART02.wav,reviewed,i tuɣa it waxebcen di sseǧaḥ uca isseqnunni ict n teṣḍart x tewwart n wenḍeř tuɣa maryam n majdala d maryam yemmas n yusi ẓrint mani t ssarsen
REC137_SEG0001,REC137,SPK009,train,vad_v2_spk009,0.856,1.96,1.104,data/processed/segments/REC137/REC137_SEG0001.wav,reviewed,tanukra
REC137_SEG0002,REC137,SPK009,train,vad_v2_spk009,3.608,12.872,9.264,data/processed/segments/REC137/REC137_SEG0002.wav,reviewed,umi iɛdu ssebt tesɣa maryam n majdala d maryam yemmas n yaɛqub d salumi řeɛṭur ḥima ad t dehnent
REC137_SEG0003,REC137,SPK009,train,vad_v2_spk009,13.816,27.944,14.128,data/processed/segments/REC137/REC137_SEG0003.wav,reviewed,ɣar ṣṣbeḥ zic deg wass amezwar n ssimana iwḍent i dd ɣar wenḍeř ařami dd tenqar tfuct nnant jar asent wi d aneɣ i ɣa isseqnunnyen taṣḍart nni iǧan x wadaf n wenḍeř
REC137_SEG0004,REC137,SPK009,train,vad_v2_spk009,28.664,35.24,6.576,data/processed/segments/REC137/REC137_SEG0004.wav,reviewed,řami xzarent ẓrint aqa taṣḍart tettwasseqnunni zeg wenḍeř waxxa tuɣa temɣar aṭṭas
REC137_SEG0005_PART01,REC137,SPK009,train,vad_v2_spk009,35.832,49.152,13.32,data/processed/segments/REC137/REC137_SEG0005_PART01.wav,reviewed,řami udfent ɣar yifři n wenḍeř ẓrint ijj n ubřiɣ iqqim ɣar uɣezdis afusi yarḍ arruḍ d acemřař daziřar uca nitenti nnxeřɛent maca netta inna asent war ttnexřiɛent ca
REC137_SEG0005_PART02,REC137,SPK009,train,vad_v2_spk009,49.152,62.472,13.32,data/processed/segments/REC137/REC137_SEG0005_PART02.wav,reviewed,kennint tarezzunt x yasuɛ nnaṣiri wenni ittwaṣellben aqa netta ikkar war da iǧi xzarent aqa amcan mani t ssarsen maca ruḥent inint i imeḥḍaren nnes uřa i buṭrus
REC137_SEG0006,REC137,SPK009,train,vad_v2_spk009,62.872,79.048,16.176,data/processed/segments/REC137/REC137_SEG0006.wav,reviewed,aqa ad awem izwar ɣar ljalil dinni ad t tẓarem am mammec tuɣa i d awem inna ffɣent deɣya uca arewřent zeg wenḍeř minzi tqebs i tent tarjijit d ddehcan uca war t nnint i ḥed minzi tuɣa ggʷedent
REC137_SEG0007,REC137,SPK009,train,vad_v2_spk009,82.552,85.96,3.408,data/processed/segments/REC137/REC137_SEG0007.wav,reviewed,aḍḥar n yasuɛ awarni i tnukra nnes
REC137_SEG0008,REC137,SPK009,train,vad_v2_spk009,87.32,104.872,17.552,data/processed/segments/REC137/REC137_SEG0008.wav,reviewed,řami ed ikkar netta zic deg wass amezwar n ssimana ikkar dd uca iḍhar dd d amezwaru i maryam n majdala tenni zi tuɣa issuffeɣ sebɛa n ccwaṭen tanita truḥ uca txebbar aya i yinni tuɣa akides iǧan inni tuɣa iceḍnen u ttrun
REC137_SEG0009_PART01,REC137,SPK009,train,vad_v2_spk009,105.464,116.288,10.824,data/processed/segments/REC137/REC137_SEG0009_PART01.wav,reviewed,řami ina sřin belli netta aqa iddar uca iban asent war zzaysent uminen awarni aya iban dd s yijj n waddud nneɣni i
REC137_SEG0009_PART02,REC137,SPK009,train,vad_v2_spk009,116.288,127.112,10.824,data/processed/segments/REC137/REC137_SEG0009_PART02.wav,reviewed,tnayen zzaysen umi tuɣa gguren nitni ɣar ijj n dcar uřa d ina ruḥen ɛawed uca xebbaren inneɣni maca war t uminen
REC137_SEG0011,REC137,SPK009,train,vad_v2_spk009,133.88,149.96,16.08,data/processed/segments/REC137/REC137_SEG0011.wav,reviewed,rexdenni iban dd i ḥiṭac ařami tuɣa qqimen ɣar ṭṭabřa uca iɛayar i ten zi ssibbet n tikkest n l iman nsen u zi ssibbet n řeqsaḥet n wuřawen nsen minzi war uminen zeg inni t iẓrin awarni řami dd ittwassnekkar netta
REC137_SEG0012,REC137,SPK009,train,vad_v2_spk009,150.264,165.896,15.632,data/processed/segments/REC137/REC137_SEG0012.wav,reviewed,inna asen ruḥem ɣar ddunect marra barrḥem s řexbar aṣebḥan di marra min dd ittwaxeřqen wenni yuminen u ittwasseɣḍeṣ aqa iddar maca wenni war yuminen aqa ittwaḥaseb
REC137_SEG0013_PART01,REC137,SPK009,train,vad_v2_spk009,166.328,177.984,11.656,data/processed/segments/REC137/REC137_SEG0013_PART01.wav,reviewed,tina d řeɛřamat i ɣa iḍfaren inni yuminen aqa nitni ad ssuffɣen ccwaṭen s yisem inu ad ssiwřen s iřsawen n jdid ad ksin ifiɣ
REC137_SEG0013_PART02,REC137,SPK009,train,vad_v2_spk009,177.984,189.64,11.656,data/processed/segments/REC137/REC137_SEG0013_PART02.wav,reviewed,ran s ifassen nsen u mařa swin min ineqqen war ten iḍḍarri ca man aya uca ad ssarsen ifassen nsen x imehřac xenni ad ggenfan
REC137_SEG0014,REC137,SPK009,train,vad_v2_spk009,192.824,195.464,2.64,data/processed/segments/REC137/REC137_SEG0014.wav,reviewed,tameksit n yasuɛ ɣar ujenna
REC137_SEG0015_PART01,REC137,SPK009,train,vad_v2_spk009,196.728,207.712,10.984,data/processed/segments/REC137/REC137_SEG0015_PART01.wav,reviewed,awarni řami kidsen issiweř immeksi siditneɣ yasuɛ ɣar ujenna uca issɣim ixef nnes x ufusi n arebbi maca nitni ffɣen uca barrḥen
REC137_SEG0015_PART02,REC137,SPK009,train,vad_v2_spk009,207.712,218.696,10.984,data/processed/segments/REC137/REC137_SEG0015_PART02.wav,reviewed,kuř amcan u siditneɣ tuɣa ixddem akidsen uca issars řxeṭ nnes x wawařen nsen s řeɛřamat i yeggin amin
REC137_SEG0016,REC137,SPK009,train,vad_v2_spk009,219.928,225.192,5.264,data/processed/segments/REC137/REC137_SEG0016.wav,reviewed,aneggar n l rexbar asebḥan iqedssen am mammec t ibarreḥ markus
