segment_id,recording_id,speaker_group_id,dataset_split,segmentation_version,start_seconds,end_seconds,duration_seconds,audio_path,review_status,transcription,final_selection
REC010_SEG0001,REC010,SPK001,train,vad_v1,0.12,1.232,1.112,data/processed/segments/REC010/REC010_SEG0001.wav,included,iwa anebḍam,yes
REC010_SEG0002,REC010,SPK001,train,vad_v1,1.232,16.048,14.816,data/processed/segments/REC010/REC010_SEG0002.wav,included,ṣaḥit wami tusim ḍa ɣa vidyo wis ɛecra gi vidyo ya anessiwer x iqbiren x uqbir anessiwer x iwḍan mizi gin iqbiren gi ṭemmura nneɣ ṭamuarṭ nneɣ,yes
REC010_SEG0003,REC010,SPK001,train,vad_v1,16.048,21.696,5.648,data/processed/segments/REC010/REC010_SEG0003.wav,included,x mux tirin x mux teggen iwḍan iqbiren ak wayawya,yes
REC010_SEG0004,REC010,SPK001,train,vad_v1,21.696,36.192,14.496,data/processed/segments/REC010/REC010_SEG0004.wav,included,u ɛaweḍ a nessiwar xmi tirin iqbiren mux teggen iwḍan azzun imukan nsen ḥema aḍgen ak wayawya aqbir u ɛawed gi vidyo ya a nessiwer x ismawen minzi attas n iwḍan,yes
REC010_SEG0005,REC010,SPK001,train,vad_v1,36.192,48.448,12.256,data/processed/segments/REC010/REC010_SEG0005.wav,included,uɣren ci ḥemken teḥsaben ixefensen ḍ cey neṭnin ussinen ura ussinen waxa ḍ ismawen n imezwura nsen ussinen ismawen n iwḍan n bara,yes
REC010_SEG0006,REC010,SPK001,train,vad_v1,48.448,55.176,6.728,data/processed/segments/REC010/REC010_SEG0006.wav,included,teftufen waha teggen zeg teggen ciki s ḍeɣyer xa zi mizi ḍas nniɣ adggeɣ vidyo ya ḥma,yes
REC010_SEG0007,REC010,SPK001,train,vad_v1,55.512,64.648,9.136,data/processed/segments/REC010/REC010_SEG0007.wav,included,ḥma aḍ ssnen iwḍan mux ḍas n qqan iwḍan gi ṭmura nneɣ ḍ iwḍan n bara,yes
REC010_SEG0008,REC010,SPK001,train,vad_v1,64.664,73.968,9.304,data/processed/segments/REC010/REC010_SEG0008.wav,included,u ɛawaḍ zi ssa agayta mara ṭufimay gi vidyawaṭ ya ssawareɣ s rebɛaḍ n wawaren wen tessinem ad tessnem mix qqaɣ awaren nni,yes
REC010_SEG0009,REC010,SPK001,train,vad_v1,73.968,83.72,9.752,data/processed/segments/REC010/REC010_SEG0009.wav,included,bac ataf zi ssa agayta udji aday ṭeqqam qa cek ussined ci lla ixsa aḍay ṭfahmem mizi qa rebɛaḍ wawaren gi vidyawaṭ a,yes
REC010_SEG0010,REC010,SPK001,train,vad_v1,84.152,88.904,4.752,data/processed/segments/REC010/REC010_SEG0010.wav,included,mix anessiwer x manaya waxxa eḍfamayd,yes
REC010_SEG0011,REC010,SPK001,train,vad_v1,90.104,96.456,6.352,data/processed/segments/REC010/REC010_SEG0011.wav,included,a rux necc ugiɣ ad ssiwreɣ x ṭamezgarut n iwḍan qqaɛ,yes
REC010_SEG0012,REC010,SPK001,train,vad_v1,96.696,105.864,9.168,data/processed/segments/REC010/REC010_SEG0012.wav,included,rux waxxa umnaɣ zi ad nni umnaɣ reqwaḍ ni udji bu ḍ cɣer inu nec ussiwereɣ ci x rweqt n adam wami ɣa,yes
REC010_SEG0013,REC010,SPK001,train,vad_v1,105.976,114.984,9.008,data/processed/segments/REC010/REC010_SEG0013.wav,included,niɣ reqwad wami ɣa bḍan iwḍan lla necc mix iɣa ssiwreɣ necc aḍ ssiwreɣ x mux bḍan iwḍan gi ṭmura nneɣ,yes
REC010_SEG0014,REC010,SPK001,train,vad_v1,116.024,120.68,4.656,data/processed/segments/REC010/REC010_SEG0014.wav,included,fahmeḍ udji ci anaḥ a ṭamezgarut qqaɛ waxxa,yes
REC010_SEG0015,REC010,SPK001,train,vad_v1,121.112,133.0,11.888,data/processed/segments/REC010/REC010_SEG0015.wav,included,ṭimura nneɣ ira exxrant ṭammurṭ nneɣ ira ṭexxra amezgaru ira ḍin ira ḍin rebḥa ira ḍin ejdi ira ḍin rɣabeṭ ira ḍin rebɛad n ṭimura tibatayin ayenni waha,yes
REC010_SEG0016,REC010,SPK001,train,vad_v1,134.136,139.08,4.944,data/processed/segments/REC010/REC010_SEG0016.wav,included,xa mizi ibedda mizi ibedda,yes
REC010_SEG0017,REC010,SPK001,train,vad_v1,139.608,153.936,14.328,data/processed/segments/REC010/REC010_SEG0017.wav,included,ijjen qumn ijjen n marka n iwḍan beddan s familiyaṭ i gixran tammurṭ nneɣni waxxa tiri n familiyaṭ rbɛad n swayeɛ s iḥamucen rbɛad n swayeɛ s bra iḥamucen,yes
REC010_SEG0018,REC010,SPK001,train,vad_v1,153.936,164.864,10.928,data/processed/segments/REC010/REC010_SEG0018.wav,included,ggʷan zi gi ijjen n ṭammurṭ mizi tafen ḍin amenɣi tafen ḍin itwekkes erqanun tafen iwḍan nni twaddjen tusma yqeɛsen ddec xa,yes
REC010_SEG0019,REC010,SPK001,train,vad_v1,164.864,173.0,8.136,data/processed/segments/REC010/REC010_SEG0019.wav,included,niɣ qebren zi ddec uxa tafen neṭnin s ixefessen uzemma aḍ din iɛicen niɣ aḍ ɛicen ɛad ṭawa nsen uxa xedjan ṭammurṭ nni,yes
REC010_SEG0020,REC010,SPK001,train,vad_v1,173.176,181.64,8.464,data/processed/segments/REC010/REC010_SEG0020.wav,included,rux ṭammurṭ nneɣ imekken umi ira uḍin ḍi bu iwḍan ira ḍin ɣa ruḥuc waha d ufin familyaṭ nni imezgura wami ammen ḍa i ɣa neqqim ṭamurt ṭtabbaḥṭ,yes
REC010_SEG0021,REC010,SPK001,train,vad_v1,181.656,189.896,8.24,data/processed/segments/REC010/REC010_SEG0021.wav,included,udsen nnaneɣ eɣzan yuḍsaneɣ rebḥa manis d ɣa negma u safi,yes
REC010_SEG0022,REC010,SPK001,train,vad_v1,190.328,204.864,14.536,data/processed/segments/REC010/REC010_SEG0022.wav,included,uḍfen tammurṭ nni qa ta aɛemma n timmura ammen ituqiɛ waxxa familya tiri abas ḍ yemmas twasemma ṭamɣaṭ ḍ wagaz tejjand iḥamucen nsen rux mara din ɣa cin familyaṭ mrra,yes
REC010_SEG0023,REC010,SPK001,train,vad_v1,204.864,213.32,8.456,data/processed/segments/REC010/REC010_SEG0023.wav,included,teggen ṭarwa nsen tessarayend ṭarwa nsen bac aḍ emsemraken amja ɣa ṭuqeɛ manayenni atiri familya tameqqrant,yes
REC010_SEG0024,REC010,SPK001,train,vad_v1,213.976,223.624,9.648,data/processed/segments/REC010/REC010_SEG0024.wav,included,anini udji ci ɣak abak ḍ yemmak waha lla ɣak ṭawa ɛzizek ṭawa n xwarek jwan jwan atafeḍ asqend ɣak,yes
REC010_SEG0025,REC010,SPK001,train,vad_v1,223.896,229.8,5.904,data/processed/segments/REC010/REC010_SEG0025.wav,included,ci ijjen ssacet waxxa takkuḥt xa ammen iwḍan teggen familya d tameqrant,yes
REC010_SEG0026,REC010,SPK001,train,vad_v1,231.096,241.608,10.512,data/processed/segments/REC010/REC010_SEG0026.wav,included,amji ɣafen ammen xa aqen mliḥ uṭen itriḍu ura ḍ ijj attas n familyaṭ timeqranin teggen mara dca amdji ɣa ggen dca,yes
REC010_SEG0027,REC010,SPK001,train,vad_v1,242.648,248.008,5.36,data/processed/segments/REC010/REC010_SEG0027.wav,included,atafeḍ iwḍan ɛad tessnen ayawya ɛad tessnen ayawya ɛad temsemeraken,yes
REC010_SEG0028,REC010,SPK001,train,vad_v1,248.76,259.752,10.992,data/processed/segments/REC010/REC010_SEG0028.wav,included,safi muru uṭeniriḍi ura d ijj temɣurn ḥetta ategged amya atafeḍ dca imɣa axas ugan ɛawed ijjen rebɛad n familyaṭ familyaṭ nneɣni teggen ɛawed dca nsen waḥeḍsen,yes
REC010_SEG0029,REC010,SPK001,train,vad_v1,260.248,263.752,3.504,data/processed/segments/REC010/REC010_SEG0029.wav,included,uxa ammen amdji din attas n dcuraṭ,yes
REC010_SEG0030,REC010,SPK001,train,vad_v1,264.12,278.088,13.968,data/processed/segments/REC010/REC010_SEG0030.wav,included,ssnen ira teɛnan i wayawya ɣa cwitti waha uxa tekksen ak wayawya smunan dcuraṭ nni dcuraṭ nni mdji ɣa munen uxa teggen awar ḍ lqanun teggen mara,yes
REC010_SEG0031,REC010,SPK001,train,vad_v1,278.552,279.496,0.944,data/processed/segments/REC010/REC010_SEG0031.wav,included,aqbir,yes
REC010_SEG0032,REC010,SPK001,train,vad_v1,280.728,285.256,4.528,data/processed/segments/REC010/REC010_SEG0032.wav,included,imeqqan aqbir ssedj mliḥ s ṭmaziɣt aqbir zɛma qebren x wayawya,yes
REC010_SEG0033,REC010,SPK001,train,vad_v1,285.976,300.424,14.448,data/processed/segments/REC010/REC010_SEG0033.wav,included,min qebren zi wayawya qebren zi wayawya ad ɛeddan x iberiḍen wayawya aḍ ɛeddan x ḍmura n wayawya ur tenɛeddan ci x wayawya aḍ teggen tekksen ak wayawya mirmi ɣa ggen bursaṭ bursa neqqas necnin s ṭmaziɣt zeɛma essuq,yes
REC010_SEG0034,REC010,SPK001,train,vad_v1,300.568,312.712,12.144,data/processed/segments/REC010/REC010_SEG0034.wav,included,essuq ḍ bu nnaɛeft neccin neqaras bursa tekksen ak wayawya mermi ɣa ggen bursaṭ tekksen ak wayawya mux ɣa zenzen ṭammurt ni mux atmubeddaren ṭimmura ḍwenni umi qqaren aqbir,yes
REC010_SEG0035,REC010,SPK001,train,vad_v1,313.304,326.888,13.584,data/processed/segments/REC010/REC010_SEG0035.wav,included,mara munen attas n dcuraṭ mara s wawar ḍ rqanun waxxa amedji ɣa imɣar aqbir nni xa ḍin attas n iwdan uxa yeɛda ijjen miqddar n iwdan ataf iwdan utessinen ci ataf uqqimen ci tesnen ayawya,yes
REC010_SEG0036,REC010,SPK001,train,vad_v1,327.928,331.24,3.312,data/processed/segments/REC010/REC010_SEG0036.wav,included,zi ssin agayta min ytuqeɛen imma,yes
REC010_SEG0037,REC010,SPK001,train,vad_v1,331.8,345.64,13.84,data/processed/segments/REC010/REC010_SEG0037.wav,included,,no
REC010_SEG0038,REC010,SPK001,train,vad_v1,345.752,348.392,2.64,data/processed/segments/REC010/REC010_SEG0038.wav,included,,no
REC010_SEG0039,REC010,SPK001,train,vad_v1,348.728,362.32,13.592,data/processed/segments/REC010/REC010_SEG0039.wav,included,,no
REC010_SEG0040,REC010,SPK001,train,vad_v1,362.32,365.0,2.68,data/processed/segments/REC010/REC010_SEG0040.wav,included,,no
REC010_SEG0041,REC010,SPK001,train,vad_v1,366.2,372.936,6.736,data/processed/segments/REC010/REC010_SEG0041.wav,included,,no
REC010_SEG0042,REC010,SPK001,train,vad_v1,373.4,381.704,8.304,data/processed/segments/REC010/REC010_SEG0042.wav,included,,no
REC010_SEG0043,REC010,SPK001,train,vad_v1,381.752,389.832,8.08,data/processed/segments/REC010/REC010_SEG0043.wav,included,,no
REC010_SEG0044,REC010,SPK001,train,vad_v1,390.712,397.256,6.544,data/processed/segments/REC010/REC010_SEG0044.wav,included,,no
REC010_SEG0045,REC010,SPK001,train,vad_v1,397.784,406.056,8.272,data/processed/segments/REC010/REC010_SEG0045.wav,included,,no
REC010_SEG0046,REC010,SPK001,train,vad_v1,406.84,414.568,7.728,data/processed/segments/REC010/REC010_SEG0046.wav,included,,no
REC010_SEG0047,REC010,SPK001,train,vad_v1,415.224,426.248,11.024,data/processed/segments/REC010/REC010_SEG0047.wav,included,,no
REC010_SEG0048,REC010,SPK001,train,vad_v1,427.224,428.232,1.008,data/processed/segments/REC010/REC010_SEG0048.wav,included,,no
REC010_SEG0049,REC010,SPK001,train,vad_v1,431.864,433.576,1.712,data/processed/segments/REC010/REC010_SEG0049.wav,included,,no
REC010_SEG0050,REC010,SPK001,train,vad_v1,434.616,436.832,2.216,data/processed/segments/REC010/REC010_SEG0050.wav,included,,no
REC010_SEG0051,REC010,SPK001,train,vad_v1,436.832,449.856,13.024,data/processed/segments/REC010/REC010_SEG0051.wav,included,,no
REC010_SEG0052,REC010,SPK001,train,vad_v1,449.856,457.832,7.976,data/processed/segments/REC010/REC010_SEG0052.wav,included,,no
REC010_SEG0053,REC010,SPK001,train,vad_v1,457.944,466.92,8.976,data/processed/segments/REC010/REC010_SEG0053.wav,included,,no
REC010_SEG0054,REC010,SPK001,train,vad_v1,467.448,473.832,6.384,data/processed/segments/REC010/REC010_SEG0054.wav,included,,no
REC010_SEG0055,REC010,SPK001,train,vad_v1,475.096,477.64,2.544,data/processed/segments/REC010/REC010_SEG0055.wav,included,,no
REC010_SEG0056,REC010,SPK001,train,vad_v1,478.776,488.744,9.968,data/processed/segments/REC010/REC010_SEG0056.wav,included,,no
REC010_SEG0057,REC010,SPK001,train,vad_v1,489.784,496.904,7.12,data/processed/segments/REC010/REC010_SEG0057.wav,included,,no
REC010_SEG0058,REC010,SPK001,train,vad_v1,497.496,508.008,10.512,data/processed/segments/REC010/REC010_SEG0058.wav,included,,no
REC010_SEG0059,REC010,SPK001,train,vad_v1,508.536,514.72,6.184,data/processed/segments/REC010/REC010_SEG0059.wav,included,,no
REC010_SEG0060,REC010,SPK001,train,vad_v1,514.72,525.192,10.472,data/processed/segments/REC010/REC010_SEG0060.wav,included,,no
REC010_SEG0061,REC010,SPK001,train,vad_v1,525.624,537.504,11.88,data/processed/segments/REC010/REC010_SEG0061.wav,included,,no
REC010_SEG0062,REC010,SPK001,train,vad_v1,537.504,546.44,8.936,data/processed/segments/REC010/REC010_SEG0062.wav,included,,no
REC010_SEG0063,REC010,SPK001,train,vad_v1,547.128,548.2,1.072,data/processed/segments/REC010/REC010_SEG0063.wav,included,,no
REC010_SEG0064,REC010,SPK001,train,vad_v1,548.632,563.44,14.808,data/processed/segments/REC010/REC010_SEG0064.wav,included,,no
REC010_SEG0065,REC010,SPK001,train,vad_v1,563.44,567.08,3.64,data/processed/segments/REC010/REC010_SEG0065.wav,included,,no
REC010_SEG0066,REC010,SPK001,train,vad_v1,567.48,580.896,13.416,data/processed/segments/REC010/REC010_SEG0066.wav,included,,no
REC010_SEG0067,REC010,SPK001,train,vad_v1,580.896,591.568,10.672,data/processed/segments/REC010/REC010_SEG0067.wav,included,,no
REC010_SEG0068,REC010,SPK001,train,vad_v1,591.568,603.712,12.144,data/processed/segments/REC010/REC010_SEG0068.wav,included,,no
REC010_SEG0069,REC010,SPK001,train,vad_v1,603.712,615.4,11.688,data/processed/segments/REC010/REC010_SEG0069.wav,included,,no
REC010_SEG0070,REC010,SPK001,train,vad_v1,615.8,620.104,4.304,data/processed/segments/REC010/REC010_SEG0070.wav,included,,no
REC010_SEG0071,REC010,SPK001,train,vad_v1,620.376,630.816,10.44,data/processed/segments/REC010/REC010_SEG0071.wav,included,,no
REC010_SEG0072,REC010,SPK001,train,vad_v1,630.816,635.248,4.432,data/processed/segments/REC010/REC010_SEG0072.wav,included,,no
REC010_SEG0073,REC010,SPK001,train,vad_v1,635.248,649.936,14.688,data/processed/segments/REC010/REC010_SEG0073.wav,included,,no
REC010_SEG0074,REC010,SPK001,train,vad_v1,649.936,662.376,12.44,data/processed/segments/REC010/REC010_SEG0074.wav,included,,no
REC010_SEG0075,REC010,SPK001,train,vad_v1,662.616,665.664,3.048,data/processed/segments/REC010/REC010_SEG0075.wav,included,,no
REC010_SEG0076,REC010,SPK001,train,vad_v1,665.664,679.552,13.888,data/processed/segments/REC010/REC010_SEG0076.wav,included,,no
REC010_SEG0077,REC010,SPK001,train,vad_v1,679.552,681.576,2.024,data/processed/segments/REC010/REC010_SEG0077.wav,included,,no
REC010_SEG0078,REC010,SPK001,train,vad_v1,682.168,695.304,13.136,data/processed/segments/REC010/REC010_SEG0078.wav,included,,no
REC010_SEG0079,REC010,SPK001,train,vad_v1,695.928,700.279,4.351,data/processed/segments/REC010/REC010_SEG0079.wav,included,,no
REC011_SEG0001,REC011,SPK001,train,vad_v1,0.312,11.272,10.96,data/processed/segments/REC011/REC011_SEG0001.wav,included,waxxa ruxa qa anessiwer x ismawen n iqbiren i ɣaneɣ gi ṭmura nneɣ uṭen teggeɣ ci qaɛ qaɛ maca aḍgeɣ ṭenni ṭimeqqranin qqaɛ ṭenni inessen qaɛ,yes
REC011_SEG0002,REC011,SPK001,train,vad_v1,11.48,22.344,10.864,data/processed/segments/REC011/REC011_SEG0002.wav,included,sinn iqbiren ikkuḥen imken axasen nsseɛḍa ciḥaja n wawar imken imken aɣasen nexza ciḥaja imken,yes
REC011_SEG0003,REC011,SPK001,train,vad_v1,22.584,33.104,10.52,data/processed/segments/REC011/REC011_SEG0003.wav,included,axasen dnawi caḥaja wawar waha maca ci nneɣni a nessiwer x iqbiren imeqqranen waxxa x iqbiren nni imeqqranen tiqebari nni nsen iksend aḍixer waxxa d tinni,yes
REC011_SEG0004,REC011,SPK001,train,vad_v1,33.104,40.168,7.064,data/processed/segments/REC011/REC011_SEG0004.wav,included,uxissen nessiwer ci gi vidyo ya mizi ugḍeɣ aḍ ɛeḍreɣ attas di wawar waxxa,yes
REC011_SEG0005,REC011,SPK001,train,vad_v1,40.664,54.184,13.52,data/processed/segments/REC011/REC011_SEG0005.wav,included,aqbir ḍamezgaru minzi ɣa bḍiɣ ad bḍiɣ s ayṭwayaɣer ayṭwayaɣer qaɛ snenṭen attas ɛizzen xasen ayṭwayaɣer ḍin rebɛaḍiṭ mellenṭen w iwa ɛad rux kur ijj,yes
REC011_SEG0006,REC011,SPK001,train,vad_v1,54.2,60.712,6.512,data/processed/segments/REC011/REC011_SEG0006.wav,included,maca ijjen n mesrayṭ ixessa a tessnem mara xzard a umezruy n iwḍan nneɣ atafeḍ,yes
REC011_SEG0007,REC011,SPK001,train,vad_v1,62.008,70.088,8.08,data/processed/segments/REC011/REC011_SEG0007.wav,included,qqaɛ iwḍan waxxa bnaḍem ḍaqerɛi niɣ ḍ ukebḍani ḍ uznasi mani ma is d ikka atafeḍ l assel nsen,yes
REC011_SEG0008,REC011,SPK001,train,vad_v1,70.328,79.328,9.0,data/processed/segments/REC011/REC011_SEG0008.wav,included,zi ayṭwayaɣer qaɛ ṭiqebbarin nneɣni kkind zi ayṭwayaɣer ayṭwayaɣer i edjan ṭaqbic ṭamezgarut,yes
REC011_SEG0009,REC011,SPK001,train,vad_v1,79.328,89.16,9.832,data/processed/segments/REC011/REC011_SEG0009.wav,included,i dyuṭfen gi ṭammurt mani ntiri qqaɛ yaɛni cek mara ṭufiḍ ixfinek d uṭemsaman yih aqbir inek d uṭemsaman maca mara ṭɛeqbeḍ,yes
REC011_SEG0010,REC011,SPK001,train,vad_v1,89.336,101.832,12.496,data/processed/segments/REC011/REC011_SEG0010.wav,included,a ṭmezaruut qqaɛ atafed ḍawayaɣer rad cek ayṭ tuzin amenniɣni ayṭsɛiḍ igzennayen imeḍarsen ayṭbu qaɛ qaɛ ṭiqebbarin nni kind zi ayṭwayaɣer,yes
REC011_SEG0011,REC011,SPK001,train,vad_v1,102.264,113.96,11.696,data/processed/segments/REC011/REC011_SEG0011.wav,included,maca wami ṭeɛḍa rweqṭ amux ḍakum nniɣ xumezgaru zi ɣa temɣa aqbir uxa tekkent zeggs ṭiqebbarin uxa ṭiqebbarin nni teggen iqbiren nni w ixfensen,yes
REC011_SEG0012,REC011,SPK001,train,vad_v1,114.328,123.424,9.096,data/processed/segments/REC011/REC011_SEG0012.wav,included,xa zi ssin ydekkin ṭiqebarin nneɣni n ṭemsaman ayṭuwzin imeḍarsen maca qa amenni ytaḥ,yes
REC011_SEG0013,REC011,SPK001,train,vad_v1,123.424,136.84,13.416,data/processed/segments/REC011/REC011_SEG0013.wav,included,waxxa ṭebḍa zi ayṭwayeɣer rux rad iwdan nneɣni gin aqbir nsen gin rqanun nsen ggin awar nsen uxa ammen waxxa neccin qa nbḍa s ayṭwayaɣer waxxa ijjen ṭeqqaḍas,yes
REC011_SEG0014,REC011,SPK001,train,vad_v1,136.888,141.192,4.304,data/processed/segments/REC011/REC011_SEG0014.wav,included,,no
REC011_SEG0015,REC011,SPK001,train,vad_v1,142.104,146.824,4.72,data/processed/segments/REC011/REC011_SEG0015.wav,included,,no
REC011_SEG0016,REC011,SPK001,train,vad_v1,148.472,149.704,1.232,data/processed/segments/REC011/REC011_SEG0016.wav,included,,no
REC011_SEG0017,REC011,SPK001,train,vad_v1,151.608,163.184,11.576,data/processed/segments/REC011/REC011_SEG0017.wav,included,,no
REC011_SEG0018,REC011,SPK001,train,vad_v1,163.184,167.624,4.44,data/processed/segments/REC011/REC011_SEG0018.wav,included,,no
REC011_SEG0019,REC011,SPK001,train,vad_v1,168.248,183.056,14.808,data/processed/segments/REC011/REC011_SEG0019.wav,included,,no
REC011_SEG0020,REC011,SPK001,train,vad_v1,183.056,187.944,4.888,data/processed/segments/REC011/REC011_SEG0020.wav,included,,no
REC011_SEG0021,REC011,SPK001,train,vad_v1,188.44,197.856,9.416,data/processed/segments/REC011/REC011_SEG0021.wav,included,,no
REC011_SEG0022,REC011,SPK001,train,vad_v1,197.856,204.712,6.856,data/processed/segments/REC011/REC011_SEG0022.wav,included,,no
REC011_SEG0023,REC011,SPK001,train,vad_v1,205.08,218.664,13.584,data/processed/segments/REC011/REC011_SEG0023.wav,included,,no
REC011_SEG0024,REC011,SPK001,train,vad_v1,219.512,222.792,3.28,data/processed/segments/REC011/REC011_SEG0024.wav,included,,no
REC011_SEG0025,REC011,SPK001,train,vad_v1,223.096,235.136,12.04,data/processed/segments/REC011/REC011_SEG0025.wav,included,,no
REC011_SEG0026,REC011,SPK001,train,vad_v1,235.136,244.776,9.64,data/processed/segments/REC011/REC011_SEG0026.wav,included,,no
REC011_SEG0027,REC011,SPK001,train,vad_v1,245.912,256.648,10.736,data/processed/segments/REC011/REC011_SEG0027.wav,included,,no
REC011_SEG0028,REC011,SPK001,train,vad_v1,256.76,262.696,5.936,data/processed/segments/REC011/REC011_SEG0028.wav,included,,no
REC011_SEG0029,REC011,SPK001,train,vad_v1,263.48,274.216,10.736,data/processed/segments/REC011/REC011_SEG0029.wav,included,,no
REC011_SEG0030,REC011,SPK001,train,vad_v1,274.904,281.896,6.992,data/processed/segments/REC011/REC011_SEG0030.wav,included,,no
REC011_SEG0031,REC011,SPK001,train,vad_v1,282.488,293.32,10.832,data/processed/segments/REC011/REC011_SEG0031.wav,included,,no
REC011_SEG0032,REC011,SPK001,train,vad_v1,293.528,303.784,10.256,data/processed/segments/REC011/REC011_SEG0032.wav,included,,no
REC011_SEG0033,REC011,SPK001,train,vad_v1,304.248,312.2,7.952,data/processed/segments/REC011/REC011_SEG0033.wav,included,,no
REC011_SEG0034,REC011,SPK001,train,vad_v1,312.6,326.024,13.424,data/processed/segments/REC011/REC011_SEG0034.wav,included,,no
REC011_SEG0035,REC011,SPK001,train,vad_v1,326.072,329.352,3.28,data/processed/segments/REC011/REC011_SEG0035.wav,included,,no
REC011_SEG0036,REC011,SPK001,train,vad_v1,329.72,343.68,13.96,data/processed/segments/REC011/REC011_SEG0036.wav,included,,no
REC011_SEG0037,REC011,SPK001,train,vad_v1,343.68,351.976,8.296,data/processed/segments/REC011/REC011_SEG0037.wav,included,,no
REC011_SEG0038,REC011,SPK001,train,vad_v1,352.376,361.064,8.688,data/processed/segments/REC011/REC011_SEG0038.wav,included,,no
REC011_SEG0039,REC011,SPK001,train,vad_v1,361.4,367.432,6.032,data/processed/segments/REC011/REC011_SEG0039.wav,included,,no
REC011_SEG0040,REC011,SPK001,train,vad_v1,368.696,376.296,7.6,data/processed/segments/REC011/REC011_SEG0040.wav,included,,no
REC011_SEG0041,REC011,SPK001,train,vad_v1,376.536,386.432,9.896,data/processed/segments/REC011/REC011_SEG0041.wav,included,,no
REC011_SEG0042,REC011,SPK001,train,vad_v1,386.432,394.408,7.976,data/processed/segments/REC011/REC011_SEG0042.wav,included,,no
REC011_SEG0043,REC011,SPK001,train,vad_v1,394.968,405.512,10.544,data/processed/segments/REC011/REC011_SEG0043.wav,included,,no
REC011_SEG0044,REC011,SPK001,train,vad_v1,405.592,410.344,4.752,data/processed/segments/REC011/REC011_SEG0044.wav,included,,no
REC011_SEG0045,REC011,SPK001,train,vad_v1,414.744,425.096,10.352,data/processed/segments/REC011/REC011_SEG0045.wav,included,,no
REC011_SEG0046,REC011,SPK001,train,vad_v1,425.88,428.456,2.576,data/processed/segments/REC011/REC011_SEG0046.wav,included,,no
REC011_SEG0047,REC011,SPK001,train,vad_v1,428.504,441.504,13.0,data/processed/segments/REC011/REC011_SEG0047.wav,included,,no
REC011_SEG0048,REC011,SPK001,train,vad_v1,441.504,452.296,10.792,data/processed/segments/REC011/REC011_SEG0048.wav,included,,no
REC011_SEG0049,REC011,SPK001,train,vad_v1,453.144,457.736,4.592,data/processed/segments/REC011/REC011_SEG0049.wav,included,,no
REC011_SEG0050,REC011,SPK001,train,vad_v1,458.68,464.872,6.192,data/processed/segments/REC011/REC011_SEG0050.wav,included,,no
REC011_SEG0051,REC011,SPK001,train,vad_v1,465.592,469.128,3.536,data/processed/segments/REC011/REC011_SEG0051.wav,included,,no
REC011_SEG0052,REC011,SPK001,train,vad_v1,469.592,483.92,14.328,data/processed/segments/REC011/REC011_SEG0052.wav,included,,no
REC011_SEG0053,REC011,SPK001,train,vad_v1,483.92,495.048,11.128,data/processed/segments/REC011/REC011_SEG0053.wav,included,,no
REC011_SEG0054,REC011,SPK001,train,vad_v1,495.64,501.896,6.256,data/processed/segments/REC011/REC011_SEG0054.wav,included,,no
REC011_SEG0055,REC011,SPK001,train,vad_v1,502.744,504.52,1.776,data/processed/segments/REC011/REC011_SEG0055.wav,included,,no
REC011_SEG0056,REC011,SPK001,train,vad_v1,505.048,518.248,13.2,data/processed/segments/REC011/REC011_SEG0056.wav,included,,no
REC011_SEG0057,REC011,SPK001,train,vad_v1,519.192,521.64,2.448,data/processed/segments/REC011/REC011_SEG0057.wav,included,,no
REC011_SEG0058,REC011,SPK001,train,vad_v1,522.2,536.288,14.088,data/processed/segments/REC011/REC011_SEG0058.wav,included,,no
REC011_SEG0059,REC011,SPK001,train,vad_v1,536.288,548.52,12.232,data/processed/segments/REC011/REC011_SEG0059.wav,included,,no
REC011_SEG0060,REC011,SPK001,train,vad_v1,548.984,559.4,10.416,data/processed/segments/REC011/REC011_SEG0060.wav,included,,no
REC011_SEG0061,REC011,SPK001,train,vad_v1,560.152,574.088,13.936,data/processed/segments/REC011/REC011_SEG0061.wav,included,,no
REC011_SEG0062,REC011,SPK001,train,vad_v1,574.776,584.648,9.872,data/processed/segments/REC011/REC011_SEG0062.wav,included,,no
REC011_SEG0063,REC011,SPK001,train,vad_v1,585.432,590.28,4.848,data/processed/segments/REC011/REC011_SEG0063.wav,included,,no
REC011_SEG0064,REC011,SPK001,train,vad_v1,590.904,600.424,9.52,data/processed/segments/REC011/REC011_SEG0064.wav,included,,no
REC011_SEG0065,REC011,SPK001,train,vad_v1,601.272,603.368,2.096,data/processed/segments/REC011/REC011_SEG0065.wav,included,,no
REC011_SEG0066,REC011,SPK001,train,vad_v1,604.088,605.704,1.616,data/processed/segments/REC011/REC011_SEG0066.wav,included,,no
REC011_SEG0067,REC011,SPK001,train,vad_v1,606.168,620.672,14.504,data/processed/segments/REC011/REC011_SEG0067.wav,included,,no
REC011_SEG0068,REC011,SPK001,train,vad_v1,620.672,625.192,4.52,data/processed/segments/REC011/REC011_SEG0068.wav,included,,no
REC011_SEG0069,REC011,SPK001,train,vad_v1,625.88,636.36,10.48,data/processed/segments/REC011/REC011_SEG0069.wav,included,,no
REC011_SEG0070,REC011,SPK001,train,vad_v1,636.408,650.12,13.712,data/processed/segments/REC011/REC011_SEG0070.wav,included,,no
REC011_SEG0071,REC011,SPK001,train,vad_v1,650.392,656.04,5.648,data/processed/segments/REC011/REC011_SEG0071.wav,included,,no
REC011_SEG0072,REC011,SPK001,train,vad_v1,656.664,668.808,12.144,data/processed/segments/REC011/REC011_SEG0072.wav,included,,no
REC011_SEG0073,REC011,SPK001,train,vad_v1,669.144,679.176,10.032,data/processed/segments/REC011/REC011_SEG0073.wav,included,,no
REC011_SEG0074,REC011,SPK001,train,vad_v1,679.384,687.72,8.336,data/processed/segments/REC011/REC011_SEG0074.wav,included,,no
REC011_SEG0075,REC011,SPK001,train,vad_v1,688.184,695.944,7.76,data/processed/segments/REC011/REC011_SEG0075.wav,included,,no
REC011_SEG0076,REC011,SPK001,train,vad_v1,696.92,700.744,3.824,data/processed/segments/REC011/REC011_SEG0076.wav,included,,no
REC011_SEG0077,REC011,SPK001,train,vad_v1,701.496,705.608,4.112,data/processed/segments/REC011/REC011_SEG0077.wav,included,,no
REC011_SEG0078,REC011,SPK001,train,vad_v1,706.456,711.848,5.392,data/processed/segments/REC011/REC011_SEG0078.wav,included,,no
REC011_SEG0079,REC011,SPK001,train,vad_v1,712.92,716.104,3.184,data/processed/segments/REC011/REC011_SEG0079.wav,included,,no
REC011_SEG0080,REC011,SPK001,train,vad_v1,717.048,724.392,7.344,data/processed/segments/REC011/REC011_SEG0080.wav,included,,no
REC011_SEG0081,REC011,SPK001,train,vad_v1,726.232,728.36,2.128,data/processed/segments/REC011/REC011_SEG0081.wav,included,,no
REC011_SEG0082,REC011,SPK001,train,vad_v1,728.888,743.792,14.904,data/processed/segments/REC011/REC011_SEG0082.wav,included,,no
REC011_SEG0083,REC011,SPK001,train,vad_v1,743.792,744.648,0.856,data/processed/segments/REC011/REC011_SEG0083.wav,included,,no
REC011_SEG0084,REC011,SPK001,train,vad_v1,745.784,758.376,12.592,data/processed/segments/REC011/REC011_SEG0084.wav,included,,no
REC011_SEG0085,REC011,SPK001,train,vad_v1,758.776,760.776,2.0,data/processed/segments/REC011/REC011_SEG0085.wav,included,,no
REC011_SEG0086,REC011,SPK001,train,vad_v1,761.24,774.184,12.944,data/processed/segments/REC011/REC011_SEG0086.wav,included,,no
REC011_SEG0087,REC011,SPK001,train,vad_v1,775.544,783.304,7.76,data/processed/segments/REC011/REC011_SEG0087.wav,included,,no
REC011_SEG0088,REC011,SPK001,train,vad_v1,784.6,793.896,9.296,data/processed/segments/REC011/REC011_SEG0088.wav,included,,no
REC011_SEG0089,REC011,SPK001,train,vad_v1,794.904,798.888,3.984,data/processed/segments/REC011/REC011_SEG0089.wav,included,,no
REC011_SEG0090,REC011,SPK001,train,vad_v1,800.408,803.368,2.96,data/processed/segments/REC011/REC011_SEG0090.wav,included,,no
REC011_SEG0091,REC011,SPK001,train,vad_v1,803.448,816.04,12.592,data/processed/segments/REC011/REC011_SEG0091.wav,included,,no
REC011_SEG0092,REC011,SPK001,train,vad_v1,816.952,830.088,13.136,data/processed/segments/REC011/REC011_SEG0092.wav,included,,no
REC011_SEG0093,REC011,SPK001,train,vad_v1,830.648,837.352,6.704,data/processed/segments/REC011/REC011_SEG0093.wav,included,,no
REC011_SEG0094,REC011,SPK001,train,vad_v1,838.296,845.608,7.312,data/processed/segments/REC011/REC011_SEG0094.wav,included,,no
REC011_SEG0095,REC011,SPK001,train,vad_v1,846.936,859.944,13.008,data/processed/segments/REC011/REC011_SEG0095.wav,included,,no
REC011_SEG0096,REC011,SPK001,train,vad_v1,860.088,867.944,7.856,data/processed/segments/REC011/REC011_SEG0096.wav,included,,no
REC011_SEG0097,REC011,SPK001,train,vad_v1,868.856,879.88,11.024,data/processed/segments/REC011/REC011_SEG0097.wav,included,,no
REC011_SEG0098,REC011,SPK001,train,vad_v1,880.952,882.792,1.84,data/processed/segments/REC011/REC011_SEG0098.wav,included,,no
REC011_SEG0099,REC011,SPK001,train,vad_v1,885.112,894.472,9.36,data/processed/segments/REC011/REC011_SEG0099.wav,included,,no
REC011_SEG0100,REC011,SPK001,train,vad_v1,895.128,900.904,5.776,data/processed/segments/REC011/REC011_SEG0100.wav,included,,no
REC011_SEG0101,REC011,SPK001,train,vad_v1,901.528,911.112,9.584,data/processed/segments/REC011/REC011_SEG0101.wav,included,,no
REC011_SEG0102,REC011,SPK001,train,vad_v1,911.544,917.864,6.32,data/processed/segments/REC011/REC011_SEG0102.wav,included,,no
REC011_SEG0103,REC011,SPK001,train,vad_v1,918.744,929.64,10.896,data/processed/segments/REC011/REC011_SEG0103.wav,included,,no
REC011_SEG0104,REC011,SPK001,train,vad_v1,931.0,938.792,7.792,data/processed/segments/REC011/REC011_SEG0104.wav,included,,no
REC011_SEG0105,REC011,SPK001,train,vad_v1,941.016,942.536,1.52,data/processed/segments/REC011/REC011_SEG0105.wav,included,,no
REC011_SEG0106,REC011,SPK001,train,vad_v1,942.808,957.616,14.808,data/processed/segments/REC011/REC011_SEG0106.wav,included,,no
REC011_SEG0107,REC011,SPK001,train,vad_v1,957.616,966.504,8.888,data/processed/segments/REC011/REC011_SEG0107.wav,included,,no
REC011_SEG0108,REC011,SPK001,train,vad_v1,969.688,971.784,2.096,data/processed/segments/REC011/REC011_SEG0108.wav,included,,no
REC011_SEG0109,REC011,SPK001,train,vad_v1,971.896,984.544,12.648,data/processed/segments/REC011/REC011_SEG0109.wav,included,,no
REC011_SEG0110,REC011,SPK001,train,vad_v1,984.544,996.136,11.592,data/processed/segments/REC011/REC011_SEG0110.wav,included,,no
REC011_SEG0111,REC011,SPK001,train,vad_v1,996.952,999.688,2.736,data/processed/segments/REC011/REC011_SEG0111.wav,included,,no
REC011_SEG0112,REC011,SPK001,train,vad_v1,1001.4,1004.52,3.12,data/processed/segments/REC011/REC011_SEG0112.wav,included,,no
REC011_SEG0113,REC011,SPK001,train,vad_v1,1006.104,1007.528,1.424,data/processed/segments/REC011/REC011_SEG0113.wav,rejected,,no
REC011_SEG0114,REC011,SPK001,train,vad_v1,1008.056,1021.504,13.448,data/processed/segments/REC011/REC011_SEG0114.wav,included,,no
REC012_SEG0001,REC012,SPK001,train,vad_v1,0.344,1.64,1.296,data/processed/segments/REC012/REC012_SEG0001.wav,rejected,,no
REC012_SEG0002,REC012,SPK001,train,vad_v1,2.104,16.104,14.0,data/processed/segments/REC012/REC012_SEG0002.wav,included,ḍa gin beɛda teswaṭ n irumyen ɣasen izakuken ḍibarkanen ḍicemraren ɣasen iɛecman ḍibarkanen ṭimɣarin nsen teḍhan amux djan gi ṭmura n irumyen,yes
REC012_SEG0003,REC012,SPK001,train,vad_v1,16.312,23.208,6.896,data/processed/segments/REC012/REC012_SEG0003.wav,included,qa raḍ wa d teswaṭ n filem aqa beɛda ginas yteḍha beɛda am irumyen nican,yes
REC012_SEG0004,REC012,SPK001,train,vad_v1,23.736,35.624,11.888,data/processed/segments/REC012/REC012_SEG0004.wav,included,aqa raḍ wa ijjen filem ginṭ yellah mux teggin cin imken nayen iseggʷasen ma d traṭa iseggʷasen zi ggʷami i ṭeggin xa wami cceḍkan attas n iwḍan,yes
REC012_SEG0005,REC012,SPK001,train,vad_v1,35.832,42.672,6.84,data/processed/segments/REC012/REC012_SEG0005.wav,included,eṣpunya ifransisen iwḍan n purtugal ituakiyen iwḍan am necc cceḍkan,yes
REC012_SEG0006,REC012,SPK001,train,vad_v1,42.672,56.456,13.784,data/processed/segments/REC012/REC012_SEG0006.wav,included,xa wwinasend mumetṭil beɛda qa ytawid ggurumi nican udwin ci alimani ɣas azakuk ḍ azzuggʷɣ ḍarrubiyu ḍasemmam,yes
REC012_SEG0007,REC012,SPK001,train,vad_v1,59.736,64.328,4.592,data/processed/segments/REC012/REC012_SEG0007.wav,included,rux anessiwer x ilimanyen ḥma atessned immi qqrn ilimanyen,yes
REC012_SEG0008,REC012,SPK001,train,vad_v1,65.464,77.928,12.464,data/processed/segments/REC012/REC012_SEG0008.wav,included,ilimanyen neṭni deɣya an tɛeqreḍ ɣasen azakuk ḍ arrubiyu niɣ ḍrus idssen atafeḍ ɣasen azakuk ḍ acehba niɣ ḍazeggʷaɣ,yes
REC012_SEG0009,REC012,SPK001,train,vad_v1,78.392,84.648,6.256,data/processed/segments/REC012/REC012_SEG0009.wav,included,mara ḍawṭem qaḍas alimani mara tawṭent qadas ttalimaniṭ attas,yes
REC012_SEG0010,REC012,SPK001,train,vad_v1,87.096,92.296,5.2,data/processed/segments/REC012/REC012_SEG0010.wav,included,attas ilimanyen niɣ tilimanyen rux min teɛnan iwḍana may tirin,yes
REC012_SEG0011,REC012,SPK001,train,vad_v1,93.08,95.336,2.256,data/processed/segments/REC012/REC012_SEG0011.wav,included,eḥqa,yes
REC012_SEG0012,REC012,SPK001,train,vad_v1,96.184,110.28,14.096,data/processed/segments/REC012/REC012_SEG0012.wav,included,ilimanyan rad niṭnin ɣasen ismawen attas ilimanyen udji ci nesniṭen s ilimanyen waha raḍ neṭni qqanasan ijarmiqen niɣ ijarmanen jermanik niɣ,yes
REC012_SEG0013,REC012,SPK001,train,vad_v1,110.296,111.368,1.072,data/processed/segments/REC012/REC012_SEG0013.wav,included,xer maanen,yes
REC012_SEG0014,REC012,SPK001,train,vad_v1,112.024,122.216,10.192,data/processed/segments/REC012/REC012_SEG0014.wav,included,ilimanyen ijarmiqen nniɣ ijarmanen ḍazzud ad t itaɛzuḍ s gellinzit x tefhameḍ i ḍ gellinzit ixessa ad tazuḍ x djurmanik pipel,yes
REC012_SEG0015,REC012,SPK001,train,vad_v1,122.712,129.768,7.056,data/processed/segments/REC012/REC012_SEG0015.wav,included,d yinni imi qqan ilimanyen attas n iwḍan nneɣ qanas yinni yinni ḍi rumyen maca udji bu nican,yes
REC012_SEG0016,REC012,SPK001,train,vad_v1,132.44,142.568,10.128,data/processed/segments/REC012/REC012_SEG0016.wav,included,waxxa ilimanyin i gi tirin nux d arbeɛa iglinziyen idanmarkiyen ihulandiyen ḍ iduytciyen,yes
REC012_SEG0017,REC012,SPK001,train,vad_v1,145.88,156.872,10.992,data/processed/segments/REC012/REC012_SEG0017.wav,included,as d ɛawḍaɣ iglinziyen idanmarkiyen ihulandiyen ḍ iduytciyen mara ṭufiḍ iwdan kkind ssa ḍ yinni immi qqan ilimanyen,yes
REC012_SEG0018,REC012,SPK001,train,vad_v1,157.88,165.032,7.152,data/processed/segments/REC012/REC012_SEG0018.wav,included,ilimanyen ḍinni iwḍan andafeḍ ɣasenazakuk ḍarubyu niɣ ḍazggʷaɣ neṭni udjibu ḍilimanyen,yes
REC012_SEG0019,REC012,SPK001,train,vad_v1,165.912,171.112,5.2,data/processed/segments/REC012/REC012_SEG0019.wav,included,a maca ɛakzeɣ iruxen ḍirumiyyen zi ttaf lla ixessa utirid ci daɣyur,yes
REC012_SEG0020,REC012,SPK001,train,vad_v1,172.376,176.328,3.952,data/processed/segments/REC012/REC012_SEG0020.wav,included,ixsa utiriḍci ḍ emmis n reḥḥam ina qqanasen ilimanyen,yes
REC012_SEG0021,REC012,SPK001,train,vad_v1,177.688,184.352,6.664,data/processed/segments/REC012/REC012_SEG0021.wav,included,aqa zzi ceḍkan iwdan badan tegen teswaaṭ n imezgura nsen mmuc nneɣni,yes
REC012_SEG0022,REC012,SPK001,train,vad_v1,184.352,198.656,14.304,data/processed/segments/REC012/REC012_SEG0022.wav,included,aqa rux beɛda ḍhan teswaṭ n imezgura nsen uqqimen ci teggen teswaṭ mig ɣaḍafeḍ ijjen dḍalimani ɣas aqeyyuɛ ḍalimani teggenṭ gi reɣḍa urumi uqqimen ci tegen manayenni,yes
REC012_SEG0023,REC012,SPK001,train,vad_v1,198.656,201.864,3.208,data/processed/segments/REC012/REC012_SEG0023.wav,included,minzi qa arinasen rexba s internet arinasen ṭayniṭ rux,yes
REC012_SEG0024,REC012,SPK001,train,vad_v1,202.232,215.488,13.256,data/processed/segments/REC012/REC012_SEG0024.wav,included,uqqimen ci teggen manayenni aqa rux teggen tsawa n ixefensen n imezgura nsen mux ḍakum nniɣ udji ci madji ɣa ṭafeḍ ci ijjen ɣas azakuk ḍ arubyu ḍazeggʷaɣ xa safi asṭinim ḍalimani lla,yes
REC012_SEG0025,REC012,SPK001,train,vad_v1,215.488,221.224,5.736,data/processed/segments/REC012/REC012_SEG0025.wav,included,mara ṭufitten zi skutlanda niɣ zi ayrlanda yenni qqarenasen iḍaliqen niɣ iqaletiyen,yes
REC012_SEG0026,REC012,SPK001,train,vad_v1,221.88,231.752,9.872,data/processed/segments/REC012/REC012_SEG0026.wav,included,galek niɣ kkaltek mara ṭessned taglenziṭ yenni waxxa ɣasen azakuk ḍ arrubyu niɣ ḍazeggʷaɣ,yes
REC012_SEG0027,REC012,SPK001,train,vad_v1,232.376,243.272,10.896,data/processed/segments/REC012/REC012_SEG0027.wav,included,u tweḥsiben ci zi ilimanyen mizi raḍ neṭni ɣasen iqbiren nsen waḥeḍsen ɣasen awar nsen weḥeḍsen ɣasn kwila nsen weḥeḍsen kwila qqant i ṭṭaqafa,yes
REC012_SEG0028,REC012,SPK001,train,vad_v1,245.272,246.504,1.232,data/processed/segments/REC012/REC012_SEG0028.wav,included,ḥma tessneḍ,yes
REC012_SEG0029,REC012,SPK001,train,vad_v1,247.32,256.648,9.328,data/processed/segments/REC012/REC012_SEG0029.wav,included,ḥma tessned ixessa uttɛgizeḍ ci gi ismawen ixessa ad tiniḍ ismawen nican mizi bnaḍem mara ussin ci ixefines u issin ci iwḍan abarra ytxawed waha,yes
REC012_SEG0030,REC012,SPK001,train,vad_v1,257.208,272.016,14.808,data/processed/segments/REC012/REC012_SEG0030.wav,included,waxxa rux mix tidwwiɣ amya ira ira wmi d ɣa wamira tariɣd ira tesriɣ ijjen izr ira tesriɣ izran lmuziqa n inaṭ n mimun refruɛ ma ussineɣ menwen ira qqarack min ezriɣ,yes
REC012_SEG0031,REC012,SPK001,train,vad_v1,272.016,279.848,7.832,data/processed/segments/REC012/REC012_SEG0031.wav,included,ayemma gi ḍmurṭ n irumyen uxa qqaɣas miṭ yuɣen wa uyeɣri ci iwa iḍha ira uyɣri ci,yes
REC012_SEG0032,REC012,SPK001,train,vad_v1,280.28,291.848,11.568,data/processed/segments/REC012/REC012_SEG0032.wav,included,netta mara yezzu adyawi netta rux mara yezzu adyawe muziqa nnes nican izran nican ixessa ataf inna min ezariɣ a yemma gi ḍmurṭ n ilimanyen,yes
REC012_SEG0033,REC012,SPK001,train,vad_v1,292.088,302.28,10.192,data/processed/segments/REC012/REC012_SEG0033.wav,included,,no
REC012_SEG0034,REC012,SPK001,train,vad_v1,302.712,307.112,4.4,data/processed/segments/REC012/REC012_SEG0034.wav,included,,no
REC012_SEG0035,REC012,SPK001,train,vad_v1,308.952,318.824,9.872,data/processed/segments/REC012/REC012_SEG0035.wav,included,,no
REC012_SEG0036,REC012,SPK001,train,vad_v1,319.416,328.104,8.688,data/processed/segments/REC012/REC012_SEG0036.wav,included,,no
REC012_SEG0037,REC012,SPK001,train,vad_v1,328.632,339.752,11.12,data/processed/segments/REC012/REC012_SEG0037.wav,included,,no
REC012_SEG0038,REC012,SPK001,train,vad_v1,341.912,344.584,2.672,data/processed/segments/REC012/REC012_SEG0038.wav,included,,no
REC012_SEG0039,REC012,SPK001,train,vad_v1,347.384,357.896,10.512,data/processed/segments/REC012/REC012_SEG0039.wav,included,,no
REC012_SEG0040,REC012,SPK001,train,vad_v1,358.552,363.688,5.136,data/processed/segments/REC012/REC012_SEG0040.wav,included,,no
REC012_SEG0041,REC012,SPK001,train,vad_v1,364.728,368.36,3.632,data/processed/segments/REC012/REC012_SEG0041.wav,included,,no
REC012_SEG0042,REC012,SPK001,train,vad_v1,368.824,380.072,11.248,data/processed/segments/REC012/REC012_SEG0042.wav,included,,no
REC012_SEG0043,REC012,SPK001,train,vad_v1,381.016,382.888,1.872,data/processed/segments/REC012/REC012_SEG0043.wav,included,,no
REC012_SEG0044,REC012,SPK001,train,vad_v1,383.352,396.008,12.656,data/processed/segments/REC012/REC012_SEG0044.wav,included,,no
REC012_SEG0045,REC012,SPK001,train,vad_v1,396.792,403.272,6.48,data/processed/segments/REC012/REC012_SEG0045.wav,included,,no
REC012_SEG0046,REC012,SPK001,train,vad_v1,403.288,416.648,13.36,data/processed/segments/REC012/REC012_SEG0046.wav,included,,no
REC012_SEG0047,REC012,SPK001,train,vad_v1,417.336,421.32,3.984,data/processed/segments/REC012/REC012_SEG0047.wav,included,,no
REC012_SEG0048,REC012,SPK001,train,vad_v1,421.688,434.536,12.848,data/processed/segments/REC012/REC012_SEG0048.wav,included,,no
REC012_SEG0049,REC012,SPK001,train,vad_v1,434.648,446.6,11.952,data/processed/segments/REC012/REC012_SEG0049.wav,included,,no
REC012_SEG0050,REC012,SPK001,train,vad_v1,447.288,451.272,3.984,data/processed/segments/REC012/REC012_SEG0050.wav,included,,no
REC012_SEG0051,REC012,SPK001,train,vad_v1,451.896,462.28,10.384,data/processed/segments/REC012/REC012_SEG0051.wav,included,,no
REC012_SEG0052,REC012,SPK001,train,vad_v1,462.584,472.936,10.352,data/processed/segments/REC012/REC012_SEG0052.wav,included,,no
REC012_SEG0053,REC012,SPK001,train,vad_v1,473.432,481.576,8.144,data/processed/segments/REC012/REC012_SEG0053.wav,included,,no
REC012_SEG0054,REC012,SPK001,train,vad_v1,481.848,490.248,8.4,data/processed/segments/REC012/REC012_SEG0054.wav,included,,no
REC012_SEG0055,REC012,SPK001,train,vad_v1,490.808,502.344,11.536,data/processed/segments/REC012/REC012_SEG0055.wav,included,,no
REC012_SEG0056,REC012,SPK001,train,vad_v1,502.392,513.544,11.152,data/processed/segments/REC012/REC012_SEG0056.wav,included,,no
REC012_SEG0057,REC012,SPK001,train,vad_v1,514.008,517.384,3.376,data/processed/segments/REC012/REC012_SEG0057.wav,included,,no
REC012_SEG0058,REC012,SPK001,train,vad_v1,517.88,531.168,13.288,data/processed/segments/REC012/REC012_SEG0058.wav,included,,no
REC012_SEG0059,REC012,SPK001,train,vad_v1,531.168,534.472,3.304,data/processed/segments/REC012/REC012_SEG0059.wav,included,,no
REC012_SEG0060,REC012,SPK001,train,vad_v1,537.336,546.216,8.88,data/processed/segments/REC012/REC012_SEG0060.wav,included,,no
REC012_SEG0061,REC012,SPK001,train,vad_v1,547.192,555.624,8.432,data/processed/segments/REC012/REC012_SEG0061.wav,included,,no
REC012_SEG0062,REC012,SPK001,train,vad_v1,557.144,558.024,0.88,data/processed/segments/REC012/REC012_SEG0062.wav,included,,no
REC012_SEG0063,REC012,SPK001,train,vad_v1,558.52,572.352,13.832,data/processed/segments/REC012/REC012_SEG0063.wav,included,,no
REC012_SEG0064,REC012,SPK001,train,vad_v1,572.352,585.992,13.64,data/processed/segments/REC012/REC012_SEG0064.wav,included,,no
REC012_SEG0065,REC012,SPK001,train,vad_v1,589.112,591.048,1.936,data/processed/segments/REC012/REC012_SEG0065.wav,included,,no
REC012_SEG0066,REC012,SPK001,train,vad_v1,592.728,598.376,5.648,data/processed/segments/REC012/REC012_SEG0066.wav,included,,no
REC012_SEG0067,REC012,SPK001,train,vad_v1,599.096,605.0,5.904,data/processed/segments/REC012/REC012_SEG0067.wav,included,,no
REC012_SEG0068,REC012,SPK001,train,vad_v1,609.88,619.24,9.36,data/processed/segments/REC012/REC012_SEG0068.wav,included,,no
REC012_SEG0069,REC012,SPK001,train,vad_v1,620.376,624.904,4.528,data/processed/segments/REC012/REC012_SEG0069.wav,included,,no
REC012_SEG0070,REC012,SPK001,train,vad_v1,627.352,628.264,0.912,data/processed/segments/REC012/REC012_SEG0070.wav,rejected,,no
REC012_SEG0071,REC012,SPK001,train,vad_v1,630.808,643.08,12.272,data/processed/segments/REC012/REC012_SEG0071.wav,included,,no
REC012_SEG0072,REC012,SPK001,train,vad_v1,643.448,648.264,4.816,data/processed/segments/REC012/REC012_SEG0072.wav,included,,no
REC012_SEG0073,REC012,SPK001,train,vad_v1,649.112,651.944,2.832,data/processed/segments/REC012/REC012_SEG0073.wav,included,,no
REC012_SEG0074,REC012,SPK001,train,vad_v1,652.216,664.552,12.336,data/processed/segments/REC012/REC012_SEG0074.wav,included,,no
REC012_SEG0075,REC012,SPK001,train,vad_v1,665.048,667.208,2.16,data/processed/segments/REC012/REC012_SEG0075.wav,rejected,,no
REC012_SEG0076,REC012,SPK001,train,vad_v1,670.456,679.592,9.136,data/processed/segments/REC012/REC012_SEG0076.wav,included,,no
REC012_SEG0077,REC012,SPK001,train,vad_v1,679.64,686.656,7.016,data/processed/segments/REC012/REC012_SEG0077.wav,included,,no
REC012_SEG0078,REC012,SPK001,train,vad_v1,686.656,698.568,11.912,data/processed/segments/REC012/REC012_SEG0078.wav,included,,no
REC012_SEG0079,REC012,SPK001,train,vad_v1,698.616,711.144,12.528,data/processed/segments/REC012/REC012_SEG0079.wav,included,,no
REC012_SEG0080,REC012,SPK001,train,vad_v1,711.352,713.68,2.328,data/processed/segments/REC012/REC012_SEG0080.wav,included,,no
REC012_SEG0081,REC012,SPK001,train,vad_v1,713.68,727.72,14.04,data/processed/segments/REC012/REC012_SEG0081.wav,included,,no
REC012_SEG0082,REC012,SPK001,train,vad_v1,728.088,729.48,1.392,data/processed/segments/REC012/REC012_SEG0082.wav,included,,no
REC012_SEG0083,REC012,SPK001,train,vad_v1,730.264,742.184,11.92,data/processed/segments/REC012/REC012_SEG0083.wav,included,,no
REC012_SEG0084,REC012,SPK001,train,vad_v1,742.968,756.136,13.168,data/processed/segments/REC012/REC012_SEG0084.wav,included,,no
REC012_SEG0085,REC012,SPK001,train,vad_v1,756.536,757.96,1.424,data/processed/segments/REC012/REC012_SEG0085.wav,included,,no
REC012_SEG0086,REC012,SPK001,train,vad_v1,762.84,775.016,12.176,data/processed/segments/REC012/REC012_SEG0086.wav,included,,no
REC012_SEG0087,REC012,SPK001,train,vad_v1,775.896,783.24,7.344,data/processed/segments/REC012/REC012_SEG0087.wav,included,,no
REC012_SEG0088,REC012,SPK001,train,vad_v1,783.512,795.144,11.632,data/processed/segments/REC012/REC012_SEG0088.wav,included,,no
REC012_SEG0089,REC012,SPK001,train,vad_v1,795.352,801.696,6.344,data/processed/segments/REC012/REC012_SEG0089.wav,included,,no
REC012_SEG0090,REC012,SPK001,train,vad_v1,801.696,814.76,13.064,data/processed/segments/REC012/REC012_SEG0090.wav,included,,no
REC012_SEG0091,REC012,SPK001,train,vad_v1,814.968,821.8,6.832,data/processed/segments/REC012/REC012_SEG0091.wav,included,,no
REC012_SEG0092,REC012,SPK001,train,vad_v1,823.0,836.304,13.304,data/processed/segments/REC012/REC012_SEG0092.wav,included,,no
REC012_SEG0093,REC012,SPK001,train,vad_v1,836.304,847.816,11.512,data/processed/segments/REC012/REC012_SEG0093.wav,included,,no
REC012_SEG0094,REC012,SPK001,train,vad_v1,849.08,852.168,3.088,data/processed/segments/REC012/REC012_SEG0094.wav,included,,no
REC012_SEG0095,REC012,SPK001,train,vad_v1,852.344,865.8,13.456,data/processed/segments/REC012/REC012_SEG0095.wav,included,,no
REC012_SEG0096,REC012,SPK001,train,vad_v1,866.36,870.664,4.304,data/processed/segments/REC012/REC012_SEG0096.wav,included,,no
REC012_SEG0097,REC012,SPK001,train,vad_v1,871.448,873.992,2.544,data/processed/segments/REC012/REC012_SEG0097.wav,included,,no
REC012_SEG0098,REC012,SPK001,train,vad_v1,875.064,878.664,3.6,data/processed/segments/REC012/REC012_SEG0098.wav,included,,no
REC012_SEG0099,REC012,SPK001,train,vad_v1,879.768,893.224,13.456,data/processed/segments/REC012/REC012_SEG0099.wav,included,,no
REC012_SEG0100,REC012,SPK001,train,vad_v1,893.72,896.8,3.08,data/processed/segments/REC012/REC012_SEG0100.wav,included,,no
REC012_SEG0101,REC012,SPK001,train,vad_v1,896.8,909.224,12.424,data/processed/segments/REC012/REC012_SEG0101.wav,included,,no
REC012_SEG0102,REC012,SPK001,train,vad_v1,909.944,912.008,2.064,data/processed/segments/REC012/REC012_SEG0102.wav,included,,no
REC012_SEG0103,REC012,SPK001,train,vad_v1,912.536,925.056,12.52,data/processed/segments/REC012/REC012_SEG0103.wav,included,,no
REC012_SEG0104,REC012,SPK001,train,vad_v1,925.056,937.096,12.04,data/processed/segments/REC012/REC012_SEG0104.wav,included,,no
REC012_SEG0105,REC012,SPK001,train,vad_v1,939.576,943.624,4.048,data/processed/segments/REC012/REC012_SEG0105.wav,included,,no
REC012_SEG0106,REC012,SPK001,train,vad_v1,943.768,955.752,11.984,data/processed/segments/REC012/REC012_SEG0106.wav,included,,no
REC012_SEG0107,REC012,SPK001,train,vad_v1,956.472,961.352,4.88,data/processed/segments/REC012/REC012_SEG0107.wav,included,,no
REC012_SEG0108,REC012,SPK001,train,vad_v1,962.264,964.232,1.968,data/processed/segments/REC012/REC012_SEG0108.wav,included,,no
REC012_SEG0109,REC012,SPK001,train,vad_v1,964.28,979.272,14.992,data/processed/segments/REC012/REC012_SEG0109.wav,included,,no
REC012_SEG0110,REC012,SPK001,train,vad_v1,979.64,986.767,7.127,data/processed/segments/REC012/REC012_SEG0110.wav,included,,no
REC013_SEG0001,REC013,SPK001,train,vad_v1,0.536,2.344,1.808,data/processed/segments/REC013/REC013_SEG0001.wav,included,waxxa am,yes
REC013_SEG0002,REC013,SPK001,train,vad_v1,3.864,17.288,13.424,data/processed/segments/REC013/REC013_SEG0002.wav,included,wami ammen min ɣaneg z gg wawar d tamazɣa attas n iwḍan amedji ɣa ssiwereɣ ṭmaziɣt niɣ azzuɣ aḍ ssiwreɣ x umezruy itekkayd zdaṭ itekkayd tsemma iteggay jnun iqqarak issawar x tamazɣa,yes
REC013_SEG0003,REC013,SPK001,train,vad_v1,17.592,25.352,7.76,data/processed/segments/REC013/REC013_SEG0003.wav,included,necc tamazɣa ukis teggeɣ smunan zi ttaf mizi necc ssneɣ ma yestekka manis d ikka manayenni ssneɣ ṭubuhella mayes d ikka xa,yes
REC013_SEG0004,REC013,SPK001,train,vad_v1,25.912,39.496,13.584,data/processed/segments/REC013/REC013_SEG0004.wav,included,manayenni uɣas tmeyareɣ ci manayenni ukis teggeɣ ci essneɣ ira ḍ ixawiḍen waha akum iniɣ maɣa tamazɣa ya mara medji ɣa ṭexzad atafeḍ bandiraṭ tekksenṭan meri ufin bandiraṭ nni unṭntwirin maca manaya qebbrenṭ,yes
REC013_SEG0005,REC013,SPK001,train,vad_v1,39.896,44.296,4.4,data/processed/segments/REC013/REC013_SEG0005.wav,included,mayemma ṭazuḍ internet atafedd iteḍhad manaya i mizi qebbren manaya u qebbren bu bandiraṭ,yes
REC013_SEG0006,REC013,SPK001,train,vad_v1,44.536,56.2,11.664,data/processed/segments/REC013/REC013_SEG0006.wav,included,akum iniɣ mays dikka manaya yekkad zi rweqt n ifaṭimiyyen amedji ɣa ṭexzaḍ ɣa umezruy atafeḍ,yes
REC013_SEG0007,REC013,SPK001,train,vad_v1,56.472,69.224,12.752,data/processed/segments/REC013/REC013_SEG0007.wav,included,g rweqt n ifaṭimiyyen atafeḍ ḍ wenni ḍ rweqt mig ufin imenɛaq isenhajen tsemma imtarcen n sseḥra iwḍan n sseḥra g rweqt nni ufin ṭaksaṭ x iwḍan qqaɛ,yes
REC013_SEG0008,REC013,SPK001,train,vad_v1,70.328,73.672,3.344,data/processed/segments/REC013/REC013_SEG0008.wav,included,illa x dmurṭ n spanya d ṭṭamurṭ nneɣ,yes
REC013_SEG0009,REC013,SPK001,train,vad_v1,74.232,86.24,12.008,data/processed/segments/REC013/REC013_SEG0009.wav,included,maca x iwḍan nneɣni neṭnin rufin xesen ṭaksaṭ neṭnin ira ddin uṭqebren neṭnin ddin qebrenṭ ɣa s mi min tɣiren neṭnin,yes
REC013_SEG0010,REC013,SPK001,train,vad_v1,86.24,91.56,5.32,data/processed/segments/REC013/REC013_SEG0010.wav,included,neṭnin ira takan ṭimura neṭnin ira takan reḥwayej,yes
REC013_SEG0011,REC013,SPK001,train,vad_v1,91.992,101.008,9.016,data/processed/segments/REC013/REC013_SEG0011.wav,included,muhim amedji ɣa texsaḍ gi idrisen xa ṭazuḍ x fatimiyyen atafeḍ ḍ wenni immi qqan elfitna ṭameqrant n isenhajen,yes
REC013_SEG0012,REC013,SPK001,train,vad_v1,101.008,113.184,12.176,data/processed/segments/REC013/REC013_SEG0012.wav,included,tsema iwḍan n sseḥra min gin iwḍan qqaɛ udji ci zeɛma emsermen waha lla iwdan zi ṭṭaf ɣa wenni mig ɣafen ṭaksaṭ tijjanṭ llah iḥefḍ gi,yes
REC013_SEG0013,REC013,SPK001,train,vad_v1,113.184,120.04,6.856,data/processed/segments/REC013/REC013_SEG0013.wav,included,gi reɣben qedjɛen xes tarin ḍarwina u ɛaweḍ neṭni ira ɣasen kifkif neṭni amedji ɣa ḥaṭen,yes
REC013_SEG0014,REC013,SPK001,train,vad_v1,120.408,133.384,12.976,data/processed/segments/REC013/REC013_SEG0014.wav,included,xa bnaḍem tɛanenass muhim kulci ḥta ak iniɣ cu wawar daɛffaan neṭni ira ṭeɛyan gi iwḍan zi ṭṭaf ufin aḥenja ɛanenas ufina agaz ɛanenas ufin ṭamɣaṭ ɛanenas teggen ira gi rweqt nni ira teggen timesrayen tiɛeffanin,yes
REC013_SEG0015,REC013,SPK001,train,vad_v1,133.784,145.448,11.664,data/processed/segments/REC013/REC013_SEG0015.wav,included,xa waxxa ḍimenɛuq neṭnin ira ggin ijjen tandint qahira xa zi qahira neṭnin ira teggen ṭimesrayin  idji iɣa n iggen qaɛ,yes
REC013_SEG0016,REC013,SPK001,train,vad_v1,146.488,149.664,3.176,data/processed/segments/REC013/REC013_SEG0016.wav,included,imen3aq neṭnin ira ḍ isenhajen,yes
REC013_SEG0017,REC013,SPK001,train,vad_v1,149.664,162.696,13.032,data/processed/segments/REC013/REC013_SEG0017.wav,included,,no
REC013_SEG0018,REC013,SPK001,train,vad_v1,165.656,169.512,3.856,data/processed/segments/REC013/REC013_SEG0018.wav,included,,no
REC013_SEG0019,REC013,SPK001,train,vad_v1,169.784,183.584,13.8,data/processed/segments/REC013/REC013_SEG0019.wav,included,,no
REC013_SEG0020,REC013,SPK001,train,vad_v1,183.584,192.744,9.16,data/processed/segments/REC013/REC013_SEG0020.wav,included,,no
REC013_SEG0021,REC013,SPK001,train,vad_v1,192.888,201.248,8.36,data/processed/segments/REC013/REC013_SEG0021.wav,included,,no
REC013_SEG0022,REC013,SPK001,train,vad_v1,201.248,213.32,12.072,data/processed/segments/REC013/REC013_SEG0022.wav,included,,no
REC013_SEG0023,REC013,SPK001,train,vad_v1,213.496,224.048,10.552,data/processed/segments/REC013/REC013_SEG0023.wav,included,,no
REC013_SEG0024,REC013,SPK001,train,vad_v1,224.048,237.64,13.592,data/processed/segments/REC013/REC013_SEG0024.wav,included,,no
REC013_SEG0025,REC013,SPK001,train,vad_v1,238.168,244.808,6.64,data/processed/segments/REC013/REC013_SEG0025.wav,included,,no
REC013_SEG0026,REC013,SPK001,train,vad_v1,244.952,256.456,11.504,data/processed/segments/REC013/REC013_SEG0026.wav,included,,no
REC013_SEG0027,REC013,SPK001,train,vad_v1,256.76,263.976,7.216,data/processed/segments/REC013/REC013_SEG0027.wav,included,,no
REC013_SEG0028,REC013,SPK001,train,vad_v1,265.112,274.984,9.872,data/processed/segments/REC013/REC013_SEG0028.wav,included,,no
REC013_SEG0029,REC013,SPK001,train,vad_v1,275.384,282.792,7.408,data/processed/segments/REC013/REC013_SEG0029.wav,included,,no
REC013_SEG0030,REC013,SPK001,train,vad_v1,282.872,295.496,12.624,data/processed/segments/REC013/REC013_SEG0030.wav,included,,no
REC013_SEG0031,REC013,SPK001,train,vad_v1,295.736,309.032,13.296,data/processed/segments/REC013/REC013_SEG0031.wav,included,,no
REC013_SEG0032,REC013,SPK001,train,vad_v1,309.08,313.096,4.016,data/processed/segments/REC013/REC013_SEG0032.wav,included,,no
REC013_SEG0033,REC013,SPK001,train,vad_v1,313.272,324.52,11.248,data/processed/segments/REC013/REC013_SEG0033.wav,included,,no
REC013_SEG0034,REC013,SPK001,train,vad_v1,325.944,329.832,3.888,data/processed/segments/REC013/REC013_SEG0034.wav,included,,no
REC013_SEG0035,REC013,SPK001,train,vad_v1,330.168,341.448,11.28,data/processed/segments/REC013/REC013_SEG0035.wav,included,,no
REC013_SEG0036,REC013,SPK001,train,vad_v1,341.656,348.744,7.088,data/processed/segments/REC013/REC013_SEG0036.wav,included,,no
REC013_SEG0037,REC013,SPK001,train,vad_v1,348.92,363.176,14.256,data/processed/segments/REC013/REC013_SEG0037.wav,included,,no
REC013_SEG0038,REC013,SPK001,train,vad_v1,363.256,368.328,5.072,data/processed/segments/REC013/REC013_SEG0038.wav,included,,no
REC013_SEG0039,REC013,SPK001,train,vad_v1,369.944,373.992,4.048,data/processed/segments/REC013/REC013_SEG0039.wav,included,,no
REC013_SEG0040,REC013,SPK001,train,vad_v1,374.936,387.688,12.752,data/processed/segments/REC013/REC013_SEG0040.wav,included,,no
REC013_SEG0041,REC013,SPK001,train,vad_v1,389.336,394.088,4.752,data/processed/segments/REC013/REC013_SEG0041.wav,included,,no
REC013_SEG0042,REC013,SPK001,train,vad_v1,394.872,400.04,5.168,data/processed/segments/REC013/REC013_SEG0042.wav,included,,no
REC013_SEG0043,REC013,SPK001,train,vad_v1,401.272,408.968,7.696,data/processed/segments/REC013/REC013_SEG0043.wav,included,,no
REC013_SEG0044,REC013,SPK001,train,vad_v1,410.072,411.024,0.952,data/processed/segments/REC013/REC013_SEG0044.wav,included,,no
REC013_SEG0045,REC013,SPK001,train,vad_v1,411.024,425.744,14.72,data/processed/segments/REC013/REC013_SEG0045.wav,included,,no
REC013_SEG0046,REC013,SPK001,train,vad_v1,425.744,430.224,4.48,data/processed/segments/REC013/REC013_SEG0046.wav,included,,no
REC013_SEG0047,REC013,SPK001,train,vad_v1,430.224,441.16,10.936,data/processed/segments/REC013/REC013_SEG0047.wav,included,,no
REC013_SEG0048,REC013,SPK001,train,vad_v1,441.784,453.896,12.112,data/processed/segments/REC013/REC013_SEG0048.wav,included,,no
REC013_SEG0049,REC013,SPK001,train,vad_v1,454.584,468.072,13.488,data/processed/segments/REC013/REC013_SEG0049.wav,included,,no
REC013_SEG0050,REC013,SPK001,train,vad_v1,468.76,470.344,1.584,data/processed/segments/REC013/REC013_SEG0050.wav,included,,no
REC013_SEG0051,REC013,SPK001,train,vad_v1,471.32,476.84,5.52,data/processed/segments/REC013/REC013_SEG0051.wav,included,,no
REC013_SEG0052,REC013,SPK001,train,vad_v1,477.592,480.232,2.64,data/processed/segments/REC013/REC013_SEG0052.wav,included,,no
REC013_SEG0053,REC013,SPK001,train,vad_v1,481.144,483.048,1.904,data/processed/segments/REC013/REC013_SEG0053.wav,included,,no
REC013_SEG0054,REC013,SPK001,train,vad_v1,483.48,496.032,12.552,data/processed/segments/REC013/REC013_SEG0054.wav,included,,no
REC013_SEG0055,REC013,SPK001,train,vad_v1,496.032,505.736,9.704,data/processed/segments/REC013/REC013_SEG0055.wav,included,,no
REC013_SEG0056,REC013,SPK001,train,vad_v1,506.712,512.776,6.064,data/processed/segments/REC013/REC013_SEG0056.wav,included,,no
REC013_SEG0057,REC013,SPK001,train,vad_v1,512.92,522.28,9.36,data/processed/segments/REC013/REC013_SEG0057.wav,included,,no
REC013_SEG0058,REC013,SPK001,train,vad_v1,522.36,527.872,5.512,data/processed/segments/REC013/REC013_SEG0058.wav,included,,no
REC013_SEG0059,REC013,SPK001,train,vad_v1,527.872,542.368,14.496,data/processed/segments/REC013/REC013_SEG0059.wav,included,,no
REC013_SEG0060,REC013,SPK001,train,vad_v1,542.368,547.176,4.808,data/processed/segments/REC013/REC013_SEG0060.wav,included,,no
REC013_SEG0061,REC013,SPK001,train,vad_v1,548.376,555.56,7.184,data/processed/segments/REC013/REC013_SEG0061.wav,included,,no
REC013_SEG0062,REC013,SPK001,train,vad_v1,556.76,563.144,6.384,data/processed/segments/REC013/REC013_SEG0062.wav,included,,no
REC013_SEG0063,REC013,SPK001,train,vad_v1,563.736,572.296,8.56,data/processed/segments/REC013/REC013_SEG0063.wav,included,,no
REC013_SEG0064,REC013,SPK001,train,vad_v1,572.376,585.48,13.104,data/processed/segments/REC013/REC013_SEG0064.wav,included,,no
REC013_SEG0065,REC013,SPK001,train,vad_v1,585.656,589.16,3.504,data/processed/segments/REC013/REC013_SEG0065.wav,included,,no
REC013_SEG0066,REC013,SPK001,train,vad_v1,589.848,602.984,13.136,data/processed/segments/REC013/REC013_SEG0066.wav,included,,no
REC013_SEG0067,REC013,SPK001,train,vad_v1,603.32,604.904,1.584,data/processed/segments/REC013/REC013_SEG0067.wav,included,,no
REC013_SEG0068,REC013,SPK001,train,vad_v1,607.416,612.776,5.36,data/processed/segments/REC013/REC013_SEG0068.wav,included,,no
REC013_SEG0069,REC013,SPK001,train,vad_v1,613.048,623.24,10.192,data/processed/segments/REC013/REC013_SEG0069.wav,included,,no
REC013_SEG0070,REC013,SPK001,train,vad_v1,623.256,636.776,13.52,data/processed/segments/REC013/REC013_SEG0070.wav,included,,no
REC013_SEG0071,REC013,SPK001,train,vad_v1,637.688,647.04,9.352,data/processed/segments/REC013/REC013_SEG0071.wav,included,,no
REC013_SEG0072,REC013,SPK001,train,vad_v1,647.04,656.232,9.192,data/processed/segments/REC013/REC013_SEG0072.wav,included,,no
REC013_SEG0073,REC013,SPK001,train,vad_v1,656.376,662.28,5.904,data/processed/segments/REC013/REC013_SEG0073.wav,included,,no
REC013_SEG0074,REC013,SPK001,train,vad_v1,662.36,674.984,12.624,data/processed/segments/REC013/REC013_SEG0074.wav,included,,no
REC013_SEG0075,REC013,SPK001,train,vad_v1,675.256,683.016,7.76,data/processed/segments/REC013/REC013_SEG0075.wav,included,,no
REC013_SEG0076,REC013,SPK001,train,vad_v1,683.672,685.864,2.192,data/processed/segments/REC013/REC013_SEG0076.wav,included,,no
REC013_SEG0077,REC013,SPK001,train,vad_v1,686.52,693.16,6.64,data/processed/segments/REC013/REC013_SEG0077.wav,included,,no
REC013_SEG0078,REC013,SPK001,train,vad_v1,694.424,704.488,10.064,data/processed/segments/REC013/REC013_SEG0078.wav,included,,no
REC013_SEG0079,REC013,SPK001,train,vad_v1,705.016,718.76,13.744,data/processed/segments/REC013/REC013_SEG0079.wav,included,,no
REC013_SEG0080,REC013,SPK001,train,vad_v1,719.0,729.544,10.544,data/processed/segments/REC013/REC013_SEG0080.wav,included,,no
REC013_SEG0081,REC013,SPK001,train,vad_v1,730.072,742.984,12.912,data/processed/segments/REC013/REC013_SEG0081.wav,included,,no
REC013_SEG0082,REC013,SPK001,train,vad_v1,743.832,748.328,4.496,data/processed/segments/REC013/REC013_SEG0082.wav,included,,no
REC013_SEG0083,REC013,SPK001,train,vad_v1,748.984,754.792,5.808,data/processed/segments/REC013/REC013_SEG0083.wav,included,,no
REC013_SEG0084,REC013,SPK001,train,vad_v1,755.448,767.76,12.312,data/processed/segments/REC013/REC013_SEG0084.wav,included,,no
REC013_SEG0085,REC013,SPK001,train,vad_v1,767.76,770.888,3.128,data/processed/segments/REC013/REC013_SEG0085.wav,included,,no
REC013_SEG0086,REC013,SPK001,train,vad_v1,771.48,783.072,11.592,data/processed/segments/REC013/REC013_SEG0086.wav,included,,no
REC013_SEG0087,REC013,SPK001,train,vad_v1,783.072,792.816,9.744,data/processed/segments/REC013/REC013_SEG0087.wav,included,,no
REC013_SEG0088,REC013,SPK001,train,vad_v1,792.816,801.744,8.928,data/processed/segments/REC013/REC013_SEG0088.wav,included,,no
REC013_SEG0089,REC013,SPK001,train,vad_v1,801.744,808.68,6.936,data/processed/segments/REC013/REC013_SEG0089.wav,included,,no
REC013_SEG0090,REC013,SPK001,train,vad_v1,808.76,819.592,10.832,data/processed/segments/REC013/REC013_SEG0090.wav,included,,no
REC013_SEG0091,REC013,SPK001,train,vad_v1,819.864,829.48,9.616,data/processed/segments/REC013/REC013_SEG0091.wav,included,,no
REC013_SEG0092,REC013,SPK001,train,vad_v1,830.552,834.632,4.08,data/processed/segments/REC013/REC013_SEG0092.wav,included,,no
REC013_SEG0093,REC013,SPK001,train,vad_v1,835.352,839.176,3.824,data/processed/segments/REC013/REC013_SEG0093.wav,included,,no
REC013_SEG0094,REC013,SPK001,train,vad_v1,840.568,844.872,4.304,data/processed/segments/REC013/REC013_SEG0094.wav,included,,no
REC013_SEG0095,REC013,SPK001,train,vad_v1,846.168,857.096,10.928,data/processed/segments/REC013/REC013_SEG0095.wav,included,,no
REC013_SEG0096,REC013,SPK001,train,vad_v1,858.04,861.48,3.44,data/processed/segments/REC013/REC013_SEG0096.wav,included,,no
REC013_SEG0097,REC013,SPK001,train,vad_v1,862.168,866.184,4.016,data/processed/segments/REC013/REC013_SEG0097.wav,included,,no
REC013_SEG0098,REC013,SPK001,train,vad_v1,867.288,878.12,10.832,data/processed/segments/REC013/REC013_SEG0098.wav,included,,no
REC013_SEG0099,REC013,SPK001,train,vad_v1,878.872,888.072,9.2,data/processed/segments/REC013/REC013_SEG0099.wav,included,,no
REC013_SEG0100,REC013,SPK001,train,vad_v1,888.536,897.32,8.784,data/processed/segments/REC013/REC013_SEG0100.wav,included,,no
REC013_SEG0101,REC013,SPK001,train,vad_v1,897.688,903.624,5.936,data/processed/segments/REC013/REC013_SEG0101.wav,included,,no
REC013_SEG0102,REC013,SPK001,train,vad_v1,904.28,906.952,2.672,data/processed/segments/REC013/REC013_SEG0102.wav,included,,no
REC013_SEG0103,REC013,SPK001,train,vad_v1,907.192,922.184,14.992,data/processed/segments/REC013/REC013_SEG0103.wav,included,,no
REC013_SEG0104,REC013,SPK001,train,vad_v1,922.488,927.528,5.04,data/processed/segments/REC013/REC013_SEG0104.wav,included,,no
REC013_SEG0105,REC013,SPK001,train,vad_v1,928.248,929.192,0.944,data/processed/segments/REC013/REC013_SEG0105.wav,included,,no
REC013_SEG0106,REC013,SPK001,train,vad_v1,930.392,935.464,5.072,data/processed/segments/REC013/REC013_SEG0106.wav,included,,no
REC013_SEG0107,REC013,SPK001,train,vad_v1,935.672,948.872,13.2,data/processed/segments/REC013/REC013_SEG0107.wav,included,,no
REC013_SEG0108,REC013,SPK001,train,vad_v1,949.016,957.832,8.816,data/processed/segments/REC013/REC013_SEG0108.wav,included,,no
REC013_SEG0109,REC013,SPK001,train,vad_v1,958.776,965.16,6.384,data/processed/segments/REC013/REC013_SEG0109.wav,included,,no
REC013_SEG0110,REC013,SPK001,train,vad_v1,965.784,978.088,12.304,data/processed/segments/REC013/REC013_SEG0110.wav,included,,no
REC013_SEG0111,REC013,SPK001,train,vad_v1,978.488,984.424,5.936,data/processed/segments/REC013/REC013_SEG0111.wav,included,,no
REC013_SEG0112,REC013,SPK001,train,vad_v1,984.888,993.672,8.784,data/processed/segments/REC013/REC013_SEG0112.wav,included,,no
REC013_SEG0113,REC013,SPK001,train,vad_v1,995.064,995.823,0.759,data/processed/segments/REC013/REC013_SEG0113.wav,included,,no
REC014_SEG0001,REC014,SPK001,train,vad_v1,0.28,6.792,6.512,data/processed/segments/REC014/REC014_SEG0001.wav,included,,no
REC014_SEG0002,REC014,SPK001,train,vad_v1,7.512,19.624,12.112,data/processed/segments/REC014/REC014_SEG0002.wav,included,,no
REC014_SEG0003,REC014,SPK001,train,vad_v1,20.28,26.248,5.968,data/processed/segments/REC014/REC014_SEG0003.wav,included,,no
REC014_SEG0004,REC014,SPK001,train,vad_v1,26.968,32.296,5.328,data/processed/segments/REC014/REC014_SEG0004.wav,included,,no
REC014_SEG0005,REC014,SPK001,train,vad_v1,32.568,43.752,11.184,data/processed/segments/REC014/REC014_SEG0005.wav,included,,no
REC014_SEG0006,REC014,SPK001,train,vad_v1,44.632,52.424,7.792,data/processed/segments/REC014/REC014_SEG0006.wav,included,,no
REC014_SEG0007,REC014,SPK001,train,vad_v1,53.144,61.8,8.656,data/processed/segments/REC014/REC014_SEG0007.wav,included,,no
REC014_SEG0008,REC014,SPK001,train,vad_v1,61.88,75.24,13.36,data/processed/segments/REC014/REC014_SEG0008.wav,included,,no
REC014_SEG0009,REC014,SPK001,train,vad_v1,75.288,79.976,4.688,data/processed/segments/REC014/REC014_SEG0009.wav,included,,no
REC014_SEG0010,REC014,SPK001,train,vad_v1,81.4,91.496,10.096,data/processed/segments/REC014/REC014_SEG0010.wav,included,,no
REC014_SEG0011,REC014,SPK001,train,vad_v1,91.64,100.104,8.464,data/processed/segments/REC014/REC014_SEG0011.wav,included,,no
REC014_SEG0012,REC014,SPK001,train,vad_v1,101.464,113.608,12.144,data/processed/segments/REC014/REC014_SEG0012.wav,included,,no
REC014_SEG0013,REC014,SPK001,train,vad_v1,114.104,127.752,13.648,data/processed/segments/REC014/REC014_SEG0013.wav,included,,no
REC014_SEG0014,REC014,SPK001,train,vad_v1,128.216,129.416,1.2,data/processed/segments/REC014/REC014_SEG0014.wav,included,,no
REC014_SEG0015,REC014,SPK001,train,vad_v1,129.912,143.976,14.064,data/processed/segments/REC014/REC014_SEG0015.wav,included,,no
REC014_SEG0016,REC014,SPK001,train,vad_v1,144.312,155.112,10.8,data/processed/segments/REC014/REC014_SEG0016.wav,included,,no
REC014_SEG0017,REC014,SPK001,train,vad_v1,156.28,157.544,1.264,data/processed/segments/REC014/REC014_SEG0017.wav,included,,no
REC014_SEG0018,REC014,SPK001,train,vad_v1,158.488,160.36,1.872,data/processed/segments/REC014/REC014_SEG0018.wav,included,,no
REC014_SEG0019,REC014,SPK001,train,vad_v1,160.664,175.472,14.808,data/processed/segments/REC014/REC014_SEG0019.wav,included,,no
REC014_SEG0020,REC014,SPK001,train,vad_v1,175.472,184.968,9.496,data/processed/segments/REC014/REC014_SEG0020.wav,included,,no
REC014_SEG0021,REC014,SPK001,train,vad_v1,185.752,188.072,2.32,data/processed/segments/REC014/REC014_SEG0021.wav,included,,no
REC014_SEG0022,REC014,SPK001,train,vad_v1,188.536,203.52,14.984,data/processed/segments/REC014/REC014_SEG0022.wav,included,,no
REC014_SEG0023,REC014,SPK001,train,vad_v1,203.52,205.608,2.088,data/processed/segments/REC014/REC014_SEG0023.wav,included,,no
REC014_SEG0024,REC014,SPK001,train,vad_v1,207.64,209.576,1.936,data/processed/segments/REC014/REC014_SEG0024.wav,included,,no
REC014_SEG0025,REC014,SPK001,train,vad_v1,210.68,212.488,1.808,data/processed/segments/REC014/REC014_SEG0025.wav,included,,no
REC014_SEG0026,REC014,SPK001,train,vad_v1,212.728,226.44,13.712,data/processed/segments/REC014/REC014_SEG0026.wav,included,,no
REC014_SEG0027,REC014,SPK001,train,vad_v1,226.488,229.576,3.088,data/processed/segments/REC014/REC014_SEG0027.wav,included,,no
REC014_SEG0028,REC014,SPK001,train,vad_v1,230.584,233.288,2.704,data/processed/segments/REC014/REC014_SEG0028.wav,included,,no
REC014_SEG0029,REC014,SPK001,train,vad_v1,234.232,243.4,9.168,data/processed/segments/REC014/REC014_SEG0029.wav,included,,no
REC014_SEG0030,REC014,SPK001,train,vad_v1,244.024,250.312,6.288,data/processed/segments/REC014/REC014_SEG0030.wav,included,,no
REC014_SEG0031,REC014,SPK001,train,vad_v1,250.744,260.224,9.48,data/processed/segments/REC014/REC014_SEG0031.wav,included,,no
REC014_SEG0032,REC014,SPK001,train,vad_v1,260.224,270.184,9.96,data/processed/segments/REC014/REC014_SEG0032.wav,included,,no
REC014_SEG0033,REC014,SPK001,train,vad_v1,270.296,279.944,9.648,data/processed/segments/REC014/REC014_SEG0033.wav,included,,no
REC014_SEG0034,REC014,SPK001,train,vad_v1,280.76,283.592,2.832,data/processed/segments/REC014/REC014_SEG0034.wav,included,,no
REC014_SEG0035,REC014,SPK001,train,vad_v1,283.8,296.272,12.472,data/processed/segments/REC014/REC014_SEG0035.wav,included,,no
REC014_SEG0036,REC014,SPK001,train,vad_v1,296.272,300.904,4.632,data/processed/segments/REC014/REC014_SEG0036.wav,included,,no
REC014_SEG0037,REC014,SPK001,train,vad_v1,301.464,315.942,14.478,data/processed/segments/REC014/REC014_SEG0037.wav,included,,no
REC015_SEG0001,REC015,SPK001,train,vad_v1,0.6,9.352,8.752,data/processed/segments/REC015/REC015_SEG0001.wav,included,,no
REC015_SEG0002,REC015,SPK001,train,vad_v1,10.392,14.504,4.112,data/processed/segments/REC015/REC015_SEG0002.wav,included,,no
REC015_SEG0003,REC015,SPK001,train,vad_v1,16.28,29.416,13.136,data/processed/segments/REC015/REC015_SEG0003.wav,included,,no
REC015_SEG0004,REC015,SPK001,train,vad_v1,29.944,31.272,1.328,data/processed/segments/REC015/REC015_SEG0004.wav,included,,no
REC015_SEG0005,REC015,SPK001,train,vad_v1,31.992,36.136,4.144,data/processed/segments/REC015/REC015_SEG0005.wav,included,,no
REC015_SEG0006,REC015,SPK001,train,vad_v1,36.888,40.712,3.824,data/processed/segments/REC015/REC015_SEG0006.wav,included,,no
REC015_SEG0007,REC015,SPK001,train,vad_v1,41.784,45.992,4.208,data/processed/segments/REC015/REC015_SEG0007.wav,included,,no
REC015_SEG0008,REC015,SPK001,train,vad_v1,46.68,57.256,10.576,data/processed/segments/REC015/REC015_SEG0008.wav,included,,no
REC015_SEG0009,REC015,SPK001,train,vad_v1,58.232,58.728,0.496,data/processed/segments/REC015/REC015_SEG0009.wav,rejected,,no
REC015_SEG0010,REC015,SPK001,train,vad_v1,59.288,73.224,13.936,data/processed/segments/REC015/REC015_SEG0010.wav,included,,no
REC015_SEG0011,REC015,SPK001,train,vad_v1,73.656,76.648,2.992,data/processed/segments/REC015/REC015_SEG0011.wav,included,,no
REC015_SEG0012,REC015,SPK001,train,vad_v1,79.512,80.552,1.04,data/processed/segments/REC015/REC015_SEG0012.wav,included,,no
REC015_SEG0013,REC015,SPK001,train,vad_v1,81.656,91.08,9.424,data/processed/segments/REC015/REC015_SEG0013.wav,included,,no
REC015_SEG0014,REC015,SPK001,train,vad_v1,91.832,104.464,12.632,data/processed/segments/REC015/REC015_SEG0014.wav,included,,no
REC015_SEG0015,REC015,SPK001,train,vad_v1,104.464,108.968,4.504,data/processed/segments/REC015/REC015_SEG0015.wav,included,,no
REC015_SEG0016,REC015,SPK001,train,vad_v1,109.624,120.488,10.864,data/processed/segments/REC015/REC015_SEG0016.wav,included,,no
REC015_SEG0017,REC015,SPK001,train,vad_v1,121.08,132.456,11.376,data/processed/segments/REC015/REC015_SEG0017.wav,included,,no
REC015_SEG0018,REC015,SPK001,train,vad_v1,132.92,141.192,8.272,data/processed/segments/REC015/REC015_SEG0018.wav,included,,no
REC015_SEG0019,REC015,SPK001,train,vad_v1,141.688,148.36,6.672,data/processed/segments/REC015/REC015_SEG0019.wav,included,,no
REC015_SEG0020,REC015,SPK001,train,vad_v1,149.016,158.856,9.84,data/processed/segments/REC015/REC015_SEG0020.wav,included,,no
REC015_SEG0021,REC015,SPK001,train,vad_v1,159.576,164.648,5.072,data/processed/segments/REC015/REC015_SEG0021.wav,included,,no
REC015_SEG0022,REC015,SPK001,train,vad_v1,166.744,181.0,14.256,data/processed/segments/REC015/REC015_SEG0022.wav,included,,no
REC015_SEG0023,REC015,SPK001,train,vad_v1,181.08,191.368,10.288,data/processed/segments/REC015/REC015_SEG0023.wav,included,,no
REC015_SEG0024,REC015,SPK001,train,vad_v1,191.928,196.136,4.208,data/processed/segments/REC015/REC015_SEG0024.wav,included,,no
REC015_SEG0025,REC015,SPK001,train,vad_v1,196.504,207.592,11.088,data/processed/segments/REC015/REC015_SEG0025.wav,included,,no
REC015_SEG0026,REC015,SPK001,train,vad_v1,208.664,222.184,13.52,data/processed/segments/REC015/REC015_SEG0026.wav,included,,no
REC015_SEG0027,REC015,SPK001,train,vad_v1,222.744,226.472,3.728,data/processed/segments/REC015/REC015_SEG0027.wav,included,,no
REC015_SEG0028,REC015,SPK001,train,vad_v1,226.808,237.768,10.96,data/processed/segments/REC015/REC015_SEG0028.wav,included,,no
REC015_SEG0029,REC015,SPK001,train,vad_v1,239.192,242.696,3.504,data/processed/segments/REC015/REC015_SEG0029.wav,included,,no
REC015_SEG0030,REC015,SPK001,train,vad_v1,243.672,246.536,2.864,data/processed/segments/REC015/REC015_SEG0030.wav,included,,no
REC015_SEG0031,REC015,SPK001,train,vad_v1,246.808,260.2,13.392,data/processed/segments/REC015/REC015_SEG0031.wav,included,,no
REC015_SEG0032,REC015,SPK001,train,vad_v1,260.632,266.184,5.552,data/processed/segments/REC015/REC015_SEG0032.wav,included,,no
REC015_SEG0033,REC015,SPK001,train,vad_v1,267.64,273.448,5.808,data/processed/segments/REC015/REC015_SEG0033.wav,included,,no
REC015_SEG0034,REC015,SPK001,train,vad_v1,274.36,278.792,4.432,data/processed/segments/REC015/REC015_SEG0034.wav,included,,no
REC015_SEG0035,REC015,SPK001,train,vad_v1,279.544,282.984,3.44,data/processed/segments/REC015/REC015_SEG0035.wav,included,,no
REC015_SEG0036,REC015,SPK001,train,vad_v1,283.832,294.92,11.088,data/processed/segments/REC015/REC015_SEG0036.wav,included,,no
REC015_SEG0037,REC015,SPK001,train,vad_v1,295.544,304.936,9.392,data/processed/segments/REC015/REC015_SEG0037.wav,included,,no
REC015_SEG0038,REC015,SPK001,train,vad_v1,305.24,310.536,5.296,data/processed/segments/REC015/REC015_SEG0038.wav,included,,no
REC015_SEG0039,REC015,SPK001,train,vad_v1,311.64,323.688,12.048,data/processed/segments/REC015/REC015_SEG0039.wav,included,,no
REC015_SEG0040,REC015,SPK001,train,vad_v1,325.528,331.304,5.776,data/processed/segments/REC015/REC015_SEG0040.wav,included,,no
REC015_SEG0041,REC015,SPK001,train,vad_v1,332.504,334.728,2.224,data/processed/segments/REC015/REC015_SEG0041.wav,included,,no
REC015_SEG0042,REC015,SPK001,train,vad_v1,335.576,349.448,13.872,data/processed/segments/REC015/REC015_SEG0042.wav,included,,no
REC015_SEG0043,REC015,SPK001,train,vad_v1,350.936,353.832,2.896,data/processed/segments/REC015/REC015_SEG0043.wav,included,,no
REC015_SEG0044,REC015,SPK001,train,vad_v1,357.528,371.464,13.936,data/processed/segments/REC015/REC015_SEG0044.wav,included,,no
REC015_SEG0045,REC015,SPK001,train,vad_v1,372.28,379.784,7.504,data/processed/segments/REC015/REC015_SEG0045.wav,included,,no
REC015_SEG0046,REC015,SPK001,train,vad_v1,380.12,392.68,12.56,data/processed/segments/REC015/REC015_SEG0046.wav,included,,no
REC015_SEG0047,REC015,SPK001,train,vad_v1,392.792,400.456,7.664,data/processed/segments/REC015/REC015_SEG0047.wav,included,,no
REC015_SEG0048,REC015,SPK001,train,vad_v1,400.632,412.488,11.856,data/processed/segments/REC015/REC015_SEG0048.wav,included,,no
REC015_SEG0049,REC015,SPK001,train,vad_v1,412.856,426.152,13.296,data/processed/segments/REC015/REC015_SEG0049.wav,included,,no
REC015_SEG0050,REC015,SPK001,train,vad_v1,427.16,433.32,6.16,data/processed/segments/REC015/REC015_SEG0050.wav,included,,no
REC015_SEG0051,REC015,SPK001,train,vad_v1,433.56,445.864,12.304,data/processed/segments/REC015/REC015_SEG0051.wav,included,,no
REC015_SEG0052,REC015,SPK001,train,vad_v1,446.104,459.24,13.136,data/processed/segments/REC015/REC015_SEG0052.wav,included,,no
REC015_SEG0053,REC015,SPK001,train,vad_v1,460.024,462.056,2.032,data/processed/segments/REC015/REC015_SEG0053.wav,included,,no
REC015_SEG0054,REC015,SPK001,train,vad_v1,463.0,464.68,1.68,data/processed/segments/REC015/REC015_SEG0054.wav,included,,no
REC015_SEG0055,REC015,SPK001,train,vad_v1,465.624,466.76,1.136,data/processed/segments/REC015/REC015_SEG0055.wav,included,,no
REC015_SEG0056,REC015,SPK001,train,vad_v1,468.28,471.528,3.248,data/processed/segments/REC015/REC015_SEG0056.wav,included,,no
REC015_SEG0057,REC015,SPK001,train,vad_v1,472.28,476.2,3.92,data/processed/segments/REC015/REC015_SEG0057.wav,included,,no
REC015_SEG0058,REC015,SPK001,train,vad_v1,477.208,481.192,3.984,data/processed/segments/REC015/REC015_SEG0058.wav,included,,no
REC015_SEG0059,REC015,SPK001,train,vad_v1,482.136,484.584,2.448,data/processed/segments/REC015/REC015_SEG0059.wav,included,,no
REC015_SEG0060,REC015,SPK001,train,vad_v1,485.016,500.008,14.992,data/processed/segments/REC015/REC015_SEG0060.wav,included,,no
REC015_SEG0061,REC015,SPK001,train,vad_v1,500.088,512.904,12.816,data/processed/segments/REC015/REC015_SEG0061.wav,included,,no
REC015_SEG0062,REC015,SPK001,train,vad_v1,513.496,515.208,1.712,data/processed/segments/REC015/REC015_SEG0062.wav,included,,no
REC015_SEG0063,REC015,SPK001,train,vad_v1,515.992,526.28,10.288,data/processed/segments/REC015/REC015_SEG0063.wav,included,,no
REC015_SEG0064,REC015,SPK001,train,vad_v1,527.064,534.696,7.632,data/processed/segments/REC015/REC015_SEG0064.wav,included,,no
REC015_SEG0065,REC015,SPK001,train,vad_v1,536.024,544.008,7.984,data/processed/segments/REC015/REC015_SEG0065.wav,included,,no
REC015_SEG0066,REC015,SPK001,train,vad_v1,544.312,551.152,6.84,data/processed/segments/REC015/REC015_SEG0066.wav,included,,no
REC015_SEG0067,REC015,SPK001,train,vad_v1,551.152,560.072,8.92,data/processed/segments/REC015/REC015_SEG0067.wav,included,,no
REC015_SEG0068,REC015,SPK001,train,vad_v1,560.408,568.488,8.08,data/processed/segments/REC015/REC015_SEG0068.wav,included,,no
REC015_SEG0069,REC015,SPK001,train,vad_v1,569.368,570.408,1.04,data/processed/segments/REC015/REC015_SEG0069.wav,included,,no
REC015_SEG0070,REC015,SPK001,train,vad_v1,571.064,576.072,5.008,data/processed/segments/REC015/REC015_SEG0070.wav,included,,no
REC015_SEG0071,REC015,SPK001,train,vad_v1,577.016,583.72,6.704,data/processed/segments/REC015/REC015_SEG0071.wav,included,,no
REC015_SEG0072,REC015,SPK001,train,vad_v1,583.864,592.232,8.368,data/processed/segments/REC015/REC015_SEG0072.wav,included,,no
REC015_SEG0073,REC015,SPK001,train,vad_v1,592.504,601.448,8.944,data/processed/segments/REC015/REC015_SEG0073.wav,included,,no
REC015_SEG0074,REC015,SPK001,train,vad_v1,601.72,609.512,7.792,data/processed/segments/REC015/REC015_SEG0074.wav,included,,no
REC015_SEG0075,REC015,SPK001,train,vad_v1,610.008,617.384,7.376,data/processed/segments/REC015/REC015_SEG0075.wav,included,,no
REC015_SEG0076,REC015,SPK001,train,vad_v1,617.848,629.128,11.28,data/processed/segments/REC015/REC015_SEG0076.wav,included,,no
REC015_SEG0077,REC015,SPK001,train,vad_v1,629.528,643.208,13.68,data/processed/segments/REC015/REC015_SEG0077.wav,included,,no
REC015_SEG0078,REC015,SPK001,train,vad_v1,644.312,647.048,2.736,data/processed/segments/REC015/REC015_SEG0078.wav,included,,no
REC015_SEG0079,REC015,SPK001,train,vad_v1,648.056,655.208,7.152,data/processed/segments/REC015/REC015_SEG0079.wav,included,,no
REC015_SEG0080,REC015,SPK001,train,vad_v1,655.64,666.312,10.672,data/processed/segments/REC015/REC015_SEG0080.wav,included,,no
REC015_SEG0081,REC015,SPK001,train,vad_v1,667.384,681.48,14.096,data/processed/segments/REC015/REC015_SEG0081.wav,included,,no
REC015_SEG0082,REC015,SPK001,train,vad_v1,681.88,695.016,13.136,data/processed/segments/REC015/REC015_SEG0082.wav,included,,no
REC015_SEG0083,REC015,SPK001,train,vad_v1,695.672,701.576,5.904,data/processed/segments/REC015/REC015_SEG0083.wav,included,,no
REC015_SEG0084,REC015,SPK001,train,vad_v1,702.328,705.096,2.768,data/processed/segments/REC015/REC015_SEG0084.wav,included,,no
REC015_SEG0085,REC015,SPK001,train,vad_v1,705.912,707.752,1.84,data/processed/segments/REC015/REC015_SEG0085.wav,included,,no
REC015_SEG0086,REC015,SPK001,train,vad_v1,709.816,712.008,2.192,data/processed/segments/REC015/REC015_SEG0086.wav,included,,no
REC015_SEG0087,REC015,SPK001,train,vad_v1,712.728,717.32,4.592,data/processed/segments/REC015/REC015_SEG0087.wav,included,,no
REC015_SEG0088,REC015,SPK001,train,vad_v1,717.656,729.424,11.768,data/processed/segments/REC015/REC015_SEG0088.wav,included,,no
REC015_SEG0089,REC015,SPK001,train,vad_v1,729.424,732.648,3.224,data/processed/segments/REC015/REC015_SEG0089.wav,included,,no
REC015_SEG0090,REC015,SPK001,train,vad_v1,733.368,737.32,3.952,data/processed/segments/REC015/REC015_SEG0090.wav,included,,no
REC015_SEG0091,REC015,SPK001,train,vad_v1,737.944,750.184,12.24,data/processed/segments/REC015/REC015_SEG0091.wav,included,,no
REC015_SEG0092,REC015,SPK001,train,vad_v1,750.456,755.4,4.944,data/processed/segments/REC015/REC015_SEG0092.wav,included,,no
REC015_SEG0093,REC015,SPK001,train,vad_v1,756.632,762.504,5.872,data/processed/segments/REC015/REC015_SEG0093.wav,included,,no
REC015_SEG0094,REC015,SPK001,train,vad_v1,764.024,774.152,10.128,data/processed/segments/REC015/REC015_SEG0094.wav,included,,no
REC015_SEG0095,REC015,SPK001,train,vad_v1,776.088,783.496,7.408,data/processed/segments/REC015/REC015_SEG0095.wav,included,,no
REC015_SEG0096,REC015,SPK001,train,vad_v1,783.992,793.64,9.648,data/processed/segments/REC015/REC015_SEG0096.wav,included,,no
REC015_SEG0097,REC015,SPK001,train,vad_v1,794.488,797.384,2.896,data/processed/segments/REC015/REC015_SEG0097.wav,included,,no
REC015_SEG0098,REC015,SPK001,train,vad_v1,798.552,806.952,8.4,data/processed/segments/REC015/REC015_SEG0098.wav,included,,no
REC015_SEG0099,REC015,SPK001,train,vad_v1,807.992,811.656,3.664,data/processed/segments/REC015/REC015_SEG0099.wav,included,,no
REC015_SEG0100,REC015,SPK001,train,vad_v1,811.832,825.192,13.36,data/processed/segments/REC015/REC015_SEG0100.wav,included,,no
REC015_SEG0101,REC015,SPK001,train,vad_v1,825.848,828.424,2.576,data/processed/segments/REC015/REC015_SEG0101.wav,included,,no
REC015_SEG0102,REC015,SPK001,train,vad_v1,829.592,834.664,5.072,data/processed/segments/REC015/REC015_SEG0102.wav,included,,no
REC015_SEG0103,REC015,SPK001,train,vad_v1,835.224,846.704,11.48,data/processed/segments/REC015/REC015_SEG0103.wav,included,,no
REC015_SEG0104,REC015,SPK001,train,vad_v1,846.704,852.968,6.264,data/processed/segments/REC015/REC015_SEG0104.wav,included,,no
REC015_SEG0105,REC015,SPK001,train,vad_v1,854.488,858.952,4.464,data/processed/segments/REC015/REC015_SEG0105.wav,included,,no
REC015_SEG0106,REC015,SPK001,train,vad_v1,859.544,872.264,12.72,data/processed/segments/REC015/REC015_SEG0106.wav,included,,no
REC015_SEG0107,REC015,SPK001,train,vad_v1,872.792,878.44,5.648,data/processed/segments/REC015/REC015_SEG0107.wav,included,,no
REC015_SEG0108,REC015,SPK001,train,vad_v1,879.48,885.224,5.744,data/processed/segments/REC015/REC015_SEG0108.wav,included,,no
REC015_SEG0109,REC015,SPK001,train,vad_v1,886.584,893.064,6.48,data/processed/segments/REC015/REC015_SEG0109.wav,included,,no
REC015_SEG0110,REC015,SPK001,train,vad_v1,894.136,897.352,3.216,data/processed/segments/REC015/REC015_SEG0110.wav,included,,no
REC015_SEG0111,REC015,SPK001,train,vad_v1,899.512,905.384,5.872,data/processed/segments/REC015/REC015_SEG0111.wav,included,,no
REC015_SEG0112,REC015,SPK001,train,vad_v1,907.896,917.544,9.648,data/processed/segments/REC015/REC015_SEG0112.wav,included,,no
REC015_SEG0113,REC015,SPK001,train,vad_v1,918.104,931.624,13.52,data/processed/segments/REC015/REC015_SEG0113.wav,included,,no
REC015_SEG0114,REC015,SPK001,train,vad_v1,932.44,934.792,2.352,data/processed/segments/REC015/REC015_SEG0114.wav,included,,no
REC015_SEG0115,REC015,SPK001,train,vad_v1,935.288,948.904,13.616,data/processed/segments/REC015/REC015_SEG0115.wav,included,,no
REC015_SEG0116,REC015,SPK001,train,vad_v1,949.272,958.792,9.52,data/processed/segments/REC015/REC015_SEG0116.wav,included,,no
REC015_SEG0117,REC015,SPK001,train,vad_v1,959.192,965.0,5.808,data/processed/segments/REC015/REC015_SEG0117.wav,included,,no
REC015_SEG0118,REC015,SPK001,train,vad_v1,966.072,979.048,12.976,data/processed/segments/REC015/REC015_SEG0118.wav,included,,no
REC015_SEG0119,REC015,SPK001,train,vad_v1,979.768,991.624,11.856,data/processed/segments/REC015/REC015_SEG0119.wav,included,,no
REC015_SEG0120,REC015,SPK001,train,vad_v1,992.44,1004.104,11.664,data/processed/segments/REC015/REC015_SEG0120.wav,included,,no
REC015_SEG0121,REC015,SPK001,train,vad_v1,1006.136,1017.0,10.864,data/processed/segments/REC015/REC015_SEG0121.wav,included,,no
REC015_SEG0122,REC015,SPK001,train,vad_v1,1017.464,1021.704,4.24,data/processed/segments/REC015/REC015_SEG0122.wav,included,,no
REC015_SEG0123,REC015,SPK001,train,vad_v1,1022.456,1026.6,4.144,data/processed/segments/REC015/REC015_SEG0123.wav,included,,no
REC015_SEG0124,REC015,SPK001,train,vad_v1,1027.416,1031.176,3.76,data/processed/segments/REC015/REC015_SEG0124.wav,included,,no
REC015_SEG0125,REC015,SPK001,train,vad_v1,1031.576,1046.08,14.504,data/processed/segments/REC015/REC015_SEG0125.wav,included,,no
REC015_SEG0126,REC015,SPK001,train,vad_v1,1046.08,1052.232,6.152,data/processed/segments/REC015/REC015_SEG0126.wav,included,,no
REC015_SEG0127,REC015,SPK001,train,vad_v1,1052.824,1062.0,9.176,data/processed/segments/REC015/REC015_SEG0127.wav,included,,no
REC015_SEG0128,REC015,SPK001,train,vad_v1,1062.0,1068.872,6.872,data/processed/segments/REC015/REC015_SEG0128.wav,included,,no
REC015_SEG0129,REC015,SPK001,train,vad_v1,1069.72,1078.952,9.232,data/processed/segments/REC015/REC015_SEG0129.wav,included,,no
REC015_SEG0130,REC015,SPK001,train,vad_v1,1079.768,1083.72,3.952,data/processed/segments/REC015/REC015_SEG0130.wav,included,,no
REC015_SEG0131,REC015,SPK001,train,vad_v1,1083.896,1094.76,10.864,data/processed/segments/REC015/REC015_SEG0131.wav,included,,no
REC015_SEG0132,REC015,SPK001,train,vad_v1,1096.376,1101.096,4.72,data/processed/segments/REC015/REC015_SEG0132.wav,included,,no
REC015_SEG0133,REC015,SPK001,train,vad_v1,1102.008,1110.568,8.56,data/processed/segments/REC015/REC015_SEG0133.wav,included,,no
REC015_SEG0134,REC015,SPK001,train,vad_v1,1111.224,1123.144,11.92,data/processed/segments/REC015/REC015_SEG0134.wav,included,,no
REC015_SEG0135,REC015,SPK001,train,vad_v1,1123.928,1137.416,13.488,data/processed/segments/REC015/REC015_SEG0135.wav,included,,no
REC015_SEG0136,REC015,SPK001,train,vad_v1,1137.944,1147.08,9.136,data/processed/segments/REC015/REC015_SEG0136.wav,included,,no
REC015_SEG0137,REC015,SPK001,train,vad_v1,1147.16,1159.56,12.4,data/processed/segments/REC015/REC015_SEG0137.wav,included,,no
REC015_SEG0138,REC015,SPK001,train,vad_v1,1160.248,1167.176,6.928,data/processed/segments/REC015/REC015_SEG0138.wav,included,,no
REC015_SEG0139,REC015,SPK001,train,vad_v1,1167.416,1177.352,9.936,data/processed/segments/REC015/REC015_SEG0139.wav,included,,no
REC015_SEG0140,REC015,SPK001,train,vad_v1,1177.784,1183.784,6.0,data/processed/segments/REC015/REC015_SEG0140.wav,included,,no
REC015_SEG0141,REC015,SPK001,train,vad_v1,1184.664,1186.696,2.032,data/processed/segments/REC015/REC015_SEG0141.wav,included,,no
REC015_SEG0142,REC015,SPK001,train,vad_v1,1187.384,1195.336,7.952,data/processed/segments/REC015/REC015_SEG0142.wav,included,,no
REC015_SEG0143,REC015,SPK001,train,vad_v1,1195.96,1204.802,8.842,data/processed/segments/REC015/REC015_SEG0143.wav,included,,no
REC016_SEG0001,REC016,SPK001,train,vad_v1,0.216,9.0,8.784,data/processed/segments/REC016/REC016_SEG0001.wav,included,,no
REC016_SEG0002,REC016,SPK001,train,vad_v1,9.592,16.936,7.344,data/processed/segments/REC016/REC016_SEG0002.wav,included,,no
REC016_SEG0003,REC016,SPK001,train,vad_v1,17.752,28.776,11.024,data/processed/segments/REC016/REC016_SEG0003.wav,included,,no
REC016_SEG0004,REC016,SPK001,train,vad_v1,29.528,41.0,11.472,data/processed/segments/REC016/REC016_SEG0004.wav,included,,no
REC016_SEG0005,REC016,SPK001,train,vad_v1,42.488,45.384,2.896,data/processed/segments/REC016/REC016_SEG0005.wav,included,,no
REC016_SEG0006,REC016,SPK001,train,vad_v1,46.392,53.544,7.152,data/processed/segments/REC016/REC016_SEG0006.wav,included,,no
REC016_SEG0007,REC016,SPK001,train,vad_v1,53.56,64.104,10.544,data/processed/segments/REC016/REC016_SEG0007.wav,included,,no
REC016_SEG0008,REC016,SPK001,train,vad_v1,64.184,71.08,6.896,data/processed/segments/REC016/REC016_SEG0008.wav,included,,no
REC016_SEG0009,REC016,SPK001,train,vad_v1,72.44,78.728,6.288,data/processed/segments/REC016/REC016_SEG0009.wav,included,,no
REC016_SEG0010,REC016,SPK001,train,vad_v1,79.16,89.352,10.192,data/processed/segments/REC016/REC016_SEG0010.wav,included,,no
REC016_SEG0011,REC016,SPK001,train,vad_v1,89.72,99.112,9.392,data/processed/segments/REC016/REC016_SEG0011.wav,included,,no
REC016_SEG0012,REC016,SPK001,train,vad_v1,99.704,110.312,10.608,data/processed/segments/REC016/REC016_SEG0012.wav,included,,no
REC016_SEG0013,REC016,SPK001,train,vad_v1,110.712,121.576,10.864,data/processed/segments/REC016/REC016_SEG0013.wav,included,,no
REC016_SEG0014,REC016,SPK001,train,vad_v1,122.168,133.896,11.728,data/processed/segments/REC016/REC016_SEG0014.wav,included,,no
REC016_SEG0015,REC016,SPK001,train,vad_v1,134.648,135.976,1.328,data/processed/segments/REC016/REC016_SEG0015.wav,included,,no
REC016_SEG0016,REC016,SPK001,train,vad_v1,136.856,144.616,7.76,data/processed/segments/REC016/REC016_SEG0016.wav,included,,no
REC016_SEG0017,REC016,SPK001,train,vad_v1,145.816,159.688,13.872,data/processed/segments/REC016/REC016_SEG0017.wav,included,,no
REC016_SEG0018,REC016,SPK001,train,vad_v1,160.472,169.896,9.424,data/processed/segments/REC016/REC016_SEG0018.wav,included,,no
REC016_SEG0019,REC016,SPK001,train,vad_v1,171.352,172.36,1.008,data/processed/segments/REC016/REC016_SEG0019.wav,included,,no
REC016_SEG0020,REC016,SPK001,train,vad_v1,173.24,180.584,7.344,data/processed/segments/REC016/REC016_SEG0020.wav,included,,no
REC016_SEG0021,REC016,SPK001,train,vad_v1,181.496,185.256,3.76,data/processed/segments/REC016/REC016_SEG0021.wav,included,,no
REC016_SEG0022,REC016,SPK001,train,vad_v1,185.304,197.096,11.792,data/processed/segments/REC016/REC016_SEG0022.wav,included,,no
REC016_SEG0023,REC016,SPK001,train,vad_v1,197.752,211.592,13.84,data/processed/segments/REC016/REC016_SEG0023.wav,included,,no
REC016_SEG0024,REC016,SPK001,train,vad_v1,212.056,217.64,5.584,data/processed/segments/REC016/REC016_SEG0024.wav,included,,no
REC016_SEG0025,REC016,SPK001,train,vad_v1,218.296,219.336,1.04,data/processed/segments/REC016/REC016_SEG0025.wav,included,,no
REC016_SEG0026,REC016,SPK001,train,vad_v1,219.96,233.288,13.328,data/processed/segments/REC016/REC016_SEG0026.wav,included,,no
REC016_SEG0027,REC016,SPK001,train,vad_v1,233.496,240.2,6.704,data/processed/segments/REC016/REC016_SEG0027.wav,included,,no
REC016_SEG0028,REC016,SPK001,train,vad_v1,241.208,254.888,13.68,data/processed/segments/REC016/REC016_SEG0028.wav,included,,no
REC016_SEG0029,REC016,SPK001,train,vad_v1,255.0,259.528,4.528,data/processed/segments/REC016/REC016_SEG0029.wav,included,,no
REC016_SEG0030,REC016,SPK001,train,vad_v1,260.344,262.728,2.384,data/processed/segments/REC016/REC016_SEG0030.wav,included,,no
REC016_SEG0031,REC016,SPK001,train,vad_v1,263.0,277.392,14.392,data/processed/segments/REC016/REC016_SEG0031.wav,included,,no
REC016_SEG0032,REC016,SPK001,train,vad_v1,277.392,289.8,12.408,data/processed/segments/REC016/REC016_SEG0032.wav,included,,no
REC016_SEG0033,REC016,SPK001,train,vad_v1,290.36,297.192,6.832,data/processed/segments/REC016/REC016_SEG0033.wav,included,,no
REC016_SEG0034,REC016,SPK001,train,vad_v1,298.456,308.2,9.744,data/processed/segments/REC016/REC016_SEG0034.wav,included,,no
REC016_SEG0035,REC016,SPK001,train,vad_v1,308.792,320.2,11.408,data/processed/segments/REC016/REC016_SEG0035.wav,included,,no
REC016_SEG0036,REC016,SPK001,train,vad_v1,320.728,329.352,8.624,data/processed/segments/REC016/REC016_SEG0036.wav,included,,no
REC016_SEG0037,REC016,SPK001,train,vad_v1,329.432,336.616,7.184,data/processed/segments/REC016/REC016_SEG0037.wav,included,,no
REC016_SEG0038,REC016,SPK001,train,vad_v1,336.696,346.952,10.256,data/processed/segments/REC016/REC016_SEG0038.wav,included,,no
REC016_SEG0039,REC016,SPK001,train,vad_v1,347.256,353.864,6.608,data/processed/segments/REC016/REC016_SEG0039.wav,included,,no
REC016_SEG0040,REC016,SPK001,train,vad_v1,354.488,365.896,11.408,data/processed/segments/REC016/REC016_SEG0040.wav,included,,no
REC016_SEG0041,REC016,SPK001,train,vad_v1,367.192,375.464,8.272,data/processed/segments/REC016/REC016_SEG0041.wav,included,,no
REC016_SEG0042,REC016,SPK001,train,vad_v1,377.912,387.496,9.584,data/processed/segments/REC016/REC016_SEG0042.wav,included,,no
REC016_SEG0043,REC016,SPK001,train,vad_v1,388.728,401.32,12.592,data/processed/segments/REC016/REC016_SEG0043.wav,included,,no
REC016_SEG0044,REC016,SPK001,train,vad_v1,402.232,405.608,3.376,data/processed/segments/REC016/REC016_SEG0044.wav,included,,no
REC016_SEG0045,REC016,SPK001,train,vad_v1,406.072,420.008,13.936,data/processed/segments/REC016/REC016_SEG0045.wav,included,,no
REC016_SEG0046,REC016,SPK001,train,vad_v1,420.152,426.952,6.8,data/processed/segments/REC016/REC016_SEG0046.wav,included,,no
REC016_SEG0047,REC016,SPK001,train,vad_v1,428.76,431.464,2.704,data/processed/segments/REC016/REC016_SEG0047.wav,included,,no
REC016_SEG0048,REC016,SPK001,train,vad_v1,433.56,436.84,3.28,data/processed/segments/REC016/REC016_SEG0048.wav,included,,no
REC016_SEG0049,REC016,SPK001,train,vad_v1,438.264,441.8,3.536,data/processed/segments/REC016/REC016_SEG0049.wav,included,,no
REC016_SEG0050,REC016,SPK001,train,vad_v1,442.488,449.256,6.768,data/processed/segments/REC016/REC016_SEG0050.wav,included,,no
REC016_SEG0051,REC016,SPK001,train,vad_v1,449.752,462.216,12.464,data/processed/segments/REC016/REC016_SEG0051.wav,included,,no
REC016_SEG0052,REC016,SPK001,train,vad_v1,463.96,468.04,4.08,data/processed/segments/REC016/REC016_SEG0052.wav,included,,no
REC016_SEG0053,REC016,SPK001,train,vad_v1,468.504,483.312,14.808,data/processed/segments/REC016/REC016_SEG0053.wav,included,,no
REC016_SEG0054,REC016,SPK001,train,vad_v1,483.312,490.536,7.224,data/processed/segments/REC016/REC016_SEG0054.wav,included,,no
REC016_SEG0055,REC016,SPK001,train,vad_v1,491.032,503.208,12.176,data/processed/segments/REC016/REC016_SEG0055.wav,included,,no
REC016_SEG0056,REC016,SPK001,train,vad_v1,503.704,514.952,11.248,data/processed/segments/REC016/REC016_SEG0056.wav,included,,no
REC016_SEG0057,REC016,SPK001,train,vad_v1,515.736,524.424,8.688,data/processed/segments/REC016/REC016_SEG0057.wav,included,,no
REC016_SEG0058,REC016,SPK001,train,vad_v1,525.432,526.76,1.328,data/processed/segments/REC016/REC016_SEG0058.wav,included,,no
REC016_SEG0059,REC016,SPK001,train,vad_v1,528.024,529.128,1.104,data/processed/segments/REC016/REC016_SEG0059.wav,rejected,,no
REC016_SEG0060,REC016,SPK001,train,vad_v1,529.656,544.24,14.584,data/processed/segments/REC016/REC016_SEG0060.wav,included,,no
REC016_SEG0061,REC016,SPK001,train,vad_v1,544.24,546.44,2.2,data/processed/segments/REC016/REC016_SEG0061.wav,included,,no
REC016_SEG0062,REC016,SPK001,train,vad_v1,547.096,553.032,5.936,data/processed/segments/REC016/REC016_SEG0062.wav,included,,no
REC016_SEG0063,REC016,SPK001,train,vad_v1,555.544,563.528,7.984,data/processed/segments/REC016/REC016_SEG0063.wav,included,,no
REC016_SEG0064,REC016,SPK001,train,vad_v1,564.12,571.016,6.896,data/processed/segments/REC016/REC016_SEG0064.wav,included,,no
REC016_SEG0065,REC016,SPK001,train,vad_v1,571.416,579.88,8.464,data/processed/segments/REC016/REC016_SEG0065.wav,included,,no
REC016_SEG0066,REC016,SPK001,train,vad_v1,580.44,594.248,13.808,data/processed/segments/REC016/REC016_SEG0066.wav,included,,no
REC016_SEG0067,REC016,SPK001,train,vad_v1,594.84,605.352,10.512,data/processed/segments/REC016/REC016_SEG0067.wav,included,,no
REC016_SEG0068,REC016,SPK001,train,vad_v1,606.328,616.872,10.544,data/processed/segments/REC016/REC016_SEG0068.wav,included,,no
REC016_SEG0069,REC016,SPK001,train,vad_v1,617.592,619.144,1.552,data/processed/segments/REC016/REC016_SEG0069.wav,included,,no
REC016_SEG0070,REC016,SPK001,train,vad_v1,619.992,620.488,0.496,data/processed/segments/REC016/REC016_SEG0070.wav,rejected,,no
REC016_SEG0071,REC016,SPK001,train,vad_v1,620.664,635.472,14.808,data/processed/segments/REC016/REC016_SEG0071.wav,included,,no
REC016_SEG0072,REC016,SPK001,train,vad_v1,635.472,640.744,5.272,data/processed/segments/REC016/REC016_SEG0072.wav,included,,no
REC016_SEG0073,REC016,SPK001,train,vad_v1,641.144,654.472,13.328,data/processed/segments/REC016/REC016_SEG0073.wav,included,,no
REC016_SEG0074,REC016,SPK001,train,vad_v1,655.32,660.392,5.072,data/processed/segments/REC016/REC016_SEG0074.wav,included,,no
REC016_SEG0075,REC016,SPK001,train,vad_v1,661.112,662.088,0.976,data/processed/segments/REC016/REC016_SEG0075.wav,included,,no
REC016_SEG0076,REC016,SPK001,train,vad_v1,662.744,674.408,11.664,data/processed/segments/REC016/REC016_SEG0076.wav,included,,no
REC016_SEG0077,REC016,SPK001,train,vad_v1,676.888,682.344,5.456,data/processed/segments/REC016/REC016_SEG0077.wav,included,,no
REC016_SEG0078,REC016,SPK001,train,vad_v1,682.616,691.88,9.264,data/processed/segments/REC016/REC016_SEG0078.wav,included,,no
REC016_SEG0079,REC016,SPK001,train,vad_v1,693.816,706.952,13.136,data/processed/segments/REC016/REC016_SEG0079.wav,included,,no
REC016_SEG0080,REC016,SPK001,train,vad_v1,707.384,715.848,8.464,data/processed/segments/REC016/REC016_SEG0080.wav,included,,no
REC016_SEG0081,REC016,SPK001,train,vad_v1,716.76,724.104,7.344,data/processed/segments/REC016/REC016_SEG0081.wav,included,,no
REC016_SEG0082,REC016,SPK001,train,vad_v1,724.792,734.376,9.584,data/processed/segments/REC016/REC016_SEG0082.wav,included,,no
REC016_SEG0083,REC016,SPK001,train,vad_v1,735.224,736.488,1.264,data/processed/segments/REC016/REC016_SEG0083.wav,included,,no
REC016_SEG0084,REC016,SPK001,train,vad_v1,738.264,747.656,9.392,data/processed/segments/REC016/REC016_SEG0084.wav,included,,no
REC016_SEG0085,REC016,SPK001,train,vad_v1,750.488,764.168,13.68,data/processed/segments/REC016/REC016_SEG0085.wav,included,,no
REC016_SEG0086,REC016,SPK001,train,vad_v1,764.44,776.552,12.112,data/processed/segments/REC016/REC016_SEG0086.wav,included,,no
REC016_SEG0087,REC016,SPK001,train,vad_v1,776.728,780.2,3.472,data/processed/segments/REC016/REC016_SEG0087.wav,included,,no
REC016_SEG0088,REC016,SPK001,train,vad_v1,781.208,782.824,1.616,data/processed/segments/REC016/REC016_SEG0088.wav,included,,no
REC016_SEG0089,REC016,SPK001,train,vad_v1,784.536,793.32,8.784,data/processed/segments/REC016/REC016_SEG0089.wav,included,,no
REC016_SEG0090,REC016,SPK001,train,vad_v1,795.288,806.408,11.12,data/processed/segments/REC016/REC016_SEG0090.wav,included,,no
REC016_SEG0091,REC016,SPK001,train,vad_v1,809.048,813.224,4.176,data/processed/segments/REC016/REC016_SEG0091.wav,included,,no
REC016_SEG0092,REC016,SPK001,train,vad_v1,814.456,818.088,3.632,data/processed/segments/REC016/REC016_SEG0092.wav,included,,no
REC016_SEG0093,REC016,SPK001,train,vad_v1,819.672,822.504,2.832,data/processed/segments/REC016/REC016_SEG0093.wav,included,,no
REC016_SEG0094,REC016,SPK001,train,vad_v1,825.88,829.416,3.536,data/processed/segments/REC016/REC016_SEG0094.wav,included,,no
REC016_SEG0095,REC016,SPK001,train,vad_v1,831.416,834.28,2.864,data/processed/segments/REC016/REC016_SEG0095.wav,included,,no
REC016_SEG0096,REC016,SPK001,train,vad_v1,836.056,848.008,11.952,data/processed/segments/REC016/REC016_SEG0096.wav,included,,no
REC016_SEG0097,REC016,SPK001,train,vad_v1,849.56,853.832,4.272,data/processed/segments/REC016/REC016_SEG0097.wav,included,,no
REC016_SEG0098,REC016,SPK001,train,vad_v1,857.432,859.144,1.712,data/processed/segments/REC016/REC016_SEG0098.wav,included,,no
REC016_SEG0099,REC016,SPK001,train,vad_v1,860.344,861.384,1.04,data/processed/segments/REC016/REC016_SEG0099.wav,included,,no
REC016_SEG0100,REC016,SPK001,train,vad_v1,863.352,874.024,10.672,data/processed/segments/REC016/REC016_SEG0100.wav,included,,no
REC016_SEG0101,REC016,SPK001,train,vad_v1,874.744,888.456,13.712,data/processed/segments/REC016/REC016_SEG0101.wav,included,,no
REC016_SEG0102,REC016,SPK001,train,vad_v1,889.432,890.344,0.912,data/processed/segments/REC016/REC016_SEG0102.wav,included,,no
REC016_SEG0103,REC016,SPK001,train,vad_v1,895.448,896.424,0.976,data/processed/segments/REC016/REC016_SEG0103.wav,included,,no
REC016_SEG0104,REC016,SPK001,train,vad_v1,897.144,903.688,6.544,data/processed/segments/REC016/REC016_SEG0104.wav,included,,no
REC016_SEG0105,REC016,SPK001,train,vad_v1,903.832,914.056,10.224,data/processed/segments/REC016/REC016_SEG0105.wav,included,,no
REC016_SEG0106,REC016,SPK001,train,vad_v1,916.728,927.208,10.48,data/processed/segments/REC016/REC016_SEG0106.wav,included,,no
REC016_SEG0107,REC016,SPK001,train,vad_v1,931.256,934.92,3.664,data/processed/segments/REC016/REC016_SEG0107.wav,included,,no
REC016_SEG0108,REC016,SPK001,train,vad_v1,935.608,940.04,4.432,data/processed/segments/REC016/REC016_SEG0108.wav,included,,no
REC016_SEG0109,REC016,SPK001,train,vad_v1,942.968,947.4,4.432,data/processed/segments/REC016/REC016_SEG0109.wav,included,,no
REC016_SEG0110,REC016,SPK001,train,vad_v1,948.568,949.448,0.88,data/processed/segments/REC016/REC016_SEG0110.wav,included,,no
REC016_SEG0111,REC016,SPK001,train,vad_v1,949.88,963.848,13.968,data/processed/segments/REC016/REC016_SEG0111.wav,included,,no
REC016_SEG0112,REC016,SPK001,train,vad_v1,963.992,977.352,13.36,data/processed/segments/REC016/REC016_SEG0112.wav,included,,no
REC016_SEG0113,REC016,SPK001,train,vad_v1,978.648,988.81,10.162,data/processed/segments/REC016/REC016_SEG0113.wav,included,,no
REC034_SEG0001,REC034,SPK002,train,vad_v1,2.616,5.224,2.608,data/processed/segments/REC034/REC034_SEG0001.wav,included,azul ayṭma suyṭma ssitimeɣ atirim mliḥ,yes
REC034_SEG0002,REC034,SPK002,train,vad_v1,5.688,18.376,12.688,data/processed/segments/REC034/REC034_SEG0002.wav,included,akiḍwum umaṭum ayub nhara teḥabeɣd zahwum d gijjen n texrasṭ zi ṭxrazin n lpudkast nneɣ ḍaɣimit amux ḍ zrim gi fidyuya nessiwur x rweqṭ emmi ig ṭtaw qaɛ ac tuya,yes
REC034_SEG0003,REC034,SPK002,train,vad_v1,18.808,26.088,7.28,data/processed/segments/REC034/REC034_SEG0003.wav,included,qber ima nebḍa ṭaxrasta awim d akiḍ kum rkas watay enkum niɣ rkas n rqahwa ḥma ṭiri ḍaɣimita,yes
REC034_SEG0004,REC034,SPK002,train,vad_v1,26.52,35.24,8.72,data/processed/segments/REC034/REC034_SEG0004.wav,included,tmizḍigṭ taṣebḥant gi ṭaxrazta  azzayek talbeɣ ad taris piriḍ mliḥ ad deqqened ṭitawin inek ecway,yes
REC034_SEG0005,REC034,SPK002,train,vad_v1,35.8,43.048,7.248,data/processed/segments/REC034/REC034_SEG0005.wav,included,mara ṭexsed txiyel iixfinek ira ṭettfeḍ rweqṭ s ifassen inek am ijj n ufiru niɣ ijj n uṣɣun,yes
REC034_SEG0006,REC034,SPK002,train,vad_v1,43.544,54.728,11.184,data/processed/segments/REC034/REC034_SEG0006.wav,included,suɣumaɣ igga am ellastik itenejbaḍ mara ḍ jbeḍet bezzaf yḍegger dazegra mara ṭaxuḍas ydzeyya,yes
REC034_SEG0007,REC034,SPK002,train,vad_v1,55.192,65.864,10.672,data/processed/segments/REC034/REC034_SEG0007.wav,included,eḍ wa ḍ rweqṭ amyi igiga xelli rebɛad n n lɛulama lisyentifik qqanak  rweqṭ maṭalan ijjen tminut daks sttin sugund,yes
REC034_SEG0008,REC034,SPK002,train,vad_v1,66.232,75.016,8.784,data/processed/segments/REC034/REC034_SEG0008.wav,included,sakand ijjen ssaɛat daksa ireqqasem ireqqasen nni ticenakd cḥa din n sigundu d gikur minut cḥa din t minuṭin di kur ssaɛat,yes
REC034_SEG0009,REC034,SPK002,train,vad_v1,75.416,85.992,10.576,data/processed/segments/REC034/REC034_SEG0009.wav,included,zi cḥa din n swayeɛ gi kur nha maca gi lḥaqiqa rweqṭ udji bu d manayenni rweqṭ ɣas ṭnayen iɣembab niɣ ṭnayenn ikemman akemmar amezgaru,yes
REC034_SEG0010,REC034,SPK002,train,vad_v1,86.136,98.344,12.208,data/processed/segments/REC034/REC034_SEG0010.wav,included,ɛaweḍ min ḍax eqqan lɛulama yina sayentist qanak qa rweqṭ ḍ ijjen n ṭmesrayṭ fiks qanas s frensis situn uniti d muzuɣ maṭalan,yes
REC034_SEG0011,REC034,SPK002,train,vad_v1,98.584,110.728,12.144,data/processed/segments/REC034/REC034_SEG0011.wav,included,sigundu niɣ minut niɣ ḍsaɛet uḍ zzaman s ixefines niɣ ḍ rweqṭ s ixefines ydja yjɛal lasyuns niɣ lɛilem,yes
REC034_SEG0012,REC034,SPK002,train,vad_v1,111.128,119.272,8.144,data/processed/segments/REC034/REC034_SEG0012.wav,included,ad ttuwwer adt ifulya ad tuga ɣa zdaṭ maca necnin nesḥissa ira lweqṭ uɛeddici kif kif,yes
REC034_SEG0013,REC034,SPK002,train,vad_v1,119.608,132.52,12.912,data/processed/segments/REC034/REC034_SEG0013.wav,included,djan rbɛad n mumintuṭ ɛeddan ḍɣya rbɛad mumintuṭ ɛeddan cway cway umi n nzar kurma nwsa kurma n numɣa nesḥissa ira rweqṭ iɛedda ḍɣya iɛedda itazzer,yes
REC034_SEG0014,REC034,SPK002,train,vad_v1,132.984,144.68,11.696,data/processed/segments/REC034/REC034_SEG0014.wav,included,rebḥant ureṭni teseqsiɣ ixef inu qars maɣar wami ḥeqqb ɣaḍ za ɣ tmamin min qqaan lɛulama aki manaya ufi ɣasen ntmeɣ bzzaaf ndɣummur amaysmys zarren,yes
REC034_SEG0015,REC034,SPK002,train,vad_v1,144.952,148.392,3.44,data/processed/segments/REC034/REC034_SEG0015.wav,included,ṭamesrayṭa mara ṭraḥeḍ a ṣḥab ɛilm nnefs,yes
REC034_SEG0016,REC034,SPK002,train,vad_v1,148.696,160.912,12.216,data/processed/segments/REC034/REC034_SEG0016.wav,included,tafḍ ɣasen ijjen nnaḍariya ijjen latiyuri qqanas prupurciunaliti niɣ nnadariya nnisbiyya min dak ṭeqqar ṭeqqarak cḥar ma zzaman,yes
REC034_SEG0017,REC034,SPK002,train,vad_v1,160.912,169.032,8.12,data/processed/segments/REC034/REC034_SEG0017.wav,included,itcekkal ijj n ijj n nniseba ṭemɣa zi lḥayet inek cḥa ma yɛedda cway cway cḥar ma lmudda zamaniya ni tcekkal,yes
REC034_SEG0018,REC034,SPK002,train,vad_v1,169.176,181.8,12.624,data/processed/segments/REC034/REC034_SEG0018.wav,included,ijjen nnisba tamezyant zi ṭudaṭ inek rweqṭ iggʷa ḍeɣya akum dcarḥeɣ rux mara teɛqqarem umi ira nedja d imezyanen ira anebdu u ytkemmir,yes
REC034_SEG0019,REC034,SPK002,train,vad_v1,182.04,185.832,3.792,data/processed/segments/REC034/REC034_SEG0019.wav,included,axmi tfekkaɣ rebɛad inebḍuṭen sseɛdixṭen,yes
REC034_SEG0020,REC034,SPK002,train,vad_v1,186.104,199.872,13.768,data/processed/segments/REC034/REC034_SEG0020.wav,included,essawid abbi am cɣer sseɛḍiɣ ɛam ikmer g unebḍu ɛaḍ teɛqereɣ x rebḥa umi ɣas hggʷiɣ ɛqreɣ ṭwaret tamezgarut umi hwiɣ a rebḥar bra baba dg imeddukar inu ɛeqereɣ,yes
REC034_SEG0021,REC034,SPK002,train,vad_v1,199.872,202.568,2.696,data/processed/segments/REC034/REC034_SEG0021.wav,included,ɛeqreɣ x familya ir ditasen zi lxarij,yes
REC034_SEG0022,REC034,SPK002,train,vad_v1,203.064,215.464,12.4,data/processed/segments/REC034/REC034_SEG0022.wav,included,ɛeqreɣ xmi ira nteɛya ɛeqreɣ x djeyari ira nteffeɣ a parki ɛeqreɣ anebdu sḥissid zakes deqqaḍas manaya gads ɛam walakin gi lḥaqiqa min daɣ qqan ruxa lɛulama n ɛilm nnefs,yes
REC034_SEG0023,REC034,SPK002,train,vad_v1,215.736,219.24,3.504,data/processed/segments/REC034/REC034_SEG0023.wav,included,gi gi naḍariya ya ṭanitin prupursiunal ṭiyuri,yes
REC034_SEG0024,REC034,SPK002,train,vad_v1,219.384,230.984,11.6,data/processed/segments/REC034/REC034_SEG0024.wav,included,qanak si nurmal azzaks s tesḥisseḍ ira imɣa tsemma anebdu nni ḍameqqran maɣa mizi anebdu nni ytcekkal ijjen n prupurcen prupurcenal ṭiyuri,yes
REC034_SEG0025,REC034,SPK002,train,vad_v1,231.224,243.016,11.792,data/processed/segments/REC034/REC034_SEG0025.wav,included,ṭusad zi prupurcen nnisbiya niɣ nniṣba yɛni a nebdu nni mecḥar i gi itcekkal ḍ nnisba zi ṭuḍaṭ inek ṭekmer maṭalann ijjen xmessnin niɣ d stesnin,yes
REC034_SEG0026,REC034,SPK002,train,vad_v1,243.224,251.24,8.016,data/processed/segments/REC034/REC034_SEG0026.wav,included,anebdu nni atafeḍ ytcekkal ijjen ɛicrin gi miya zi ṭudaṭ ines niɣ lɛam itcekkal ɛicrin gi miya zi ṭudaṭ ines,yes
REC034_SEG0027,REC034,SPK002,train,vad_v1,251.448,261.096,9.648,data/processed/segments/REC034/REC034_SEG0027.wav,included,walakin xmi ntnumɣa maṭalan necc eggʷaɣ ruxa weḥdu ṭraṭin iseggusa ɛam itcekkal mara neggas reḥsab teqriban ṭraṭa gi miya,yes
REC034_SEG0028,REC034,SPK002,train,vad_v1,261.144,271.976,10.832,data/processed/segments/REC034/REC034_SEG0028.wav,included,zi ɛicrin gi miya ɣa ṭraṭa gi miya bezzaf u mara nessiwer x ci ijjen ɣa ssetin sna tiri ɛam ytcekkal waḥit gi miya niɣ waḥit ḍ uzgen,yes
REC034_SEG0029,REC034,SPK002,train,vad_v1,272.056,285.352,13.296,data/processed/segments/REC034/REC034_SEG0029.wav,included,lmuhim lɛulama n ɛilem nnefs ɣasen ṭamsrayṭa qanak kur ma nemɣa wussan ṭemziyyen yɛni rweqṭ iɛedda deɣya walakin amux izareɣ udji bu ḍ manaya udji bu ḍ wa ḍ ssabab,yes
REC034_SEG0030,REC034,SPK002,train,vad_v1,285.4,293.736,8.336,data/processed/segments/REC034/REC034_SEG0030.wav,included,amux ettafeɣ necc qaɣ zeɛma reɛqer nneɣ etmiyyaz rḥajeṭ igidja itɛicit ḍ jdiḍ itɛicit di ḍwaret tamezgarut,yes
REC034_SEG0031,REC034,SPK002,train,vad_v1,293.848,307.976,14.128,data/processed/segments/REC034/REC034_SEG0031.wav,included,ḍ reḥwayej igidja n itɛiciṭen kur nha n qarasen necnin arutin ɣar xmi ḍeggʷerent riyyam ḍ arrutin waha maṭalan ṭaḥed a rxedmeṭ a ṭmenya n ṣṣbaḥ ṭeffeɣd a setta zi ṭmenya ɣa setta kur nha lɛam ikmer iḍeggʷer manayenni ḍarruṭin,yes
REC034_SEG0032,REC034,SPK002,train,vad_v1,308.056,320.104,12.048,data/processed/segments/REC034/REC034_SEG0032.wav,included,uxa raɛqre ḥma aci pruṭija cek imken aḍ isejjel nha amezgaru umi ṭraḥeḍ a rxeḍmeṭ ḥma atɛqreḍ x imeḥdan d jḍiḍ maṭalan mara tsɣuriḍ niɣ mara txedmed ḍgi can lbiru ḥma tɛeqreḍ x iwdan nni kik ixeddmen,yes
REC034_SEG0033,REC034,SPK002,train,vad_v1,320.6,332.552,11.952,data/processed/segments/REC034/REC034_SEG0033.wav,included,walakin ɣir ateɛda ssimana tnayen ṭraṭa safi rɛqer nek u tɣimici yteɛqar niɣ ytsejjal ussan igiɛedden tsemma iḍeggʷer nhara am ṭiwcca,yes
REC034_SEG0034,REC034,SPK002,train,vad_v1,332.728,345.04,12.312,data/processed/segments/REC034/REC034_SEG0034.wav,included,gi ṭemzi nneɣ ira kurci dejḍiḍ nha amezgaru mig ṭraḥed a medrasa imeddukar imezgura ṭiggʷḍi ṭamezgarut kumbati ṭamezgarut refraḥeṭ inek ṭamezgarut wami tesɣiṭ ttrumbu wami ṭeɛyaḍ bulaṭ,yes
REC034_SEG0035,REC034,SPK002,train,vad_v1,345.04,350.632,5.592,data/processed/segments/REC034/REC034_SEG0035.wav,included,niɣ i tḥamucin umi ɛyant llastik ṭwaret temezgarut iɛni kulci ira d jḍiḍ,yes
REC034_SEG0036,REC034,SPK002,train,vad_v1,350.936,361.216,10.28,data/processed/segments/REC034/REC034_SEG0036.wav,included,amma rux bezzaf n wessan nneɣ temcabahen suyenni tafed bnadem iteɛqar x kunji niɣ livakuns ines kta zi min yteɛqar,yes
REC034_SEG0037,REC034,SPK002,train,vad_v1,361.216,369.704,8.488,data/processed/segments/REC034/REC034_SEG0037.wav,included,x l ayam lɛadiya x wussan i gidja gi rxdemeṭ niɣ s manayenni qqaras kur nha ixessa tiri dakes cin tmesrayṭ dejdid,yes
REC034_SEG0038,REC034,SPK002,train,vad_v1,369.88,376.2,6.32,data/processed/segments/REC034/REC034_SEG0038.wav,included,maɣa mizi riyam nni nsɛedd gi arrutin am cɣar n tsiyyabiṭen gi rexwa waha,yes
REC034_SEG0039,REC034,SPK002,train,vad_v1,376.344,388.768,12.424,data/processed/segments/REC034/REC034_SEG0039.wav,included,ḍin ijjen tɣemmaṭ nedden ḍi ɛilem tsemma laɛṣab amux ṭessnem rux raɛqer n bnadem daks laɛṣab bezzaf daksen nurunz iseqqan s t gllinziṭ bezzaf n laɛṣab,yes
REC034_SEG0040,REC034,SPK002,train,vad_v1,388.768,402.216,13.448,data/processed/segments/REC034/REC034_SEG0040.wav,included,tkuwwanentid reɛqer n bnaḍem xumi ida xeqqan lɛulama ruxa n ɛilm laɛṣab qanak aweddi qa xmi tmunɣa bnadem raɛqer nnes wu tirici atrakted ɣa lḥayat bicakel ɛam iɛni bnadem xmi gitenumɣa,yes
REC034_SEG0041,REC034,SPK002,train,vad_v1,402.424,414.056,11.632,data/processed/segments/REC034/REC034_SEG0041.wav,included,iqqaral kulci zriɣṭ rebḥa zriɣṭ rbar zriɣṭ meɣrib zriɣt uruppa zriɣt kulci zriɣṭ iɛni qlil ḍrus n tmesrayin igidja tawḍent,yes
REC034_SEG0042,REC034,SPK002,train,vad_v1,414.168,425.832,11.664,data/processed/segments/REC034/REC034_SEG0042.wav,included,aḍ leftent lintibah ammux das neqqa s taɛrabṭ iɛni dd add kkaptant lintibah n ssiyda wanitin maṭalan mara aqaṭ gi cin ijjen lejtimaɛ maṭalan adnawi ci jjjen ɣas ṭementac asna,yes
REC034_SEG0043,REC034,SPK002,train,vad_v1,425.944,432.456,6.512,data/processed/segments/REC034/REC034_SEG0043.wav,included,w nedden ɣas ṭmenyu ṭmanin sna aṭneg gi nafs lejtimaɛ wenni umi ɣa ṭedja  ṭementac asna ad ikapta kulci,yes
REC034_SEG0044,REC034,SPK002,train,vad_v1,432.536,441.864,9.328,data/processed/segments/REC034/REC034_SEG0044.wav,included,ad iɛeqer min dinna wa min dinna win miɣd d issiwer wa netta muxasiga yssiwer min dran iwḍan nni akiḍes din bnaḍem mara ɣas ṭmenyu ṭmanin sna,yes
REC034_SEG0045,REC034,SPK002,train,vad_v1,441.944,450.728,8.784,data/processed/segments/REC034/REC034_SEG0045.wav,included,imken lejtimaɛ nni tsemma amuni nni gan u ṭit aṭiraci ytma wyteɛqir x walu,yes
REC034_SEG0046,REC034,SPK002,train,vad_v1,450.808,460.2,9.392,data/processed/segments/REC034/REC034_SEG0046.wav,included,s manaya lɛulama rux n ɛilm laɛṣab qanak raɛquraṭ yiwḍan ig numɣan uxeddmen ci s ṭazzra,yes
REC034_SEG0047,REC034,SPK002,train,vad_v1,460.376,471.048,10.672,data/processed/segments/REC034/REC034_SEG0047.wav,included,am raɛquraṭ iwdan imezzyanen ɛaḍ xubiniṭ raɛquraṭ n xubiniṭ tsejjalen ṭṭafasi l ditilz kur dqiqeṭ kta zi raɛquraṭ iwḍan innumɣan,yes
REC034_SEG0048,REC034,SPK002,train,vad_v1,471.16,475.368,4.208,data/processed/segments/REC034/REC034_SEG0048.wav,included,u manaya ɛadi banḍem ɣir aḍinnumɣa ciḥaja u ytɛeqqir ci bezzaf,yes
REC034_SEG0049,REC034,SPK002,train,vad_v1,475.416,489.576,14.16,data/processed/segments/REC034/REC034_SEG0049.wav,included,u din ijjen n tmsaryṭ nedden bnisba i ddupamin ddupamin d ijjen kimikal ḍ ijjen lmadda aqat ɣaneɣ gi ddat nneɣ niɣ tferrazitid ddat nneɣ dṣsufuɣitid ddat nneɣ nettaṭ,yes
REC034_SEG0050,REC034,SPK002,train,vad_v1,489.656,498.568,8.912,data/processed/segments/REC034/REC034_SEG0050.wav,included,ṭssexdam rɛqer iɛni t eksita nniḍam lɛaṣabi iɣaneɣ ḍ sɛuna bnadem ḥma adḍi kunsentra kta axm n tnumɣa,yes
REC034_SEG0051,REC034,SPK002,train,vad_v1,498.744,507.688,8.944,data/processed/segments/REC034/REC034_SEG0051.wav,included,iḍeggʷer ɣaneɣ ddupamin inqes zi umi ira nedja ḍimezzyanen reḥwayejja s ṭnayen qqant belli ira bnaḍem i gi nnumɣan,yes
REC034_SEG0052,REC034,SPK002,train,vad_v1,507.704,517.416,9.712,data/processed/segments/REC034/REC034_SEG0052.wav,included,u itkapti ci bezzaf n tmesrayin gi nha ines suyenni ytbanazd nnha iggʷa ḍeɣya minzi uḍaks bu ljadid wu ḍegs bu cin tmesrayeṭ ḍ jdiḍ,yes
REC034_SEG0053,REC034,SPK002,train,vad_v1,517.624,529.256,11.632,data/processed/segments/REC034/REC034_SEG0053.wav,included,,no
REC034_SEG0054,REC034,SPK002,train,vad_v1,529.336,533.96,4.624,data/processed/segments/REC034/REC034_SEG0054.wav,included,,no
REC034_SEG0055,REC034,SPK002,train,vad_v1,533.976,545.776,11.8,data/processed/segments/REC034/REC034_SEG0055.wav,included,,no
REC034_SEG0056,REC034,SPK002,train,vad_v1,545.776,559.464,13.688,data/processed/segments/REC034/REC034_SEG0056.wav,included,,no
REC034_SEG0057,REC034,SPK002,train,vad_v1,559.672,567.24,7.568,data/processed/segments/REC034/REC034_SEG0057.wav,included,,no
REC034_SEG0058,REC034,SPK002,train,vad_v1,567.704,577.472,9.768,data/processed/segments/REC034/REC034_SEG0058.wav,included,,no
REC034_SEG0059,REC034,SPK002,train,vad_v1,577.472,588.424,10.952,data/processed/segments/REC034/REC034_SEG0059.wav,included,,no
REC034_SEG0060,REC034,SPK002,train,vad_v1,588.504,594.728,6.224,data/processed/segments/REC034/REC034_SEG0060.wav,included,,no
REC034_SEG0061,REC034,SPK002,train,vad_v1,595.16,608.2,13.04,data/processed/segments/REC034/REC034_SEG0061.wav,included,,no
REC034_SEG0062,REC034,SPK002,train,vad_v1,608.504,610.216,1.712,data/processed/segments/REC034/REC034_SEG0062.wav,included,,no
REC034_SEG0063,REC034,SPK002,train,vad_v1,610.36,623.936,13.576,data/processed/segments/REC034/REC034_SEG0063.wav,included,,no
REC034_SEG0064,REC034,SPK002,train,vad_v1,623.936,635.912,11.976,data/processed/segments/REC034/REC034_SEG0064.wav,included,,no
REC034_SEG0065,REC034,SPK002,train,vad_v1,636.024,640.456,4.432,data/processed/segments/REC034/REC034_SEG0065.wav,included,,no
REC034_SEG0066,REC034,SPK002,train,vad_v1,640.472,653.992,13.52,data/processed/segments/REC034/REC034_SEG0066.wav,included,,no
REC034_SEG0067,REC034,SPK002,train,vad_v1,654.008,664.872,10.864,data/processed/segments/REC034/REC034_SEG0067.wav,included,,no
REC034_SEG0068,REC034,SPK002,train,vad_v1,664.888,669.024,4.136,data/processed/segments/REC034/REC034_SEG0068.wav,included,,no
REC034_SEG0069,REC034,SPK002,train,vad_v1,669.024,683.824,14.8,data/processed/segments/REC034/REC034_SEG0069.wav,included,,no
REC034_SEG0070,REC034,SPK002,train,vad_v1,683.824,685.192,1.368,data/processed/segments/REC034/REC034_SEG0070.wav,included,,no
REC034_SEG0071,REC034,SPK002,train,vad_v1,685.592,698.608,13.016,data/processed/segments/REC034/REC034_SEG0071.wav,included,,no
REC034_SEG0072,REC034,SPK002,train,vad_v1,698.608,703.904,5.296,data/processed/segments/REC034/REC034_SEG0072.wav,included,,no
REC034_SEG0073,REC034,SPK002,train,vad_v1,703.904,714.72,10.816,data/processed/segments/REC034/REC034_SEG0073.wav,included,,no
REC034_SEG0074,REC034,SPK002,train,vad_v1,714.72,726.984,12.264,data/processed/segments/REC034/REC034_SEG0074.wav,included,,no
REC034_SEG0075,REC034,SPK002,train,vad_v1,727.192,739.648,12.456,data/processed/segments/REC034/REC034_SEG0075.wav,included,,no
REC034_SEG0076,REC034,SPK002,train,vad_v1,739.648,750.28,10.632,data/processed/segments/REC034/REC034_SEG0076.wav,included,,no
REC034_SEG0077,REC034,SPK002,train,vad_v1,750.488,754.952,4.464,data/processed/segments/REC034/REC034_SEG0077.wav,included,,no
REC034_SEG0078,REC034,SPK002,train,vad_v1,755.256,767.208,11.952,data/processed/segments/REC034/REC034_SEG0078.wav,included,,no
REC034_SEG0079,REC034,SPK002,train,vad_v1,767.256,776.488,9.232,data/processed/segments/REC034/REC034_SEG0079.wav,included,,no
REC034_SEG0080,REC034,SPK002,train,vad_v1,777.304,790.632,13.328,data/processed/segments/REC034/REC034_SEG0080.wav,included,,no
REC034_SEG0081,REC034,SPK002,train,vad_v1,790.648,803.504,12.856,data/processed/segments/REC034/REC034_SEG0081.wav,included,,no
REC034_SEG0082,REC034,SPK002,train,vad_v1,803.504,816.296,12.792,data/processed/segments/REC034/REC034_SEG0082.wav,included,,no
REC034_SEG0083,REC034,SPK002,train,vad_v1,816.344,828.456,12.112,data/processed/segments/REC034/REC034_SEG0083.wav,included,,no
REC034_SEG0084,REC034,SPK002,train,vad_v1,828.568,837.864,9.296,data/processed/segments/REC034/REC034_SEG0084.wav,included,,no
REC034_SEG0085,REC034,SPK002,train,vad_v1,837.944,847.504,9.56,data/processed/segments/REC034/REC034_SEG0085.wav,included,,no
REC034_SEG0086,REC034,SPK002,train,vad_v1,847.504,856.744,9.24,data/processed/segments/REC034/REC034_SEG0086.wav,included,,no
REC034_SEG0087,REC034,SPK002,train,vad_v1,856.952,862.92,5.968,data/processed/segments/REC034/REC034_SEG0087.wav,included,,no
REC034_SEG0088,REC034,SPK002,train,vad_v1,862.936,874.864,11.928,data/processed/segments/REC034/REC034_SEG0088.wav,included,,no
REC034_SEG0089,REC034,SPK002,train,vad_v1,874.864,881.224,6.36,data/processed/segments/REC034/REC034_SEG0089.wav,included,,no
REC034_SEG0090,REC034,SPK002,train,vad_v1,881.496,894.952,13.456,data/processed/segments/REC034/REC034_SEG0090.wav,included,,no
REC034_SEG0091,REC034,SPK002,train,vad_v1,895.032,904.944,9.912,data/processed/segments/REC034/REC034_SEG0091.wav,included,,no
REC034_SEG0092,REC034,SPK002,train,vad_v1,904.944,915.976,11.032,data/processed/segments/REC034/REC034_SEG0092.wav,included,,no
REC034_SEG0093,REC034,SPK002,train,vad_v1,916.056,925.992,9.936,data/processed/segments/REC034/REC034_SEG0093.wav,included,,no
REC034_SEG0094,REC034,SPK002,train,vad_v1,926.264,933.32,7.056,data/processed/segments/REC034/REC034_SEG0094.wav,included,,no
REC035_SEG0001,REC035,SPK002,train,vad_v1,0.664,8.04,7.376,data/processed/segments/REC035/REC035_SEG0001.wav,included,azul ayṭma suyṭma ssitemeɣ atirim mliḥ akiwem umaḍkum ayyub nhara giɣ taqedjabut,yes
REC035_SEG0002,REC035,SPK002,train,vad_v1,9.208,17.32,8.112,data/processed/segments/REC035/REC035_SEG0002.wav,included,sfekkarayad umi ira nteɛya gi ṭemzi ita ntegas ṭaqedjabut nteɛya bulaṭ niɣ nṭeɛya trumbuw nteg ṭaqedjabut,yes
REC035_SEG0003,REC035,SPK002,train,vad_v1,18.584,28.776,10.192,data/processed/segments/REC035/REC035_SEG0003.wav,included,ṭaqedjabut ytegid xelli d ijjen umedukker inu qanas acraf axmi ytɛya gitarra yteged rbɛaḍ n vidiyuṭ iqqaras iqqaraneɣd qa teggeɣd ṭaqedjabut,yes
REC035_SEG0004,REC035,SPK002,train,vad_v1,30.712,39.176,8.464,data/processed/segments/REC035/REC035_SEG0004.wav,included,emi kumenniɣ d taqjabut mizi wazzuɣ bu aḍgeɣ vidyu wazzuɣ bu aḍgeɣ pudkast azzuɣ anessiwer ciḥaja anemhawad,yes
REC035_SEG0005,REC035,SPK002,train,vad_v1,40.12,41.64,1.52,data/processed/segments/REC035/REC035_SEG0005.wav,included,aneg ijjen tɣimit,yes
REC035_SEG0006,REC035,SPK002,train,vad_v1,41.976,55.112,13.136,data/processed/segments/REC035/REC035_SEG0006.wav,included,am cɣer ṭeqqimed ag cin umdduker nkum niɣ ak ijjen zi familya temhawaḍem x rebɛaḍ n tmesrayin i idja thimmant thimmataneɣ necnin ṣḥab arif ṭawa n arif yessis n arif ṭaxrasta ṭamezgarut,yes
REC035_SEG0007,REC035,SPK002,train,vad_v1,55.608,62.984,7.376,data/processed/segments/REC035/REC035_SEG0007.wav,included,azzuɣ ad ssiwer x xires n trifiṭ niɣ x lluɣa rrifiya lluɣa nṭirifiṭ,yes
REC035_SEG0008,REC035,SPK002,train,vad_v1,65.272,72.936,7.664,data/processed/segments/REC035/REC035_SEG0008.wav,included,maɣa dixdaɣ itsemma lmuḍuɛa wanitin i ṭexerast tamezdarut mizi ruxa setesnin zggʷami kenniw ṭessnem,yes
REC035_SEG0009,REC035,SPK002,train,vad_v1,73.432,82.536,9.104,data/processed/segments/REC035/REC035_SEG0009.wav,included,tegeɣ vidyuṭ cway n tzemma tiquḍaḍin ssermaḍeɣ iress n tmaziɣṭ i yewdan iṭippaḍren,yes
REC035_SEG0010,REC035,SPK002,train,vad_v1,82.68,93.224,10.544,data/processed/segments/REC035/REC035_SEG0010.wav,included,min baynihim rux ṣḥab dyaṣpura dduzyam jinerasyun dyaṣpura yenni i djan paḍren iress n lwalidin nsen niɣ n rejdud nsen,yes
REC035_SEG0011,REC035,SPK002,train,vad_v1,94.84,98.6,3.76,data/processed/segments/REC035/REC035_SEG0011.wav,included,u nhara niɣas anssiwer ciḥaja x lluɣa niɣ x ires,yes
REC035_SEG0012,REC035,SPK002,train,vad_v1,99.928,108.712,8.784,data/processed/segments/REC035/REC035_SEG0012.wav,included,lluɣa nettaṭ ḍ ijjen abiying ijjen lmexluq i ydja yedda,yes
REC035_SEG0013,REC035,SPK002,train,vad_v1,109.784,112.488,2.704,data/processed/segments/REC035/REC035_SEG0013.wav,included,ma meɛna yedda yaɛni,yes
REC035_SEG0014,REC035,SPK002,train,vad_v1,112.792,125.064,12.272,data/processed/segments/REC035/REC035_SEG0014.wav,included,ilɣuswa i il imi deteɣem s tfransist iɛni itic esteqbaled rebɛaḍ n lkalimat niɣ rbɛad n letiɣm niɣ rbɛad n lizikseprisun,yes
REC035_SEG0015,REC035,SPK002,train,vad_v1,125.56,137.96,12.4,data/processed/segments/REC035/REC035_SEG0015.wav,included,u manaya itentabaq x kulci lluɣaṭ lɛalam ikmer ṭafransist ak ḍ glinziṭ ṭafransisṭ ak ṭṣpanyutḍ ṣpanyu ak ak ṭitaleṭ xususan lluɣaṭ i gidjant,yes
REC035_SEG0016,REC035,SPK002,train,vad_v1,138.232,145.928,7.696,data/processed/segments/REC035/REC035_SEG0016.wav,included,lluɣaṭ n dduwal i gidjan uḍsent a wayawya maɣa minzi tiri din ijjen n interkambyu tiri ḍin ijjen n lecunj,yes
REC035_SEG0017,REC035,SPK002,train,vad_v1,146.52,160.104,13.584,data/processed/segments/REC035/REC035_SEG0017.wav,included,u ṭarifiṭ udji bu d leksepsyun xli ṭarifiṭ xli d nettaṭ ḍ ijjen n lluɣa i gi dja ssiwrent rejduḍ nneɣ ḍruruf tsemma n wussan niṭni ssawaren s ṭrifiṭ,yes
REC035_SEG0018,REC035,SPK002,train,vad_v1,161.304,172.584,11.28,data/processed/segments/REC035/REC035_SEG0018.wav,included,u ṭarifit xelli d nettat ṭuwid rebɛaḍ n litiɣm zi abara zi ṭeṣpanyut zi ṭeɛrabṭ zi ṭfransisṭ zi bezzaf n lluɣaṭ,yes
REC035_SEG0019,REC035,SPK002,train,vad_v1,173.912,176.168,2.256,data/processed/segments/REC035/REC035_SEG0019.wav,rejected,,no
REC035_SEG0020,REC035,SPK002,train,vad_v1,177.304,183.176,5.872,data/processed/segments/REC035/REC035_SEG0020.wav,included,iqḍiman qaɛ yufiɣ hwa ijjen llutiɣm aɣarrabu,yes
REC035_SEG0021,REC035,SPK002,train,vad_v1,183.736,192.296,8.56,data/processed/segments/REC035/REC035_SEG0021.wav,included,aɣarrabu kurci itɣiraneɣ qa d ijjen n ṭtiɣm ijjen n lkalima tarifiṭ niɣ tmazixṭ,yes
REC035_SEG0022,REC035,SPK002,train,vad_v1,192.664,204.488,11.824,data/processed/segments/REC035/REC035_SEG0022.wav,included,walakin ufiɣ annahu aɣarrabu yusadd zi lluɣa lyunanya akarrabus lluɣa niɣ ires d ijjen lbiying ijjen n lmexluk edjan yedda,yes
REC035_SEG0023,REC035,SPK002,train,vad_v1,205.56,213.288,7.728,data/processed/segments/REC035/REC035_SEG0023.wav,included,u lluɣa nettaṭ trufelita niɣ ḍ ijjen n tisiṭ n lidentiti,yes
REC035_SEG0024,REC035,SPK002,train,vad_v1,214.36,216.488,2.128,data/processed/segments/REC035/REC035_SEG0024.wav,included,xmi ssawer xl iduntiti irifiyen,yes
REC035_SEG0025,REC035,SPK002,train,vad_v1,217.432,229.32,11.888,data/processed/segments/REC035/REC035_SEG0025.wav,included,nessawar x yewḍan ira d imjahḍen ira ddafaɛen x ixefen nsen ɣasen rebɛad n lilinye ɣuj iɛni ɣasen rebɛad n lilimit ɛemmas ma,yes
REC035_SEG0026,REC035,SPK002,train,vad_v1,229.592,238.728,9.136,data/processed/segments/REC035/REC035_SEG0026.wav,included,jjan ḥed aṭen tiɛda min baynihem lkarama nsen min baynihem ṭamɣaṭ min baynihem ṭammurṭ min baynihem bezzaf n tmesrayin dunk,yes
REC035_SEG0027,REC035,SPK002,train,vad_v1,239.416,253.32,13.904,data/processed/segments/REC035/REC035_SEG0027.wav,included,lluɣa ṭarifiṭ tɣuflita liduntiti irifiyen u ṭsejeḥ ci i lakummunikasyun waha transmita ijjen n ṭṭariqa nliɛic irifiyen,yes
REC035_SEG0028,REC035,SPK002,train,vad_v1,253.592,260.488,6.896,data/processed/segments/REC035/REC035_SEG0028.wav,included,transmita ijjen n ṭṭariqa ijjen n lafizyun i rifiyen mux sḥissan mik tfekkan mik txarrasen ila axerih,yes
REC035_SEG0029,REC035,SPK002,train,vad_v1,261.368,265.416,4.048,data/processed/segments/REC035/REC035_SEG0029.wav,included,iress xelli ḍ netta ɛawed niɣ ṭarifiṭ,yes
REC035_SEG0030,REC035,SPK002,train,vad_v1,265.88,278.984,13.104,data/processed/segments/REC035/REC035_SEG0030.wav,included,d ijjen n lammi mwaḥ kullektifḍ ijjen n ḍḍakira jamaɛya kul teɣm giḍrifiṭ niɣ ku l pruviɣb niɣ kur izri gi ṭrifiṭ d ijj,yes
REC035_SEG0031,REC035,SPK002,train,vad_v1,279.512,283.368,3.856,data/processed/segments/REC035/REC035_SEG0031.wav,included,lmuwruṭ nwaṭiṭ zi rjḍuḍ nneɣ,yes
REC035_SEG0032,REC035,SPK002,train,vad_v1,284.184,295.624,11.44,data/processed/segments/REC035/REC035_SEG0032.wav,included,dags rebɛaḍ n lemɛani dagss rebɛad nnnnn muxasyini lḥikam ḍ unsajes djan rebɛaḍ n lḥikam ḍagsen,yes
REC035_SEG0033,REC035,SPK002,train,vad_v1,296.504,299.816,3.312,data/processed/segments/REC035/REC035_SEG0033.wav,included,ḍagsen amhaweḍt waha ṭadeḥḥakṭ fahmed,yes
REC035_SEG0034,REC035,SPK002,train,vad_v1,300.568,302.248,1.68,data/processed/segments/REC035/REC035_SEG0034.wav,included,rbɛaḍi ddagsen izran,yes
REC035_SEG0035,REC035,SPK002,train,vad_v1,303.64,308.2,4.56,data/processed/segments/REC035/REC035_SEG0035.wav,included,iḍan lluɣa nettaṭ temsaras am am ijjen kart mimwar,yes
REC035_SEG0036,REC035,SPK002,train,vad_v1,309.144,313.8,4.656,data/processed/segments/REC035/REC035_SEG0036.wav,included,ijjen kart mimwar trunsmitiḍ dages qaɛ min ydjan kultuɣel,yes
REC035_SEG0037,REC035,SPK002,train,vad_v1,314.392,324.136,9.744,data/processed/segments/REC035/REC035_SEG0037.wav,included,u ṭarifiḍ ɣas lɛalaqa ṭemɣa ak lutiɣitwaɣ lutiɣitwaɣ hiyya ḍ ṭammurṭ arif,yes
REC035_SEG0038,REC035,SPK002,train,vad_v1,325.144,327.784,2.64,data/processed/segments/REC035/REC035_SEG0038.wav,included,ɣas ijjen laliyezun ṭemɣa ak arif,yes
REC035_SEG0039,REC035,SPK002,train,vad_v1,328.632,338.632,10.0,data/processed/segments/REC035/REC035_SEG0039.wav,included,maṭalan tafeḍ ibeqquyen ɣasen bezzaf n litaɣm ɣasen lɛalaqa ak rebḥa ayṭwayaɣer ɣasen bezzaf n liteɣm ɣasen lɛalaqa ak jbel,yes
REC035_SEG0040,REC035,SPK002,train,vad_v1,339.384,345.832,6.448,data/processed/segments/REC035/REC035_SEG0040.wav,included,kur abilaj tafeḍ ɣas rebɛad n litiɣem xassin zzakes netta,yes
REC035_SEG0041,REC035,SPK002,train,vad_v1,346.776,354.856,8.08,data/processed/segments/REC035/REC035_SEG0041.wav,included,rebɛaḍ n remɛani xassin zzaks netta rebɛaḍ n lizanikdut xassin zzaks netta iḍan ɣaneɣ ijjen ladiveɣsiti,yes
REC035_SEG0042,REC035,SPK002,train,vad_v1,355.448,367.56,12.112,data/processed/segments/REC035/REC035_SEG0042.wav,included,gi ṭrifiṭ imken atiri nssawar ijjen iress xmi kidkum ssawareɣ djan rebɛad zzak wum ḍibeqquyan rebɛad ddayṭwayaɣer rebɛaḍiṭ ṣḥab temsaman rebɛaḍiṭ ḍaytuzin ilaxirih,yes
REC035_SEG0043,REC035,SPK002,train,vad_v1,367.992,372.68,4.688,data/processed/segments/REC035/REC035_SEG0043.wav,included,walakin kurci tefhamemmay kulci ṭesnem min azzuɣ adiniɣ,yes
REC035_SEG0044,REC035,SPK002,train,vad_v1,374.52,375.592,1.072,data/processed/segments/REC035/REC035_SEG0044.wav,included,walakin,yes
REC035_SEG0045,REC035,SPK002,train,vad_v1,376.344,377.608,1.264,data/processed/segments/REC035/REC035_SEG0045.wav,included,gi nafs rweqṭ,yes
REC035_SEG0046,REC035,SPK002,train,vad_v1,379.608,385.672,6.064,data/processed/segments/REC035/REC035_SEG0046.wav,included,kur abilaj kur ṭaqbirṭ ɣas rebɛad lmufradaṭ ines weḥeds,yes
REC035_SEG0047,REC035,SPK002,train,vad_v1,386.84,388.424,1.584,data/processed/segments/REC035/REC035_SEG0047.wav,included,wami dyusa uṣpanyu,yes
REC035_SEG0048,REC035,SPK002,train,vad_v1,389.24,390.504,1.264,data/processed/segments/REC035/REC035_SEG0048.wav,included,ekriyad,yes
REC035_SEG0049,REC035,SPK002,train,vad_v1,391.192,394.44,3.248,data/processed/segments/REC035/REC035_SEG0049.wav,included,ṭamdint n lḥusima ṭamdint n lḥusima,yes
REC035_SEG0050,REC035,SPK002,train,vad_v1,395.8,399.24,3.44,data/processed/segments/REC035/REC035_SEG0050.wav,included,ira udjici qber aspanyu,yes
REC035_SEG0051,REC035,SPK002,train,vad_v1,400.28,405.864,5.584,data/processed/segments/REC035/REC035_SEG0051.wav,included,ira ḍin rebɛaḍ n beɛda lḥusima ṭusad gi teɣitwaɣ ibeqquyen,yes
REC035_SEG0052,REC035,SPK002,train,vad_v1,406.52,407.816,1.296,data/processed/segments/REC035/REC035_SEG0052.wav,included,ufi nefs lweqt,yes
REC035_SEG0053,REC035,SPK002,train,vad_v1,408.76,413.544,4.784,data/processed/segments/REC035/REC035_SEG0053.wav,included,njmɛen dags bezzaf d iwḍan zi bezzaf n redcuraṭ d bezzaf tqebbal,yes
REC035_SEG0054,REC035,SPK002,train,vad_v1,414.232,419.624,5.392,data/processed/segments/REC035/REC035_SEG0054.wav,included,tafed dags aytemsaman tafed dags ayt ttuzin tafed dags ayṭwayaɣer tafed dags ibeqquyen,yes
REC035_SEG0055,REC035,SPK002,train,vad_v1,421.08,425.0,3.92,data/processed/segments/REC035/REC035_SEG0055.wav,included,wami njemɛen iwḍana kurci ig idja ira mṣefraqen qber,yes
REC035_SEG0056,REC035,SPK002,train,vad_v1,426.392,430.248,3.856,data/processed/segments/REC035/REC035_SEG0056.wav,included,sakand ṭarifiṭ i nssawar gi lḥusima,yes
REC035_SEG0057,REC035,SPK002,train,vad_v1,431.736,433.256,1.52,data/processed/segments/REC035/REC035_SEG0057.wav,included,,no
REC035_SEG0058,REC035,SPK002,train,vad_v1,433.944,447.208,13.264,data/processed/segments/REC035/REC035_SEG0058.wav,included,,no
REC035_SEG0059,REC035,SPK002,train,vad_v1,447.768,457.48,9.712,data/processed/segments/REC035/REC035_SEG0059.wav,included,,no
REC035_SEG0060,REC035,SPK002,train,vad_v1,457.912,463.24,5.328,data/processed/segments/REC035/REC035_SEG0060.wav,included,,no
REC035_SEG0061,REC035,SPK002,train,vad_v1,465.208,476.584,11.376,data/processed/segments/REC035/REC035_SEG0061.wav,included,,no
REC035_SEG0062,REC035,SPK002,train,vad_v1,477.56,483.912,6.352,data/processed/segments/REC035/REC035_SEG0062.wav,included,,no
REC035_SEG0063,REC035,SPK002,train,vad_v1,484.344,493.672,9.328,data/processed/segments/REC035/REC035_SEG0063.wav,included,,no
REC035_SEG0064,REC035,SPK002,train,vad_v1,494.136,504.744,10.608,data/processed/segments/REC035/REC035_SEG0064.wav,included,,no
REC035_SEG0065,REC035,SPK002,train,vad_v1,505.496,511.912,6.416,data/processed/segments/REC035/REC035_SEG0065.wav,included,,no
REC035_SEG0066,REC035,SPK002,train,vad_v1,513.848,519.304,5.456,data/processed/segments/REC035/REC035_SEG0066.wav,included,,no
REC035_SEG0067,REC035,SPK002,train,vad_v1,520.44,531.272,10.832,data/processed/segments/REC035/REC035_SEG0067.wav,included,,no
REC035_SEG0068,REC035,SPK002,train,vad_v1,532.184,543.336,11.152,data/processed/segments/REC035/REC035_SEG0068.wav,included,,no
REC035_SEG0069,REC035,SPK002,train,vad_v1,544.44,551.304,6.864,data/processed/segments/REC035/REC035_SEG0069.wav,included,,no
REC035_SEG0070,REC035,SPK002,train,vad_v1,552.28,564.776,12.496,data/processed/segments/REC035/REC035_SEG0070.wav,included,,no
REC035_SEG0071,REC035,SPK002,train,vad_v1,565.24,568.712,3.472,data/processed/segments/REC035/REC035_SEG0071.wav,included,,no
REC035_SEG0072,REC035,SPK002,train,vad_v1,570.168,579.528,9.36,data/processed/segments/REC035/REC035_SEG0072.wav,included,,no
REC035_SEG0073,REC035,SPK002,train,vad_v1,579.928,590.024,10.096,data/processed/segments/REC035/REC035_SEG0073.wav,included,,no
REC035_SEG0074,REC035,SPK002,train,vad_v1,590.552,595.464,4.912,data/processed/segments/REC035/REC035_SEG0074.wav,included,,no
REC035_SEG0075,REC035,SPK002,train,vad_v1,596.344,598.888,2.544,data/processed/segments/REC035/REC035_SEG0075.wav,included,,no
REC035_SEG0076,REC035,SPK002,train,vad_v1,599.896,604.296,4.4,data/processed/segments/REC035/REC035_SEG0076.wav,included,,no
REC035_SEG0077,REC035,SPK002,train,vad_v1,605.272,613.608,8.336,data/processed/segments/REC035/REC035_SEG0077.wav,included,,no
REC035_SEG0078,REC035,SPK002,train,vad_v1,614.296,617.672,3.376,data/processed/segments/REC035/REC035_SEG0078.wav,included,,no
REC035_SEG0079,REC035,SPK002,train,vad_v1,618.328,625.352,7.024,data/processed/segments/REC035/REC035_SEG0079.wav,included,,no
REC035_SEG0080,REC035,SPK002,train,vad_v1,627.256,630.92,3.664,data/processed/segments/REC035/REC035_SEG0080.wav,included,,no
REC035_SEG0081,REC035,SPK002,train,vad_v1,631.864,632.776,0.912,data/processed/segments/REC035/REC035_SEG0081.wav,rejected,,no
REC035_SEG0082,REC035,SPK002,train,vad_v1,634.008,635.208,1.2,data/processed/segments/REC035/REC035_SEG0082.wav,included,,no
REC035_SEG0083,REC035,SPK002,train,vad_v1,636.056,639.496,3.44,data/processed/segments/REC035/REC035_SEG0083.wav,included,,no
REC035_SEG0084,REC035,SPK002,train,vad_v1,640.504,643.4,2.896,data/processed/segments/REC035/REC035_SEG0084.wav,included,,no
REC035_SEG0085,REC035,SPK002,train,vad_v1,644.44,646.312,1.872,data/processed/segments/REC035/REC035_SEG0085.wav,included,,no
REC035_SEG0086,REC035,SPK002,train,vad_v1,647.448,654.408,6.96,data/processed/segments/REC035/REC035_SEG0086.wav,included,,no
REC035_SEG0087,REC035,SPK002,train,vad_v1,658.808,670.312,11.504,data/processed/segments/REC035/REC035_SEG0087.wav,included,,no
REC035_SEG0088,REC035,SPK002,train,vad_v1,671.32,676.68,5.36,data/processed/segments/REC035/REC035_SEG0088.wav,included,,no
REC035_SEG0089,REC035,SPK002,train,vad_v1,677.368,682.792,5.424,data/processed/segments/REC035/REC035_SEG0089.wav,included,,no
REC035_SEG0090,REC035,SPK002,train,vad_v1,683.864,695.464,11.6,data/processed/segments/REC035/REC035_SEG0090.wav,included,,no
REC035_SEG0091,REC035,SPK002,train,vad_v1,697.24,708.584,11.344,data/processed/segments/REC035/REC035_SEG0091.wav,included,,no
REC035_SEG0092,REC035,SPK002,train,vad_v1,709.752,713.192,3.44,data/processed/segments/REC035/REC035_SEG0092.wav,included,,no
REC035_SEG0093,REC035,SPK002,train,vad_v1,713.496,725.416,11.92,data/processed/segments/REC035/REC035_SEG0093.wav,included,,no
REC035_SEG0094,REC035,SPK002,train,vad_v1,725.784,730.888,5.104,data/processed/segments/REC035/REC035_SEG0094.wav,included,,no
REC035_SEG0095,REC035,SPK002,train,vad_v1,731.352,744.52,13.168,data/processed/segments/REC035/REC035_SEG0095.wav,included,,no
REC035_SEG0096,REC035,SPK002,train,vad_v1,745.432,750.504,5.072,data/processed/segments/REC035/REC035_SEG0096.wav,included,,no
REC035_SEG0097,REC035,SPK002,train,vad_v1,751.512,754.888,3.376,data/processed/segments/REC035/REC035_SEG0097.wav,included,,no
REC035_SEG0098,REC035,SPK002,train,vad_v1,755.928,763.08,7.152,data/processed/segments/REC035/REC035_SEG0098.wav,included,,no
REC035_SEG0099,REC035,SPK002,train,vad_v1,763.32,776.968,13.648,data/processed/segments/REC035/REC035_SEG0099.wav,included,,no
REC035_SEG0100,REC035,SPK002,train,vad_v1,777.368,786.472,9.104,data/processed/segments/REC035/REC035_SEG0100.wav,included,,no
REC035_SEG0101,REC035,SPK002,train,vad_v1,787.0,795.592,8.592,data/processed/segments/REC035/REC035_SEG0101.wav,included,,no
REC035_SEG0102,REC035,SPK002,train,vad_v1,796.184,807.368,11.184,data/processed/segments/REC035/REC035_SEG0102.wav,included,,no
REC035_SEG0103,REC035,SPK002,train,vad_v1,808.28,810.28,2.0,data/processed/segments/REC035/REC035_SEG0103.wav,included,,no
REC035_SEG0104,REC035,SPK002,train,vad_v1,811.544,824.776,13.232,data/processed/segments/REC035/REC035_SEG0104.wav,included,,no
REC035_SEG0105,REC035,SPK002,train,vad_v1,825.144,833.192,8.048,data/processed/segments/REC035/REC035_SEG0105.wav,included,,no
REC035_SEG0106,REC035,SPK002,train,vad_v1,834.04,842.568,8.528,data/processed/segments/REC035/REC035_SEG0106.wav,included,,no
REC035_SEG0107,REC035,SPK002,train,vad_v1,843.032,852.2,9.168,data/processed/segments/REC035/REC035_SEG0107.wav,included,,no
REC035_SEG0108,REC035,SPK002,train,vad_v1,852.536,861.256,8.72,data/processed/segments/REC035/REC035_SEG0108.wav,included,,no
REC035_SEG0109,REC035,SPK002,train,vad_v1,861.944,864.04,2.096,data/processed/segments/REC035/REC035_SEG0109.wav,included,,no
REC035_SEG0110,REC035,SPK002,train,vad_v1,864.696,867.304,2.608,data/processed/segments/REC035/REC035_SEG0110.wav,included,,no
REC035_SEG0111,REC035,SPK002,train,vad_v1,869.048,870.344,1.296,data/processed/segments/REC035/REC035_SEG0111.wav,included,,no
REC035_SEG0112,REC035,SPK002,train,vad_v1,872.376,878.632,6.256,data/processed/segments/REC035/REC035_SEG0112.wav,included,,no
REC035_SEG0113,REC035,SPK002,train,vad_v1,880.376,884.648,4.272,data/processed/segments/REC035/REC035_SEG0113.wav,included,,no
REC035_SEG0114,REC035,SPK002,train,vad_v1,885.24,898.76,13.52,data/processed/segments/REC035/REC035_SEG0114.wav,included,,no
REC035_SEG0115,REC035,SPK002,train,vad_v1,899.16,905.064,5.904,data/processed/segments/REC035/REC035_SEG0115.wav,included,,no
REC035_SEG0116,REC035,SPK002,train,vad_v1,905.336,915.976,10.64,data/processed/segments/REC035/REC035_SEG0116.wav,included,,no
REC035_SEG0117,REC035,SPK002,train,vad_v1,916.792,922.568,5.776,data/processed/segments/REC035/REC035_SEG0117.wav,included,,no
REC035_SEG0118,REC035,SPK002,train,vad_v1,924.824,930.888,6.064,data/processed/segments/REC035/REC035_SEG0118.wav,included,,no
REC035_SEG0119,REC035,SPK002,train,vad_v1,932.344,941.032,8.688,data/processed/segments/REC035/REC035_SEG0119.wav,included,,no
REC035_SEG0120,REC035,SPK002,train,vad_v1,942.616,945.64,3.024,data/processed/segments/REC035/REC035_SEG0120.wav,included,,no
REC035_SEG0121,REC035,SPK002,train,vad_v1,946.456,956.904,10.448,data/processed/segments/REC035/REC035_SEG0121.wav,included,,no
REC035_SEG0122,REC035,SPK002,train,vad_v1,957.848,960.36,2.512,data/processed/segments/REC035/REC035_SEG0122.wav,included,,no
REC035_SEG0123,REC035,SPK002,train,vad_v1,960.664,973.096,12.432,data/processed/segments/REC035/REC035_SEG0123.wav,included,,no
REC035_SEG0124,REC035,SPK002,train,vad_v1,973.176,981.32,8.144,data/processed/segments/REC035/REC035_SEG0124.wav,included,,no
REC035_SEG0125,REC035,SPK002,train,vad_v1,981.72,990.792,9.072,data/processed/segments/REC035/REC035_SEG0125.wav,included,,no
REC035_SEG0126,REC035,SPK002,train,vad_v1,991.832,993.544,1.712,data/processed/segments/REC035/REC035_SEG0126.wav,included,,no
REC035_SEG0127,REC035,SPK002,train,vad_v1,994.392,1001.576,7.184,data/processed/segments/REC035/REC035_SEG0127.wav,included,,no
REC035_SEG0128,REC035,SPK002,train,vad_v1,1002.264,1011.56,9.296,data/processed/segments/REC035/REC035_SEG0128.wav,included,,no
REC035_SEG0129,REC035,SPK002,train,vad_v1,1012.472,1021.896,9.424,data/processed/segments/REC035/REC035_SEG0129.wav,included,,no
REC035_SEG0130,REC035,SPK002,train,vad_v1,1022.392,1034.888,12.496,data/processed/segments/REC035/REC035_SEG0130.wav,included,,no
REC035_SEG0131,REC035,SPK002,train,vad_v1,1035.192,1038.632,3.44,data/processed/segments/REC035/REC035_SEG0131.wav,included,,no
REC035_SEG0132,REC035,SPK002,train,vad_v1,1040.472,1042.664,2.192,data/processed/segments/REC035/REC035_SEG0132.wav,included,,no
REC035_SEG0133,REC035,SPK002,train,vad_v1,1042.968,1057.96,14.992,data/processed/segments/REC035/REC035_SEG0133.wav,included,,no
REC035_SEG0134,REC035,SPK002,train,vad_v1,1058.232,1060.104,1.872,data/processed/segments/REC035/REC035_SEG0134.wav,included,,no
REC035_SEG0135,REC035,SPK002,train,vad_v1,1060.888,1067.272,6.384,data/processed/segments/REC035/REC035_SEG0135.wav,included,,no
REC035_SEG0136,REC035,SPK002,train,vad_v1,1069.816,1078.28,8.464,data/processed/segments/REC035/REC035_SEG0136.wav,included,,no
REC035_SEG0137,REC035,SPK002,train,vad_v1,1079.16,1086.792,7.632,data/processed/segments/REC035/REC035_SEG0137.wav,included,,no
REC035_SEG0138,REC035,SPK002,train,vad_v1,1087.608,1093.192,5.584,data/processed/segments/REC035/REC035_SEG0138.wav,included,,no
REC035_SEG0139,REC035,SPK002,train,vad_v1,1094.104,1098.184,4.08,data/processed/segments/REC035/REC035_SEG0139.wav,included,,no
REC035_SEG0140,REC035,SPK002,train,vad_v1,1098.968,1104.264,5.296,data/processed/segments/REC035/REC035_SEG0140.wav,included,,no
REC035_SEG0141,REC035,SPK002,train,vad_v1,1106.744,1120.36,13.616,data/processed/segments/REC035/REC035_SEG0141.wav,included,,no
REC035_SEG0142,REC035,SPK002,train,vad_v1,1121.176,1128.328,7.152,data/processed/segments/REC035/REC035_SEG0142.wav,included,,no
REC035_SEG0143,REC035,SPK002,train,vad_v1,1129.56,1134.421,4.861,data/processed/segments/REC035/REC035_SEG0143.wav,included,,no
REC036_SEG0001,REC036,SPK002,train,vad_v1,0.312,4.072,3.76,data/processed/segments/REC036/REC036_SEG0001.wav,included,azul ayṭma suyṭma ssitemeɣ atirim mliḥ akiwem umaḍkum ayyub,yes
REC036_SEG0002,REC036,SPK002,train,vad_v1,5.208,14.856,9.648,data/processed/segments/REC036/REC036_SEG0002.wav,included,gi ṭɣimitta amux ḍacum nniɣ a nessiwer x min ḍaneɣ dejjan rejdud nneɣ niɣ lmuwruṭ niɣ min nwaṭ zagsen niɣ min ixessa anwadṭ zagsen,yes
REC036_SEG0003,REC036,SPK002,train,vad_v1,16.376,19.592,3.216,data/processed/segments/REC036/REC036_SEG0003.wav,included,gi ṭɣimitta a nssiwer gi cinn tmesrayin udjɣent cway,yes
REC036_SEG0004,REC036,SPK002,train,vad_v1,20.28,32.744,12.464,data/processed/segments/REC036/REC036_SEG0004.wav,included,gi ḍmesrayin igijjan zzaknaɣ yḍu ḍarifi niɣ lmujtamaɛ arifi ira nessen azzuɣ azzakkʷum talbeɣ ict tmesrayṭ mara iɛejbakum tsemma ṭiɣimiṭina iɛejbakum min teg,yes
REC036_SEG0005,REC036,SPK002,train,vad_v1,33.176,35.848,2.672,data/processed/segments/REC036/REC036_SEG0005.wav,included,partajamṭent ak yiwdan ḥma adsedjen i min neqqa,yes
REC036_SEG0006,REC036,SPK002,train,vad_v1,37.08,38.632,1.552,data/processed/segments/REC036/REC036_SEG0006.wav,included,imken asen xelli ḍ niṭni,yes
REC036_SEG0007,REC036,SPK002,train,vad_v1,40.376,42.664,2.288,data/processed/segments/REC036/REC036_SEG0007.wav,included,u ssitimaɣ akum yeɛjeb xelli ḍ kenniw,yes
REC036_SEG0008,REC036,SPK002,train,vad_v1,44.696,48.84,4.144,data/processed/segments/REC036/REC036_SEG0008.wav,included,amux ṭesneḍ ṭṭaqafa la kultur,yes
REC036_SEG0009,REC036,SPK002,train,vad_v1,50.584,56.936,6.352,data/processed/segments/REC036/REC036_SEG0009.wav,included,udji ci ḍ izran waha niɣ d ḍiɣennijan niɣ ḍ reɣḍa ineddar niɣ inras,yes
REC036_SEG0010,REC036,SPK002,train,vad_v1,57.976,62.92,4.944,data/processed/segments/REC036/REC036_SEG0010.wav,included,ṭṭaqafa ḍ mux ytiḍar niɣ mux ytiɛic yijjen wayḍuṭ,yes
REC036_SEG0011,REC036,SPK002,train,vad_v1,64.12,68.328,4.208,data/processed/segments/REC036/REC036_SEG0011.wav,included,mux itemɛamal wayḍud nni ag iwḍan jan iwḍan ines ag iwḍan nedden,yes
REC036_SEG0012,REC036,SPK002,train,vad_v1,69.784,75.08,5.296,data/processed/segments/REC036/REC036_SEG0012.wav,included,am ɛawen u wayḍuḍ nni ḍwa umi neqqa lmuruṭ lejtimaɛi tsemma min nwaṭ,yes
REC036_SEG0013,REC036,SPK002,train,vad_v1,75.992,77.512,1.52,data/processed/segments/REC036/REC036_SEG0013.wav,included,zi rejdud neɣ,yes
REC036_SEG0014,REC036,SPK002,train,vad_v1,80.312,84.456,4.144,data/processed/segments/REC036/REC036_SEG0014.wav,included,nhara wiɣakumd ijjen n lka qqanas valensyana,yes
REC036_SEG0015,REC036,SPK002,train,vad_v1,85.688,93.16,7.472,data/processed/segments/REC036/REC036_SEG0015.wav,included,yenni gesnen valensyana uqqimen ci bezzaf necc sedjeɣ tsemma jeddi ḥenna ḍinaṭ ssawaren x valensyana,yes
REC036_SEG0016,REC036,SPK002,train,vad_v1,93.944,100.072,6.128,data/processed/segments/REC036/REC036_SEG0016.wav,included,lkara wanitin aneɣ yawi ɣa rejḍuḍ nneɣ anza mux ira ddan mux ira tiɛicen,yes
REC036_SEG0017,REC036,SPK002,train,vad_v1,100.728,104.808,4.08,data/processed/segments/REC036/REC036_SEG0017.wav,included,d min ijjin zzegsen iwḍan nni gibnan arif inessen,yes
REC036_SEG0018,REC036,SPK002,train,vad_v1,106.328,108.744,2.416,data/processed/segments/REC036/REC036_SEG0018.wav,included,arif nneɣ i ɣaneɣ iɛiz,yes
REC036_SEG0019,REC036,SPK002,train,vad_v1,110.264,112.968,2.704,data/processed/segments/REC036/REC036_SEG0019.wav,included,arif igi djan nebda ntefqaḍiṭ rux,yes
REC036_SEG0020,REC036,SPK002,train,vad_v1,115.192,116.648,1.456,data/processed/segments/REC036/REC036_SEG0020.wav,included,akum bḍiɣ s umɛawen,yes
REC036_SEG0021,REC036,SPK002,train,vad_v1,117.816,129.48,11.664,data/processed/segments/REC036/REC036_SEG0021.wav,included,amɛawen igidjan ijjen z g pilan n wayḍu ḍarifi zi rururuf n wessan u min bayn tsemma amɛawenna ad nebḍa s ṭwiza,yes
REC036_SEG0022,REC036,SPK002,train,vad_v1,130.872,140.392,9.52,data/processed/segments/REC036/REC036_SEG0022.wav,included,mizi ṭwija d nettaṭ i gi twessan gi arif amen ekmer axmi yazzu ḥed ad eṣsawar ḍ ṭamurṭ niɣ ad imjar,yes
REC036_SEG0023,REC036,SPK002,train,vad_v1,142.68,144.392,1.712,data/processed/segments/REC036/REC036_SEG0023.wav,included,ṭewiza tfekkayas ṭimesrayen,yes
REC036_SEG0024,REC036,SPK002,train,vad_v1,145.496,148.04,2.544,data/processed/segments/REC036/REC036_SEG0024.wav,included,tnejmaɛend iwḍan n dca temɛawanen akis,yes
REC036_SEG0025,REC036,SPK002,train,vad_v1,148.76,153.768,5.008,data/processed/segments/REC036/REC036_SEG0025.wav,included,ḍanitin investment niɣ lestiṭmar n ayṭbab n dcar,yes
REC036_SEG0026,REC036,SPK002,train,vad_v1,155.224,161.192,5.968,data/processed/segments/REC036/REC036_SEG0026.wav,included,ḍi rweqṭ nsen udjibu d tinɛacin lla ḍ rweqṭ ttiḍi nsen,yes
REC036_SEG0027,REC036,SPK002,train,vad_v1,163.992,168.936,4.944,data/processed/segments/REC036/REC036_SEG0027.wav,included,ṭwizaṭ ṭemmadjaneɣ ijjen n tmesrayṭ rejḍuḍ nneɣ ujjin ḥedd weḥeḍes,yes
REC036_SEG0028,REC036,SPK002,train,vad_v1,169.912,179.56,9.648,data/processed/segments/REC036/REC036_SEG0028.wav,included,niɣ amux inna xalid izri aḍrar mara nisiṭ akis naca efsus iɛni aḍrar niɣ jbel mara neksiṭ s ṭwiza akis naka efsus,yes
REC036_SEG0029,REC036,SPK002,train,vad_v1,181.784,183.752,1.968,data/processed/segments/REC036/REC036_SEG0029.wav,included,ṭamserayṭ wiss nnayen d gumɛawen,yes
REC036_SEG0030,REC036,SPK002,train,vad_v1,185.08,191.528,6.448,data/processed/segments/REC036/REC036_SEG0030.wav,included,bra ṭwiza rejduḍ nneɣ ira ssiɣan isuɣaren nsen niɣ materyal nsen i wenni iṭiḥrajjen,yes
REC036_SEG0031,REC036,SPK002,train,vad_v1,193.656,200.264,6.608,data/processed/segments/REC036/REC036_SEG0031.wav,included,ssiɣa n nqayer nesjur niɣ ḍ plantaṭ i wayawya mara ufan ḥed iḥrajjiṭenṭ,yes
REC036_SEG0032,REC036,SPK002,train,vad_v1,201.368,202.696,1.328,data/processed/segments/REC036/REC036_SEG0032.wav,included,manaya nfeqḍiṭ rux,yes
REC036_SEG0033,REC036,SPK002,train,vad_v1,204.44,210.984,6.544,data/processed/segments/REC036/REC036_SEG0033.wav,included,nettaṭ maṭalan ṭnayen lmmuḥal n ttijara mara ḥed zzagsen eḥraj cin tmesrayṭ wnedden adtisnufa zzagsen,yes
REC036_SEG0034,REC036,SPK002,train,vad_v1,212.248,214.536,2.288,data/processed/segments/REC036/REC036_SEG0034.wav,included,niɣ mara yusad cin kelliyenti yazzu cin,yes
REC036_SEG0035,REC036,SPK002,train,vad_v1,215.416,228.232,12.816,data/processed/segments/REC036/REC036_SEG0035.wav,included,cin tmesrayeṭ reɣda niɣ cin tmesrayṭ tmecca iqqaras may wa uɣayedji ci hiwa mayɣa tafeɣ iqqaras wa lmuhim ussineɣ ussineɣ wac atafeḍ ɣaren da gi lḥusima niɣ lla netta tira aqeṭ a wajja ines,yes
REC036_SEG0036,REC036,SPK002,train,vad_v1,229.624,231.112,1.488,data/processed/segments/REC036/REC036_SEG0036.wav,included,manaya nfeqdiṭ bezzaf,yes
REC036_SEG0037,REC036,SPK002,train,vad_v1,236.312,245.096,8.784,data/processed/segments/REC036/REC036_SEG0037.wav,included,ḍin amɛawen niɣ ṭiwizawin d gi refruḥ mani ira tnejmaɛ ṭeqbicṭ tekkmer niɣ familya n mulay d tesriṭ,yes
REC036_SEG0038,REC036,SPK002,train,vad_v1,246.136,251.176,5.04,data/processed/segments/REC036/REC036_SEG0038.wav,included,niɣ iwdan iṭen dijawan teggen kur nha rfaḥ ɣa yejjen zzagsen,yes
REC036_SEG0039,REC036,SPK002,train,vad_v1,252.344,257.224,4.88,data/processed/segments/REC036/REC036_SEG0039.wav,included,maɣa ḥma aḍ ssefsusen x mulay d tesriṭ igi dja yallah bdan ṭuḍaṭ nsen,yes
REC036_SEG0040,REC036,SPK002,train,vad_v1,259.032,264.776,5.744,data/processed/segments/REC036/REC036_SEG0040.wav,included,ṭamɛawent niɣ ṭwiza ira teggent xelli x ibujiren xelli x ṭyijjar,yes
REC036_SEG0041,REC036,SPK002,train,vad_v1,265.688,269.64,3.952,data/processed/segments/REC036/REC036_SEG0041.wav,included,tsexxanasend scanṭen aṭen sseswen aṭen sseḍren,yes
REC036_SEG0042,REC036,SPK002,train,vad_v1,270.712,278.568,7.856,data/processed/segments/REC036/REC036_SEG0042.wav,included,ayṭbab n dca niɣ familya jarasen ḥetta demɣarn iḥuḍriyen nni aduwren d yagazen ruxennit adxeḍmen x ixefensen,yes
REC036_SEG0043,REC036,SPK002,train,vad_v1,280.536,283.336,2.8,data/processed/segments/REC036/REC036_SEG0043.wav,included,s manaya mizi ira djan rejḍuḍ nneɣ bedden,yes
REC036_SEG0044,REC036,SPK002,train,vad_v1,283.992,286.632,2.64,data/processed/segments/REC036/REC036_SEG0044.wav,included,wa ytɛawan wa wa yessiɣa fus i wa,yes
REC036_SEG0045,REC036,SPK002,train,vad_v1,287.896,293.96,6.064,data/processed/segments/REC036/REC036_SEG0045.wav,included,ḍin ijjen wawar seglinziṭ ixsa adyinni manaya qanas billunigin niɣ lintima,yes
REC036_SEG0046,REC036,SPK002,train,vad_v1,296.856,299.4,2.544,data/processed/segments/REC036/REC036_SEG0046.wav,included,d manaya mizi nesḥissa ira ḍirifiyen,yes
REC036_SEG0047,REC036,SPK002,train,vad_v1,301.08,304.648,3.568,data/processed/segments/REC036/REC036_SEG0047.wav,included,ataf txelli iḥamucen tsemma iḥuḍeriyen,yes
REC036_SEG0048,REC036,SPK002,train,vad_v1,305.496,307.016,1.52,data/processed/segments/REC036/REC036_SEG0048.wav,included,aqen gi ijjen n ccariɛ,yes
REC036_SEG0049,REC036,SPK002,train,vad_v1,307.928,313.608,5.68,data/processed/segments/REC036/REC036_SEG0049.wav,included,maṭalan ksend aḍ kifen ad yeɛḍa cin ijjen waxxa udji bu d familiya nsen qaɛ,yes
REC036_SEG0050,REC036,SPK002,train,vad_v1,314.328,317.768,3.44,data/processed/segments/REC036/REC036_SEG0050.wav,included,wedji bu dajja nsen tsemma ḍajja wah usen diteɛni ci,yes
REC036_SEG0051,REC036,SPK002,train,vad_v1,319.288,325.192,5.904,data/processed/segments/REC036/REC036_SEG0051.wav,included,asenn iɛan ciḥaja iseqqiren aṭen inebbeh imken ad issiwer ag lwalidin nsen,yes
REC036_SEG0052,REC036,SPK002,train,vad_v1,326.84,330.152,3.312,data/processed/segments/REC036/REC036_SEG0052.wav,included,s manaya ira nesḥissa aqaneɣ tsemma am cɣer d ijjen n familya,yes
REC036_SEG0053,REC036,SPK002,train,vad_v1,333.048,337.896,4.848,data/processed/segments/REC036/REC036_SEG0053.wav,included,ijjen n tmesrayeṭ nnedden jjanaɣtid rejduḍ nneɣ ḍ aweqqa,yes
REC036_SEG0054,REC036,SPK002,train,vad_v1,339.928,344.936,5.008,data/processed/segments/REC036/REC036_SEG0054.wav,included,aweqqar udjibu ḍ isem aweqqar ḍ abriḍ z gg briḍen n tuḍaṭ,yes
REC036_SEG0055,REC036,SPK002,train,vad_v1,347.256,349.576,2.32,data/processed/segments/REC036/REC036_SEG0055.wav,included,amezgaru aweqqar n familya,yes
REC036_SEG0056,REC036,SPK002,train,vad_v1,351.192,352.84,1.648,data/processed/segments/REC036/REC036_SEG0056.wav,included,mara menɣen ṭnayen iḍsen,yes
REC036_SEG0057,REC036,SPK002,train,vad_v1,353.752,359.432,5.68,data/processed/segments/REC036/REC036_SEG0057.wav,included,ira ɛemmas asen tsedjeḍ jebbḍend niɣ tukkan ayaweya s familya nsen,yes
REC036_SEG0058,REC036,SPK002,train,vad_v1,361.304,364.744,3.44,data/processed/segments/REC036/REC036_SEG0058.wav,included,ira mara kkand akis familya nni,yes
REC036_SEG0059,REC036,SPK002,train,vad_v1,365.72,368.488,2.768,data/processed/segments/REC036/REC036_SEG0059.wav,included,nreɛdu ines ytweqqariṭen,yes
REC036_SEG0060,REC036,SPK002,train,vad_v1,369.432,370.92,1.488,data/processed/segments/REC036/REC036_SEG0060.wav,included,irara xasen ssalam,yes
REC036_SEG0061,REC036,SPK002,train,vad_v1,372.504,374.728,2.224,data/processed/segments/REC036/REC036_SEG0061.wav,included,ḍin aweqqar yiwḍan inumɣan,yes
REC036_SEG0062,REC036,SPK002,train,vad_v1,377.144,385.096,7.952,data/processed/segments/REC036/REC036_SEG0062.wav,included,gi yarif ira iwḍan inumɣan awar nsen itwaḥettaram bezzaf mara ssiwren gi rmejmaɛ rmejmaɛ ikmer iṣɣuḍa,yes
REC036_SEG0063,REC036,SPK002,train,vad_v1,386.232,392.872,6.64,data/processed/segments/REC036/REC036_SEG0063.wav,included,ira mara ɛḍand attaf inek ixessa asen tzureḍ ajedjif niɣ asen tzureḍ fus ḍwa umi qqan aweqqar,yes
REC036_SEG0064,REC036,SPK002,train,vad_v1,394.2,395.656,1.456,data/processed/segments/REC036/REC036_SEG0064.wav,included,manaya nfeqdiṭ bezzaf,yes
REC036_SEG0065,REC036,SPK002,train,vad_v1,397.208,401.416,4.208,data/processed/segments/REC036/REC036_SEG0065.wav,included,ḍin aweqqa n jmaɛeṭ aweqqa n jmaɛeṭ ḍ ijjen tmutru,yes
REC036_SEG0066,REC036,SPK002,train,vad_v1,402.936,407.592,4.656,data/processed/segments/REC036/REC036_SEG0066.wav,included,mizi qber madyaḍef uṣpanyu ira kur ṭaqbirṭ ɣas jmaɛeṭ ines,yes
REC036_SEG0067,REC036,SPK002,train,vad_v1,408.28,416.904,8.624,data/processed/segments/REC036/REC036_SEG0067.wav,included,jmaɛeṭ nni d nettat igi teḥkamen gi teqbirṭ nni ḍ nettat i gissawaren s isem n teqbirṭ nni imezḍaɣ n dcar nni niɣ nn dcuraṭ,yes
REC036_SEG0068,REC036,SPK002,train,vad_v1,418.136,426.952,8.816,data/processed/segments/REC036/REC036_SEG0068.wav,included,,no
REC036_SEG0069,REC036,SPK002,train,vad_v1,429.272,438.984,9.712,data/processed/segments/REC036/REC036_SEG0069.wav,included,,no
REC036_SEG0070,REC036,SPK002,train,vad_v1,439.864,443.464,3.6,data/processed/segments/REC036/REC036_SEG0070.wav,included,,no
REC036_SEG0071,REC036,SPK002,train,vad_v1,444.344,447.56,3.216,data/processed/segments/REC036/REC036_SEG0071.wav,included,,no
REC036_SEG0072,REC036,SPK002,train,vad_v1,448.664,455.304,6.64,data/processed/segments/REC036/REC036_SEG0072.wav,included,,no
REC036_SEG0073,REC036,SPK002,train,vad_v1,456.088,459.08,2.992,data/processed/segments/REC036/REC036_SEG0073.wav,included,,no
REC036_SEG0074,REC036,SPK002,train,vad_v1,460.728,464.744,4.016,data/processed/segments/REC036/REC036_SEG0074.wav,included,,no
REC036_SEG0075,REC036,SPK002,train,vad_v1,465.88,471.272,5.392,data/processed/segments/REC036/REC036_SEG0075.wav,included,,no
REC036_SEG0076,REC036,SPK002,train,vad_v1,474.872,478.376,3.504,data/processed/segments/REC036/REC036_SEG0076.wav,included,,no
REC036_SEG0077,REC036,SPK002,train,vad_v1,480.184,484.872,4.688,data/processed/segments/REC036/REC036_SEG0077.wav,included,,no
REC036_SEG0078,REC036,SPK002,train,vad_v1,487.832,491.848,4.016,data/processed/segments/REC036/REC036_SEG0078.wav,included,,no
REC036_SEG0079,REC036,SPK002,train,vad_v1,492.856,499.592,6.736,data/processed/segments/REC036/REC036_SEG0079.wav,included,,no
REC036_SEG0080,REC036,SPK002,train,vad_v1,501.528,513.768,12.24,data/processed/segments/REC036/REC036_SEG0080.wav,included,,no
REC036_SEG0081,REC036,SPK002,train,vad_v1,515.448,519.752,4.304,data/processed/segments/REC036/REC036_SEG0081.wav,included,,no
REC036_SEG0082,REC036,SPK002,train,vad_v1,521.272,525.96,4.688,data/processed/segments/REC036/REC036_SEG0082.wav,included,,no
REC036_SEG0083,REC036,SPK002,train,vad_v1,526.616,533.896,7.28,data/processed/segments/REC036/REC036_SEG0083.wav,included,,no
REC036_SEG0084,REC036,SPK002,train,vad_v1,535.64,540.648,5.008,data/processed/segments/REC036/REC036_SEG0084.wav,included,,no
REC036_SEG0085,REC036,SPK002,train,vad_v1,543.352,548.232,4.88,data/processed/segments/REC036/REC036_SEG0085.wav,included,,no
REC036_SEG0086,REC036,SPK002,train,vad_v1,550.04,553.864,3.824,data/processed/segments/REC036/REC036_SEG0086.wav,included,,no
REC036_SEG0087,REC036,SPK002,train,vad_v1,555.288,564.872,9.584,data/processed/segments/REC036/REC036_SEG0087.wav,included,,no
REC036_SEG0088,REC036,SPK002,train,vad_v1,566.168,569.16,2.992,data/processed/segments/REC036/REC036_SEG0088.wav,included,,no
REC036_SEG0089,REC036,SPK002,train,vad_v1,571.0,579.048,8.048,data/processed/segments/REC036/REC036_SEG0089.wav,included,,no
REC036_SEG0090,REC036,SPK002,train,vad_v1,580.248,582.856,2.608,data/processed/segments/REC036/REC036_SEG0090.wav,included,,no
REC036_SEG0091,REC036,SPK002,train,vad_v1,584.664,594.376,9.712,data/processed/segments/REC036/REC036_SEG0091.wav,included,,no
REC036_SEG0092,REC036,SPK002,train,vad_v1,596.12,599.496,3.376,data/processed/segments/REC036/REC036_SEG0092.wav,included,,no
REC036_SEG0093,REC036,SPK002,train,vad_v1,600.664,602.28,1.616,data/processed/segments/REC036/REC036_SEG0093.wav,included,,no
REC036_SEG0094,REC036,SPK002,train,vad_v1,604.216,605.608,1.392,data/processed/segments/REC036/REC036_SEG0094.wav,included,,no
REC036_SEG0095,REC036,SPK002,train,vad_v1,606.68,611.528,4.848,data/processed/segments/REC036/REC036_SEG0095.wav,included,,no
REC036_SEG0096,REC036,SPK002,train,vad_v1,613.112,614.888,1.776,data/processed/segments/REC036/REC036_SEG0096.wav,included,,no
REC036_SEG0097,REC036,SPK002,train,vad_v1,617.048,624.168,7.12,data/processed/segments/REC036/REC036_SEG0097.wav,rejected,,no
REC036_SEG0098,REC036,SPK002,train,vad_v1,625.56,628.36,2.8,data/processed/segments/REC036/REC036_SEG0098.wav,included,,no
REC036_SEG0099,REC036,SPK002,train,vad_v1,629.912,631.624,1.712,data/processed/segments/REC036/REC036_SEG0099.wav,included,,no
REC036_SEG0100,REC036,SPK002,train,vad_v1,632.632,638.088,5.456,data/processed/segments/REC036/REC036_SEG0100.wav,included,,no
REC036_SEG0101,REC036,SPK002,train,vad_v1,641.336,647.08,5.744,data/processed/segments/REC036/REC036_SEG0101.wav,included,,no
REC036_SEG0102,REC036,SPK002,train,vad_v1,649.08,653.896,4.816,data/processed/segments/REC036/REC036_SEG0102.wav,included,,no
REC036_SEG0103,REC036,SPK002,train,vad_v1,655.8,658.92,3.12,data/processed/segments/REC036/REC036_SEG0103.wav,included,,no
REC036_SEG0104,REC036,SPK002,train,vad_v1,661.368,668.936,7.568,data/processed/segments/REC036/REC036_SEG0104.wav,included,,no
REC036_SEG0105,REC036,SPK002,train,vad_v1,669.624,677.096,7.472,data/processed/segments/REC036/REC036_SEG0105.wav,included,,no
REC036_SEG0106,REC036,SPK002,train,vad_v1,679.064,682.408,3.344,data/processed/segments/REC036/REC036_SEG0106.wav,included,,no
REC036_SEG0107,REC036,SPK002,train,vad_v1,683.832,686.952,3.12,data/processed/segments/REC036/REC036_SEG0107.wav,included,,no
REC036_SEG0108,REC036,SPK002,train,vad_v1,687.96,689.096,1.136,data/processed/segments/REC036/REC036_SEG0108.wav,included,,no
REC036_SEG0109,REC036,SPK002,train,vad_v1,689.944,695.112,5.168,data/processed/segments/REC036/REC036_SEG0109.wav,included,,no
REC036_SEG0110,REC036,SPK002,train,vad_v1,696.088,699.912,3.824,data/processed/segments/REC036/REC036_SEG0110.wav,included,,no
REC036_SEG0111,REC036,SPK002,train,vad_v1,702.36,703.368,1.008,data/processed/segments/REC036/REC036_SEG0111.wav,included,,no
REC036_SEG0112,REC036,SPK002,train,vad_v1,704.6,706.568,1.968,data/processed/segments/REC036/REC036_SEG0112.wav,included,,no
REC036_SEG0113,REC036,SPK002,train,vad_v1,707.32,709.192,1.872,data/processed/segments/REC036/REC036_SEG0113.wav,included,,no
REC037_SEG0001,REC037,SPK002,train,vad_v1,2.136,6.12,3.984,data/processed/segments/REC037/REC037_SEG0001.wav,included,,no
REC037_SEG0002,REC037,SPK002,train,vad_v1,7.992,9.896,1.904,data/processed/segments/REC037/REC037_SEG0002.wav,included,ɛemmas utesseqsim ixefenkum,yes
REC037_SEG0003,REC037,SPK002,train,vad_v1,10.68,19.976,9.296,data/processed/segments/REC037/REC037_SEG0003.wav,included,mux ɣa deffɣen idellisen niɣ lektub n miden yurin sseglinziṭ niɣ s fransisṭ niɣ s ccin luɣa nnedden mux ɣa yerin s ṭrifiṭ,yes
REC037_SEG0004,REC037,SPK002,train,vad_v1,22.072,25.128,3.056,data/processed/segments/REC037/REC037_SEG0004.wav,included,txilemd akidi lkitab nlitel prins,yes
REC037_SEG0005,REC037,SPK002,train,vad_v1,25.848,31.528,5.68,data/processed/segments/REC037/REC037_SEG0005.wav,rejected,,no
REC037_SEG0006,REC037,SPK002,train,vad_v1,32.184,34.248,2.064,data/processed/segments/REC037/REC037_SEG0006.wav,included,mara nurit s ṭrifiṭ aḍaneɣ tuc,yes
REC037_SEG0007,REC037,SPK002,train,vad_v1,34.968,37.992,3.024,data/processed/segments/REC037/REC037_SEG0007.wav,included,anaḍur i giṣfan itiri s wur waha,yes
REC037_SEG0008,REC037,SPK002,train,vad_v1,41.016,45.576,4.56,data/processed/segments/REC037/REC037_SEG0008.wav,included,mara neɣra ṭira s ṭrifiṭ aḍaneɣ dyawi abbi ira lkawen ikmer issawar s iress enneɣ,yes
REC037_SEG0009,REC037,SPK002,train,vad_v1,47.768,50.376,2.608,data/processed/segments/REC037/REC037_SEG0009.wav,included,nhara anxares g useqsiya,yes
REC037_SEG0010,REC037,SPK002,train,vad_v1,52.216,54.632,2.416,data/processed/segments/REC037/REC037_SEG0010.wav,included,etband isher maca netta yuɛar,yes
REC037_SEG0011,REC037,SPK002,train,vad_v1,57.24,58.504,1.264,data/processed/segments/REC037/REC037_SEG0011.wav,included,aseqesi iqqar,yes
REC037_SEG0012,REC037,SPK002,train,vad_v1,59.16,64.712,5.552,data/processed/segments/REC037/REC037_SEG0012.wav,included,wac ixessaneɣ anestarjem llitrater niɣ ladab lɛalami ɣar ṭrifiṭ niɣ lla,yes
REC037_SEG0013,REC037,SPK002,train,vad_v1,66.712,80.328,13.616,data/processed/segments/REC037/REC037_SEG0013.wav,included,rux ṭaɣimitta aḍags netxayel marra yeḍneɣ min ɣa ṭiri beddren gi wayḍuḍ nneɣ mara qqaɛ min ydjan gi l adab lɛalami aqaṭ ɣaneɣ s ṭrifiṭ s iress nneɣ translated iɛni emterjam,yes
REC037_SEG0014,REC037,SPK002,train,vad_v1,82.296,85.768,3.472,data/processed/segments/REC037/REC037_SEG0014.wav,included,ḥuma anebda awar ixessa aneɛqeb gi zzman ad ṭkamin,yes
REC037_SEG0015,REC037,SPK002,train,vad_v1,86.712,91.016,4.304,data/processed/segments/REC037/REC037_SEG0015.wav,included,,no
REC037_SEG0016,REC037,SPK002,train,vad_v1,92.184,98.248,6.064,data/processed/segments/REC037/REC037_SEG0016.wav,included,,no
REC037_SEG0017,REC037,SPK002,train,vad_v1,98.904,101.896,2.992,data/processed/segments/REC037/REC037_SEG0017.wav,included,,no
REC037_SEG0018,REC037,SPK002,train,vad_v1,103.96,107.944,3.984,data/processed/segments/REC037/REC037_SEG0018.wav,included,,no
REC037_SEG0019,REC037,SPK002,train,vad_v1,109.048,110.76,1.712,data/processed/segments/REC037/REC037_SEG0019.wav,included,,no
REC037_SEG0020,REC037,SPK002,train,vad_v1,111.864,118.056,6.192,data/processed/segments/REC037/REC037_SEG0020.wav,included,,no
REC037_SEG0021,REC037,SPK002,train,vad_v1,119.672,128.84,9.168,data/processed/segments/REC037/REC037_SEG0021.wav,included,,no
REC037_SEG0022,REC037,SPK002,train,vad_v1,131.544,133.416,1.872,data/processed/segments/REC037/REC037_SEG0022.wav,rejected,,no
REC037_SEG0023,REC037,SPK002,train,vad_v1,134.296,139.816,5.52,data/processed/segments/REC037/REC037_SEG0023.wav,included,,no
REC037_SEG0024,REC037,SPK002,train,vad_v1,141.016,144.104,3.088,data/processed/segments/REC037/REC037_SEG0024.wav,included,,no
REC037_SEG0025,REC037,SPK002,train,vad_v1,145.464,151.112,5.648,data/processed/segments/REC037/REC037_SEG0025.wav,included,,no
REC037_SEG0026,REC037,SPK002,train,vad_v1,153.304,154.568,1.264,data/processed/segments/REC037/REC037_SEG0026.wav,included,,no
REC037_SEG0027,REC037,SPK002,train,vad_v1,155.288,157.928,2.64,data/processed/segments/REC037/REC037_SEG0027.wav,included,,no
REC037_SEG0028,REC037,SPK002,train,vad_v1,158.84,163.368,4.528,data/processed/segments/REC037/REC037_SEG0028.wav,included,,no
REC037_SEG0029,REC037,SPK002,train,vad_v1,166.168,168.904,2.736,data/processed/segments/REC037/REC037_SEG0029.wav,included,,no
REC037_SEG0030,REC037,SPK002,train,vad_v1,171.384,179.272,7.888,data/processed/segments/REC037/REC037_SEG0030.wav,included,,no
REC037_SEG0031,REC037,SPK002,train,vad_v1,180.216,182.344,2.128,data/processed/segments/REC037/REC037_SEG0031.wav,included,,no
REC037_SEG0032,REC037,SPK002,train,vad_v1,183.128,184.904,1.776,data/processed/segments/REC037/REC037_SEG0032.wav,included,,no
REC037_SEG0033,REC037,SPK002,train,vad_v1,187.992,191.56,3.568,data/processed/segments/REC037/REC037_SEG0033.wav,included,,no
REC037_SEG0034,REC037,SPK002,train,vad_v1,192.376,198.408,6.032,data/processed/segments/REC037/REC037_SEG0034.wav,included,,no
REC037_SEG0035,REC037,SPK002,train,vad_v1,199.64,208.808,9.168,data/processed/segments/REC037/REC037_SEG0035.wav,included,,no
REC037_SEG0036,REC037,SPK002,train,vad_v1,209.784,211.4,1.616,data/processed/segments/REC037/REC037_SEG0036.wav,included,,no
REC037_SEG0037,REC037,SPK002,train,vad_v1,214.072,215.816,1.744,data/processed/segments/REC037/REC037_SEG0037.wav,included,,no
REC037_SEG0038,REC037,SPK002,train,vad_v1,216.792,221.0,4.208,data/processed/segments/REC037/REC037_SEG0038.wav,included,,no
REC037_SEG0039,REC037,SPK002,train,vad_v1,221.688,226.696,5.008,data/processed/segments/REC037/REC037_SEG0039.wav,included,,no
REC037_SEG0040,REC037,SPK002,train,vad_v1,231.64,235.08,3.44,data/processed/segments/REC037/REC037_SEG0040.wav,included,,no
REC037_SEG0041,REC037,SPK002,train,vad_v1,236.952,239.336,2.384,data/processed/segments/REC037/REC037_SEG0041.wav,included,,no
REC037_SEG0042,REC037,SPK002,train,vad_v1,240.248,243.144,2.896,data/processed/segments/REC037/REC037_SEG0042.wav,included,,no
REC037_SEG0043,REC037,SPK002,train,vad_v1,244.216,245.16,0.944,data/processed/segments/REC037/REC037_SEG0043.wav,included,,no
REC037_SEG0044,REC037,SPK002,train,vad_v1,247.096,256.104,9.008,data/processed/segments/REC037/REC037_SEG0044.wav,included,,no
REC037_SEG0045,REC037,SPK002,train,vad_v1,259.16,260.072,0.912,data/processed/segments/REC037/REC037_SEG0045.wav,included,,no
REC037_SEG0046,REC037,SPK002,train,vad_v1,261.304,265.032,3.728,data/processed/segments/REC037/REC037_SEG0046.wav,included,,no
REC037_SEG0047,REC037,SPK002,train,vad_v1,267.768,276.2,8.432,data/processed/segments/REC037/REC037_SEG0047.wav,included,,no
REC037_SEG0048,REC037,SPK002,train,vad_v1,277.4,280.552,3.152,data/processed/segments/REC037/REC037_SEG0048.wav,included,,no
REC037_SEG0049,REC037,SPK002,train,vad_v1,284.664,285.672,1.008,data/processed/segments/REC037/REC037_SEG0049.wav,included,,no
REC037_SEG0050,REC037,SPK002,train,vad_v1,286.744,294.952,8.208,data/processed/segments/REC037/REC037_SEG0050.wav,included,,no
REC037_SEG0051,REC037,SPK002,train,vad_v1,295.992,302.792,6.8,data/processed/segments/REC037/REC037_SEG0051.wav,included,,no
REC037_SEG0052,REC037,SPK002,train,vad_v1,304.376,309.32,4.944,data/processed/segments/REC037/REC037_SEG0052.wav,included,,no
REC037_SEG0053,REC037,SPK002,train,vad_v1,311.544,321.416,9.872,data/processed/segments/REC037/REC037_SEG0053.wav,included,,no
REC037_SEG0054,REC037,SPK002,train,vad_v1,323.608,326.664,3.056,data/processed/segments/REC037/REC037_SEG0054.wav,included,,no
REC037_SEG0055,REC037,SPK002,train,vad_v1,328.024,331.976,3.952,data/processed/segments/REC037/REC037_SEG0055.wav,included,,no
REC037_SEG0056,REC037,SPK002,train,vad_v1,336.248,341.512,5.264,data/processed/segments/REC037/REC037_SEG0056.wav,included,,no
REC037_SEG0057,REC037,SPK002,train,vad_v1,348.44,352.264,3.824,data/processed/segments/REC037/REC037_SEG0057.wav,included,,no
REC037_SEG0058,REC037,SPK002,train,vad_v1,355.544,359.944,4.4,data/processed/segments/REC037/REC037_SEG0058.wav,included,,no
REC037_SEG0059,REC037,SPK002,train,vad_v1,361.656,364.552,2.896,data/processed/segments/REC037/REC037_SEG0059.wav,included,,no
REC037_SEG0060,REC037,SPK002,train,vad_v1,365.944,370.92,4.976,data/processed/segments/REC037/REC037_SEG0060.wav,included,,no
REC037_SEG0061,REC037,SPK002,train,vad_v1,371.608,372.808,1.2,data/processed/segments/REC037/REC037_SEG0061.wav,included,,no
REC037_SEG0062,REC037,SPK002,train,vad_v1,374.712,378.408,3.696,data/processed/segments/REC037/REC037_SEG0062.wav,included,,no
REC037_SEG0063,REC037,SPK002,train,vad_v1,379.608,383.976,4.368,data/processed/segments/REC037/REC037_SEG0063.wav,included,,no
REC037_SEG0064,REC037,SPK002,train,vad_v1,384.984,387.912,2.928,data/processed/segments/REC037/REC037_SEG0064.wav,included,,no
REC037_SEG0065,REC037,SPK002,train,vad_v1,389.912,396.904,6.992,data/processed/segments/REC037/REC037_SEG0065.wav,included,,no
REC037_SEG0066,REC037,SPK002,train,vad_v1,398.232,399.496,1.264,data/processed/segments/REC037/REC037_SEG0066.wav,included,,no
REC037_SEG0067,REC037,SPK002,train,vad_v1,401.4,403.08,1.68,data/processed/segments/REC037/REC037_SEG0067.wav,included,,no
REC037_SEG0068,REC037,SPK002,train,vad_v1,407.736,410.024,2.288,data/processed/segments/REC037/REC037_SEG0068.wav,included,,no
REC037_SEG0069,REC037,SPK002,train,vad_v1,410.904,413.864,2.96,data/processed/segments/REC037/REC037_SEG0069.wav,included,,no
REC037_SEG0070,REC037,SPK002,train,vad_v1,415.928,417.896,1.968,data/processed/segments/REC037/REC037_SEG0070.wav,included,,no
REC037_SEG0071,REC037,SPK002,train,vad_v1,420.024,422.984,2.96,data/processed/segments/REC037/REC037_SEG0071.wav,included,,no
REC037_SEG0072,REC037,SPK002,train,vad_v1,425.176,426.344,1.168,data/processed/segments/REC037/REC037_SEG0072.wav,included,,no
REC037_SEG0073,REC037,SPK002,train,vad_v1,428.952,430.088,1.136,data/processed/segments/REC037/REC037_SEG0073.wav,included,,no
REC037_SEG0074,REC037,SPK002,train,vad_v1,431.128,438.952,7.824,data/processed/segments/REC037/REC037_SEG0074.wav,included,,no
REC037_SEG0075,REC037,SPK002,train,vad_v1,439.768,445.928,6.16,data/processed/segments/REC037/REC037_SEG0075.wav,included,,no
REC037_SEG0076,REC037,SPK002,train,vad_v1,447.192,448.104,0.912,data/processed/segments/REC037/REC037_SEG0076.wav,included,,no
REC037_SEG0077,REC037,SPK002,train,vad_v1,454.744,456.2,1.456,data/processed/segments/REC037/REC037_SEG0077.wav,included,,no
REC037_SEG0078,REC037,SPK002,train,vad_v1,458.2,463.624,5.424,data/processed/segments/REC037/REC037_SEG0078.wav,included,,no
REC037_SEG0079,REC037,SPK002,train,vad_v1,466.328,469.128,2.8,data/processed/segments/REC037/REC037_SEG0079.wav,included,,no
REC037_SEG0080,REC037,SPK002,train,vad_v1,471.544,475.688,4.144,data/processed/segments/REC037/REC037_SEG0080.wav,included,,no
REC037_SEG0081,REC037,SPK002,train,vad_v1,477.528,479.752,2.224,data/processed/segments/REC037/REC037_SEG0081.wav,included,,no
REC037_SEG0082,REC037,SPK002,train,vad_v1,480.536,485.704,5.168,data/processed/segments/REC037/REC037_SEG0082.wav,included,,no
REC037_SEG0083,REC037,SPK002,train,vad_v1,486.392,487.851,1.459,data/processed/segments/REC037/REC037_SEG0083.wav,included,,no
REC038_SEG0001,REC038,SPK002,train,vad_v1,1.176,4.616,3.44,data/processed/segments/REC038/REC038_SEG0001.wav,included,,no
REC038_SEG0002,REC038,SPK002,train,vad_v1,5.752,7.432,1.68,data/processed/segments/REC038/REC038_SEG0002.wav,included,,no
REC038_SEG0003,REC038,SPK002,train,vad_v1,8.088,13.672,5.584,data/processed/segments/REC038/REC038_SEG0003.wav,included,,no
REC038_SEG0004,REC038,SPK002,train,vad_v1,14.264,28.584,14.32,data/processed/segments/REC038/REC038_SEG0004.wav,included,,no
REC038_SEG0005,REC038,SPK002,train,vad_v1,28.856,29.896,1.04,data/processed/segments/REC038/REC038_SEG0005.wav,included,,no
REC038_SEG0006,REC038,SPK002,train,vad_v1,30.552,41.16,10.608,data/processed/segments/REC038/REC038_SEG0006.wav,included,,no
REC038_SEG0007,REC038,SPK002,train,vad_v1,41.944,46.056,4.112,data/processed/segments/REC038/REC038_SEG0007.wav,included,,no
REC038_SEG0008,REC038,SPK002,train,vad_v1,48.12,58.696,10.576,data/processed/segments/REC038/REC038_SEG0008.wav,included,,no
REC038_SEG0009,REC038,SPK002,train,vad_v1,60.024,66.632,6.608,data/processed/segments/REC038/REC038_SEG0009.wav,included,,no
REC038_SEG0010,REC038,SPK002,train,vad_v1,67.928,72.872,4.944,data/processed/segments/REC038/REC038_SEG0010.wav,included,,no
REC038_SEG0011,REC038,SPK002,train,vad_v1,74.712,76.584,1.872,data/processed/segments/REC038/REC038_SEG0011.wav,included,,no
REC038_SEG0012,REC038,SPK002,train,vad_v1,78.68,90.696,12.016,data/processed/segments/REC038/REC038_SEG0012.wav,included,,no
REC038_SEG0013,REC038,SPK002,train,vad_v1,91.32,95.304,3.984,data/processed/segments/REC038/REC038_SEG0013.wav,included,,no
REC038_SEG0014,REC038,SPK002,train,vad_v1,96.6,100.584,3.984,data/processed/segments/REC038/REC038_SEG0014.wav,included,,no
REC038_SEG0015,REC038,SPK002,train,vad_v1,103.16,106.28,3.12,data/processed/segments/REC038/REC038_SEG0015.wav,included,,no
REC038_SEG0016,REC038,SPK002,train,vad_v1,107.256,116.68,9.424,data/processed/segments/REC038/REC038_SEG0016.wav,included,,no
REC038_SEG0017,REC038,SPK002,train,vad_v1,117.048,126.28,9.232,data/processed/segments/REC038/REC038_SEG0017.wav,included,,no
REC038_SEG0018,REC038,SPK002,train,vad_v1,127.544,132.52,4.976,data/processed/segments/REC038/REC038_SEG0018.wav,included,,no
REC038_SEG0019,REC038,SPK002,train,vad_v1,135.032,136.52,1.488,data/processed/segments/REC038/REC038_SEG0019.wav,included,,no
REC038_SEG0020,REC038,SPK002,train,vad_v1,138.52,141.608,3.088,data/processed/segments/REC038/REC038_SEG0020.wav,included,,no
REC038_SEG0021,REC038,SPK002,train,vad_v1,142.328,145.064,2.736,data/processed/segments/REC038/REC038_SEG0021.wav,included,,no
REC038_SEG0022,REC038,SPK002,train,vad_v1,149.272,153.032,3.76,data/processed/segments/REC038/REC038_SEG0022.wav,included,,no
REC038_SEG0023,REC038,SPK002,train,vad_v1,155.0,159.016,4.016,data/processed/segments/REC038/REC038_SEG0023.wav,included,,no
REC038_SEG0024,REC038,SPK002,train,vad_v1,160.248,163.592,3.344,data/processed/segments/REC038/REC038_SEG0024.wav,included,,no
REC038_SEG0025,REC038,SPK002,train,vad_v1,164.92,167.752,2.832,data/processed/segments/REC038/REC038_SEG0025.wav,included,,no
REC038_SEG0026,REC038,SPK002,train,vad_v1,169.432,172.2,2.768,data/processed/segments/REC038/REC038_SEG0026.wav,included,,no
REC038_SEG0027,REC038,SPK002,train,vad_v1,173.08,178.024,4.944,data/processed/segments/REC038/REC038_SEG0027.wav,included,,no
REC038_SEG0028,REC038,SPK002,train,vad_v1,179.224,189.512,10.288,data/processed/segments/REC038/REC038_SEG0028.wav,included,,no
REC038_SEG0029,REC038,SPK002,train,vad_v1,190.456,194.152,3.696,data/processed/segments/REC038/REC038_SEG0029.wav,included,,no
REC038_SEG0030,REC038,SPK002,train,vad_v1,196.44,200.904,4.464,data/processed/segments/REC038/REC038_SEG0030.wav,included,,no
REC038_SEG0031,REC038,SPK002,train,vad_v1,202.872,209.256,6.384,data/processed/segments/REC038/REC038_SEG0031.wav,included,,no
REC038_SEG0032,REC038,SPK002,train,vad_v1,210.232,211.752,1.52,data/processed/segments/REC038/REC038_SEG0032.wav,included,,no
REC038_SEG0033,REC038,SPK002,train,vad_v1,212.568,214.024,1.456,data/processed/segments/REC038/REC038_SEG0033.wav,included,,no
REC038_SEG0034,REC038,SPK002,train,vad_v1,216.504,217.64,1.136,data/processed/segments/REC038/REC038_SEG0034.wav,included,,no
REC038_SEG0035,REC038,SPK002,train,vad_v1,218.392,221.576,3.184,data/processed/segments/REC038/REC038_SEG0035.wav,included,,no
REC038_SEG0036,REC038,SPK002,train,vad_v1,222.68,228.456,5.776,data/processed/segments/REC038/REC038_SEG0036.wav,included,,no
REC038_SEG0037,REC038,SPK002,train,vad_v1,230.84,236.392,5.552,data/processed/segments/REC038/REC038_SEG0037.wav,included,,no
REC038_SEG0038,REC038,SPK002,train,vad_v1,237.976,240.04,2.064,data/processed/segments/REC038/REC038_SEG0038.wav,included,,no
REC038_SEG0039,REC038,SPK002,train,vad_v1,241.08,242.312,1.232,data/processed/segments/REC038/REC038_SEG0039.wav,included,,no
REC038_SEG0040,REC038,SPK002,train,vad_v1,243.032,247.848,4.816,data/processed/segments/REC038/REC038_SEG0040.wav,included,,no
REC038_SEG0041,REC038,SPK002,train,vad_v1,249.24,252.264,3.024,data/processed/segments/REC038/REC038_SEG0041.wav,included,,no
REC038_SEG0042,REC038,SPK002,train,vad_v1,254.264,256.168,1.904,data/processed/segments/REC038/REC038_SEG0042.wav,included,,no
REC038_SEG0043,REC038,SPK002,train,vad_v1,257.176,261.64,4.464,data/processed/segments/REC038/REC038_SEG0043.wav,included,,no
REC038_SEG0044,REC038,SPK002,train,vad_v1,262.68,267.336,4.656,data/processed/segments/REC038/REC038_SEG0044.wav,included,,no
REC038_SEG0045,REC038,SPK002,train,vad_v1,268.312,271.72,3.408,data/processed/segments/REC038/REC038_SEG0045.wav,included,,no
REC038_SEG0046,REC038,SPK002,train,vad_v1,273.048,274.728,1.68,data/processed/segments/REC038/REC038_SEG0046.wav,included,,no
REC038_SEG0047,REC038,SPK002,train,vad_v1,277.272,279.88,2.608,data/processed/segments/REC038/REC038_SEG0047.wav,included,,no
REC038_SEG0048,REC038,SPK002,train,vad_v1,280.952,284.456,3.504,data/processed/segments/REC038/REC038_SEG0048.wav,included,,no
REC038_SEG0049,REC038,SPK002,train,vad_v1,287.736,289.928,2.192,data/processed/segments/REC038/REC038_SEG0049.wav,included,,no
REC038_SEG0050,REC038,SPK002,train,vad_v1,291.0,293.832,2.832,data/processed/segments/REC038/REC038_SEG0050.wav,included,,no
REC038_SEG0051,REC038,SPK002,train,vad_v1,297.88,301.512,3.632,data/processed/segments/REC038/REC038_SEG0051.wav,included,,no
REC038_SEG0052,REC038,SPK002,train,vad_v1,302.392,304.552,2.16,data/processed/segments/REC038/REC038_SEG0052.wav,included,,no
REC038_SEG0053,REC038,SPK002,train,vad_v1,306.36,307.88,1.52,data/processed/segments/REC038/REC038_SEG0053.wav,included,,no
REC038_SEG0054,REC038,SPK002,train,vad_v1,309.112,313.512,4.4,data/processed/segments/REC038/REC038_SEG0054.wav,included,,no
REC038_SEG0055,REC038,SPK002,train,vad_v1,314.456,318.632,4.176,data/processed/segments/REC038/REC038_SEG0055.wav,included,,no
REC038_SEG0056,REC038,SPK002,train,vad_v1,323.704,331.848,8.144,data/processed/segments/REC038/REC038_SEG0056.wav,included,,no
REC038_SEG0057,REC038,SPK002,train,vad_v1,332.6,336.104,3.504,data/processed/segments/REC038/REC038_SEG0057.wav,included,,no
REC038_SEG0058,REC038,SPK002,train,vad_v1,337.688,339.24,1.552,data/processed/segments/REC038/REC038_SEG0058.wav,included,,no
REC038_SEG0059,REC038,SPK002,train,vad_v1,341.592,346.536,4.944,data/processed/segments/REC038/REC038_SEG0059.wav,included,,no
REC038_SEG0060,REC038,SPK002,train,vad_v1,347.896,349.448,1.552,data/processed/segments/REC038/REC038_SEG0060.wav,included,,no
REC038_SEG0061,REC038,SPK002,train,vad_v1,350.84,359.976,9.136,data/processed/segments/REC038/REC038_SEG0061.wav,included,,no
REC038_SEG0062,REC038,SPK002,train,vad_v1,361.048,370.408,9.36,data/processed/segments/REC038/REC038_SEG0062.wav,included,,no
REC038_SEG0063,REC038,SPK002,train,vad_v1,371.736,375.72,3.984,data/processed/segments/REC038/REC038_SEG0063.wav,included,,no
REC038_SEG0064,REC038,SPK002,train,vad_v1,377.24,379.944,2.704,data/processed/segments/REC038/REC038_SEG0064.wav,included,,no
REC038_SEG0065,REC038,SPK002,train,vad_v1,381.624,384.712,3.088,data/processed/segments/REC038/REC038_SEG0065.wav,included,,no
REC038_SEG0066,REC038,SPK002,train,vad_v1,385.368,387.88,2.512,data/processed/segments/REC038/REC038_SEG0066.wav,included,,no
REC038_SEG0067,REC038,SPK002,train,vad_v1,388.952,392.072,3.12,data/processed/segments/REC038/REC038_SEG0067.wav,included,,no
REC038_SEG0068,REC038,SPK002,train,vad_v1,393.368,397.64,4.272,data/processed/segments/REC038/REC038_SEG0068.wav,included,,no
REC038_SEG0069,REC038,SPK002,train,vad_v1,399.928,405.64,5.712,data/processed/segments/REC038/REC038_SEG0069.wav,included,,no
REC038_SEG0070,REC038,SPK002,train,vad_v1,406.488,411.016,4.528,data/processed/segments/REC038/REC038_SEG0070.wav,included,,no
REC038_SEG0071,REC038,SPK002,train,vad_v1,412.824,414.632,1.808,data/processed/segments/REC038/REC038_SEG0071.wav,included,,no
REC038_SEG0072,REC038,SPK002,train,vad_v1,415.8,418.312,2.512,data/processed/segments/REC038/REC038_SEG0072.wav,included,,no
REC038_SEG0073,REC038,SPK002,train,vad_v1,419.64,422.376,2.736,data/processed/segments/REC038/REC038_SEG0073.wav,included,,no
REC038_SEG0074,REC038,SPK002,train,vad_v1,423.832,429.736,5.904,data/processed/segments/REC038/REC038_SEG0074.wav,included,,no
REC038_SEG0075,REC038,SPK002,train,vad_v1,431.992,437.0,5.008,data/processed/segments/REC038/REC038_SEG0075.wav,included,,no
REC038_SEG0076,REC038,SPK002,train,vad_v1,438.008,439.048,1.04,data/processed/segments/REC038/REC038_SEG0076.wav,included,,no
REC038_SEG0077,REC038,SPK002,train,vad_v1,440.44,443.656,3.216,data/processed/segments/REC038/REC038_SEG0077.wav,included,,no
REC038_SEG0078,REC038,SPK002,train,vad_v1,445.24,446.92,1.68,data/processed/segments/REC038/REC038_SEG0078.wav,included,,no
REC038_SEG0079,REC038,SPK002,train,vad_v1,449.08,452.008,2.928,data/processed/segments/REC038/REC038_SEG0079.wav,included,,no
REC038_SEG0080,REC038,SPK002,train,vad_v1,453.496,463.496,10.0,data/processed/segments/REC038/REC038_SEG0080.wav,included,,no
REC038_SEG0081,REC038,SPK002,train,vad_v1,464.632,473.16,8.528,data/processed/segments/REC038/REC038_SEG0081.wav,included,,no
REC038_SEG0082,REC038,SPK002,train,vad_v1,474.488,477.864,3.376,data/processed/segments/REC038/REC038_SEG0082.wav,included,,no
REC038_SEG0083,REC038,SPK002,train,vad_v1,479.032,487.4,8.368,data/processed/segments/REC038/REC038_SEG0083.wav,included,,no
REC038_SEG0084,REC038,SPK002,train,vad_v1,488.344,498.568,10.224,data/processed/segments/REC038/REC038_SEG0084.wav,included,,no
REC038_SEG0085,REC038,SPK002,train,vad_v1,499.032,503.336,4.304,data/processed/segments/REC038/REC038_SEG0085.wav,included,,no
REC038_SEG0086,REC038,SPK002,train,vad_v1,504.184,506.888,2.704,data/processed/segments/REC038/REC038_SEG0086.wav,included,,no
REC038_SEG0087,REC038,SPK002,train,vad_v1,507.704,510.376,2.672,data/processed/segments/REC038/REC038_SEG0087.wav,included,,no
REC038_SEG0088,REC038,SPK002,train,vad_v1,510.616,524.488,13.872,data/processed/segments/REC038/REC038_SEG0088.wav,included,,no
REC038_SEG0089,REC038,SPK002,train,vad_v1,525.144,530.728,5.584,data/processed/segments/REC038/REC038_SEG0089.wav,included,,no
REC038_SEG0090,REC038,SPK002,train,vad_v1,531.0,542.408,11.408,data/processed/segments/REC038/REC038_SEG0090.wav,included,,no
REC038_SEG0091,REC038,SPK002,train,vad_v1,542.968,555.272,12.304,data/processed/segments/REC038/REC038_SEG0091.wav,included,,no
REC038_SEG0092,REC038,SPK002,train,vad_v1,555.672,566.024,10.352,data/processed/segments/REC038/REC038_SEG0092.wav,included,,no
REC038_SEG0093,REC038,SPK002,train,vad_v1,567.064,574.408,7.344,data/processed/segments/REC038/REC038_SEG0093.wav,included,,no
REC038_SEG0094,REC038,SPK002,train,vad_v1,575.64,579.272,3.632,data/processed/segments/REC038/REC038_SEG0094.wav,included,,no
REC038_SEG0095,REC038,SPK002,train,vad_v1,580.12,582.248,2.128,data/processed/segments/REC038/REC038_SEG0095.wav,included,,no
REC038_SEG0096,REC038,SPK002,train,vad_v1,583.544,586.6,3.056,data/processed/segments/REC038/REC038_SEG0096.wav,included,,no
REC038_SEG0097,REC038,SPK002,train,vad_v1,587.576,599.24,11.664,data/processed/segments/REC038/REC038_SEG0097.wav,included,,no
REC038_SEG0098,REC038,SPK002,train,vad_v1,600.056,602.696,2.64,data/processed/segments/REC038/REC038_SEG0098.wav,included,,no
REC038_SEG0099,REC038,SPK002,train,vad_v1,603.352,611.368,8.016,data/processed/segments/REC038/REC038_SEG0099.wav,included,,no
REC038_SEG0100,REC038,SPK002,train,vad_v1,612.088,621.032,8.944,data/processed/segments/REC038/REC038_SEG0100.wav,included,,no
REC038_SEG0101,REC038,SPK002,train,vad_v1,622.008,634.152,12.144,data/processed/segments/REC038/REC038_SEG0101.wav,included,,no
REC038_SEG0102,REC038,SPK002,train,vad_v1,634.904,646.664,11.76,data/processed/segments/REC038/REC038_SEG0102.wav,included,,no
REC038_SEG0103,REC038,SPK002,train,vad_v1,647.576,659.976,12.4,data/processed/segments/REC038/REC038_SEG0103.wav,included,,no
REC038_SEG0104,REC038,SPK002,train,vad_v1,660.76,664.808,4.048,data/processed/segments/REC038/REC038_SEG0104.wav,included,,no
REC038_SEG0105,REC038,SPK002,train,vad_v1,665.72,670.632,4.912,data/processed/segments/REC038/REC038_SEG0105.wav,included,,no
REC038_SEG0106,REC038,SPK002,train,vad_v1,672.28,684.648,12.368,data/processed/segments/REC038/REC038_SEG0106.wav,included,,no
REC038_SEG0107,REC038,SPK002,train,vad_v1,685.528,693.256,7.728,data/processed/segments/REC038/REC038_SEG0107.wav,included,,no
REC038_SEG0108,REC038,SPK002,train,vad_v1,694.168,696.04,1.872,data/processed/segments/REC038/REC038_SEG0108.wav,included,,no
REC038_SEG0109,REC038,SPK002,train,vad_v1,696.984,708.168,11.184,data/processed/segments/REC038/REC038_SEG0109.wav,included,,no
REC038_SEG0110,REC038,SPK002,train,vad_v1,708.44,715.016,6.576,data/processed/segments/REC038/REC038_SEG0110.wav,included,,no
REC038_SEG0111,REC038,SPK002,train,vad_v1,715.672,716.968,1.296,data/processed/segments/REC038/REC038_SEG0111.wav,included,,no
REC038_SEG0112,REC038,SPK002,train,vad_v1,717.624,727.624,10.0,data/processed/segments/REC038/REC038_SEG0112.wav,included,,no
REC038_SEG0113,REC038,SPK002,train,vad_v1,728.248,736.52,8.272,data/processed/segments/REC038/REC038_SEG0113.wav,included,,no
REC038_SEG0114,REC038,SPK002,train,vad_v1,737.944,742.408,4.464,data/processed/segments/REC038/REC038_SEG0114.wav,included,,no
REC038_SEG0115,REC038,SPK002,train,vad_v1,743.064,744.808,1.744,data/processed/segments/REC038/REC038_SEG0115.wav,included,,no
REC038_SEG0116,REC038,SPK002,train,vad_v1,746.328,749.32,2.992,data/processed/segments/REC038/REC038_SEG0116.wav,included,,no
REC038_SEG0117,REC038,SPK002,train,vad_v1,749.976,760.552,10.576,data/processed/segments/REC038/REC038_SEG0117.wav,included,,no
REC038_SEG0118,REC038,SPK002,train,vad_v1,761.112,768.328,7.216,data/processed/segments/REC038/REC038_SEG0118.wav,included,,no
REC038_SEG0119,REC038,SPK002,train,vad_v1,768.984,771.336,2.352,data/processed/segments/REC038/REC038_SEG0119.wav,included,,no
REC038_SEG0120,REC038,SPK002,train,vad_v1,772.92,781.768,8.848,data/processed/segments/REC038/REC038_SEG0120.wav,included,,no
REC038_SEG0121,REC038,SPK002,train,vad_v1,782.904,787.944,5.04,data/processed/segments/REC038/REC038_SEG0121.wav,included,,no
REC038_SEG0122,REC038,SPK002,train,vad_v1,788.728,791.72,2.992,data/processed/segments/REC038/REC038_SEG0122.wav,included,,no
REC038_SEG0123,REC038,SPK002,train,vad_v1,792.6,795.208,2.608,data/processed/segments/REC038/REC038_SEG0123.wav,included,,no
REC038_SEG0124,REC038,SPK002,train,vad_v1,796.088,797.576,1.488,data/processed/segments/REC038/REC038_SEG0124.wav,included,,no
REC038_SEG0125,REC038,SPK002,train,vad_v1,798.264,800.296,2.032,data/processed/segments/REC038/REC038_SEG0125.wav,included,,no
REC038_SEG0126,REC038,SPK002,train,vad_v1,801.336,803.4,2.064,data/processed/segments/REC038/REC038_SEG0126.wav,included,,no
REC038_SEG0127,REC038,SPK002,train,vad_v1,804.856,806.76,1.904,data/processed/segments/REC038/REC038_SEG0127.wav,included,,no
REC038_SEG0128,REC038,SPK002,train,vad_v1,807.48,819.368,11.888,data/processed/segments/REC038/REC038_SEG0128.wav,included,,no
REC038_SEG0129,REC038,SPK002,train,vad_v1,822.36,834.184,11.824,data/processed/segments/REC038/REC038_SEG0129.wav,included,,no
REC038_SEG0130,REC038,SPK002,train,vad_v1,835.064,837.864,2.8,data/processed/segments/REC038/REC038_SEG0130.wav,included,,no
REC038_SEG0131,REC038,SPK002,train,vad_v1,838.648,851.528,12.88,data/processed/segments/REC038/REC038_SEG0131.wav,included,,no
REC038_SEG0132,REC038,SPK002,train,vad_v1,852.248,857.288,5.04,data/processed/segments/REC038/REC038_SEG0132.wav,included,,no
REC038_SEG0133,REC038,SPK002,train,vad_v1,857.912,868.328,10.416,data/processed/segments/REC038/REC038_SEG0133.wav,included,,no
REC038_SEG0134,REC038,SPK002,train,vad_v1,868.856,872.968,4.112,data/processed/segments/REC038/REC038_SEG0134.wav,included,,no
REC038_SEG0135,REC038,SPK002,train,vad_v1,873.656,882.568,8.912,data/processed/segments/REC038/REC038_SEG0135.wav,included,,no
REC038_SEG0136,REC038,SPK002,train,vad_v1,883.064,888.648,5.584,data/processed/segments/REC038/REC038_SEG0136.wav,included,,no
REC038_SEG0137,REC038,SPK002,train,vad_v1,889.432,893.448,4.016,data/processed/segments/REC038/REC038_SEG0137.wav,included,,no
REC038_SEG0138,REC038,SPK002,train,vad_v1,894.488,898.792,4.304,data/processed/segments/REC038/REC038_SEG0138.wav,included,,no
REC038_SEG0139,REC038,SPK002,train,vad_v1,899.608,900.776,1.168,data/processed/segments/REC038/REC038_SEG0139.wav,included,,no
REC038_SEG0140,REC038,SPK002,train,vad_v1,901.464,902.92,1.456,data/processed/segments/REC038/REC038_SEG0140.wav,included,,no
REC038_SEG0141,REC038,SPK002,train,vad_v1,903.48,918.024,14.544,data/processed/segments/REC038/REC038_SEG0141.wav,included,,no
REC038_SEG0142,REC038,SPK002,train,vad_v1,918.072,922.504,4.432,data/processed/segments/REC038/REC038_SEG0142.wav,included,,no
REC051_SEG0001,REC051,SPK003,test,vad_v1,0.0,5.888,5.888,data/processed/segments/REC051/REC051_SEG0001.wav,included,,no
REC051_SEG0002,REC051,SPK003,test,vad_v1,5.888,17.544,11.656,data/processed/segments/REC051/REC051_SEG0002.wav,included,,no
REC051_SEG0003,REC051,SPK003,test,vad_v1,17.848,21.416,3.568,data/processed/segments/REC051/REC051_SEG0003.wav,included,,no
REC051_SEG0004,REC051,SPK003,test,vad_v1,21.592,34.16,12.568,data/processed/segments/REC051/REC051_SEG0004.wav,included,,no
REC051_SEG0005,REC051,SPK003,test,vad_v1,34.16,48.096,13.936,data/processed/segments/REC051/REC051_SEG0005.wav,included,,no
REC051_SEG0006,REC051,SPK003,test,vad_v1,48.096,55.624,7.528,data/processed/segments/REC051/REC051_SEG0006.wav,included,,no
REC051_SEG0007,REC051,SPK003,test,vad_v1,55.8,69.576,13.776,data/processed/segments/REC051/REC051_SEG0007.wav,included,,no
REC051_SEG0008,REC051,SPK003,test,vad_v1,69.912,83.624,13.712,data/processed/segments/REC051/REC051_SEG0008.wav,included,,no
REC051_SEG0009,REC051,SPK003,test,vad_v1,83.672,90.816,7.144,data/processed/segments/REC051/REC051_SEG0009.wav,included,,no
REC051_SEG0010,REC051,SPK003,test,vad_v1,90.816,99.968,9.152,data/processed/segments/REC051/REC051_SEG0010.wav,included,,no
REC051_SEG0011,REC051,SPK003,test,vad_v1,99.968,110.28,10.312,data/processed/segments/REC051/REC051_SEG0011.wav,included,,no
REC051_SEG0012,REC051,SPK003,test,vad_v1,110.328,121.896,11.568,data/processed/segments/REC051/REC051_SEG0012.wav,included,,no
REC051_SEG0013,REC051,SPK003,test,vad_v1,122.488,130.16,7.672,data/processed/segments/REC051/REC051_SEG0013.wav,included,,no
REC051_SEG0014,REC051,SPK003,test,vad_v1,130.16,144.848,14.688,data/processed/segments/REC051/REC051_SEG0014.wav,included,,no
REC051_SEG0015,REC051,SPK003,test,vad_v1,144.848,147.496,2.648,data/processed/segments/REC051/REC051_SEG0015.wav,included,,no
REC051_SEG0016,REC051,SPK003,test,vad_v1,147.672,162.24,14.568,data/processed/segments/REC051/REC051_SEG0016.wav,included,,no
REC051_SEG0017,REC051,SPK003,test,vad_v1,162.24,174.824,12.584,data/processed/segments/REC051/REC051_SEG0017.wav,included,,no
REC051_SEG0018,REC051,SPK003,test,vad_v1,174.904,181.12,6.216,data/processed/segments/REC051/REC051_SEG0018.wav,included,,no
REC051_SEG0019,REC051,SPK003,test,vad_v1,181.12,195.92,14.8,data/processed/segments/REC051/REC051_SEG0019.wav,included,,no
REC051_SEG0020,REC051,SPK003,test,vad_v1,195.92,203.272,7.352,data/processed/segments/REC051/REC051_SEG0020.wav,included,,no
REC051_SEG0021,REC051,SPK003,test,vad_v1,203.704,216.68,12.976,data/processed/segments/REC051/REC051_SEG0021.wav,included,,no
REC051_SEG0022,REC051,SPK003,test,vad_v1,216.696,221.448,4.752,data/processed/segments/REC051/REC051_SEG0022.wav,included,,no
REC051_SEG0023,REC051,SPK003,test,vad_v1,222.008,236.656,14.648,data/processed/segments/REC051/REC051_SEG0023.wav,included,,no
REC051_SEG0024,REC051,SPK003,test,vad_v1,236.656,244.304,7.648,data/processed/segments/REC051/REC051_SEG0024.wav,included,,no
REC051_SEG0025,REC051,SPK003,test,vad_v1,244.304,256.496,12.192,data/processed/segments/REC051/REC051_SEG0025.wav,included,,no
REC051_SEG0026,REC051,SPK003,test,vad_v1,256.496,259.184,2.688,data/processed/segments/REC051/REC051_SEG0026.wav,included,,no
REC051_SEG0027,REC051,SPK003,test,vad_v1,259.184,273.008,13.824,data/processed/segments/REC051/REC051_SEG0027.wav,included,,no
REC051_SEG0028,REC051,SPK003,test,vad_v1,273.008,277.2,4.192,data/processed/segments/REC051/REC051_SEG0028.wav,included,,no
REC051_SEG0029,REC051,SPK003,test,vad_v1,277.2,288.232,11.032,data/processed/segments/REC051/REC051_SEG0029.wav,included,,no
REC051_SEG0030,REC051,SPK003,test,vad_v1,288.28,301.832,13.552,data/processed/segments/REC051/REC051_SEG0030.wav,included,,no
REC051_SEG0031,REC051,SPK003,test,vad_v1,301.88,310.632,8.752,data/processed/segments/REC051/REC051_SEG0031.wav,rejected,,no
REC051_SEG0032,REC051,SPK003,test,vad_v1,312.888,318.672,5.784,data/processed/segments/REC051/REC051_SEG0032.wav,included,,no
REC051_SEG0033,REC051,SPK003,test,vad_v1,318.672,328.04,9.368,data/processed/segments/REC051/REC051_SEG0033.wav,included,,no
REC051_SEG0034,REC051,SPK003,test,vad_v1,328.248,338.76,10.512,data/processed/segments/REC051/REC051_SEG0034.wav,included,,no
REC051_SEG0035,REC051,SPK003,test,vad_v1,338.904,347.4,8.496,data/processed/segments/REC051/REC051_SEG0035.wav,included,,no
REC051_SEG0036,REC051,SPK003,test,vad_v1,347.704,362.592,14.888,data/processed/segments/REC051/REC051_SEG0036.wav,included,,no
REC051_SEG0037,REC051,SPK003,test,vad_v1,362.592,366.408,3.816,data/processed/segments/REC051/REC051_SEG0037.wav,included,,no
REC051_SEG0038,REC051,SPK003,test,vad_v1,366.552,378.288,11.736,data/processed/segments/REC051/REC051_SEG0038.wav,included,,no
REC051_SEG0039,REC051,SPK003,test,vad_v1,378.288,384.768,6.48,data/processed/segments/REC051/REC051_SEG0039.wav,included,,no
REC051_SEG0040,REC051,SPK003,test,vad_v1,384.768,397.68,12.912,data/processed/segments/REC051/REC051_SEG0040.wav,included,,no
REC051_SEG0041,REC051,SPK003,test,vad_v1,397.68,399.792,2.112,data/processed/segments/REC051/REC051_SEG0041.wav,included,,no
REC051_SEG0042,REC051,SPK003,test,vad_v1,399.792,413.424,13.632,data/processed/segments/REC051/REC051_SEG0042.wav,included,,no
REC051_SEG0043,REC051,SPK003,test,vad_v1,413.424,418.912,5.488,data/processed/segments/REC051/REC051_SEG0043.wav,included,,no
REC051_SEG0044,REC051,SPK003,test,vad_v1,418.912,433.584,14.672,data/processed/segments/REC051/REC051_SEG0044.wav,included,,no
REC051_SEG0045,REC051,SPK003,test,vad_v1,433.584,443.056,9.472,data/processed/segments/REC051/REC051_SEG0045.wav,included,,no
REC051_SEG0046,REC051,SPK003,test,vad_v1,443.056,454.288,11.232,data/processed/segments/REC051/REC051_SEG0046.wav,included,,no
REC051_SEG0047,REC051,SPK003,test,vad_v1,454.288,467.104,12.816,data/processed/segments/REC051/REC051_SEG0047.wav,included,,no
REC051_SEG0048,REC051,SPK003,test,vad_v1,467.104,471.888,4.784,data/processed/segments/REC051/REC051_SEG0048.wav,included,,no
REC051_SEG0049,REC051,SPK003,test,vad_v1,471.888,485.104,13.216,data/processed/segments/REC051/REC051_SEG0049.wav,included,,no
REC051_SEG0050,REC051,SPK003,test,vad_v1,485.104,497.232,12.128,data/processed/segments/REC051/REC051_SEG0050.wav,included,,no
REC051_SEG0051,REC051,SPK003,test,vad_v1,497.232,503.232,6.0,data/processed/segments/REC051/REC051_SEG0051.wav,included,,no
REC051_SEG0052,REC051,SPK003,test,vad_v1,503.232,517.936,14.704,data/processed/segments/REC051/REC051_SEG0052.wav,included,,no
REC051_SEG0053,REC051,SPK003,test,vad_v1,517.936,521.512,3.576,data/processed/segments/REC051/REC051_SEG0053.wav,included,,no
REC051_SEG0054,REC051,SPK003,test,vad_v1,521.848,533.728,11.88,data/processed/segments/REC051/REC051_SEG0054.wav,included,,no
REC051_SEG0055,REC051,SPK003,test,vad_v1,533.728,541.192,7.464,data/processed/segments/REC051/REC051_SEG0055.wav,included,,no
REC051_SEG0056,REC051,SPK003,test,vad_v1,541.272,552.656,11.384,data/processed/segments/REC051/REC051_SEG0056.wav,included,,no
REC051_SEG0057,REC051,SPK003,test,vad_v1,552.656,562.304,9.648,data/processed/segments/REC051/REC051_SEG0057.wav,included,,no
REC051_SEG0058,REC051,SPK003,test,vad_v1,562.304,573.168,10.864,data/processed/segments/REC051/REC051_SEG0058.wav,included,,no
REC051_SEG0059,REC051,SPK003,test,vad_v1,573.168,585.704,12.536,data/processed/segments/REC051/REC051_SEG0059.wav,included,,no
REC051_SEG0060,REC051,SPK003,test,vad_v1,585.976,600.272,14.296,data/processed/segments/REC051/REC051_SEG0060.wav,included,,no
REC051_SEG0061,REC051,SPK003,test,vad_v1,600.272,601.888,1.616,data/processed/segments/REC051/REC051_SEG0061.wav,included,,no
REC051_SEG0062,REC051,SPK003,test,vad_v1,601.888,616.592,14.704,data/processed/segments/REC051/REC051_SEG0062.wav,included,,no
REC051_SEG0063,REC051,SPK003,test,vad_v1,616.592,627.112,10.52,data/processed/segments/REC051/REC051_SEG0063.wav,included,,no
REC051_SEG0064,REC051,SPK003,test,vad_v1,627.256,636.712,9.456,data/processed/segments/REC051/REC051_SEG0064.wav,included,,no
REC051_SEG0065,REC051,SPK003,test,vad_v1,636.856,643.744,6.888,data/processed/segments/REC051/REC051_SEG0065.wav,included,,no
REC051_SEG0066,REC051,SPK003,test,vad_v1,643.744,658.48,14.736,data/processed/segments/REC051/REC051_SEG0066.wav,included,,no
REC051_SEG0067,REC051,SPK003,test,vad_v1,658.48,664.904,6.424,data/processed/segments/REC051/REC051_SEG0067.wav,included,,no
REC051_SEG0068,REC051,SPK003,test,vad_v1,665.336,679.912,14.576,data/processed/segments/REC051/REC051_SEG0068.wav,included,,no
REC051_SEG0069,REC051,SPK003,test,vad_v1,679.928,684.84,4.912,data/processed/segments/REC051/REC051_SEG0069.wav,included,,no
REC051_SEG0070,REC051,SPK003,test,vad_v1,684.952,696.592,11.64,data/processed/segments/REC051/REC051_SEG0070.wav,included,,no
REC051_SEG0071,REC051,SPK003,test,vad_v1,696.592,700.32,3.728,data/processed/segments/REC051/REC051_SEG0071.wav,included,,no
REC051_SEG0072,REC051,SPK003,test,vad_v1,700.32,713.888,13.568,data/processed/segments/REC051/REC051_SEG0072.wav,included,,no
REC051_SEG0073,REC051,SPK003,test,vad_v1,713.888,720.416,6.528,data/processed/segments/REC051/REC051_SEG0073.wav,included,,no
REC051_SEG0074,REC051,SPK003,test,vad_v1,720.416,731.272,10.856,data/processed/segments/REC051/REC051_SEG0074.wav,included,,no
REC051_SEG0075,REC051,SPK003,test,vad_v1,731.352,739.144,7.792,data/processed/segments/REC051/REC051_SEG0075.wav,included,,no
REC051_SEG0076,REC051,SPK003,test,vad_v1,739.608,746.824,7.216,data/processed/segments/REC051/REC051_SEG0076.wav,included,,no
REC051_SEG0077,REC051,SPK003,test,vad_v1,747.032,759.616,12.584,data/processed/segments/REC051/REC051_SEG0077.wav,included,,no
REC051_SEG0078,REC051,SPK003,test,vad_v1,759.616,769.072,9.456,data/processed/segments/REC051/REC051_SEG0078.wav,included,,no
REC051_SEG0079,REC051,SPK003,test,vad_v1,769.072,777.992,8.92,data/processed/segments/REC051/REC051_SEG0079.wav,included,,no
REC051_SEG0080,REC051,SPK003,test,vad_v1,778.232,791.144,12.912,data/processed/segments/REC051/REC051_SEG0080.wav,included,,no
REC051_SEG0081,REC051,SPK003,test,vad_v1,791.256,800.112,8.856,data/processed/segments/REC051/REC051_SEG0081.wav,included,,no
REC051_SEG0082,REC051,SPK003,test,vad_v1,800.112,811.856,11.744,data/processed/segments/REC051/REC051_SEG0082.wav,included,,no
REC051_SEG0083,REC051,SPK003,test,vad_v1,811.856,818.912,7.056,data/processed/segments/REC051/REC051_SEG0083.wav,included,,no
REC051_SEG0084,REC051,SPK003,test,vad_v1,818.912,833.648,14.736,data/processed/segments/REC051/REC051_SEG0084.wav,included,,no
REC051_SEG0085,REC051,SPK003,test,vad_v1,833.648,848.0,14.352,data/processed/segments/REC051/REC051_SEG0085.wav,included,,no
REC051_SEG0086,REC051,SPK003,test,vad_v1,848.0,851.744,3.744,data/processed/segments/REC051/REC051_SEG0086.wav,included,,no
REC051_SEG0087,REC051,SPK003,test,vad_v1,851.744,864.432,12.688,data/processed/segments/REC051/REC051_SEG0087.wav,included,,no
REC051_SEG0088,REC051,SPK003,test,vad_v1,864.432,871.656,7.224,data/processed/segments/REC051/REC051_SEG0088.wav,included,,no
REC051_SEG0089,REC051,SPK003,test,vad_v1,871.8,880.264,8.464,data/processed/segments/REC051/REC051_SEG0089.wav,included,,no
REC051_SEG0090,REC051,SPK003,test,vad_v1,880.696,888.896,8.2,data/processed/segments/REC051/REC051_SEG0090.wav,included,,no
REC051_SEG0091,REC051,SPK003,test,vad_v1,888.896,900.592,11.696,data/processed/segments/REC051/REC051_SEG0091.wav,included,,no
REC051_SEG0092,REC051,SPK003,test,vad_v1,900.592,906.832,6.24,data/processed/segments/REC051/REC051_SEG0092.wav,included,,no
REC051_SEG0093,REC051,SPK003,test,vad_v1,906.832,921.488,14.656,data/processed/segments/REC051/REC051_SEG0093.wav,included,,no
REC051_SEG0094,REC051,SPK003,test,vad_v1,921.488,936.176,14.688,data/processed/segments/REC051/REC051_SEG0094.wav,included,,no
REC051_SEG0095,REC051,SPK003,test,vad_v1,936.176,942.12,5.944,data/processed/segments/REC051/REC051_SEG0095.wav,included,,no
REC051_SEG0096,REC051,SPK003,test,vad_v1,942.136,955.616,13.48,data/processed/segments/REC051/REC051_SEG0096.wav,included,,no
REC051_SEG0097,REC051,SPK003,test,vad_v1,955.616,969.152,13.536,data/processed/segments/REC051/REC051_SEG0097.wav,included,,no
REC051_SEG0098,REC051,SPK003,test,vad_v1,969.152,979.592,10.44,data/processed/segments/REC051/REC051_SEG0098.wav,included,,no
REC051_SEG0099,REC051,SPK003,test,vad_v1,980.216,985.064,4.848,data/processed/segments/REC051/REC051_SEG0099.wav,included,,no
REC051_SEG0100,REC051,SPK003,test,vad_v1,985.464,995.44,9.976,data/processed/segments/REC051/REC051_SEG0100.wav,included,,no
REC051_SEG0101,REC051,SPK003,test,vad_v1,995.44,1008.64,13.2,data/processed/segments/REC051/REC051_SEG0101.wav,included,,no
REC051_SEG0102,REC051,SPK003,test,vad_v1,1008.64,1010.4,1.76,data/processed/segments/REC051/REC051_SEG0102.wav,included,,no
REC051_SEG0103,REC051,SPK003,test,vad_v1,1010.4,1025.2,14.8,data/processed/segments/REC051/REC051_SEG0103.wav,included,,no
REC051_SEG0104,REC051,SPK003,test,vad_v1,1025.2,1027.592,2.392,data/processed/segments/REC051/REC051_SEG0104.wav,included,,no
REC051_SEG0105,REC051,SPK003,test,vad_v1,1027.608,1040.0,12.392,data/processed/segments/REC051/REC051_SEG0105.wav,included,,no
REC051_SEG0106,REC051,SPK003,test,vad_v1,1040.0,1044.304,4.304,data/processed/segments/REC051/REC051_SEG0106.wav,included,,no
REC051_SEG0107,REC051,SPK003,test,vad_v1,1044.304,1057.184,12.88,data/processed/segments/REC051/REC051_SEG0107.wav,included,,no
REC051_SEG0108,REC051,SPK003,test,vad_v1,1057.184,1064.976,7.792,data/processed/segments/REC051/REC051_SEG0108.wav,included,,no
REC051_SEG0109,REC051,SPK003,test,vad_v1,1064.976,1073.856,8.88,data/processed/segments/REC051/REC051_SEG0109.wav,included,,no
REC051_SEG0110,REC051,SPK003,test,vad_v1,1073.856,1086.272,12.416,data/processed/segments/REC051/REC051_SEG0110.wav,included,,no
REC051_SEG0111,REC051,SPK003,test,vad_v1,1086.272,1089.168,2.896,data/processed/segments/REC051/REC051_SEG0111.wav,included,,no
REC051_SEG0112,REC051,SPK003,test,vad_v1,1089.168,1103.952,14.784,data/processed/segments/REC051/REC051_SEG0112.wav,included,,no
REC051_SEG0113,REC051,SPK003,test,vad_v1,1103.952,1108.112,4.16,data/processed/segments/REC051/REC051_SEG0113.wav,included,,no
REC051_SEG0114,REC051,SPK003,test,vad_v1,1108.112,1122.864,14.752,data/processed/segments/REC051/REC051_SEG0114.wav,included,,no
REC051_SEG0115,REC051,SPK003,test,vad_v1,1122.864,1124.224,1.36,data/processed/segments/REC051/REC051_SEG0115.wav,included,,no
REC051_SEG0116,REC051,SPK003,test,vad_v1,1124.224,1138.432,14.208,data/processed/segments/REC051/REC051_SEG0116.wav,included,,no
REC051_SEG0117,REC051,SPK003,test,vad_v1,1138.432,1143.072,4.64,data/processed/segments/REC051/REC051_SEG0117.wav,included,,no
REC051_SEG0118,REC051,SPK003,test,vad_v1,1143.072,1157.024,13.952,data/processed/segments/REC051/REC051_SEG0118.wav,included,,no
REC051_SEG0119,REC051,SPK003,test,vad_v1,1157.024,1164.64,7.616,data/processed/segments/REC051/REC051_SEG0119.wav,included,,no
REC051_SEG0120,REC051,SPK003,test,vad_v1,1164.64,1177.184,12.544,data/processed/segments/REC051/REC051_SEG0120.wav,included,,no
REC051_SEG0121,REC051,SPK003,test,vad_v1,1177.184,1181.832,4.648,data/processed/segments/REC051/REC051_SEG0121.wav,included,,no
REC051_SEG0122,REC051,SPK003,test,vad_v1,1181.976,1192.032,10.056,data/processed/segments/REC051/REC051_SEG0122.wav,included,,no
REC051_SEG0123,REC051,SPK003,test,vad_v1,1192.032,1201.224,9.192,data/processed/segments/REC051/REC051_SEG0123.wav,included,,no
REC051_SEG0124,REC051,SPK003,test,vad_v1,1201.528,1211.824,10.296,data/processed/segments/REC051/REC051_SEG0124.wav,included,,no
REC051_SEG0125,REC051,SPK003,test,vad_v1,1211.824,1224.928,13.104,data/processed/segments/REC051/REC051_SEG0125.wav,included,,no
REC051_SEG0126,REC051,SPK003,test,vad_v1,1224.928,1234.656,9.728,data/processed/segments/REC051/REC051_SEG0126.wav,included,,no
REC051_SEG0127,REC051,SPK003,test,vad_v1,1234.656,1246.336,11.68,data/processed/segments/REC051/REC051_SEG0127.wav,included,,no
REC051_SEG0128,REC051,SPK003,test,vad_v1,1246.336,1260.384,14.048,data/processed/segments/REC051/REC051_SEG0128.wav,included,,no
REC051_SEG0129,REC051,SPK003,test,vad_v1,1260.384,1262.76,2.376,data/processed/segments/REC051/REC051_SEG0129.wav,included,,no
REC051_SEG0130,REC051,SPK003,test,vad_v1,1263.096,1277.904,14.808,data/processed/segments/REC051/REC051_SEG0130.wav,included,,no
REC051_SEG0131,REC051,SPK003,test,vad_v1,1277.904,1292.112,14.208,data/processed/segments/REC051/REC051_SEG0131.wav,included,,no
REC051_SEG0132,REC051,SPK003,test,vad_v1,1292.112,1293.984,1.872,data/processed/segments/REC051/REC051_SEG0132.wav,included,,no
REC051_SEG0133,REC051,SPK003,test,vad_v1,1293.984,1307.08,13.096,data/processed/segments/REC051/REC051_SEG0133.wav,included,,no
REC051_SEG0134,REC051,SPK003,test,vad_v1,1307.352,1321.288,13.936,data/processed/segments/REC051/REC051_SEG0134.wav,included,,no
REC051_SEG0135,REC051,SPK003,test,vad_v1,1321.72,1323.112,1.392,data/processed/segments/REC051/REC051_SEG0135.wav,included,,no
REC051_SEG0136,REC051,SPK003,test,vad_v1,1323.16,1337.392,14.232,data/processed/segments/REC051/REC051_SEG0136.wav,included,,no
REC051_SEG0137,REC051,SPK003,test,vad_v1,1337.392,1346.576,9.184,data/processed/segments/REC051/REC051_SEG0137.wav,included,,no
REC051_SEG0138,REC051,SPK003,test,vad_v1,1346.576,1353.896,7.32,data/processed/segments/REC051/REC051_SEG0138.wav,included,,no
REC051_SEG0139,REC051,SPK003,test,vad_v1,1353.912,1368.72,14.808,data/processed/segments/REC051/REC051_SEG0139.wav,included,,no
REC051_SEG0140,REC051,SPK003,test,vad_v1,1368.72,1383.344,14.624,data/processed/segments/REC051/REC051_SEG0140.wav,included,,no
REC051_SEG0141,REC051,SPK003,test,vad_v1,1383.344,1384.864,1.52,data/processed/segments/REC051/REC051_SEG0141.wav,included,,no
REC051_SEG0142,REC051,SPK003,test,vad_v1,1384.864,1399.632,14.768,data/processed/segments/REC051/REC051_SEG0142.wav,included,,no
REC051_SEG0143,REC051,SPK003,test,vad_v1,1399.632,1406.448,6.816,data/processed/segments/REC051/REC051_SEG0143.wav,included,,no
REC051_SEG0144,REC051,SPK003,test,vad_v1,1406.448,1415.336,8.888,data/processed/segments/REC051/REC051_SEG0144.wav,included,,no
REC051_SEG0145,REC051,SPK003,test,vad_v1,1415.416,1429.312,13.896,data/processed/segments/REC051/REC051_SEG0145.wav,included,,no
REC051_SEG0146,REC051,SPK003,test,vad_v1,1429.312,1437.84,8.528,data/processed/segments/REC051/REC051_SEG0146.wav,included,,no
REC051_SEG0147,REC051,SPK003,test,vad_v1,1437.84,1444.704,6.864,data/processed/segments/REC051/REC051_SEG0147.wav,included,,no
REC051_SEG0148,REC051,SPK003,test,vad_v1,1444.704,1452.688,7.984,data/processed/segments/REC051/REC051_SEG0148.wav,included,,no
REC051_SEG0149,REC051,SPK003,test,vad_v1,1452.688,1467.376,14.688,data/processed/segments/REC051/REC051_SEG0149.wav,included,,no
REC051_SEG0150,REC051,SPK003,test,vad_v1,1467.376,1471.68,4.304,data/processed/segments/REC051/REC051_SEG0150.wav,included,,no
REC051_SEG0151,REC051,SPK003,test,vad_v1,1471.68,1486.416,14.736,data/processed/segments/REC051/REC051_SEG0151.wav,included,,no
REC051_SEG0152,REC051,SPK003,test,vad_v1,1486.416,1500.04,13.624,data/processed/segments/REC051/REC051_SEG0152.wav,included,,no
REC051_SEG0153,REC051,SPK003,test,vad_v1,1500.056,1503.016,2.96,data/processed/segments/REC051/REC051_SEG0153.wav,included,,no
REC051_SEG0154,REC051,SPK003,test,vad_v1,1503.576,1516.688,13.112,data/processed/segments/REC051/REC051_SEG0154.wav,included,,no
REC051_SEG0155,REC051,SPK003,test,vad_v1,1516.688,1528.976,12.288,data/processed/segments/REC051/REC051_SEG0155.wav,included,,no
REC051_SEG0156,REC051,SPK003,test,vad_v1,1528.976,1532.328,3.352,data/processed/segments/REC051/REC051_SEG0156.wav,included,,no
REC051_SEG0157,REC051,SPK003,test,vad_v1,1532.472,1544.0,11.528,data/processed/segments/REC051/REC051_SEG0157.wav,included,,no
REC051_SEG0158,REC051,SPK003,test,vad_v1,1544.0,1556.136,12.136,data/processed/segments/REC051/REC051_SEG0158.wav,included,,no
REC051_SEG0159,REC051,SPK003,test,vad_v1,1556.248,1560.456,4.208,data/processed/segments/REC051/REC051_SEG0159.wav,included,,no
REC051_SEG0160,REC051,SPK003,test,vad_v1,1560.472,1573.152,12.68,data/processed/segments/REC051/REC051_SEG0160.wav,included,,no
REC051_SEG0161,REC051,SPK003,test,vad_v1,1573.152,1578.728,5.576,data/processed/segments/REC051/REC051_SEG0161.wav,included,,no
REC051_SEG0162,REC051,SPK003,test,vad_v1,1579.16,1593.968,14.808,data/processed/segments/REC051/REC051_SEG0162.wav,included,,no
REC051_SEG0163,REC051,SPK003,test,vad_v1,1593.968,1607.888,13.92,data/processed/segments/REC051/REC051_SEG0163.wav,included,,no
REC051_SEG0164,REC051,SPK003,test,vad_v1,1607.888,1621.704,13.816,data/processed/segments/REC051/REC051_SEG0164.wav,included,,no
REC051_SEG0165,REC051,SPK003,test,vad_v1,1621.752,1634.992,13.24,data/processed/segments/REC051/REC051_SEG0165.wav,included,,no
REC051_SEG0166,REC051,SPK003,test,vad_v1,1634.992,1646.088,11.096,data/processed/segments/REC051/REC051_SEG0166.wav,included,,no
REC051_SEG0167,REC051,SPK003,test,vad_v1,1646.328,1650.672,4.344,data/processed/segments/REC051/REC051_SEG0167.wav,included,,no
REC051_SEG0168,REC051,SPK003,test,vad_v1,1650.672,1665.456,14.784,data/processed/segments/REC051/REC051_SEG0168.wav,included,,no
REC051_SEG0169,REC051,SPK003,test,vad_v1,1665.456,1668.072,2.616,data/processed/segments/REC051/REC051_SEG0169.wav,included,,no
REC051_SEG0170,REC051,SPK003,test,vad_v1,1668.088,1680.336,12.248,data/processed/segments/REC051/REC051_SEG0170.wav,included,,no
REC051_SEG0171,REC051,SPK003,test,vad_v1,1680.336,1685.216,4.88,data/processed/segments/REC051/REC051_SEG0171.wav,included,,no
REC051_SEG0172,REC051,SPK003,test,vad_v1,1685.216,1696.808,11.592,data/processed/segments/REC051/REC051_SEG0172.wav,included,,no
REC051_SEG0173,REC051,SPK003,test,vad_v1,1696.824,1700.992,4.168,data/processed/segments/REC051/REC051_SEG0173.wav,included,,no
REC051_SEG0174,REC051,SPK003,test,vad_v1,1700.992,1715.76,14.768,data/processed/segments/REC051/REC051_SEG0174.wav,included,,no
REC051_SEG0175,REC051,SPK003,test,vad_v1,1715.76,1724.872,9.112,data/processed/segments/REC051/REC051_SEG0175.wav,included,,no
REC051_SEG0176,REC051,SPK003,test,vad_v1,1725.048,1734.96,9.912,data/processed/segments/REC051/REC051_SEG0176.wav,included,,no
REC051_SEG0177,REC051,SPK003,test,vad_v1,1734.96,1741.608,6.648,data/processed/segments/REC051/REC051_SEG0177.wav,included,,no
REC051_SEG0178,REC051,SPK003,test,vad_v1,1741.816,1750.12,8.304,data/processed/segments/REC051/REC051_SEG0178.wav,included,,no
REC051_SEG0179,REC051,SPK003,test,vad_v1,1750.328,1759.36,9.032,data/processed/segments/REC051/REC051_SEG0179.wav,included,,no
REC051_SEG0180,REC051,SPK003,test,vad_v1,1759.36,1765.248,5.888,data/processed/segments/REC051/REC051_SEG0180.wav,included,,no
REC051_SEG0181,REC051,SPK003,test,vad_v1,1765.248,1778.632,13.384,data/processed/segments/REC051/REC051_SEG0181.wav,included,,no
REC051_SEG0182,REC051,SPK003,test,vad_v1,1778.648,1780.432,1.784,data/processed/segments/REC051/REC051_SEG0182.wav,included,,no
REC051_SEG0183,REC051,SPK003,test,vad_v1,1780.432,1795.152,14.72,data/processed/segments/REC051/REC051_SEG0183.wav,included,,no
REC051_SEG0184,REC051,SPK003,test,vad_v1,1795.152,1797.192,2.04,data/processed/segments/REC051/REC051_SEG0184.wav,included,,no
REC051_SEG0185,REC051,SPK003,test,vad_v1,1797.56,1812.368,14.808,data/processed/segments/REC051/REC051_SEG0185.wav,included,,no
REC051_SEG0186,REC051,SPK003,test,vad_v1,1812.368,1821.424,9.056,data/processed/segments/REC051/REC051_SEG0186.wav,included,,no
REC051_SEG0187,REC051,SPK003,test,vad_v1,1821.424,1835.104,13.68,data/processed/segments/REC051/REC051_SEG0187.wav,included,,no
REC051_SEG0188,REC051,SPK003,test,vad_v1,1835.104,1842.896,7.792,data/processed/segments/REC051/REC051_SEG0188.wav,included,,no
REC051_SEG0189,REC051,SPK003,test,vad_v1,1842.896,1857.584,14.688,data/processed/segments/REC051/REC051_SEG0189.wav,included,,no
REC051_SEG0190,REC051,SPK003,test,vad_v1,1857.584,1871.979,14.395,data/processed/segments/REC051/REC051_SEG0190.wav,included,,no
REC052_SEG0001,REC052,SPK003,test,vad_v1,0.0,13.632,13.632,data/processed/segments/REC052/REC052_SEG0001.wav,included,,no
REC052_SEG0002,REC052,SPK003,test,vad_v1,13.632,28.4,14.768,data/processed/segments/REC052/REC052_SEG0002.wav,included,,no
REC052_SEG0003,REC052,SPK003,test,vad_v1,28.4,34.696,6.296,data/processed/segments/REC052/REC052_SEG0003.wav,included,,no
REC052_SEG0004,REC052,SPK003,test,vad_v1,34.968,48.968,14.0,data/processed/segments/REC052/REC052_SEG0004.wav,included,,no
REC052_SEG0005,REC052,SPK003,test,vad_v1,49.048,50.352,1.304,data/processed/segments/REC052/REC052_SEG0005.wav,included,,no
REC052_SEG0006,REC052,SPK003,test,vad_v1,50.352,65.072,14.72,data/processed/segments/REC052/REC052_SEG0006.wav,included,,no
REC052_SEG0007,REC052,SPK003,test,vad_v1,65.072,78.088,13.016,data/processed/segments/REC052/REC052_SEG0007.wav,included,,no
REC052_SEG0008,REC052,SPK003,test,vad_v1,78.104,85.384,7.28,data/processed/segments/REC052/REC052_SEG0008.wav,included,,no
REC052_SEG0009,REC052,SPK003,test,vad_v1,85.464,94.352,8.888,data/processed/segments/REC052/REC052_SEG0009.wav,included,,no
REC052_SEG0010,REC052,SPK003,test,vad_v1,94.352,101.68,7.328,data/processed/segments/REC052/REC052_SEG0010.wav,included,,no
REC052_SEG0011,REC052,SPK003,test,vad_v1,101.68,109.376,7.696,data/processed/segments/REC052/REC052_SEG0011.wav,included,,no
REC052_SEG0012,REC052,SPK003,test,vad_v1,109.376,116.56,7.184,data/processed/segments/REC052/REC052_SEG0012.wav,included,,no
REC052_SEG0013,REC052,SPK003,test,vad_v1,116.56,124.256,7.696,data/processed/segments/REC052/REC052_SEG0013.wav,included,,no
REC052_SEG0014,REC052,SPK003,test,vad_v1,124.256,135.232,10.976,data/processed/segments/REC052/REC052_SEG0014.wav,included,,no
REC052_SEG0015,REC052,SPK003,test,vad_v1,135.232,148.256,13.024,data/processed/segments/REC052/REC052_SEG0015.wav,included,,no
REC052_SEG0016,REC052,SPK003,test,vad_v1,148.256,160.744,12.488,data/processed/segments/REC052/REC052_SEG0016.wav,included,,no
REC052_SEG0017,REC052,SPK003,test,vad_v1,161.272,163.144,1.872,data/processed/segments/REC052/REC052_SEG0017.wav,included,,no
REC052_SEG0018,REC052,SPK003,test,vad_v1,164.408,170.144,5.736,data/processed/segments/REC052/REC052_SEG0018.wav,included,,no
REC052_SEG0019,REC052,SPK003,test,vad_v1,170.144,183.848,13.704,data/processed/segments/REC052/REC052_SEG0019.wav,included,,no
REC052_SEG0020,REC052,SPK003,test,vad_v1,183.992,189.136,5.144,data/processed/segments/REC052/REC052_SEG0020.wav,included,,no
REC052_SEG0021,REC052,SPK003,test,vad_v1,189.136,199.464,10.328,data/processed/segments/REC052/REC052_SEG0021.wav,included,,no
REC052_SEG0022,REC052,SPK003,test,vad_v1,199.736,213.128,13.392,data/processed/segments/REC052/REC052_SEG0022.wav,included,,no
REC052_SEG0023,REC052,SPK003,test,vad_v1,213.688,226.504,12.816,data/processed/segments/REC052/REC052_SEG0023.wav,included,,no
REC052_SEG0024,REC052,SPK003,test,vad_v1,226.52,235.752,9.232,data/processed/segments/REC052/REC052_SEG0024.wav,included,,no
REC052_SEG0025,REC052,SPK003,test,vad_v1,236.408,241.192,4.784,data/processed/segments/REC052/REC052_SEG0025.wav,included,,no
REC052_SEG0026,REC052,SPK003,test,vad_v1,241.496,256.0,14.504,data/processed/segments/REC052/REC052_SEG0026.wav,included,,no
REC052_SEG0027,REC052,SPK003,test,vad_v1,256.0,269.952,13.952,data/processed/segments/REC052/REC052_SEG0027.wav,included,,no
REC052_SEG0028,REC052,SPK003,test,vad_v1,269.952,278.064,8.112,data/processed/segments/REC052/REC052_SEG0028.wav,included,,no
REC052_SEG0029,REC052,SPK003,test,vad_v1,278.064,290.056,11.992,data/processed/segments/REC052/REC052_SEG0029.wav,included,,no
REC052_SEG0030,REC052,SPK003,test,vad_v1,290.2,295.016,4.816,data/processed/segments/REC052/REC052_SEG0030.wav,included,,no
REC052_SEG0031,REC052,SPK003,test,vad_v1,295.544,309.672,14.128,data/processed/segments/REC052/REC052_SEG0031.wav,included,,no
REC052_SEG0032,REC052,SPK003,test,vad_v1,309.976,323.752,13.776,data/processed/segments/REC052/REC052_SEG0032.wav,included,,no
REC052_SEG0033,REC052,SPK003,test,vad_v1,324.248,338.112,13.864,data/processed/segments/REC052/REC052_SEG0033.wav,included,,no
REC052_SEG0034,REC052,SPK003,test,vad_v1,338.112,344.776,6.664,data/processed/segments/REC052/REC052_SEG0034.wav,included,,no
REC052_SEG0035,REC052,SPK003,test,vad_v1,344.856,356.24,11.384,data/processed/segments/REC052/REC052_SEG0035.wav,included,,no
REC052_SEG0036,REC052,SPK003,test,vad_v1,356.24,362.536,6.296,data/processed/segments/REC052/REC052_SEG0036.wav,included,,no
REC052_SEG0037,REC052,SPK003,test,vad_v1,362.68,371.072,8.392,data/processed/segments/REC052/REC052_SEG0037.wav,included,,no
REC052_SEG0038,REC052,SPK003,test,vad_v1,371.072,378.208,7.136,data/processed/segments/REC052/REC052_SEG0038.wav,included,,no
REC052_SEG0039,REC052,SPK003,test,vad_v1,378.208,391.624,13.416,data/processed/segments/REC052/REC052_SEG0039.wav,included,,no
REC052_SEG0040,REC052,SPK003,test,vad_v1,391.8,398.568,6.768,data/processed/segments/REC052/REC052_SEG0040.wav,included,,no
REC052_SEG0041,REC052,SPK003,test,vad_v1,398.808,413.616,14.808,data/processed/segments/REC052/REC052_SEG0041.wav,included,,no
REC052_SEG0042,REC052,SPK003,test,vad_v1,413.616,418.568,4.952,data/processed/segments/REC052/REC052_SEG0042.wav,included,,no
REC052_SEG0043,REC052,SPK003,test,vad_v1,418.808,433.536,14.728,data/processed/segments/REC052/REC052_SEG0043.wav,included,,no
REC052_SEG0044,REC052,SPK003,test,vad_v1,433.536,436.968,3.432,data/processed/segments/REC052/REC052_SEG0044.wav,included,,no
REC052_SEG0045,REC052,SPK003,test,vad_v1,436.984,451.792,14.808,data/processed/segments/REC052/REC052_SEG0045.wav,included,,no
REC052_SEG0046,REC052,SPK003,test,vad_v1,451.792,461.136,9.344,data/processed/segments/REC052/REC052_SEG0046.wav,included,,no
REC052_SEG0047,REC052,SPK003,test,vad_v1,461.136,473.96,12.824,data/processed/segments/REC052/REC052_SEG0047.wav,included,,no
REC052_SEG0048,REC052,SPK003,test,vad_v1,474.008,482.16,8.152,data/processed/segments/REC052/REC052_SEG0048.wav,included,,no
REC052_SEG0049,REC052,SPK003,test,vad_v1,482.16,491.856,9.696,data/processed/segments/REC052/REC052_SEG0049.wav,included,,no
REC052_SEG0050,REC052,SPK003,test,vad_v1,491.856,500.544,8.688,data/processed/segments/REC052/REC052_SEG0050.wav,included,,no
REC052_SEG0051,REC052,SPK003,test,vad_v1,500.544,512.784,12.24,data/processed/segments/REC052/REC052_SEG0051.wav,included,,no
REC052_SEG0052,REC052,SPK003,test,vad_v1,512.784,518.48,5.696,data/processed/segments/REC052/REC052_SEG0052.wav,included,,no
REC052_SEG0053,REC052,SPK003,test,vad_v1,518.48,530.848,12.368,data/processed/segments/REC052/REC052_SEG0053.wav,included,,no
REC052_SEG0054,REC052,SPK003,test,vad_v1,530.848,544.36,13.512,data/processed/segments/REC052/REC052_SEG0054.wav,included,,no
REC052_SEG0055,REC052,SPK003,test,vad_v1,544.792,545.768,0.976,data/processed/segments/REC052/REC052_SEG0055.wav,rejected,,no
REC052_SEG0056,REC052,SPK003,test,vad_v1,546.584,557.48,10.896,data/processed/segments/REC052/REC052_SEG0056.wav,included,,no
REC052_SEG0057,REC052,SPK003,test,vad_v1,557.688,565.896,8.208,data/processed/segments/REC052/REC052_SEG0057.wav,included,,no
REC052_SEG0058,REC052,SPK003,test,vad_v1,566.168,579.936,13.768,data/processed/segments/REC052/REC052_SEG0058.wav,included,,no
REC052_SEG0059,REC052,SPK003,test,vad_v1,579.936,586.152,6.216,data/processed/segments/REC052/REC052_SEG0059.wav,included,,no
REC052_SEG0060,REC052,SPK003,test,vad_v1,586.232,601.04,14.808,data/processed/segments/REC052/REC052_SEG0060.wav,included,,no
REC052_SEG0061,REC052,SPK003,test,vad_v1,601.04,603.08,2.04,data/processed/segments/REC052/REC052_SEG0061.wav,included,,no
REC052_SEG0062,REC052,SPK003,test,vad_v1,603.16,618.064,14.904,data/processed/segments/REC052/REC052_SEG0062.wav,included,,no
REC052_SEG0063,REC052,SPK003,test,vad_v1,618.064,626.976,8.912,data/processed/segments/REC052/REC052_SEG0063.wav,included,,no
REC052_SEG0064,REC052,SPK003,test,vad_v1,626.976,636.808,9.832,data/processed/segments/REC052/REC052_SEG0064.wav,included,,no
REC052_SEG0065,REC052,SPK003,test,vad_v1,637.24,652.096,14.856,data/processed/segments/REC052/REC052_SEG0065.wav,included,,no
REC052_SEG0066,REC052,SPK003,test,vad_v1,652.096,661.968,9.872,data/processed/segments/REC052/REC052_SEG0066.wav,included,,no
REC052_SEG0067,REC052,SPK003,test,vad_v1,661.968,672.584,10.616,data/processed/segments/REC052/REC052_SEG0067.wav,included,,no
REC052_SEG0068,REC052,SPK003,test,vad_v1,672.728,679.72,6.992,data/processed/segments/REC052/REC052_SEG0068.wav,included,,no
REC052_SEG0069,REC052,SPK003,test,vad_v1,680.248,688.488,8.24,data/processed/segments/REC052/REC052_SEG0069.wav,included,,no
REC052_SEG0070,REC052,SPK003,test,vad_v1,688.728,696.84,8.112,data/processed/segments/REC052/REC052_SEG0070.wav,included,,no
REC052_SEG0071,REC052,SPK003,test,vad_v1,696.92,711.728,14.808,data/processed/segments/REC052/REC052_SEG0071.wav,included,,no
REC052_SEG0072,REC052,SPK003,test,vad_v1,711.728,715.752,4.024,data/processed/segments/REC052/REC052_SEG0072.wav,included,,no
REC052_SEG0073,REC052,SPK003,test,vad_v1,715.832,726.912,11.08,data/processed/segments/REC052/REC052_SEG0073.wav,included,,no
REC052_SEG0074,REC052,SPK003,test,vad_v1,726.912,736.904,9.992,data/processed/segments/REC052/REC052_SEG0074.wav,included,,no
REC052_SEG0075,REC052,SPK003,test,vad_v1,737.624,740.168,2.544,data/processed/segments/REC052/REC052_SEG0075.wav,included,,no
REC052_SEG0076,REC052,SPK003,test,vad_v1,740.184,754.992,14.808,data/processed/segments/REC052/REC052_SEG0076.wav,included,,no
REC052_SEG0077,REC052,SPK003,test,vad_v1,754.992,758.248,3.256,data/processed/segments/REC052/REC052_SEG0077.wav,included,,no
REC052_SEG0078,REC052,SPK003,test,vad_v1,758.328,773.136,14.808,data/processed/segments/REC052/REC052_SEG0078.wav,included,,no
REC052_SEG0079,REC052,SPK003,test,vad_v1,773.136,784.032,10.896,data/processed/segments/REC052/REC052_SEG0079.wav,included,,no
REC052_SEG0080,REC052,SPK003,test,vad_v1,784.032,792.584,8.552,data/processed/segments/REC052/REC052_SEG0080.wav,included,,no
REC052_SEG0081,REC052,SPK003,test,vad_v1,792.76,805.712,12.952,data/processed/segments/REC052/REC052_SEG0081.wav,included,,no
REC052_SEG0082,REC052,SPK003,test,vad_v1,805.712,818.632,12.92,data/processed/segments/REC052/REC052_SEG0082.wav,included,,no
REC052_SEG0083,REC052,SPK003,test,vad_v1,819.096,822.28,3.184,data/processed/segments/REC052/REC052_SEG0083.wav,included,,no
REC052_SEG0084,REC052,SPK003,test,vad_v1,822.456,834.976,12.52,data/processed/segments/REC052/REC052_SEG0084.wav,included,,no
REC052_SEG0085,REC052,SPK003,test,vad_v1,834.976,848.928,13.952,data/processed/segments/REC052/REC052_SEG0085.wav,included,,no
REC052_SEG0086,REC052,SPK003,test,vad_v1,848.928,855.56,6.632,data/processed/segments/REC052/REC052_SEG0086.wav,included,,no
REC052_SEG0087,REC052,SPK003,test,vad_v1,855.704,866.8,11.096,data/processed/segments/REC052/REC052_SEG0087.wav,included,,no
REC052_SEG0088,REC052,SPK003,test,vad_v1,866.8,871.408,4.608,data/processed/segments/REC052/REC052_SEG0088.wav,included,,no
REC052_SEG0089,REC052,SPK003,test,vad_v1,871.408,885.168,13.76,data/processed/segments/REC052/REC052_SEG0089.wav,included,,no
REC052_SEG0090,REC052,SPK003,test,vad_v1,885.168,888.512,3.344,data/processed/segments/REC052/REC052_SEG0090.wav,included,,no
REC052_SEG0091,REC052,SPK003,test,vad_v1,888.512,903.184,14.672,data/processed/segments/REC052/REC052_SEG0091.wav,included,,no
REC052_SEG0092,REC052,SPK003,test,vad_v1,903.184,906.88,3.696,data/processed/segments/REC052/REC052_SEG0092.wav,included,,no
REC052_SEG0093,REC052,SPK003,test,vad_v1,906.88,918.752,11.872,data/processed/segments/REC052/REC052_SEG0093.wav,included,,no
REC052_SEG0094,REC052,SPK003,test,vad_v1,918.752,929.128,10.376,data/processed/segments/REC052/REC052_SEG0094.wav,included,,no
REC052_SEG0095,REC052,SPK003,test,vad_v1,929.208,941.904,12.696,data/processed/segments/REC052/REC052_SEG0095.wav,included,,no
REC052_SEG0096,REC052,SPK003,test,vad_v1,941.904,946.528,4.624,data/processed/segments/REC052/REC052_SEG0096.wav,included,,no
REC052_SEG0097,REC052,SPK003,test,vad_v1,946.528,957.664,11.136,data/processed/segments/REC052/REC052_SEG0097.wav,included,,no
REC052_SEG0098,REC052,SPK003,test,vad_v1,957.664,961.312,3.648,data/processed/segments/REC052/REC052_SEG0098.wav,included,,no
REC052_SEG0099,REC052,SPK003,test,vad_v1,961.312,975.712,14.4,data/processed/segments/REC052/REC052_SEG0099.wav,included,,no
REC052_SEG0100,REC052,SPK003,test,vad_v1,975.712,980.688,4.976,data/processed/segments/REC052/REC052_SEG0100.wav,included,,no
REC052_SEG0101,REC052,SPK003,test,vad_v1,980.688,992.256,11.568,data/processed/segments/REC052/REC052_SEG0101.wav,included,,no
REC052_SEG0102,REC052,SPK003,test,vad_v1,992.256,1000.64,8.384,data/processed/segments/REC052/REC052_SEG0102.wav,included,,no
REC052_SEG0103,REC052,SPK003,test,vad_v1,1000.64,1007.904,7.264,data/processed/segments/REC052/REC052_SEG0103.wav,included,,no
REC052_SEG0104,REC052,SPK003,test,vad_v1,1007.904,1017.84,9.936,data/processed/segments/REC052/REC052_SEG0104.wav,included,,no
REC052_SEG0105,REC052,SPK003,test,vad_v1,1017.84,1032.56,14.72,data/processed/segments/REC052/REC052_SEG0105.wav,included,,no
REC052_SEG0106,REC052,SPK003,test,vad_v1,1032.56,1040.904,8.344,data/processed/segments/REC052/REC052_SEG0106.wav,included,,no
REC052_SEG0107,REC052,SPK003,test,vad_v1,1041.144,1052.96,11.816,data/processed/segments/REC052/REC052_SEG0107.wav,included,,no
REC052_SEG0108,REC052,SPK003,test,vad_v1,1052.96,1058.504,5.544,data/processed/segments/REC052/REC052_SEG0108.wav,included,,no
REC052_SEG0109,REC052,SPK003,test,vad_v1,1058.584,1072.296,13.712,data/processed/segments/REC052/REC052_SEG0109.wav,included,,no
REC052_SEG0110,REC052,SPK003,test,vad_v1,1072.376,1084.744,12.368,data/processed/segments/REC052/REC052_SEG0110.wav,included,,no
REC052_SEG0111,REC052,SPK003,test,vad_v1,1085.08,1098.888,13.808,data/processed/segments/REC052/REC052_SEG0111.wav,included,,no
REC052_SEG0112,REC052,SPK003,test,vad_v1,1099.096,1110.608,11.512,data/processed/segments/REC052/REC052_SEG0112.wav,included,,no
REC052_SEG0113,REC052,SPK003,test,vad_v1,1110.608,1123.176,12.568,data/processed/segments/REC052/REC052_SEG0113.wav,included,,no
REC052_SEG0114,REC052,SPK003,test,vad_v1,1123.544,1131.92,8.376,data/processed/segments/REC052/REC052_SEG0114.wav,included,,no
REC052_SEG0115,REC052,SPK003,test,vad_v1,1131.92,1143.296,11.376,data/processed/segments/REC052/REC052_SEG0115.wav,included,,no
REC052_SEG0116,REC052,SPK003,test,vad_v1,1143.296,1149.232,5.936,data/processed/segments/REC052/REC052_SEG0116.wav,included,,no
REC052_SEG0117,REC052,SPK003,test,vad_v1,1149.232,1163.984,14.752,data/processed/segments/REC052/REC052_SEG0117.wav,included,,no
REC052_SEG0118,REC052,SPK003,test,vad_v1,1163.984,1174.8,10.816,data/processed/segments/REC052/REC052_SEG0118.wav,included,,no
REC052_SEG0119,REC052,SPK003,test,vad_v1,1174.8,1180.496,5.696,data/processed/segments/REC052/REC052_SEG0119.wav,included,,no
REC052_SEG0120,REC052,SPK003,test,vad_v1,1180.496,1195.216,14.72,data/processed/segments/REC052/REC052_SEG0120.wav,included,,no
REC052_SEG0121,REC052,SPK003,test,vad_v1,1195.216,1209.84,14.624,data/processed/segments/REC052/REC052_SEG0121.wav,included,,no
REC052_SEG0122,REC052,SPK003,test,vad_v1,1209.84,1221.224,11.384,data/processed/segments/REC052/REC052_SEG0122.wav,included,,no
REC052_SEG0123,REC052,SPK003,test,vad_v1,1221.528,1231.104,9.576,data/processed/segments/REC052/REC052_SEG0123.wav,included,,no
REC052_SEG0124,REC052,SPK003,test,vad_v1,1231.104,1239.888,8.784,data/processed/segments/REC052/REC052_SEG0124.wav,included,,no
REC052_SEG0125,REC052,SPK003,test,vad_v1,1239.888,1250.192,10.304,data/processed/segments/REC052/REC052_SEG0125.wav,included,,no
REC052_SEG0126,REC052,SPK003,test,vad_v1,1250.192,1258.032,7.84,data/processed/segments/REC052/REC052_SEG0126.wav,included,,no
REC052_SEG0127,REC052,SPK003,test,vad_v1,1258.032,1267.848,9.816,data/processed/segments/REC052/REC052_SEG0127.wav,included,,no
REC052_SEG0128,REC052,SPK003,test,vad_v1,1268.152,1277.864,9.712,data/processed/segments/REC052/REC052_SEG0128.wav,included,,no
REC052_SEG0129,REC052,SPK003,test,vad_v1,1277.88,1290.0,12.12,data/processed/segments/REC052/REC052_SEG0129.wav,included,,no
REC052_SEG0130,REC052,SPK003,test,vad_v1,1290.0,1298.16,8.16,data/processed/segments/REC052/REC052_SEG0130.wav,included,,no
REC052_SEG0131,REC052,SPK003,test,vad_v1,1298.16,1305.352,7.192,data/processed/segments/REC052/REC052_SEG0131.wav,included,,no
REC052_SEG0132,REC052,SPK003,test,vad_v1,1305.72,1315.024,9.304,data/processed/segments/REC052/REC052_SEG0132.wav,included,,no
REC052_SEG0133,REC052,SPK003,test,vad_v1,1315.024,1327.488,12.464,data/processed/segments/REC052/REC052_SEG0133.wav,included,,no
REC052_SEG0134,REC052,SPK003,test,vad_v1,1327.488,1340.808,13.32,data/processed/segments/REC052/REC052_SEG0134.wav,included,,no
REC052_SEG0135,REC052,SPK003,test,vad_v1,1341.528,1348.136,6.608,data/processed/segments/REC052/REC052_SEG0135.wav,included,,no
REC052_SEG0136,REC052,SPK003,test,vad_v1,1348.728,1361.664,12.936,data/processed/segments/REC052/REC052_SEG0136.wav,included,,no
REC052_SEG0137,REC052,SPK003,test,vad_v1,1361.664,1364.872,3.208,data/processed/segments/REC052/REC052_SEG0137.wav,included,,no
REC052_SEG0138,REC052,SPK003,test,vad_v1,1365.656,1366.6,0.944,data/processed/segments/REC052/REC052_SEG0138.wav,rejected,,no
REC052_SEG0139,REC052,SPK003,test,vad_v1,1366.744,1381.552,14.808,data/processed/segments/REC052/REC052_SEG0139.wav,included,,no
REC052_SEG0140,REC052,SPK003,test,vad_v1,1381.552,1390.144,8.592,data/processed/segments/REC052/REC052_SEG0140.wav,included,,no
REC052_SEG0141,REC052,SPK003,test,vad_v1,1390.144,1402.448,12.304,data/processed/segments/REC052/REC052_SEG0141.wav,included,,no
REC052_SEG0142,REC052,SPK003,test,vad_v1,1402.448,1409.536,7.088,data/processed/segments/REC052/REC052_SEG0142.wav,included,,no
REC052_SEG0143,REC052,SPK003,test,vad_v1,1409.536,1419.472,9.936,data/processed/segments/REC052/REC052_SEG0143.wav,included,,no
REC052_SEG0144,REC052,SPK003,test,vad_v1,1419.472,1432.52,13.048,data/processed/segments/REC052/REC052_SEG0144.wav,included,,no
REC052_SEG0145,REC052,SPK003,test,vad_v1,1432.536,1437.728,5.192,data/processed/segments/REC052/REC052_SEG0145.wav,included,,no
REC052_SEG0146,REC052,SPK003,test,vad_v1,1437.728,1452.432,14.704,data/processed/segments/REC052/REC052_SEG0146.wav,included,,no
REC052_SEG0147,REC052,SPK003,test,vad_v1,1452.432,1455.84,3.408,data/processed/segments/REC052/REC052_SEG0147.wav,included,,no
REC052_SEG0148,REC052,SPK003,test,vad_v1,1455.84,1470.432,14.592,data/processed/segments/REC052/REC052_SEG0148.wav,included,,no
REC052_SEG0149,REC052,SPK003,test,vad_v1,1470.432,1483.848,13.416,data/processed/segments/REC052/REC052_SEG0149.wav,included,,no
REC052_SEG0150,REC052,SPK003,test,vad_v1,1483.896,1487.36,3.464,data/processed/segments/REC052/REC052_SEG0150.wav,included,,no
REC052_SEG0151,REC052,SPK003,test,vad_v1,1487.36,1499.952,12.592,data/processed/segments/REC052/REC052_SEG0151.wav,included,,no
REC052_SEG0152,REC052,SPK003,test,vad_v1,1499.952,1512.4,12.448,data/processed/segments/REC052/REC052_SEG0152.wav,included,,no
REC052_SEG0153,REC052,SPK003,test,vad_v1,1512.4,1524.56,12.16,data/processed/segments/REC052/REC052_SEG0153.wav,included,,no
REC052_SEG0154,REC052,SPK003,test,vad_v1,1524.56,1538.624,14.064,data/processed/segments/REC052/REC052_SEG0154.wav,included,,no
REC052_SEG0155,REC052,SPK003,test,vad_v1,1538.624,1546.216,7.592,data/processed/segments/REC052/REC052_SEG0155.wav,included,,no
REC052_SEG0156,REC052,SPK003,test,vad_v1,1546.584,1560.104,13.52,data/processed/segments/REC052/REC052_SEG0156.wav,included,,no
REC052_SEG0157,REC052,SPK003,test,vad_v1,1560.344,1573.928,13.584,data/processed/segments/REC052/REC052_SEG0157.wav,included,,no
REC052_SEG0158,REC052,SPK003,test,vad_v1,1574.136,1578.472,4.336,data/processed/segments/REC052/REC052_SEG0158.wav,included,,no
REC052_SEG0159,REC052,SPK003,test,vad_v1,1578.776,1590.64,11.864,data/processed/segments/REC052/REC052_SEG0159.wav,included,,no
REC052_SEG0160,REC052,SPK003,test,vad_v1,1590.64,1604.512,13.872,data/processed/segments/REC052/REC052_SEG0160.wav,included,,no
REC052_SEG0161,REC052,SPK003,test,vad_v1,1604.512,1605.648,1.136,data/processed/segments/REC052/REC052_SEG0161.wav,included,,no
REC052_SEG0162,REC052,SPK003,test,vad_v1,1605.648,1620.432,14.784,data/processed/segments/REC052/REC052_SEG0162.wav,included,,no
REC052_SEG0163,REC052,SPK003,test,vad_v1,1620.432,1624.752,4.32,data/processed/segments/REC052/REC052_SEG0163.wav,included,,no
REC052_SEG0164,REC052,SPK003,test,vad_v1,1624.752,1639.44,14.688,data/processed/segments/REC052/REC052_SEG0164.wav,included,,no
REC052_SEG0165,REC052,SPK003,test,vad_v1,1639.44,1648.744,9.304,data/processed/segments/REC052/REC052_SEG0165.wav,included,,no
REC052_SEG0166,REC052,SPK003,test,vad_v1,1649.656,1652.168,2.512,data/processed/segments/REC052/REC052_SEG0166.wav,included,,no
REC052_SEG0167,REC052,SPK003,test,vad_v1,1652.536,1666.4,13.864,data/processed/segments/REC052/REC052_SEG0167.wav,included,,no
REC052_SEG0168,REC052,SPK003,test,vad_v1,1666.4,1678.504,12.104,data/processed/segments/REC052/REC052_SEG0168.wav,included,,no
REC052_SEG0169,REC052,SPK003,test,vad_v1,1681.72,1683.184,1.464,data/processed/segments/REC052/REC052_SEG0169.wav,rejected,,no
REC052_SEG0170,REC052,SPK003,test,vad_v1,1683.184,1697.872,14.688,data/processed/segments/REC052/REC052_SEG0170.wav,included,,no
REC052_SEG0171,REC052,SPK003,test,vad_v1,1697.872,1709.728,11.856,data/processed/segments/REC052/REC052_SEG0171.wav,included,,no
REC052_SEG0172,REC052,SPK003,test,vad_v1,1709.728,1724.464,14.736,data/processed/segments/REC052/REC052_SEG0172.wav,included,,no
REC052_SEG0173,REC052,SPK003,test,vad_v1,1724.464,1728.064,3.6,data/processed/segments/REC052/REC052_SEG0173.wav,included,,no
REC052_SEG0174,REC052,SPK003,test,vad_v1,1728.064,1740.912,12.848,data/processed/segments/REC052/REC052_SEG0174.wav,included,,no
REC052_SEG0175,REC052,SPK003,test,vad_v1,1740.912,1744.032,3.12,data/processed/segments/REC052/REC052_SEG0175.wav,included,,no
REC052_SEG0176,REC052,SPK003,test,vad_v1,1744.032,1758.16,14.128,data/processed/segments/REC052/REC052_SEG0176.wav,included,,no
REC052_SEG0177,REC052,SPK003,test,vad_v1,1758.16,1765.552,7.392,data/processed/segments/REC052/REC052_SEG0177.wav,included,,no
REC052_SEG0178,REC052,SPK003,test,vad_v1,1765.552,1779.792,14.24,data/processed/segments/REC052/REC052_SEG0178.wav,included,,no
REC052_SEG0179,REC052,SPK003,test,vad_v1,1779.792,1788.16,8.368,data/processed/segments/REC052/REC052_SEG0179.wav,included,,no
REC052_SEG0180,REC052,SPK003,test,vad_v1,1788.16,1796.488,8.328,data/processed/segments/REC052/REC052_SEG0180.wav,included,,no
REC052_SEG0181,REC052,SPK003,test,vad_v1,1796.504,1808.456,11.952,data/processed/segments/REC052/REC052_SEG0181.wav,included,,no
REC052_SEG0182,REC052,SPK003,test,vad_v1,1809.048,1815.808,6.76,data/processed/segments/REC052/REC052_SEG0182.wav,included,,no
REC052_SEG0183,REC052,SPK003,test,vad_v1,1815.808,1829.2,13.392,data/processed/segments/REC052/REC052_SEG0183.wav,included,,no
REC052_SEG0184,REC052,SPK003,test,vad_v1,1829.2,1842.28,13.08,data/processed/segments/REC052/REC052_SEG0184.wav,included,,no
REC052_SEG0185,REC052,SPK003,test,vad_v1,1842.712,1850.568,7.856,data/processed/segments/REC052/REC052_SEG0185.wav,included,,no
REC052_SEG0186,REC052,SPK003,test,vad_v1,1850.968,1864.264,13.296,data/processed/segments/REC052/REC052_SEG0186.wav,included,,no
REC052_SEG0187,REC052,SPK003,test,vad_v1,1864.632,1867.344,2.712,data/processed/segments/REC052/REC052_SEG0187.wav,included,,no
REC052_SEG0188,REC052,SPK003,test,vad_v1,1867.344,1882.272,14.928,data/processed/segments/REC052/REC052_SEG0188.wav,included,,no
REC052_SEG0189,REC052,SPK003,test,vad_v1,1882.272,1883.784,1.512,data/processed/segments/REC052/REC052_SEG0189.wav,included,,no
REC052_SEG0190,REC052,SPK003,test,vad_v1,1883.8,1898.608,14.808,data/processed/segments/REC052/REC052_SEG0190.wav,included,,no
REC052_SEG0191,REC052,SPK003,test,vad_v1,1898.608,1907.776,9.168,data/processed/segments/REC052/REC052_SEG0191.wav,included,,no
REC052_SEG0192,REC052,SPK003,test,vad_v1,1907.776,1920.432,12.656,data/processed/segments/REC052/REC052_SEG0192.wav,included,,no
REC052_SEG0193,REC052,SPK003,test,vad_v1,1920.432,1931.168,10.736,data/processed/segments/REC052/REC052_SEG0193.wav,included,,no
REC052_SEG0194,REC052,SPK003,test,vad_v1,1931.168,1937.96,6.792,data/processed/segments/REC052/REC052_SEG0194.wav,included,,no
REC052_SEG0195,REC052,SPK003,test,vad_v1,1938.168,1949.632,11.464,data/processed/segments/REC052/REC052_SEG0195.wav,included,,no
REC052_SEG0196,REC052,SPK003,test,vad_v1,1949.632,1962.837,13.205,data/processed/segments/REC052/REC052_SEG0196.wav,included,,no
REC059_SEG0001,REC059,SPK004,test,vad_v1,21.016,33.0,11.984,data/processed/segments/REC059/REC059_SEG0001.wav,included,,no
REC059_SEG0002,REC059,SPK004,test,vad_v1,33.048,43.88,10.832,data/processed/segments/REC059/REC059_SEG0002.wav,included,,no
REC059_SEG0003,REC059,SPK004,test,vad_v1,45.976,49.512,3.536,data/processed/segments/REC059/REC059_SEG0003.wav,included,,no
REC059_SEG0004,REC059,SPK004,test,vad_v1,49.656,60.928,11.272,data/processed/segments/REC059/REC059_SEG0004.wav,included,,no
REC059_SEG0005,REC059,SPK004,test,vad_v1,60.928,66.728,5.8,data/processed/segments/REC059/REC059_SEG0005.wav,included,,no
REC059_SEG0006,REC059,SPK004,test,vad_v1,68.6,74.248,5.648,data/processed/segments/REC059/REC059_SEG0006.wav,included,,no
REC059_SEG0007,REC059,SPK004,test,vad_v1,74.36,86.536,12.176,data/processed/segments/REC059/REC059_SEG0007.wav,included,,no
REC059_SEG0008,REC059,SPK004,test,vad_v1,93.784,105.672,11.888,data/processed/segments/REC059/REC059_SEG0008.wav,included,,no
REC059_SEG0009,REC059,SPK004,test,vad_v1,105.816,110.984,5.168,data/processed/segments/REC059/REC059_SEG0009.wav,included,,no
REC059_SEG0010,REC059,SPK004,test,vad_v1,112.024,121.256,9.232,data/processed/segments/REC059/REC059_SEG0010.wav,included,,no
REC059_SEG0011,REC059,SPK004,test,vad_v1,132.184,140.264,8.08,data/processed/segments/REC059/REC059_SEG0011.wav,included,,no
REC059_SEG0012,REC059,SPK004,test,vad_v1,141.656,150.664,9.008,data/processed/segments/REC059/REC059_SEG0012.wav,included,,no
REC059_SEG0013,REC059,SPK004,test,vad_v1,150.84,159.784,8.944,data/processed/segments/REC059/REC059_SEG0013.wav,included,,no
REC059_SEG0014,REC059,SPK004,test,vad_v1,160.664,170.184,9.52,data/processed/segments/REC059/REC059_SEG0014.wav,included,,no
REC059_SEG0015,REC059,SPK004,test,vad_v1,170.232,176.84,6.608,data/processed/segments/REC059/REC059_SEG0015.wav,included,,no
REC059_SEG0016,REC059,SPK004,test,vad_v1,177.048,188.296,11.248,data/processed/segments/REC059/REC059_SEG0016.wav,included,,no
REC059_SEG0017,REC059,SPK004,test,vad_v1,188.504,194.952,6.448,data/processed/segments/REC059/REC059_SEG0017.wav,included,,no
REC059_SEG0018,REC059,SPK004,test,vad_v1,199.288,206.376,7.088,data/processed/segments/REC059/REC059_SEG0018.wav,included,,no
REC059_SEG0019,REC059,SPK004,test,vad_v1,206.392,218.696,12.304,data/processed/segments/REC059/REC059_SEG0019.wav,included,,no
REC059_SEG0020,REC059,SPK004,test,vad_v1,218.744,222.536,3.792,data/processed/segments/REC059/REC059_SEG0020.wav,included,,no
REC059_SEG0021,REC059,SPK004,test,vad_v1,222.968,233.992,11.024,data/processed/segments/REC059/REC059_SEG0021.wav,included,,no
REC059_SEG0022,REC059,SPK004,test,vad_v1,234.36,240.736,6.376,data/processed/segments/REC059/REC059_SEG0022.wav,included,,no
REC059_SEG0023,REC059,SPK004,test,vad_v1,240.736,249.28,8.544,data/processed/segments/REC059/REC059_SEG0023.wav,included,,no
REC059_SEG0024,REC059,SPK004,test,vad_v1,249.28,261.352,12.072,data/processed/segments/REC059/REC059_SEG0024.wav,included,,no
REC059_SEG0025,REC059,SPK004,test,vad_v1,263.864,268.968,5.104,data/processed/segments/REC059/REC059_SEG0025.wav,included,,no
REC059_SEG0026,REC059,SPK004,test,vad_v1,271.192,284.04,12.848,data/processed/segments/REC059/REC059_SEG0026.wav,included,,no
REC059_SEG0027,REC059,SPK004,test,vad_v1,284.536,297.096,12.56,data/processed/segments/REC059/REC059_SEG0027.wav,included,,no
REC059_SEG0028,REC059,SPK004,test,vad_v1,297.528,307.752,10.224,data/processed/segments/REC059/REC059_SEG0028.wav,included,,no
REC059_SEG0029,REC059,SPK004,test,vad_v1,308.536,318.664,10.128,data/processed/segments/REC059/REC059_SEG0029.wav,included,,no
REC059_SEG0030,REC059,SPK004,test,vad_v1,319.192,330.44,11.248,data/processed/segments/REC059/REC059_SEG0030.wav,included,,no
REC059_SEG0031,REC059,SPK004,test,vad_v1,333.112,340.232,7.12,data/processed/segments/REC059/REC059_SEG0031.wav,included,,no
REC059_SEG0032,REC059,SPK004,test,vad_v1,340.664,348.328,7.664,data/processed/segments/REC059/REC059_SEG0032.wav,included,,no
REC059_SEG0033,REC059,SPK004,test,vad_v1,348.632,360.552,11.92,data/processed/segments/REC059/REC059_SEG0033.wav,included,,no
REC059_SEG0034,REC059,SPK004,test,vad_v1,360.696,367.496,6.8,data/processed/segments/REC059/REC059_SEG0034.wav,included,,no
REC059_SEG0035,REC059,SPK004,test,vad_v1,372.184,376.584,4.4,data/processed/segments/REC059/REC059_SEG0035.wav,included,,no
REC059_SEG0036,REC059,SPK004,test,vad_v1,376.984,389.896,12.912,data/processed/segments/REC059/REC059_SEG0036.wav,included,,no
REC059_SEG0037,REC059,SPK004,test,vad_v1,390.392,401.832,11.44,data/processed/segments/REC059/REC059_SEG0037.wav,included,,no
REC059_SEG0038,REC059,SPK004,test,vad_v1,402.168,406.408,4.24,data/processed/segments/REC059/REC059_SEG0038.wav,included,,no
REC059_SEG0039,REC059,SPK004,test,vad_v1,407.16,417.672,10.512,data/processed/segments/REC059/REC059_SEG0039.wav,included,,no
REC059_SEG0040,REC059,SPK004,test,vad_v1,419.768,425.256,5.488,data/processed/segments/REC059/REC059_SEG0040.wav,included,,no
REC059_SEG0041,REC059,SPK004,test,vad_v1,425.592,437.64,12.048,data/processed/segments/REC059/REC059_SEG0041.wav,included,,no
REC059_SEG0042,REC059,SPK004,test,vad_v1,438.04,448.328,10.288,data/processed/segments/REC059/REC059_SEG0042.wav,included,,no
REC059_SEG0043,REC059,SPK004,test,vad_v1,450.776,461.584,10.808,data/processed/segments/REC059/REC059_SEG0043.wav,included,,no
REC059_SEG0044,REC059,SPK004,test,vad_v1,461.584,469.448,7.864,data/processed/segments/REC059/REC059_SEG0044.wav,included,,no
REC059_SEG0045,REC059,SPK004,test,vad_v1,476.312,483.656,7.344,data/processed/segments/REC059/REC059_SEG0045.wav,included,,no
REC059_SEG0046,REC059,SPK004,test,vad_v1,484.76,493.728,8.968,data/processed/segments/REC059/REC059_SEG0046.wav,included,,no
REC059_SEG0047,REC059,SPK004,test,vad_v1,493.728,499.752,6.024,data/processed/segments/REC059/REC059_SEG0047.wav,included,,no
REC059_SEG0048,REC059,SPK004,test,vad_v1,500.472,511.344,10.872,data/processed/segments/REC059/REC059_SEG0048.wav,included,,no
REC059_SEG0049,REC059,SPK004,test,vad_v1,511.344,516.776,5.432,data/processed/segments/REC059/REC059_SEG0049.wav,included,,no
REC059_SEG0050,REC059,SPK004,test,vad_v1,517.112,529.216,12.104,data/processed/segments/REC059/REC059_SEG0050.wav,included,,no
REC059_SEG0051,REC059,SPK004,test,vad_v1,529.216,540.744,11.528,data/processed/segments/REC059/REC059_SEG0051.wav,included,,no
REC059_SEG0052,REC059,SPK004,test,vad_v1,540.984,544.168,3.184,data/processed/segments/REC059/REC059_SEG0052.wav,included,,no
REC059_SEG0053,REC059,SPK004,test,vad_v1,544.856,550.344,5.488,data/processed/segments/REC059/REC059_SEG0053.wav,included,,no
REC080_SEG0001,REC080,SPK006,test,vad_v1,9.848,17.192,7.344,data/processed/segments/REC080/REC080_SEG0001.wav,included,,no
REC080_SEG0002,REC080,SPK006,test,vad_v1,17.432,26.12,8.688,data/processed/segments/REC080/REC080_SEG0002.wav,included,,no
REC080_SEG0003,REC080,SPK006,test,vad_v1,26.808,36.2,9.392,data/processed/segments/REC080/REC080_SEG0003.wav,included,,no
REC080_SEG0004,REC080,SPK006,test,vad_v1,36.408,50.504,14.096,data/processed/segments/REC080/REC080_SEG0004.wav,included,,no
REC080_SEG0005,REC080,SPK006,test,vad_v1,50.712,60.936,10.224,data/processed/segments/REC080/REC080_SEG0005.wav,included,,no
REC080_SEG0006,REC080,SPK006,test,vad_v1,62.168,75.848,13.68,data/processed/segments/REC080/REC080_SEG0006.wav,included,,no
REC080_SEG0007,REC080,SPK006,test,vad_v1,76.216,87.88,11.664,data/processed/segments/REC080/REC080_SEG0007.wav,included,,no
REC080_SEG0008,REC080,SPK006,test,vad_v1,88.536,91.656,3.12,data/processed/segments/REC080/REC080_SEG0008.wav,included,,no
REC080_SEG0009,REC080,SPK006,test,vad_v1,91.736,106.176,14.44,data/processed/segments/REC080/REC080_SEG0009.wav,included,,no
REC080_SEG0010,REC080,SPK006,test,vad_v1,106.176,118.216,12.04,data/processed/segments/REC080/REC080_SEG0010.wav,included,,no
REC080_SEG0011,REC080,SPK006,test,vad_v1,118.584,128.904,10.32,data/processed/segments/REC080/REC080_SEG0011.wav,included,,no
REC080_SEG0012,REC080,SPK006,test,vad_v1,129.08,135.936,6.856,data/processed/segments/REC080/REC080_SEG0012.wav,included,,no
REC080_SEG0013,REC080,SPK006,test,vad_v1,135.936,145.48,9.544,data/processed/segments/REC080/REC080_SEG0013.wav,included,,no
REC080_SEG0014,REC080,SPK006,test,vad_v1,145.848,156.488,10.64,data/processed/segments/REC080/REC080_SEG0014.wav,included,,no
REC080_SEG0015,REC080,SPK006,test,vad_v1,156.888,170.272,13.384,data/processed/segments/REC080/REC080_SEG0015.wav,included,,no
REC080_SEG0016,REC080,SPK006,test,vad_v1,170.272,174.856,4.584,data/processed/segments/REC080/REC080_SEG0016.wav,included,,no
REC080_SEG0017,REC080,SPK006,test,vad_v1,175.16,187.584,12.424,data/processed/segments/REC080/REC080_SEG0017.wav,included,,no
REC080_SEG0018,REC080,SPK006,test,vad_v1,187.584,199.24,11.656,data/processed/segments/REC080/REC080_SEG0018.wav,included,,no
REC080_SEG0019,REC080,SPK006,test,vad_v1,199.928,213.544,13.616,data/processed/segments/REC080/REC080_SEG0019.wav,included,,no
REC080_SEG0020,REC080,SPK006,test,vad_v1,214.072,215.24,1.168,data/processed/segments/REC080/REC080_SEG0020.wav,included,,no
REC080_SEG0021,REC080,SPK006,test,vad_v1,215.448,229.256,13.808,data/processed/segments/REC080/REC080_SEG0021.wav,included,,no
REC080_SEG0022,REC080,SPK006,test,vad_v1,229.368,235.752,6.384,data/processed/segments/REC080/REC080_SEG0022.wav,included,,no
REC080_SEG0023,REC080,SPK006,test,vad_v1,236.184,248.496,12.312,data/processed/segments/REC080/REC080_SEG0023.wav,included,,no
REC080_SEG0024,REC080,SPK006,test,vad_v1,248.496,253.032,4.536,data/processed/segments/REC080/REC080_SEG0024.wav,included,,no
REC080_SEG0025,REC080,SPK006,test,vad_v1,253.208,263.4,10.192,data/processed/segments/REC080/REC080_SEG0025.wav,included,,no
REC080_SEG0026,REC080,SPK006,test,vad_v1,264.92,268.712,3.792,data/processed/segments/REC080/REC080_SEG0026.wav,included,,no
REC080_SEG0027,REC080,SPK006,test,vad_v1,268.792,281.904,13.112,data/processed/segments/REC080/REC080_SEG0027.wav,included,,no
REC080_SEG0028,REC080,SPK006,test,vad_v1,281.904,293.632,11.728,data/processed/segments/REC080/REC080_SEG0028.wav,included,,no
REC080_SEG0029,REC080,SPK006,test,vad_v1,293.632,300.648,7.016,data/processed/segments/REC080/REC080_SEG0029.wav,included,,no
REC080_SEG0030,REC080,SPK006,test,vad_v1,301.4,311.568,10.168,data/processed/segments/REC080/REC080_SEG0030.wav,included,,no
REC080_SEG0031,REC080,SPK006,test,vad_v1,311.568,325.52,13.952,data/processed/segments/REC080/REC080_SEG0031.wav,included,,no
REC080_SEG0032,REC080,SPK006,test,vad_v1,325.52,328.848,3.328,data/processed/segments/REC080/REC080_SEG0032.wav,included,,no
REC080_SEG0033,REC080,SPK006,test,vad_v1,328.848,341.504,12.656,data/processed/segments/REC080/REC080_SEG0033.wav,included,,no
REC080_SEG0034,REC080,SPK006,test,vad_v1,341.504,351.944,10.44,data/processed/segments/REC080/REC080_SEG0034.wav,included,,no
REC080_SEG0035,REC080,SPK006,test,vad_v1,353.144,362.76,9.616,data/processed/segments/REC080/REC080_SEG0035.wav,included,,no
REC080_SEG0036,REC080,SPK006,test,vad_v1,363.384,374.272,10.888,data/processed/segments/REC080/REC080_SEG0036.wav,included,,no
REC080_SEG0037,REC080,SPK006,test,vad_v1,374.272,378.376,4.104,data/processed/segments/REC080/REC080_SEG0037.wav,included,,no
REC080_SEG0038,REC080,SPK006,test,vad_v1,378.392,393.2,14.808,data/processed/segments/REC080/REC080_SEG0038.wav,included,,no
REC080_SEG0039,REC080,SPK006,test,vad_v1,393.2,399.848,6.648,data/processed/segments/REC080/REC080_SEG0039.wav,included,,no
REC080_SEG0040,REC080,SPK006,test,vad_v1,400.312,412.904,12.592,data/processed/segments/REC080/REC080_SEG0040.wav,included,,no
REC080_SEG0041,REC080,SPK006,test,vad_v1,413.304,415.184,1.88,data/processed/segments/REC080/REC080_SEG0041.wav,included,,no
REC080_SEG0042,REC080,SPK006,test,vad_v1,415.184,429.872,14.688,data/processed/segments/REC080/REC080_SEG0042.wav,included,,no
REC080_SEG0043,REC080,SPK006,test,vad_v1,429.872,439.464,9.592,data/processed/segments/REC080/REC080_SEG0043.wav,included,,no
REC080_SEG0044,REC080,SPK006,test,vad_v1,439.768,447.08,7.312,data/processed/segments/REC080/REC080_SEG0044.wav,included,,no
REC080_SEG0045,REC080,SPK006,test,vad_v1,447.832,454.336,6.504,data/processed/segments/REC080/REC080_SEG0045.wav,included,,no
REC080_SEG0046,REC080,SPK006,test,vad_v1,454.336,468.512,14.176,data/processed/segments/REC080/REC080_SEG0046.wav,included,,no
REC080_SEG0047,REC080,SPK006,test,vad_v1,468.512,483.184,14.672,data/processed/segments/REC080/REC080_SEG0047.wav,included,,no
REC080_SEG0048,REC080,SPK006,test,vad_v1,483.184,490.96,7.776,data/processed/segments/REC080/REC080_SEG0048.wav,included,,no
REC080_SEG0049,REC080,SPK006,test,vad_v1,490.96,501.608,10.648,data/processed/segments/REC080/REC080_SEG0049.wav,included,,no
REC080_SEG0050,REC080,SPK006,test,vad_v1,502.264,502.696,0.432,data/processed/segments/REC080/REC080_SEG0050.wav,rejected,,no
REC080_SEG0051,REC080,SPK006,test,vad_v1,502.712,517.168,14.456,data/processed/segments/REC080/REC080_SEG0051.wav,included,,no
REC080_SEG0052,REC080,SPK006,test,vad_v1,517.168,519.344,2.176,data/processed/segments/REC080/REC080_SEG0052.wav,included,,no
REC080_SEG0053,REC080,SPK006,test,vad_v1,519.344,534.032,14.688,data/processed/segments/REC080/REC080_SEG0053.wav,included,,no
REC080_SEG0054,REC080,SPK006,test,vad_v1,534.032,543.936,9.904,data/processed/segments/REC080/REC080_SEG0054.wav,included,,no
REC080_SEG0055,REC080,SPK006,test,vad_v1,543.936,557.096,13.16,data/processed/segments/REC080/REC080_SEG0055.wav,included,,no
REC080_SEG0056,REC080,SPK006,test,vad_v1,557.56,561.072,3.512,data/processed/segments/REC080/REC080_SEG0056.wav,included,,no
REC080_SEG0057,REC080,SPK006,test,vad_v1,561.072,575.04,13.968,data/processed/segments/REC080/REC080_SEG0057.wav,included,,no
REC080_SEG0058,REC080,SPK006,test,vad_v1,575.04,576.368,1.328,data/processed/segments/REC080/REC080_SEG0058.wav,included,,no
REC080_SEG0059,REC080,SPK006,test,vad_v1,576.368,589.928,13.56,data/processed/segments/REC080/REC080_SEG0059.wav,included,,no
REC080_SEG0060,REC080,SPK006,test,vad_v1,589.944,598.16,8.216,data/processed/segments/REC080/REC080_SEG0060.wav,included,,no
REC080_SEG0061,REC080,SPK006,test,vad_v1,598.16,607.104,8.944,data/processed/segments/REC080/REC080_SEG0061.wav,included,,no
REC080_SEG0062,REC080,SPK006,test,vad_v1,607.104,621.776,14.672,data/processed/segments/REC080/REC080_SEG0062.wav,included,,no
REC080_SEG0063,REC080,SPK006,test,vad_v1,621.776,632.192,10.416,data/processed/segments/REC080/REC080_SEG0063.wav,included,,no
REC080_SEG0064,REC080,SPK006,test,vad_v1,632.192,643.144,10.952,data/processed/segments/REC080/REC080_SEG0064.wav,included,,no
REC080_SEG0065,REC080,SPK006,test,vad_v1,660.344,671.04,10.696,data/processed/segments/REC080/REC080_SEG0065.wav,included,,no
REC080_SEG0066,REC080,SPK006,test,vad_v1,671.04,677.072,6.032,data/processed/segments/REC080/REC080_SEG0066.wav,included,,no
REC080_SEG0067,REC080,SPK006,test,vad_v1,677.072,687.12,10.048,data/processed/segments/REC080/REC080_SEG0067.wav,included,,no
REC080_SEG0068,REC080,SPK006,test,vad_v1,687.12,698.464,11.344,data/processed/segments/REC080/REC080_SEG0068.wav,included,,no
REC080_SEG0069,REC080,SPK006,test,vad_v1,698.464,702.496,4.032,data/processed/segments/REC080/REC080_SEG0069.wav,included,,no
REC080_SEG0070,REC080,SPK006,test,vad_v1,702.496,716.672,14.176,data/processed/segments/REC080/REC080_SEG0070.wav,included,,no
REC080_SEG0071,REC080,SPK006,test,vad_v1,716.672,722.344,5.672,data/processed/segments/REC080/REC080_SEG0071.wav,included,,no
REC080_SEG0072,REC080,SPK006,test,vad_v1,727.0,737.96,10.96,data/processed/segments/REC080/REC080_SEG0072.wav,included,,no
REC080_SEG0073,REC080,SPK006,test,vad_v1,739.544,743.552,4.008,data/processed/segments/REC080/REC080_SEG0073.wav,included,,no
REC080_SEG0074,REC080,SPK006,test,vad_v1,743.552,756.256,12.704,data/processed/segments/REC080/REC080_SEG0074.wav,included,,no
REC080_SEG0075,REC080,SPK006,test,vad_v1,756.256,762.568,6.312,data/processed/segments/REC080/REC080_SEG0075.wav,included,,no
REC080_SEG0076,REC080,SPK006,test,vad_v1,762.744,773.96,11.216,data/processed/segments/REC080/REC080_SEG0076.wav,included,,no
REC080_SEG0077,REC080,SPK006,test,vad_v1,774.168,784.008,9.84,data/processed/segments/REC080/REC080_SEG0077.wav,included,,no
REC080_SEG0078,REC080,SPK006,test,vad_v1,784.152,791.208,7.056,data/processed/segments/REC080/REC080_SEG0078.wav,included,,no
REC080_SEG0079,REC080,SPK006,test,vad_v1,797.208,803.528,6.32,data/processed/segments/REC080/REC080_SEG0079.wav,included,,no
REC080_SEG0080,REC080,SPK006,test,vad_v1,803.576,817.032,13.456,data/processed/segments/REC080/REC080_SEG0080.wav,included,,no
REC080_SEG0081,REC080,SPK006,test,vad_v1,817.56,821.096,3.536,data/processed/segments/REC080/REC080_SEG0081.wav,included,,no
REC080_SEG0082,REC080,SPK006,test,vad_v1,821.176,835.984,14.808,data/processed/segments/REC080/REC080_SEG0082.wav,included,,no
REC080_SEG0083,REC080,SPK006,test,vad_v1,835.984,841.48,5.496,data/processed/segments/REC080/REC080_SEG0083.wav,included,,no
REC080_SEG0084,REC080,SPK006,test,vad_v1,841.496,853.896,12.4,data/processed/segments/REC080/REC080_SEG0084.wav,included,,no
REC080_SEG0085,REC080,SPK006,test,vad_v1,858.968,860.32,1.352,data/processed/segments/REC080/REC080_SEG0085.wav,included,,no
REC080_SEG0086,REC080,SPK006,test,vad_v1,860.32,874.912,14.592,data/processed/segments/REC080/REC080_SEG0086.wav,included,,no
REC080_SEG0087,REC080,SPK006,test,vad_v1,874.912,887.904,12.992,data/processed/segments/REC080/REC080_SEG0087.wav,included,,no
REC080_SEG0088,REC080,SPK006,test,vad_v1,887.904,898.448,10.544,data/processed/segments/REC080/REC080_SEG0088.wav,included,,no
REC080_SEG0089,REC080,SPK006,test,vad_v1,898.448,904.192,5.744,data/processed/segments/REC080/REC080_SEG0089.wav,included,,no
REC080_SEG0090,REC080,SPK006,test,vad_v1,904.192,914.784,10.592,data/processed/segments/REC080/REC080_SEG0090.wav,included,,no
REC080_SEG0091,REC080,SPK006,test,vad_v1,914.784,924.808,10.024,data/processed/segments/REC080/REC080_SEG0091.wav,included,,no
REC080_SEG0092,REC080,SPK006,test,vad_v1,934.136,945.704,11.568,data/processed/segments/REC080/REC080_SEG0092.wav,included,,no
REC080_SEG0093,REC080,SPK006,test,vad_v1,945.72,950.021,4.301,data/processed/segments/REC080/REC080_SEG0093.wav,included,,no
REC090_SEG0001,REC090,SPK007,validation,vad_v1,4.6,14.664,10.064,data/processed/segments/REC090/REC090_SEG0001.wav,rejected,,no
REC090_SEG0002,REC090,SPK007,validation,vad_v1,14.872,25.488,10.616,data/processed/segments/REC090/REC090_SEG0002.wav,rejected,,no
REC090_SEG0003,REC090,SPK007,validation,vad_v1,25.488,30.08,4.592,data/processed/segments/REC090/REC090_SEG0003.wav,rejected,,no
REC090_SEG0004,REC090,SPK007,validation,vad_v1,30.08,41.168,11.088,data/processed/segments/REC090/REC090_SEG0004.wav,rejected,,no
REC090_SEG0005,REC090,SPK007,validation,vad_v1,41.168,53.44,12.272,data/processed/segments/REC090/REC090_SEG0005.wav,rejected,,no
REC090_SEG0006,REC090,SPK007,validation,vad_v1,53.44,59.656,6.216,data/processed/segments/REC090/REC090_SEG0006.wav,rejected,,no
REC090_SEG0007,REC090,SPK007,validation,vad_v1,59.864,74.672,14.808,data/processed/segments/REC090/REC090_SEG0007.wav,rejected,,no
REC090_SEG0008,REC090,SPK007,validation,vad_v1,74.672,76.52,1.848,data/processed/segments/REC090/REC090_SEG0008.wav,rejected,,no
REC090_SEG0009,REC090,SPK007,validation,vad_v1,76.6,91.592,14.992,data/processed/segments/REC090/REC090_SEG0009.wav,rejected,,no
REC090_SEG0010,REC090,SPK007,validation,vad_v1,92.056,95.336,3.28,data/processed/segments/REC090/REC090_SEG0010.wav,reviewed,ssalamuɛlikum necc meryem,yes
REC090_SEG0011,REC090,SPK007,validation,vad_v1,95.992,101.192,5.2,data/processed/segments/REC090/REC090_SEG0011.wav,reviewed,aqay ruxxa tnayn uɛecrin sana ḍi hulanda,yes
REC090_SEG0012,REC090,SPK007,validation,vad_v1,102.552,114.6,12.048,data/processed/segments/REC090/REC090_SEG0012.wav,reviewed,mercex ak nmis n jjiran usiɣ d zi lmeɣrib umi ira aqqay ḍi lmeɣrib ira qqaɣas ad raḥaɣ a urupa ad ggex ad ggex maca,yes
REC090_SEG0013,REC090,SPK007,validation,vad_v1,114.904,122.984,8.08,data/processed/segments/REC090/REC090_SEG0013.wav,reviewed,umi wsiɣd dda ufix manayenni wa dji ca min ira ɣari ddhi rɛqel inu,yes
REC090_SEG0014,REC090,SPK007,validation,vad_v1,123.608,130.768,7.16,data/processed/segments/REC090/REC090_SEG0014.wav,reviewed,a necc mammec ira djjix ḍi lmeɣrib wadji manayenni uffix dda,yes
REC090_SEG0015,REC090,SPK007,validation,vad_v1,130.768,143.56,12.792,data/processed/segments/REC090/REC090_SEG0015.wav,reviewed,necc ḍi lmeɣrib ira ɣari lḥurriya inu ira ɣari yemma dd baba ɣari suctma lmuhim ɣari kulci ira teɛicex mammec nneɣni lmuhim ɛawed ayi mammec tuɣa tɛiced,yes
REC090_SEG0016,REC090,SPK007,validation,vad_v1,144.056,147.4,3.344,data/processed/segments/REC090/REC090_SEG0016.wav,reviewed,ḍi lmeɣrib neccin mammec ira niɛicc,yes
REC090_SEG0017,REC090,SPK007,validation,vad_v1,147.608,161.32,13.712,data/processed/segments/REC090/REC090_SEG0017.wav,reviewed,ag baba dd yemma wa ɣaneɣ ca ɣaneɣ ca n reḥwayej n teggit en ɣaneɣ can n reḥwayej wa ntegg ca maca wadji iziyyan wa zeyyan ca attas am mammec ira tiɛiceɣ ag ruxa mayn aks,yes
REC090_SEG0018,REC090,SPK007,validation,vad_v1,161.464,163.432,1.968,data/processed/segments/REC090/REC090_SEG0018.wav,reviewed,lmuhim wsiɣd,yes
REC090_SEG0019,REC090,SPK007,validation,vad_v1,163.992,177.64,13.648,data/processed/segments/REC090/REC090_SEG0019.wav,reviewed,necc ira ɛemmas wa wsiɣd ɣar urupa wsiɣd ddi ṭiyara jjix familya inu jjix lɛaila inu umi wsiɣd wfiɣ manyenni wadji am mammec ira nniɣ ḍi reɛqer inu,yes
REC090_SEG0020,REC090,SPK007,validation,vad_v1,178.072,189.544,11.472,data/processed/segments/REC090/REC090_SEG0020.wav,reviewed,usiɣd umi usiɣd necc usiɣd ddirikt ɣar ṭaddarṭ nnnn yemmas d babas n ayaz inu ira zeddeɣeɣ ak idsen ira mmitsen d amezyan zeddeɣeɣ ak idsen,yes
REC090_SEG0021,REC090,SPK007,validation,vad_v1,190.072,193.672,3.6,data/processed/segments/REC090/REC090_SEG0021.wav,reviewed,lmuhim mammec ira tiɛiceɣ,yes
REC090_SEG0022,REC090,SPK007,validation,vad_v1,193.752,208.56,14.808,data/processed/segments/REC090/REC090_SEG0022.wav,reviewed,memnuɛ ad fɣeɣ a barra ad feɣeɣ illa ag yemmas netta ira ɣas lḥayat nnes ɛawed netta ira ixeddem itased itett i sess ad iffeɣ ɣa barra ar djiret ad iɛqeb ira ɣas mammec qan lḥayat nnes ḍi barra,yes
REC090_SEG0023,REC090,SPK007,validation,vad_v1,208.56,211.016,2.456,data/processed/segments/REC090/REC090_SEG0023.wav,reviewed,ra ɣa ṭaddarṭ imrec ak idi,yes
REC090_SEG0024,REC090,SPK007,validation,vad_v1,211.544,224.168,12.624,data/processed/segments/REC090/REC090_SEG0024.wav,reviewed,safi igga manayenni i lwalidin nnes wadji netta ira ixsay nnanas ad tmerced ḍi lmeɣrib safi imrec safi iggasen lxada nsen maca ɣars netta min ḍi barra min yazzu netta i teggit ḍi barra,yes
REC090_SEG0025,REC090,SPK007,validation,vad_v1,225.016,232.488,7.472,data/processed/segments/REC090/REC090_SEG0025.wav,reviewed,saf ira yeɛni ira tiɛiceɣ ak idsen ḍi ṭaddarṭ lḥayet inu cḥal ḥittac asna,yes
REC090_SEG0026,REC090,SPK007,validation,vad_v1,233.432,243.72,10.288,data/processed/segments/REC090/REC090_SEG0026.wav,reviewed,iɛiceɣ ak idsen ira ɣari ijjen ijjen taxawwuf ḍi lḥayat inu ak idsen uxa ḍi taddat ira tiɛiceɣ s tiggʷdi,yes
REC090_SEG0027,REC090,SPK007,validation,vad_v1,244.28,254.944,10.664,data/processed/segments/REC090/REC090_SEG0027.wav,reviewed,axmi wadji taddat inu axmi wa lmuhim yemmas ira teḥkkam attas netta ira rebda aqat ḍi barra itiɛic lḥayet nnes,yes
REC090_SEG0028,REC090,SPK007,validation,vad_v1,254.944,259.272,4.328,data/processed/segments/REC090/REC090_SEG0028.wav,reviewed,ḍi barra ag timɣarin nneɣni ira ɣas ijjen n tameddukec,yes
REC090_SEG0029,REC090,SPK007,validation,vad_v1,259.512,273.256,13.744,data/processed/segments/REC090/REC090_SEG0029.wav,reviewed,ɣars taawer nesdithaddata xmi wa ɣars ḥedd lmuhim ɣars lḥayat nnes necc memnuɛ ad ggex ca memnuɛ ad ffeqdi bara mmnuɛ ad ssiwer x memnuɛ ad yiri xmer ira,yes
REC090_SEG0030,REC090,SPK007,validation,vad_v1,273.272,277.448,4.176,data/processed/segments/REC090/REC090_SEG0030.wav,reviewed,ixsay ad ssenteɣ ɣasen waha min ɣa day inin,yes
REC090_SEG0031,REC090,SPK007,validation,vad_v1,278.104,292.448,14.344,data/processed/segments/REC090/REC090_SEG0031.wav,reviewed,ra ḍi taddat memnuɛ add yadeɣ pijama ssawar d triku qanay rebda ixssam a tirid tesṭadd rebda ixssam funara ḍi taddat ira zeddɣeɣ necc d babas d yemmas maca wexxa amenni ixessay rebda adiriɣ,yes
REC090_SEG0032,REC090,SPK007,validation,vad_v1,292.448,300.872,8.424,data/processed/segments/REC090/REC090_SEG0032.wav,reviewed,ad iriɣ axmi ad fɣeɣ ɣar barya yaɛni ad sṭaɣ ɣar adaxer waxxa aqqacem ḍi taddat lla qa ga amia lmuhim,yes
REC090_SEG0033,REC090,SPK007,validation,vad_v1,301.24,314.312,13.072,data/processed/segments/REC090/REC090_SEG0033.wav,reviewed,manaya uca min tuɣ tegged nhar imkel man tuɣa sɛeddid nhuraṭ nnem min ira s ɛedduɣ nhuraṭ inu ruxa umi usiɣd zi lmeɣrib,yes
REC090_SEG0034,REC090,SPK007,validation,vad_v1,314.552,321.288,6.736,data/processed/segments/REC090/REC090_SEG0034.wav,reviewed,ira qqimeɣ rbeɛ snin ɛad ɛad texreq ɣari rux yedji tamezwarut,yes
REC090_SEG0035,REC090,SPK007,validation,vad_v1,321.72,335.688,13.968,data/processed/segments/REC090/REC090_SEG0035.wav,reviewed,min ira teggeɣ ira wa teggeɣ walu add nekka add nefda a negg lmakla add xezzaɣ tilifizyun safi can imur n ṭraḥeɣ ag yemmas ɣar lḥanut ak yemmas waha weḥdi ira memnuɛ,yes
REC090_SEG0036,REC090,SPK007,validation,vad_v1,335.768,350.576,14.808,data/processed/segments/REC090/REC090_SEG0036.wav,reviewed,lmuhim qa d tta lḥayat inu ira wa teffɣeɣ ca wa ɣari timddukar inu mermi ssawareɣ ag yemma qqanay lla war ssawar ca ak familya nnem attas xmi lmuhim ira rweqt nni ira tibratin waha ira tariɣ tibratin,yes
REC090_SEG0037,REC090,SPK007,validation,vad_v1,350.576,364.552,13.976,data/processed/segments/REC090/REC090_SEG0037.wav,reviewed,ijjen ucma ira ɣari ak ides lɛalaqa mliḥ maca waxxa amenni ira wa qqaɣ ca lḥayat inu min tiɛiceɣ ira rebda twarinay,yes
REC090_SEG0038,REC090,SPK007,validation,vad_v1,364.632,375.432,10.8,data/processed/segments/REC090/REC090_SEG0038.wav,reviewed,a meryem aqqat mliḥ aqaat mliḥ mayemmi ira rebda deḥceɣ lmacakil inu ira wazzuɣ ca adassiniɣ i yemma adassiniɣ qqaɣas rux d manaya i xafi ektaben,yes
REC090_SEG0039,REC090,SPK007,validation,vad_v1,375.672,387.528,11.856,data/processed/segments/REC090/REC090_SEG0039.wav,reviewed,rux ad iɛiceɣ ra addxzaɣ min ɣa ggeɣ gi lḥayat inu ad sebreɣ maca sbar nni wa dji bu wadji ca d lemliḥ mayemmi qa bnaḍem mamci dja netta,yes
REC090_SEG0040,REC090,SPK007,validation,vad_v1,388.216,394.28,6.064,data/processed/segments/REC090/REC090_SEG0040.wav,reviewed,ɛemmas wa d ad yas ijjen nneɣni ad dam yeni la ixsam atbeddred mamc ixes netta,yes
REC090_SEG0041,REC090,SPK007,validation,vad_v1,395.16,407.808,12.648,data/processed/segments/REC090/REC090_SEG0041.wav,reviewed,qaɛ manaya la yumkin la yumkin tamɣart ad tbedder mayemmi qa ayaz yazzut amya d wamya ad ṭsebad wa dji war ṭsebbar ca maca x can leḥwayej wa dji ca x can lḥwayej,yes
REC090_SEG0042,REC090,SPK007,validation,vad_v1,407.808,415.784,7.976,data/processed/segments/REC090/REC090_SEG0042.wav,reviewed,cexsiya nnem ad tbedder ad tesbad ad tesbad ca nhar safi ɣa teffeɣed arincem tameḥbust wah amenni wah,yes
REC090_SEG0043,REC090,SPK007,validation,vad_v1,417.272,428.968,11.696,data/processed/segments/REC090/REC090_SEG0043.wav,reviewed,uca melmi tusa lweqt iɛni thegid ḍi lbal nnem safi war qqimeɣ ad sebreɣ war qqimeɣ ad sebreɣ ag argaza ad raḥeɣ melmi tusid lweqt nni,yes
REC090_SEG0044,REC090,SPK007,validation,vad_v1,429.752,432.2,2.448,data/processed/segments/REC090/REC090_SEG0044.wav,reviewed,a mermitussid lweqt nni necc,yes
REC090_SEG0045,REC090,SPK007,validation,vad_v1,432.28,445.248,12.968,data/processed/segments/REC090/REC090_SEG0045.wav,reviewed,waxxa ammeni ḍi reɛqer inu iraq qqaɣas maɛlic qa manaya yektaben xafi ad sbaɣ ɣari ṭawa inu ɣari ira ɣari ṭnayen n issi ira aqqay suɛeddis n mmi,yes
REC090_SEG0046,REC090,SPK007,validation,vad_v1,445.248,448.272,3.024,data/processed/segments/REC090/REC090_SEG0046.wav,reviewed,ira rebda qqaɣas maɛlic maɛlic maca umi,yes
REC090_SEG0047,REC090,SPK007,validation,vad_v1,448.272,460.584,12.312,data/processed/segments/REC090/REC090_SEG0047.wav,reviewed,xmi tiriɣ tɣimiɣ weḥdi uca tfekkaɣ qqaɣas rux qa ɛannec sbax maci ad ṭawa inu ad mɣan add azzun ca n leḥwayej i tiɛicen iwḍan da war zemman ca adggen manayenni,yes
REC090_SEG0048,REC090,SPK007,validation,vad_v1,460.728,472.968,12.24,data/processed/segments/REC090/REC090_SEG0048.wav,reviewed,safi qqimeɣ tfekkaɣ qqaɣas manaya was zemmaɣ ca safi ruxa uḥreɣ ḍi manaya d manayenni uca ira ɣaneɣ lmacakil attas umi aqqaneɣ ɣaneɣ lmacakil attas uca man macakil min dam yuqɛan,yes
REC090_SEG0049,REC090,SPK007,validation,vad_v1,473.432,475.72,2.288,data/processed/segments/REC090/REC090_SEG0049.wav,reviewed,min day yuqɛen,yes
REC090_SEG0050,REC090,SPK007,validation,vad_v1,475.832,488.776,12.944,data/processed/segments/REC090/REC090_SEG0050.wav,reviewed,tuɣ ticcenam leflus tuɣ tsarrafen xam yaɛni mammec lla lla ira ḍi lewel ira ticcenay udji ticcennay xmi traḥeɣ a lḥanut ad ksiɣ min xseɣ,yes
REC090_SEG0051,REC090,SPK007,validation,vad_v1,489.016,499.464,10.448,data/processed/segments/REC090/REC090_SEG0051.wav,reviewed,xmi anraḥ a ssuq ad xseɣ lmuhim ira ɣari kulci ira ɣari ddheb ira ɣari arrud ira ɣari maca wahniɣ ca ɣ daxer wahniɣ ca,yes
REC090_SEG0052,REC090,SPK007,validation,vad_v1,500.888,513.824,12.936,data/processed/segments/REC090/REC090_SEG0052.wav,reviewed,safi ira bdiɣ txiyyadeɣ cwayt txeyyadeɣ i timɣarin ira ɣari tassend timɣarin ɣari txiyyadeɣ ḍi taddat ira ɣari cwayt n tinɛacin tjicem umuder atxidded wah waḥ ṭejjay,yes
REC090_SEG0053,REC090,SPK007,validation,vad_v1,513.824,524.032,10.208,data/processed/segments/REC090/REC090_SEG0053.wav,reviewed,ɣesmu ira ɣari ɛawed lmacakil ak ides thimɣarin nni ira taddfen teffɣen la mayemmi tassend lla mayemmi mi tggen muhim ira ɣari attas n macakil lex taxeyyaṭ nni maca amenni,yes
REC090_SEG0054,REC090,SPK007,validation,vad_v1,524.032,532.84,8.808,data/processed/segments/REC090/REC090_SEG0054.wav,reviewed,tɣimiɣ txeyyadeɣ mayemmi lmacakil lmacakil ira aqqat ɣari akiddsen ira macina nni tenni tamedduketc inu,yes
REC090_SEG0055,REC090,SPK007,validation,vad_v1,532.984,543.232,10.248,data/processed/segments/REC090/REC090_SEG0055.wav,reviewed,yeɛni tfaraɣeɣ manayenni ɣari adaxer tfaraɣeɣ ḍi macina nni mara aqay d ak macina farḥeɣ ḥsen ma ad ɣimmeɣ ak idsen mayemmi,yes
REC090_SEG0056,REC090,SPK007,validation,vad_v1,543.232,549.288,6.056,data/processed/segments/REC090/REC090_SEG0056.wav,reviewed,mermi mma nniɣ c n wawar wer dji bu amenni ta azzun zeɛma azzun axmi,yes
REC090_SEG0057,REC090,SPK007,validation,vad_v1,549.592,559.52,9.928,data/processed/segments/REC090/REC090_SEG0057.wav,reviewed,gginay ijjen taḥfat mermi mma azzuɣ ad ffɣeɣ ad siwreɣ manayenni qanay lla ɛqeb din amenni ira amenni ḥayat nni aqat ɣari qanay,yes
REC090_SEG0058,REC090,SPK007,validation,vad_v1,559.52,566.12,6.6,data/processed/segments/REC090/REC090_SEG0058.wav,reviewed,axmi cemm wa tskkʷid walu axmi min ma ggiiɣ wa dji bu amenni lmuhim rebda ira teggennay,yes
REC090_SEG0059,REC090,SPK007,validation,vad_v1,566.648,581.456,14.808,data/processed/segments/REC090/REC090_SEG0059.wav,included,,no
REC090_SEG0060,REC090,SPK007,validation,vad_v1,581.456,591.112,9.656,data/processed/segments/REC090/REC090_SEG0060.wav,included,,no
REC090_SEG0061,REC090,SPK007,validation,vad_v1,592.696,597.864,5.168,data/processed/segments/REC090/REC090_SEG0061.wav,included,,no
REC090_SEG0062,REC090,SPK007,validation,vad_v1,599.064,602.824,3.76,data/processed/segments/REC090/REC090_SEG0062.wav,included,,no
REC090_SEG0063,REC090,SPK007,validation,vad_v1,602.968,614.248,11.28,data/processed/segments/REC090/REC090_SEG0063.wav,included,,no
REC090_SEG0064,REC090,SPK007,validation,vad_v1,614.264,621.088,6.824,data/processed/segments/REC090/REC090_SEG0064.wav,included,,no
REC090_SEG0065,REC090,SPK007,validation,vad_v1,621.088,635.792,14.704,data/processed/segments/REC090/REC090_SEG0065.wav,included,,no
REC090_SEG0066,REC090,SPK007,validation,vad_v1,635.792,647.944,12.152,data/processed/segments/REC090/REC090_SEG0066.wav,included,,no
REC090_SEG0067,REC090,SPK007,validation,vad_v1,648.76,656.968,8.208,data/processed/segments/REC090/REC090_SEG0067.wav,included,,no
REC090_SEG0068,REC090,SPK007,validation,vad_v1,657.816,660.264,2.448,data/processed/segments/REC090/REC090_SEG0068.wav,rejected,,no
REC090_SEG0069,REC090,SPK007,validation,vad_v1,662.552,667.752,5.2,data/processed/segments/REC090/REC090_SEG0069.wav,rejected,,no
REC090_SEG0070,REC090,SPK007,validation,vad_v1,668.088,680.744,12.656,data/processed/segments/REC090/REC090_SEG0070.wav,included,,no
REC090_SEG0071,REC090,SPK007,validation,vad_v1,681.048,683.944,2.896,data/processed/segments/REC090/REC090_SEG0071.wav,included,,no
REC090_SEG0072,REC090,SPK007,validation,vad_v1,684.472,699.328,14.856,data/processed/segments/REC090/REC090_SEG0072.wav,included,,no
REC090_SEG0073,REC090,SPK007,validation,vad_v1,699.328,711.848,12.52,data/processed/segments/REC090/REC090_SEG0073.wav,included,,no
REC090_SEG0074,REC090,SPK007,validation,vad_v1,711.896,718.952,7.056,data/processed/segments/REC090/REC090_SEG0074.wav,included,,no
REC090_SEG0075,REC090,SPK007,validation,vad_v1,719.544,734.352,14.808,data/processed/segments/REC090/REC090_SEG0075.wav,included,,no
REC090_SEG0076,REC090,SPK007,validation,vad_v1,734.352,744.808,10.456,data/processed/segments/REC090/REC090_SEG0076.wav,included,,no
REC090_SEG0077,REC090,SPK007,validation,vad_v1,745.016,757.008,11.992,data/processed/segments/REC090/REC090_SEG0077.wav,included,,no
REC090_SEG0078,REC090,SPK007,validation,vad_v1,757.008,771.76,14.752,data/processed/segments/REC090/REC090_SEG0078.wav,included,,no
REC090_SEG0079,REC090,SPK007,validation,vad_v1,771.76,779.528,7.768,data/processed/segments/REC090/REC090_SEG0079.wav,included,,no
REC090_SEG0080,REC090,SPK007,validation,vad_v1,779.704,788.096,8.392,data/processed/segments/REC090/REC090_SEG0080.wav,included,,no
REC090_SEG0081,REC090,SPK007,validation,vad_v1,788.096,795.688,7.592,data/processed/segments/REC090/REC090_SEG0081.wav,included,,no
REC090_SEG0082,REC090,SPK007,validation,vad_v1,796.056,803.4,7.344,data/processed/segments/REC090/REC090_SEG0082.wav,included,,no
REC090_SEG0083,REC090,SPK007,validation,vad_v1,804.632,813.744,9.112,data/processed/segments/REC090/REC090_SEG0083.wav,rejected,,no
REC090_SEG0084,REC090,SPK007,validation,vad_v1,813.744,819.688,5.944,data/processed/segments/REC090/REC090_SEG0084.wav,included,,no
REC090_SEG0085,REC090,SPK007,validation,vad_v1,820.568,822.344,1.776,data/processed/segments/REC090/REC090_SEG0085.wav,rejected,,no
REC090_SEG0086,REC090,SPK007,validation,vad_v1,822.712,837.52,14.808,data/processed/segments/REC090/REC090_SEG0086.wav,reviewed,netta wa cem ixes ca wah iwa qa manayenni qaɣas ruxa wa ɣars lḥayat nnes ḍi bara netta ɛawed lmuckil xmi tɛessab ira icatay ira iccatay wedji zeɛma iccatay am ya waha zaɛma,yes
REC090_SEG0087,REC090,SPK007,validation,vad_v1,837.52,840.872,3.352,data/processed/segments/REC090/REC090_SEG0087.wav,reviewed,ɛad qa rux rux mecḥar n ssna,yes
REC090_SEG0088,REC090,SPK007,validation,vad_v1,841.08,855.248,14.168,data/processed/segments/REC090/REC090_SEG0088.wav,reviewed,ruxa ṭnɛac n ssna zggami fɣaɣ ak ides ɛad dayi rima ḍi guɛra inu n min ira icatay ruxa netta wa dji ira xmi ytɛessab ad iccat minzi ma ɣas d lkas nix taziyyat nix,yes
REC090_SEG0089,REC090,SPK007,validation,vad_v1,855.248,869.16,13.912,data/processed/segments/REC090/REC090_SEG0089.wav,reviewed,lmuhim umi ira aqqay suɛeddis yewtay ɣa uɛeddis inu ira ɣari mmi damezwaru aɛeddis inu niɣas wa ssineɣ manaya mamamam ma ad yedda ma lmuhim kiɣ attas lmacakil ak ides,yes
REC090_SEG0090,REC090,SPK007,validation,vad_v1,869.464,873.544,4.08,data/processed/segments/REC090/REC090_SEG0090.wav,included,,no
REC090_SEG0091,REC090,SPK007,validation,vad_v1,874.072,887.208,13.136,data/processed/segments/REC090/REC090_SEG0091.wav,reviewed,ruxa yemmas ɣas kif kif ruxa mayemmi qa netta tiɛic lḥayat nni ira ayaz iccatit tqqaram tqqaram nurmal a cem iccat safi nurmal kemmer x lḥayat nnem,yes
REC090_SEG0092,REC090,SPK007,validation,vad_v1,887.448,891.24,3.792,data/processed/segments/REC090/REC090_SEG0092.wav,included,,no
REC090_SEG0093,REC090,SPK007,validation,vad_v1,892.44,903.592,11.152,data/processed/segments/REC090/REC090_SEG0093.wav,included,,no
REC090_SEG0094,REC090,SPK007,validation,vad_v1,904.44,914.024,9.584,data/processed/segments/REC090/REC090_SEG0094.wav,included,,no
REC090_SEG0095,REC090,SPK007,validation,vad_v1,915.0,924.648,9.648,data/processed/segments/REC090/REC090_SEG0095.wav,included,,no
REC090_SEG0096,REC090,SPK007,validation,vad_v1,925.144,937.16,12.016,data/processed/segments/REC090/REC090_SEG0096.wav,included,,no
REC090_SEG0097,REC090,SPK007,validation,vad_v1,937.208,945.192,7.984,data/processed/segments/REC090/REC090_SEG0097.wav,included,,no
REC090_SEG0098,REC090,SPK007,validation,vad_v1,945.56,959.888,14.328,data/processed/segments/REC090/REC090_SEG0098.wav,included,,no
REC090_SEG0099,REC090,SPK007,validation,vad_v1,959.888,972.04,12.152,data/processed/segments/REC090/REC090_SEG0099.wav,included,,no
REC090_SEG0100,REC090,SPK007,validation,vad_v1,973.784,986.12,12.336,data/processed/segments/REC090/REC090_SEG0100.wav,included,,no
REC090_SEG0101,REC090,SPK007,validation,vad_v1,987.096,993.48,6.384,data/processed/segments/REC090/REC090_SEG0101.wav,included,,no
REC090_SEG0102,REC090,SPK007,validation,vad_v1,993.56,1005.352,11.792,data/processed/segments/REC090/REC090_SEG0102.wav,included,,no
REC090_SEG0103,REC090,SPK007,validation,vad_v1,1005.496,1017.288,11.792,data/processed/segments/REC090/REC090_SEG0103.wav,included,,no
REC090_SEG0104,REC090,SPK007,validation,vad_v1,1017.496,1030.056,12.56,data/processed/segments/REC090/REC090_SEG0104.wav,included,,no
REC090_SEG0105,REC090,SPK007,validation,vad_v1,1030.2,1035.432,5.232,data/processed/segments/REC090/REC090_SEG0105.wav,included,,no
REC090_SEG0106,REC090,SPK007,validation,vad_v1,1035.8,1046.76,10.96,data/processed/segments/REC090/REC090_SEG0106.wav,included,,no
REC090_SEG0107,REC090,SPK007,validation,vad_v1,1046.936,1052.84,5.904,data/processed/segments/REC090/REC090_SEG0107.wav,included,,no
REC090_SEG0108,REC090,SPK007,validation,vad_v1,1053.112,1062.256,9.144,data/processed/segments/REC090/REC090_SEG0108.wav,included,,no
REC090_SEG0109,REC090,SPK007,validation,vad_v1,1062.256,1074.536,12.28,data/processed/segments/REC090/REC090_SEG0109.wav,included,,no
REC090_SEG0110,REC090,SPK007,validation,vad_v1,1075.192,1083.048,7.856,data/processed/segments/REC090/REC090_SEG0110.wav,included,,no
REC090_SEG0111,REC090,SPK007,validation,vad_v1,1084.44,1093.16,8.72,data/processed/segments/REC090/REC090_SEG0111.wav,included,,no
REC090_SEG0112,REC090,SPK007,validation,vad_v1,1093.336,1101.224,7.888,data/processed/segments/REC090/REC090_SEG0112.wav,included,,no
REC090_SEG0113,REC090,SPK007,validation,vad_v1,1101.56,1115.496,13.936,data/processed/segments/REC090/REC090_SEG0113.wav,included,,no
REC090_SEG0114,REC090,SPK007,validation,vad_v1,1116.376,1118.056,1.68,data/processed/segments/REC090/REC090_SEG0114.wav,included,,no
REC090_SEG0115,REC090,SPK007,validation,vad_v1,1118.744,1120.232,1.488,data/processed/segments/REC090/REC090_SEG0115.wav,included,,no
REC090_SEG0116,REC090,SPK007,validation,vad_v1,1120.984,1132.104,11.12,data/processed/segments/REC090/REC090_SEG0116.wav,included,,no
REC090_SEG0117,REC090,SPK007,validation,vad_v1,1132.28,1142.248,9.968,data/processed/segments/REC090/REC090_SEG0117.wav,included,,no
REC090_SEG0118,REC090,SPK007,validation,vad_v1,1143.256,1156.36,13.104,data/processed/segments/REC090/REC090_SEG0118.wav,included,,no
REC090_SEG0119,REC090,SPK007,validation,vad_v1,1157.624,1168.36,10.736,data/processed/segments/REC090/REC090_SEG0119.wav,included,,no
REC090_SEG0120,REC090,SPK007,validation,vad_v1,1169.208,1177.448,8.24,data/processed/segments/REC090/REC090_SEG0120.wav,included,,no
REC090_SEG0121,REC090,SPK007,validation,vad_v1,1178.232,1179.872,1.64,data/processed/segments/REC090/REC090_SEG0121.wav,included,,no
REC090_SEG0122,REC090,SPK007,validation,vad_v1,1179.872,1193.968,14.096,data/processed/segments/REC090/REC090_SEG0122.wav,included,,no
REC090_SEG0123,REC090,SPK007,validation,vad_v1,1193.968,1203.048,9.08,data/processed/segments/REC090/REC090_SEG0123.wav,included,,no
REC090_SEG0124,REC090,SPK007,validation,vad_v1,1203.672,1209.712,6.04,data/processed/segments/REC090/REC090_SEG0124.wav,included,,no
REC090_SEG0125,REC090,SPK007,validation,vad_v1,1209.712,1224.4,14.688,data/processed/segments/REC090/REC090_SEG0125.wav,included,,no
REC090_SEG0126,REC090,SPK007,validation,vad_v1,1224.4,1232.096,7.696,data/processed/segments/REC090/REC090_SEG0126.wav,included,,no
REC090_SEG0127,REC090,SPK007,validation,vad_v1,1232.096,1243.072,10.976,data/processed/segments/REC090/REC090_SEG0127.wav,included,,no
REC090_SEG0128,REC090,SPK007,validation,vad_v1,1243.072,1253.344,10.272,data/processed/segments/REC090/REC090_SEG0128.wav,included,,no
REC090_SEG0129,REC090,SPK007,validation,vad_v1,1253.344,1259.848,6.504,data/processed/segments/REC090/REC090_SEG0129.wav,included,,no
REC090_SEG0130,REC090,SPK007,validation,vad_v1,1259.992,1273.904,13.912,data/processed/segments/REC090/REC090_SEG0130.wav,included,,no
REC090_SEG0131,REC090,SPK007,validation,vad_v1,1273.904,1283.624,9.72,data/processed/segments/REC090/REC090_SEG0131.wav,included,,no
REC090_SEG0132,REC090,SPK007,validation,vad_v1,1283.832,1296.2,12.368,data/processed/segments/REC090/REC090_SEG0132.wav,included,,no
REC090_SEG0133,REC090,SPK007,validation,vad_v1,1296.376,1308.136,11.76,data/processed/segments/REC090/REC090_SEG0133.wav,included,,no
REC090_SEG0134,REC090,SPK007,validation,vad_v1,1308.152,1316.88,8.728,data/processed/segments/REC090/REC090_SEG0134.wav,included,,no
REC090_SEG0135,REC090,SPK007,validation,vad_v1,1316.88,1330.472,13.592,data/processed/segments/REC090/REC090_SEG0135.wav,included,,no
REC090_SEG0136,REC090,SPK007,validation,vad_v1,1331.032,1332.904,1.872,data/processed/segments/REC090/REC090_SEG0136.wav,included,,no
REC090_SEG0137,REC090,SPK007,validation,vad_v1,1333.272,1347.016,13.744,data/processed/segments/REC090/REC090_SEG0137.wav,included,,no
REC090_SEG0138,REC090,SPK007,validation,vad_v1,1347.224,1358.888,11.664,data/processed/segments/REC090/REC090_SEG0138.wav,included,,no
REC090_SEG0139,REC090,SPK007,validation,vad_v1,1359.736,1364.392,4.656,data/processed/segments/REC090/REC090_SEG0139.wav,included,,no
REC090_SEG0140,REC090,SPK007,validation,vad_v1,1364.536,1377.808,13.272,data/processed/segments/REC090/REC090_SEG0140.wav,included,,no
REC090_SEG0141,REC090,SPK007,validation,vad_v1,1377.808,1380.072,2.264,data/processed/segments/REC090/REC090_SEG0141.wav,included,,no
REC090_SEG0142,REC090,SPK007,validation,vad_v1,1380.152,1394.96,14.808,data/processed/segments/REC090/REC090_SEG0142.wav,included,,no
REC090_SEG0143,REC090,SPK007,validation,vad_v1,1394.96,1402.76,7.8,data/processed/segments/REC090/REC090_SEG0143.wav,included,,no
REC090_SEG0144,REC090,SPK007,validation,vad_v1,1402.968,1411.88,8.912,data/processed/segments/REC090/REC090_SEG0144.wav,included,,no
REC090_SEG0145,REC090,SPK007,validation,vad_v1,1412.216,1420.0,7.784,data/processed/segments/REC090/REC090_SEG0145.wav,included,,no
REC090_SEG0146,REC090,SPK007,validation,vad_v1,1420.0,1433.8,13.8,data/processed/segments/REC090/REC090_SEG0146.wav,included,,no
REC090_SEG0147,REC090,SPK007,validation,vad_v1,1433.816,1444.968,11.152,data/processed/segments/REC090/REC090_SEG0147.wav,included,,no
REC090_SEG0148,REC090,SPK007,validation,vad_v1,1445.24,1457.864,12.624,data/processed/segments/REC090/REC090_SEG0148.wav,included,,no
REC090_SEG0149,REC090,SPK007,validation,vad_v1,1458.072,1469.824,11.752,data/processed/segments/REC090/REC090_SEG0149.wav,included,,no
REC090_SEG0150,REC090,SPK007,validation,vad_v1,1469.824,1479.016,9.192,data/processed/segments/REC090/REC090_SEG0150.wav,included,,no
REC090_SEG0151,REC090,SPK007,validation,vad_v1,1479.896,1483.848,3.952,data/processed/segments/REC090/REC090_SEG0151.wav,included,,no
REC090_SEG0152,REC090,SPK007,validation,vad_v1,1484.312,1499.12,14.808,data/processed/segments/REC090/REC090_SEG0152.wav,included,,no
REC090_SEG0153,REC090,SPK007,validation,vad_v1,1499.12,1508.52,9.4,data/processed/segments/REC090/REC090_SEG0153.wav,included,,no
REC090_SEG0154,REC090,SPK007,validation,vad_v1,1508.856,1515.464,6.608,data/processed/segments/REC090/REC090_SEG0154.wav,included,,no
REC090_SEG0155,REC090,SPK007,validation,vad_v1,1515.832,1526.76,10.928,data/processed/segments/REC090/REC090_SEG0155.wav,included,,no
REC090_SEG0156,REC090,SPK007,validation,vad_v1,1526.968,1532.32,5.352,data/processed/segments/REC090/REC090_SEG0156.wav,included,,no
REC090_SEG0157,REC090,SPK007,validation,vad_v1,1532.32,1545.832,13.512,data/processed/segments/REC090/REC090_SEG0157.wav,included,,no
REC090_SEG0158,REC090,SPK007,validation,vad_v1,1546.232,1555.776,9.544,data/processed/segments/REC090/REC090_SEG0158.wav,included,,no
REC090_SEG0159,REC090,SPK007,validation,vad_v1,1555.776,1570.576,14.8,data/processed/segments/REC090/REC090_SEG0159.wav,included,,no
REC090_SEG0160,REC090,SPK007,validation,vad_v1,1570.576,1578.032,7.456,data/processed/segments/REC090/REC090_SEG0160.wav,included,,no
REC090_SEG0161,REC090,SPK007,validation,vad_v1,1578.032,1588.712,10.68,data/processed/segments/REC090/REC090_SEG0161.wav,included,,no
REC090_SEG0162,REC090,SPK007,validation,vad_v1,1589.144,1595.848,6.704,data/processed/segments/REC090/REC090_SEG0162.wav,included,,no
REC090_SEG0163,REC090,SPK007,validation,vad_v1,1596.6,1598.344,1.744,data/processed/segments/REC090/REC090_SEG0163.wav,rejected,,no
REC090_SEG0164,REC090,SPK007,validation,vad_v1,1599.544,1607.976,8.432,data/processed/segments/REC090/REC090_SEG0164.wav,included,,no
REC090_SEG0165,REC090,SPK007,validation,vad_v1,1609.56,1619.88,10.32,data/processed/segments/REC090/REC090_SEG0165.wav,included,,no
REC090_SEG0166,REC090,SPK007,validation,vad_v1,1620.056,1626.4,6.344,data/processed/segments/REC090/REC090_SEG0166.wav,included,,no
REC090_SEG0167,REC090,SPK007,validation,vad_v1,1626.4,1636.136,9.736,data/processed/segments/REC090/REC090_SEG0167.wav,included,,no
REC090_SEG0168,REC090,SPK007,validation,vad_v1,1636.408,1643.912,7.504,data/processed/segments/REC090/REC090_SEG0168.wav,included,,no
REC090_SEG0169,REC090,SPK007,validation,vad_v1,1644.024,1658.128,14.104,data/processed/segments/REC090/REC090_SEG0169.wav,included,,no
REC090_SEG0170,REC090,SPK007,validation,vad_v1,1658.128,1662.184,4.056,data/processed/segments/REC090/REC090_SEG0170.wav,included,,no
REC090_SEG0171,REC090,SPK007,validation,vad_v1,1662.552,1674.016,11.464,data/processed/segments/REC090/REC090_SEG0171.wav,included,,no
REC090_SEG0172,REC090,SPK007,validation,vad_v1,1674.016,1681.544,7.528,data/processed/segments/REC090/REC090_SEG0172.wav,included,,no
REC090_SEG0173,REC090,SPK007,validation,vad_v1,1681.592,1692.52,10.928,data/processed/segments/REC090/REC090_SEG0173.wav,included,,no
REC090_SEG0174,REC090,SPK007,validation,vad_v1,1692.568,1698.568,6.0,data/processed/segments/REC090/REC090_SEG0174.wav,included,,no
REC090_SEG0175,REC090,SPK007,validation,vad_v1,1699.032,1710.568,11.536,data/processed/segments/REC090/REC090_SEG0175.wav,included,,no
REC090_SEG0176,REC090,SPK007,validation,vad_v1,1712.216,1720.136,7.92,data/processed/segments/REC090/REC090_SEG0176.wav,included,,no
REC090_SEG0177,REC090,SPK007,validation,vad_v1,1720.888,1722.472,1.584,data/processed/segments/REC090/REC090_SEG0177.wav,included,,no
REC090_SEG0178,REC090,SPK007,validation,vad_v1,1723.0,1737.808,14.808,data/processed/segments/REC090/REC090_SEG0178.wav,included,,no
REC090_SEG0179,REC090,SPK007,validation,vad_v1,1737.808,1742.024,4.216,data/processed/segments/REC090/REC090_SEG0179.wav,included,,no
REC090_SEG0180,REC090,SPK007,validation,vad_v1,1742.2,1754.216,12.016,data/processed/segments/REC090/REC090_SEG0180.wav,included,,no
REC090_SEG0181,REC090,SPK007,validation,vad_v1,1759.128,1771.312,12.184,data/processed/segments/REC090/REC090_SEG0181.wav,included,,no
REC090_SEG0182,REC090,SPK007,validation,vad_v1,1771.312,1784.52,13.208,data/processed/segments/REC090/REC090_SEG0182.wav,included,,no
REC090_SEG0183,REC090,SPK007,validation,vad_v1,1784.952,1791.784,6.832,data/processed/segments/REC090/REC090_SEG0183.wav,included,,no
REC090_SEG0184,REC090,SPK007,validation,vad_v1,1792.12,1806.928,14.808,data/processed/segments/REC090/REC090_SEG0184.wav,included,,no
REC090_SEG0185,REC090,SPK007,validation,vad_v1,1806.928,1818.088,11.16,data/processed/segments/REC090/REC090_SEG0185.wav,included,,no
REC090_SEG0186,REC090,SPK007,validation,vad_v1,1819.224,1829.728,10.504,data/processed/segments/REC090/REC090_SEG0186.wav,included,,no
REC090_SEG0187,REC090,SPK007,validation,vad_v1,1829.728,1838.184,8.456,data/processed/segments/REC090/REC090_SEG0187.wav,included,,no
REC090_SEG0188,REC090,SPK007,validation,vad_v1,1838.552,1852.008,13.456,data/processed/segments/REC090/REC090_SEG0188.wav,included,,no
REC090_SEG0189,REC090,SPK007,validation,vad_v1,1852.408,1858.504,6.096,data/processed/segments/REC090/REC090_SEG0189.wav,included,,no
REC090_SEG0190,REC090,SPK007,validation,vad_v1,1861.176,1866.696,5.52,data/processed/segments/REC090/REC090_SEG0190.wav,included,,no
REC090_SEG0191,REC090,SPK007,validation,vad_v1,1867.128,1880.168,13.04,data/processed/segments/REC090/REC090_SEG0191.wav,included,,no
REC090_SEG0192,REC090,SPK007,validation,vad_v1,1880.792,1893.384,12.592,data/processed/segments/REC090/REC090_SEG0192.wav,included,,no
REC090_SEG0193,REC090,SPK007,validation,vad_v1,1895.48,1901.736,6.256,data/processed/segments/REC090/REC090_SEG0193.wav,rejected,,no
REC090_SEG0194,REC090,SPK007,validation,vad_v1,1902.264,1914.728,12.464,data/processed/segments/REC090/REC090_SEG0194.wav,included,,no
REC090_SEG0195,REC090,SPK007,validation,vad_v1,1916.76,1921.792,5.032,data/processed/segments/REC090/REC090_SEG0195.wav,included,,no
REC090_SEG0196,REC090,SPK007,validation,vad_v1,1921.792,1934.816,13.024,data/processed/segments/REC090/REC090_SEG0196.wav,included,,no
REC090_SEG0197,REC090,SPK007,validation,vad_v1,1934.816,1942.408,7.592,data/processed/segments/REC090/REC090_SEG0197.wav,included,,no
REC090_SEG0198,REC090,SPK007,validation,vad_v1,1943.096,1951.464,8.368,data/processed/segments/REC090/REC090_SEG0198.wav,included,,no
REC090_SEG0199,REC090,SPK007,validation,vad_v1,1951.8,1960.776,8.976,data/processed/segments/REC090/REC090_SEG0199.wav,included,,no
REC090_SEG0200,REC090,SPK007,validation,vad_v1,1961.88,1972.552,10.672,data/processed/segments/REC090/REC090_SEG0200.wav,included,,no
REC090_SEG0201,REC090,SPK007,validation,vad_v1,1973.08,1980.328,7.248,data/processed/segments/REC090/REC090_SEG0201.wav,included,,no
REC090_SEG0202,REC090,SPK007,validation,vad_v1,1980.728,1994.152,13.424,data/processed/segments/REC090/REC090_SEG0202.wav,included,,no
REC090_SEG0203,REC090,SPK007,validation,vad_v1,1994.584,2005.032,10.448,data/processed/segments/REC090/REC090_SEG0203.wav,included,,no
REC090_SEG0204,REC090,SPK007,validation,vad_v1,2005.56,2016.976,11.416,data/processed/segments/REC090/REC090_SEG0204.wav,included,,no
REC090_SEG0205,REC090,SPK007,validation,vad_v1,2016.976,2022.6,5.624,data/processed/segments/REC090/REC090_SEG0205.wav,included,,no
REC090_SEG0206,REC090,SPK007,validation,vad_v1,2022.68,2037.488,14.808,data/processed/segments/REC090/REC090_SEG0206.wav,included,,no
REC090_SEG0207,REC090,SPK007,validation,vad_v1,2037.488,2039.88,2.392,data/processed/segments/REC090/REC090_SEG0207.wav,included,,no
REC090_SEG0208,REC090,SPK007,validation,vad_v1,2040.024,2054.832,14.808,data/processed/segments/REC090/REC090_SEG0208.wav,included,,no
REC090_SEG0209,REC090,SPK007,validation,vad_v1,2054.832,2057.704,2.872,data/processed/segments/REC090/REC090_SEG0209.wav,included,,no
REC090_SEG0210,REC090,SPK007,validation,vad_v1,2058.168,2070.672,12.504,data/processed/segments/REC090/REC090_SEG0210.wav,reviewed,tɣaren zzays imken wa azzun ca atiri blay wa azzun ca addeḥec tamɣat azzu tamɣat rebda ad ṭsenneṭ i netta maɛlic mammec tegga ɣa d axer maɛlic lmuhim ad ṭsennet min yqqar netta,yes
REC090_SEG0211,REC090,SPK007,validation,vad_v1,2070.672,2077.992,7.32,data/processed/segments/REC090/REC090_SEG0211.wav,reviewed,maca neṭsennat xezzareɣ yeɛni maɣa txeyyiqen x min nefaḥ lbaɛad nsen fehmed,yes
REC090_SEG0212,REC090,SPK007,validation,vad_v1,2078.936,2081.864,2.928,data/processed/segments/REC090/REC090_SEG0212.wav,rejected,,no
REC090_SEG0213,REC090,SPK007,validation,vad_v1,2083.928,2090.536,6.608,data/processed/segments/REC090/REC090_SEG0213.wav,reviewed,yeɛni mani tuɣ tellid ked ḍi taddat nni ak d eks nnem tuɣ ddeḥaccen ḍi taddat lla lla,yes
REC090_SEG0214,REC090,SPK007,validation,vad_v1,2091.448,2092.392,0.944,data/processed/segments/REC090/REC090_SEG0214.wav,reviewed,qlil,yes
REC090_SEG0215,REC090,SPK007,validation,vad_v1,2094.264,2096.84,2.576,data/processed/segments/REC090/REC090_SEG0215.wav,reviewed,wer tegid d ggid diprissif ḍi lweqt nni,yes
REC090_SEG0216,REC090,SPK007,validation,vad_v1,2097.24,2110.952,13.712,data/processed/segments/REC090/REC090_SEG0216.wav,reviewed,waxxa gex dipresir awar ssawarex ca mayemmi qa yraɣar yemma dhi lmeɣrib iraɣari wa ɣari ḥedd dad ihulanda ḥum ad yiri ttarf inu ad ayinia min ɣa tged amin ɣa tegged,yes
REC090_SEG0217,REC090,SPK007,validation,vad_v1,2111.064,2116.68,5.616,data/processed/segments/REC090/REC090_SEG0217.wav,included,,no
REC090_SEG0218,REC090,SPK007,validation,vad_v1,2116.792,2130.824,14.032,data/processed/segments/REC090/REC090_SEG0218.wav,included,,no
REC090_SEG0219,REC090,SPK007,validation,vad_v1,2131.16,2135.464,4.304,data/processed/segments/REC090/REC090_SEG0219.wav,reviewed,ira ira tḥissa tḥissa maca war tennid i yemmam,yes
REC090_SEG0220,REC090,SPK007,validation,vad_v1,2135.704,2146.76,11.056,data/processed/segments/REC090/REC090_SEG0220.wav,reviewed,yemma ira aqat ḍi lmeɣrib wa uzzemaɣ necc ad ḥkkiɣ lmacakil inu i yemma min ɣa day teg yemma qa rux mammec tini baɛɛed ssenni lla lla necc mammec twariɣ,yes
REC090_SEG0221,REC090,SPK007,validation,vad_v1,2148.12,2161.416,13.296,data/processed/segments/REC090/REC090_SEG0221.wav,reviewed,bnaḍem mara ɣars lmacakil ixessam ad tegged lḥell i ixfennem wa din raj ijj a cem iɛawen maci wa ytɛiwin ca dam yini ffaɣ d manayenni maca ixessam cem i ɣa teged manayenni wa dam yeɛjib ca rḥar,yes
REC090_SEG0222,REC090,SPK007,validation,vad_v1,2161.848,2173.736,11.888,data/processed/segments/REC090/REC090_SEG0222.wav,reviewed,ffeɣ qa qa lḥayas qa waji ad tkemmer din waḥa ad tebda mani nneɣni ad tegged min texsed muhim ad tawded mani tazzud ad tawded mara texsed can lḥajjet,yes
REC090_SEG0223,REC090,SPK007,validation,vad_v1,2174.008,2176.84,2.832,data/processed/segments/REC090/REC090_SEG0223.wav,reviewed,ggit mammec xezzaɣ necc,yes
REC090_SEG0224,REC090,SPK007,validation,vad_v1,2176.856,2189.136,12.28,data/processed/segments/REC090/REC090_SEG0224.wav,reviewed,maca s maqlek xzeɣ denni lbaɛd n thimɣarin wa zemmerent adraḥent wa ɣasent yeɛni wi mayendaam yucin lquwwa cem waha qa yeqseḥ rḥar wadji qqaɣam sawareɣ ak idem amya waha qa rad necc ira aqay,yes
REC090_SEG0225,REC090,SPK007,validation,vad_v1,2189.136,2193.896,4.76,data/processed/segments/REC090/REC090_SEG0225.wav,reviewed,ɣ waɣari ḥed da ḍi hulanda ruḥeɣ zi tandit ɣar tandint,yes
REC090_SEG0226,REC090,SPK007,validation,vad_v1,2193.912,2208.72,14.808,data/processed/segments/REC090/REC090_SEG0226.wav,reviewed,umi umi umi ruḥeɣ a tandit nneɣmi nneɣni qa ruxa axmi ussiɣd ira aqqay ḥitac asna ak ides axmi usiɣ d ɛad zi lmeɣrib ira wa ssineɣ walu ira yeqsaḥ rḥar truɣ sdjirad qaɣas,yes
REC090_SEG0227,REC090,SPK007,validation,vad_v1,2208.72,2221.896,13.176,data/processed/segments/REC090/REC090_SEG0227.wav,reviewed,qqaɣas manaya waxxa amenni ira qqaɣas truɣ truɣ uca tnekkaɣ qqaɣas ruxa ɣari tawa inu ɣari ixessa i walabudda adiiɣ starek eqseḥ cwayt maca amenni mamec xezzaɣ necc,yes
REC090_SEG0228,REC090,SPK007,validation,vad_v1,2222.104,2231.048,8.944,data/processed/segments/REC090/REC090_SEG0228.wav,reviewed,reqsuḥit nni iqesḥen bnaḍem waxxa iqseḥ erḥar maca in anderkant aqay efray,yes
REC090_SEG0229,REC090,SPK007,validation,vad_v1,2233.08,2237.192,4.112,data/processed/segments/REC090/REC090_SEG0229.wav,reviewed,manayenni a manayenni a ira ira,yes
REC090_SEG0230,REC090,SPK007,validation,vad_v1,2237.624,2252.432,14.808,data/processed/segments/REC090/REC090_SEG0230.wav,reviewed,ira iɛejbay zeɛma teggeɣ min xsaɣ waxxa iqseḥ waxxa iqes erḥar maca ttfeɣ taddat inu ruxa uca tiɛiceɣ mammec xseɣ necc waxxa ytiri ssiɛab ḍi lḥayat maca qa ḥsen zi lmacakil ni ira am ḍi taddat d umeneɣi nni d weɛmud,yes
REC090_SEG0231,REC090,SPK007,validation,vad_v1,2252.432,2258.472,6.04,data/processed/segments/REC090/REC090_SEG0231.wav,reviewed,nni ad tirid weḥddem ḥsen ebe cmeradic iɛawnicem rebbi,yes
REC090_SEG0232,REC090,SPK007,validation,vad_v1,2259.192,2264.648,5.456,data/processed/segments/REC090/REC090_SEG0232.wav,reviewed,rebbi yeɛni wer das eɛejeb cay mara bnaḍem t steɛmered xefs,yes
REC090_SEG0233,REC090,SPK007,validation,vad_v1,2266.2,2267.464,1.264,data/processed/segments/REC090/REC090_SEG0233.wav,rejected,,no
REC090_SEG0234,REC090,SPK007,validation,vad_v1,2268.312,2275.432,7.12,data/processed/segments/REC090/REC090_SEG0234.wav,reviewed,mammec tuɣa dam d yusa lḥal yeɛni tuɣa trebbid tawa nnem maca ad tuɣa ɛemmred s lmacakil,yes
REC090_SEG0235,REC090,SPK007,validation,vad_v1,2276.28,2285.96,9.68,data/processed/segments/REC090/REC090_SEG0235.wav,reviewed,ḥaqqan ira ɣari lmacakil attas maca umi ad texreq ɣari yedji tamezwarut ira iɛejbay rḥar mayemmi,yes
REC090_SEG0236,REC090,SPK007,validation,vad_v1,2286.136,2294.16,8.024,data/processed/segments/REC090/REC090_SEG0236.wav,reviewed,axmi ira rahiɣ ak ides teggeɣas mecdeɣas teggeɣas arrud nnes,yes
REC090_SEG0237,REC090,SPK007,validation,vad_v1,2294.16,2306.44,12.28,data/processed/segments/REC090/REC090_SEG0237.wav,reviewed,axmi ira aqqat efrindin inu umir aqqat d tamezyant ira teɛjibay ya ɛejbennay iḥenjan waxxa ira terhid ag tawa nnem wah ira rhiɣ wah,yes
REC090_SEG0238,REC090,SPK007,validation,vad_v1,2307.224,2313.928,6.704,data/processed/segments/REC090/REC090_SEG0238.wav,reviewed,d xemmi tuɣ t truḍ niɣ tmenɣan akidem man tuɣ tegged yeɛni s lebzawz nnem,yes
REC090_SEG0239,REC090,SPK007,validation,vad_v1,2314.424,2327.776,13.352,data/processed/segments/REC090/REC090_SEG0239.wav,reviewed,ira aktariya waruɣ ca ɛemmas waruɣ ttafi ṭawa inu ɛemmas ira wa wa azzuɣ ca aday xzaren necc truɣ ira rebda ad xmi truɣ sdjiret,yes
REC090_SEG0240,REC090,SPK007,validation,vad_v1,2327.776,2329.76,1.984,data/processed/segments/REC090/REC090_SEG0240.wav,reviewed,mani wa day zarr ḥedd,yes
REC090_SEG0241,REC090,SPK007,validation,vad_v1,2329.76,2344.712,14.952,data/processed/segments/REC090/REC090_SEG0241.wav,reviewed,safi rexdenni mesḥeɣ ittawin inu safi tnekkaɣ axmi war yuwqiɛ ca amenni ra tafeɣ days arraḥet cwayt maca ad ruɣ ttafi can ijjen lla wa zemmaɣ ktra ṭawa inu wa zemmaɣ necc necc addruɣ ttaf nsen,yes
REC090_SEG0242,REC090,SPK007,validation,vad_v1,2345.112,2358.056,12.944,data/processed/segments/REC090/REC090_SEG0242.wav,reviewed,mayemmi ira azzuɣ rebda tawa inu adqqimen adqqimen wa teggen ca wa ḥezznen ca wa teggen ca lmuhim amya i tawra nnem mammec djan ruxa aqaṭen lḥamdu lillaḥ,yes
REC090_SEG0243,REC090,SPK007,validation,vad_v1,2358.456,2371.688,13.232,data/processed/segments/REC090/REC090_SEG0243.wav,reviewed,ɣari rebɛa n tawa inu ɣari ṭnayen tiḥenjirin d ṭnayen iḥenjan lhamdu lillah tggen gut ḍi skul nsen yedji txeddem akidi,yes
REC090_SEG0244,REC090,SPK007,validation,vad_v1,2372.12,2375.368,3.248,data/processed/segments/REC090/REC090_SEG0244.wav,included,,no
REC090_SEG0245,REC090,SPK007,validation,vad_v1,2375.512,2387.088,11.576,data/processed/segments/REC090/REC090_SEG0245.wav,reviewed,min ma azzun ad ggen cawarennay tegennay axmi tamedduketc nsen wa ziyyax ca attas lmuhimm necc xezzaɣ ɛawed,yes
REC090_SEG0246,REC090,SPK007,validation,vad_v1,2387.088,2394.92,7.832,data/processed/segments/REC090/REC090_SEG0246.wav,reviewed,wa day teɛjib ca aziyyar nni mayemmi ira ziyyan xafi necc wazzux ca adziyyaɣ x ṭawa inu mayemmi ɛawed ffeɣ ɛawed qa xasen,yes
REC090_SEG0247,REC090,SPK007,validation,vad_v1,2395.032,2402.952,7.92,data/processed/segments/REC090/REC090_SEG0247.wav,reviewed,qaɣas ruxa ad mɣan adyiri ɣasen ad iɛicen mammec ɛiceɣ necc wa azzuɣ ca manayenni i tawa inu,yes
REC090_SEG0248,REC090,SPK007,validation,vad_v1,2403.064,2413.696,10.632,data/processed/segments/REC090/REC090_SEG0248.wav,included,,no
REC090_SEG0249,REC090,SPK007,validation,vad_v1,2413.696,2420.552,6.856,data/processed/segments/REC090/REC090_SEG0249.wav,included,,no
REC090_SEG0250,REC090,SPK007,validation,vad_v1,2420.92,2431.616,10.696,data/processed/segments/REC090/REC090_SEG0250.wav,included,,no
REC090_SEG0251,REC090,SPK007,validation,vad_v1,2431.616,2444.776,13.16,data/processed/segments/REC090/REC090_SEG0251.wav,included,,no
REC090_SEG0252,REC090,SPK007,validation,vad_v1,2445.176,2457.256,12.08,data/processed/segments/REC090/REC090_SEG0252.wav,included,,no
REC090_SEG0253,REC090,SPK007,validation,vad_v1,2457.784,2460.776,2.992,data/processed/segments/REC090/REC090_SEG0253.wav,included,,no
REC090_SEG0254,REC090,SPK007,validation,vad_v1,2461.048,2473.16,12.112,data/processed/segments/REC090/REC090_SEG0254.wav,included,,no
REC090_SEG0255,REC090,SPK007,validation,vad_v1,2473.304,2480.392,7.088,data/processed/segments/REC090/REC090_SEG0255.wav,included,,no
REC090_SEG0256,REC090,SPK007,validation,vad_v1,2480.856,2490.816,9.96,data/processed/segments/REC090/REC090_SEG0256.wav,included,,no
REC090_SEG0257,REC090,SPK007,validation,vad_v1,2490.816,2497.888,7.072,data/processed/segments/REC090/REC090_SEG0257.wav,included,,no
REC090_SEG0258,REC090,SPK007,validation,vad_v1,2497.888,2506.6,8.712,data/processed/segments/REC090/REC090_SEG0258.wav,included,,no
REC090_SEG0259,REC090,SPK007,validation,vad_v1,2506.904,2515.272,8.368,data/processed/segments/REC090/REC090_SEG0259.wav,included,,no
REC090_SEG0260,REC090,SPK007,validation,vad_v1,2515.32,2529.568,14.248,data/processed/segments/REC090/REC090_SEG0260.wav,included,,no
REC090_SEG0261,REC090,SPK007,validation,vad_v1,2529.568,2531.368,1.8,data/processed/segments/REC090/REC090_SEG0261.wav,included,,no
REC090_SEG0262,REC090,SPK007,validation,vad_v1,2532.664,2543.944,11.28,data/processed/segments/REC090/REC090_SEG0262.wav,included,,no
REC090_SEG0263,REC090,SPK007,validation,vad_v1,2545.24,2548.296,3.056,data/processed/segments/REC090/REC090_SEG0263.wav,included,,no
REC090_SEG0264,REC090,SPK007,validation,vad_v1,2549.976,2551.432,1.456,data/processed/segments/REC090/REC090_SEG0264.wav,rejected,,no
REC090_SEG0265,REC090,SPK007,validation,vad_v1,2553.912,2557.48,3.568,data/processed/segments/REC090/REC090_SEG0265.wav,included,,no
REC090_SEG0266,REC090,SPK007,validation,vad_v1,2557.88,2569.504,11.624,data/processed/segments/REC090/REC090_SEG0266.wav,included,,no
REC090_SEG0267,REC090,SPK007,validation,vad_v1,2569.504,2583.272,13.768,data/processed/segments/REC090/REC090_SEG0267.wav,included,,no
REC090_SEG0268,REC090,SPK007,validation,vad_v1,2583.512,2584.648,1.136,data/processed/segments/REC090/REC090_SEG0268.wav,included,,no
REC090_SEG0269,REC090,SPK007,validation,vad_v1,2585.144,2598.656,13.512,data/processed/segments/REC090/REC090_SEG0269.wav,included,,no
REC090_SEG0270,REC090,SPK007,validation,vad_v1,2598.656,2602.112,3.456,data/processed/segments/REC090/REC090_SEG0270.wav,included,,no
REC090_SEG0271,REC090,SPK007,validation,vad_v1,2602.112,2614.728,12.616,data/processed/segments/REC090/REC090_SEG0271.wav,included,,no
REC090_SEG0272,REC090,SPK007,validation,vad_v1,2615.224,2617.568,2.344,data/processed/segments/REC090/REC090_SEG0272.wav,included,,no
REC090_SEG0273,REC090,SPK007,validation,vad_v1,2617.568,2632.528,14.96,data/processed/segments/REC090/REC090_SEG0273.wav,included,,no
REC090_SEG0274,REC090,SPK007,validation,vad_v1,2632.528,2638.152,5.624,data/processed/segments/REC090/REC090_SEG0274.wav,included,,no
REC090_SEG0275,REC090,SPK007,validation,vad_v1,2638.168,2648.512,10.344,data/processed/segments/REC090/REC090_SEG0275.wav,included,,no
REC090_SEG0276,REC090,SPK007,validation,vad_v1,2648.512,2661.888,13.376,data/processed/segments/REC090/REC090_SEG0276.wav,included,,no
REC090_SEG0277,REC090,SPK007,validation,vad_v1,2661.888,2667.784,5.896,data/processed/segments/REC090/REC090_SEG0277.wav,included,,no
REC090_SEG0278,REC090,SPK007,validation,vad_v1,2669.688,2673.352,3.664,data/processed/segments/REC090/REC090_SEG0278.wav,included,,no
REC090_SEG0279,REC090,SPK007,validation,vad_v1,2675.032,2688.904,13.872,data/processed/segments/REC090/REC090_SEG0279.wav,included,,no
REC090_SEG0280,REC090,SPK007,validation,vad_v1,2689.72,2700.456,10.736,data/processed/segments/REC090/REC090_SEG0280.wav,included,,no
REC090_SEG0281,REC090,SPK007,validation,vad_v1,2700.632,2705.16,4.528,data/processed/segments/REC090/REC090_SEG0281.wav,included,,no
REC090_SEG0282,REC090,SPK007,validation,vad_v1,2705.88,2711.336,5.456,data/processed/segments/REC090/REC090_SEG0282.wav,included,,no
REC090_SEG0283,REC090,SPK007,validation,vad_v1,2711.576,2721.12,9.544,data/processed/segments/REC090/REC090_SEG0283.wav,included,,no
REC090_SEG0284,REC090,SPK007,validation,vad_v1,2721.12,2727.4,6.28,data/processed/segments/REC090/REC090_SEG0284.wav,included,,no
REC090_SEG0285,REC090,SPK007,validation,vad_v1,2727.512,2736.2,8.688,data/processed/segments/REC090/REC090_SEG0285.wav,included,,no
REC090_SEG0286,REC090,SPK007,validation,vad_v1,2736.6,2748.776,12.176,data/processed/segments/REC090/REC090_SEG0286.wav,included,,no
REC090_SEG0287,REC090,SPK007,validation,vad_v1,2748.952,2757.168,8.216,data/processed/segments/REC090/REC090_SEG0287.wav,included,,no
REC090_SEG0288,REC090,SPK007,validation,vad_v1,2757.168,2771.2,14.032,data/processed/segments/REC090/REC090_SEG0288.wav,included,,no
REC090_SEG0289,REC090,SPK007,validation,vad_v1,2771.2,2775.424,4.224,data/processed/segments/REC090/REC090_SEG0289.wav,included,,no
REC090_SEG0290,REC090,SPK007,validation,vad_v1,2775.424,2786.576,11.152,data/processed/segments/REC090/REC090_SEG0290.wav,included,,no
REC090_SEG0291,REC090,SPK007,validation,vad_v1,2786.576,2797.32,10.744,data/processed/segments/REC090/REC090_SEG0291.wav,included,,no
REC090_SEG0292,REC090,SPK007,validation,vad_v1,2797.368,2807.272,9.904,data/processed/segments/REC090/REC090_SEG0292.wav,included,,no
REC090_SEG0293,REC090,SPK007,validation,vad_v1,2807.416,2812.616,5.2,data/processed/segments/REC090/REC090_SEG0293.wav,included,,no
REC090_SEG0294,REC090,SPK007,validation,vad_v1,2812.888,2825.696,12.808,data/processed/segments/REC090/REC090_SEG0294.wav,included,,no
REC090_SEG0295,REC090,SPK007,validation,vad_v1,2825.696,2834.632,8.936,data/processed/segments/REC090/REC090_SEG0295.wav,included,,no
REC090_SEG0296,REC090,SPK007,validation,vad_v1,2834.904,2841.704,6.8,data/processed/segments/REC090/REC090_SEG0296.wav,included,,no
REC090_SEG0297,REC090,SPK007,validation,vad_v1,2842.424,2847.72,5.296,data/processed/segments/REC090/REC090_SEG0297.wav,included,,no
REC090_SEG0298,REC090,SPK007,validation,vad_v1,2848.824,2854.152,5.328,data/processed/segments/REC090/REC090_SEG0298.wav,included,,no
REC090_SEG0299,REC090,SPK007,validation,vad_v1,2855.32,2861.96,6.64,data/processed/segments/REC090/REC090_SEG0299.wav,included,,no
REC090_SEG0300,REC090,SPK007,validation,vad_v1,2862.584,2874.248,11.664,data/processed/segments/REC090/REC090_SEG0300.wav,included,,no
REC090_SEG0301,REC090,SPK007,validation,vad_v1,2874.552,2879.92,5.368,data/processed/segments/REC090/REC090_SEG0301.wav,included,,no
REC090_SEG0302,REC090,SPK007,validation,vad_v1,2879.92,2894.704,14.784,data/processed/segments/REC090/REC090_SEG0302.wav,included,,no
REC090_SEG0303,REC090,SPK007,validation,vad_v1,2894.704,2896.16,1.456,data/processed/segments/REC090/REC090_SEG0303.wav,rejected,,no
REC090_SEG0304,REC090,SPK007,validation,vad_v1,2896.16,2910.864,14.704,data/processed/segments/REC090/REC090_SEG0304.wav,included,,no
REC090_SEG0305,REC090,SPK007,validation,vad_v1,2910.864,2913.992,3.128,data/processed/segments/REC090/REC090_SEG0305.wav,included,,no
REC090_SEG0306,REC090,SPK007,validation,vad_v1,2914.84,2924.64,9.8,data/processed/segments/REC090/REC090_SEG0306.wav,included,,no
REC090_SEG0307,REC090,SPK007,validation,vad_v1,2924.64,2932.872,8.232,data/processed/segments/REC090/REC090_SEG0307.wav,included,,no
REC090_SEG0308,REC090,SPK007,validation,vad_v1,2932.92,2945.824,12.904,data/processed/segments/REC090/REC090_SEG0308.wav,included,,no
REC090_SEG0309,REC090,SPK007,validation,vad_v1,2945.824,2960.56,14.736,data/processed/segments/REC090/REC090_SEG0309.wav,rejected,,no
REC090_SEG0310,REC090,SPK007,validation,vad_v1,2960.56,2962.984,2.424,data/processed/segments/REC090/REC090_SEG0310.wav,rejected,,no
REC091_SEG0001,REC091,SPK008,test,vad_v1,0.0,0.776,0.776,data/processed/segments/REC091/REC091_SEG0001.wav,included,,no
REC091_SEG0002,REC091,SPK008,test,vad_v1,0.792,15.6,14.808,data/processed/segments/REC091/REC091_SEG0002.wav,included,,no
REC091_SEG0003,REC091,SPK008,test,vad_v1,15.6,28.336,12.736,data/processed/segments/REC091/REC091_SEG0003.wav,included,,no
REC091_SEG0004,REC091,SPK008,test,vad_v1,28.336,43.024,14.688,data/processed/segments/REC091/REC091_SEG0004.wav,included,,no
REC091_SEG0005,REC091,SPK008,test,vad_v1,43.024,53.312,10.288,data/processed/segments/REC091/REC091_SEG0005.wav,included,,no
REC091_SEG0006,REC091,SPK008,test,vad_v1,53.312,60.624,7.312,data/processed/segments/REC091/REC091_SEG0006.wav,included,,no
REC091_SEG0007,REC091,SPK008,test,vad_v1,60.624,75.312,14.688,data/processed/segments/REC091/REC091_SEG0007.wav,included,,no
REC091_SEG0008,REC091,SPK008,test,vad_v1,75.312,85.104,9.792,data/processed/segments/REC091/REC091_SEG0008.wav,included,,no
REC091_SEG0009,REC091,SPK008,test,vad_v1,85.104,99.792,14.688,data/processed/segments/REC091/REC091_SEG0009.wav,included,,no
REC091_SEG0010,REC091,SPK008,test,vad_v1,99.792,108.96,9.168,data/processed/segments/REC091/REC091_SEG0010.wav,included,,no
REC091_SEG0011,REC091,SPK008,test,vad_v1,108.96,123.632,14.672,data/processed/segments/REC091/REC091_SEG0011.wav,included,,no
REC091_SEG0012,REC091,SPK008,test,vad_v1,123.632,125.072,1.44,data/processed/segments/REC091/REC091_SEG0012.wav,included,,no
REC091_SEG0013,REC091,SPK008,test,vad_v1,125.072,139.824,14.752,data/processed/segments/REC091/REC091_SEG0013.wav,included,,no
REC091_SEG0014,REC091,SPK008,test,vad_v1,139.824,153.616,13.792,data/processed/segments/REC091/REC091_SEG0014.wav,included,,no
REC091_SEG0015,REC091,SPK008,test,vad_v1,153.616,162.425,8.809,data/processed/segments/REC091/REC091_SEG0015.wav,included,,no
REC092_SEG0001,REC092,SPK008,test,vad_v1,0.088,2.216,2.128,data/processed/segments/REC092/REC092_SEG0001.wav,included,,no
REC092_SEG0002,REC092,SPK008,test,vad_v1,2.424,17.232,14.808,data/processed/segments/REC092/REC092_SEG0002.wav,included,,no
REC092_SEG0003,REC092,SPK008,test,vad_v1,17.232,31.856,14.624,data/processed/segments/REC092/REC092_SEG0003.wav,included,,no
REC092_SEG0004,REC092,SPK008,test,vad_v1,31.856,46.48,14.624,data/processed/segments/REC092/REC092_SEG0004.wav,included,,no
REC092_SEG0005,REC092,SPK008,test,vad_v1,46.48,49.168,2.688,data/processed/segments/REC092/REC092_SEG0005.wav,included,,no
REC092_SEG0006,REC092,SPK008,test,vad_v1,49.168,63.92,14.752,data/processed/segments/REC092/REC092_SEG0006.wav,included,,no
REC092_SEG0007,REC092,SPK008,test,vad_v1,63.92,78.544,14.624,data/processed/segments/REC092/REC092_SEG0007.wav,included,,no
REC092_SEG0008,REC092,SPK008,test,vad_v1,78.544,92.544,14.0,data/processed/segments/REC092/REC092_SEG0008.wav,included,,no
REC092_SEG0009,REC092,SPK008,test,vad_v1,92.544,107.216,14.672,data/processed/segments/REC092/REC092_SEG0009.wav,included,,no
REC092_SEG0010,REC092,SPK008,test,vad_v1,107.216,112.0,4.784,data/processed/segments/REC092/REC092_SEG0010.wav,included,,no
REC092_SEG0011,REC092,SPK008,test,vad_v1,112.0,124.816,12.816,data/processed/segments/REC092/REC092_SEG0011.wav,included,,no
REC092_SEG0012,REC092,SPK008,test,vad_v1,124.816,128.096,3.28,data/processed/segments/REC092/REC092_SEG0012.wav,included,,no
REC092_SEG0013,REC092,SPK008,test,vad_v1,128.096,142.768,14.672,data/processed/segments/REC092/REC092_SEG0013.wav,included,,no
REC092_SEG0014,REC092,SPK008,test,vad_v1,142.768,147.024,4.256,data/processed/segments/REC092/REC092_SEG0014.wav,included,,no
REC092_SEG0015,REC092,SPK008,test,vad_v1,147.024,161.712,14.688,data/processed/segments/REC092/REC092_SEG0015.wav,included,,no
REC092_SEG0016,REC092,SPK008,test,vad_v1,161.712,176.336,14.624,data/processed/segments/REC092/REC092_SEG0016.wav,included,,no
REC092_SEG0017,REC092,SPK008,test,vad_v1,176.336,179.004,2.668,data/processed/segments/REC092/REC092_SEG0017.wav,included,,no
REC094_SEG0001,REC094,SPK009,train,vad_v2_spk009,2.072,5.832,3.76,data/processed/segments/REC094/REC094_SEG0001.wav,reviewed,rexbar asbḥan n yasuɛ lmasiḥ sufuss n matta,no
REC094_SEG0002,REC094,SPK009,train,vad_v2_spk009,7.096,10.472,3.376,data/processed/segments/REC094/REC094_SEG0002.wav,reviewed,adlis n umezruy n wexraq n yasuɛ lmasiḥ,no
REC094_SEG0003,REC094,SPK009,train,vad_v2_spk009,12.76,25.192,12.432,data/processed/segments/REC094/REC094_SEG0003.wav,reviewed,adlis n umezruy n wexraq n yasuɛ lmasiḥ mmis n dawud mmis n ibrahim ibrahim ijja dd isḥaq isḥaq ijja dd yaɛqub yaɛqub ijja dd yahuda d aytmas,no
REC094_SEG0004,REC094,SPK009,train,vad_v2_spk009,25.624,43.656,18.032,data/processed/segments/REC094/REC094_SEG0004.wav,reviewed,yahuda ijja dd faris d zaraḥ ak d tamar faris ijja dd ḥasrun ḥasrun ijja dd aram aram ijja dd ɛamminadab ɛamminadab ijja dd naḥcun naḥcun ijja dd salmun salmun ijja dd buɛaz zi raḥab,no
REC094_SEG0005,REC094,SPK009,train,vad_v2_spk009,44.024,56.768,12.744,data/processed/segments/REC094/REC094_SEG0005.wav,reviewed,buɛaz ijja dd ɛubid ak d raɛut ɛubid ijja dd yassa yassa ijja dd dawud ajedjid uca dawud ijja dd suliman ak d temɣart n uriya,no
REC094_SEG0006_PART01,REC094,SPK009,train,vad_v2_spk009,56.768,68.5,11.732,data/processed/segments/REC094/REC094_SEG0006_PART01.wav,reviewed,suliman ijja dd raḥabɛam raḥabɛam ijja dd abiya abiya ijja dd asa asa ijja dd yahucafaṭ yahucafaṭ ijja dd yuram,no
REC094_SEG0006_PART02,REC094,SPK009,train,vad_v2_spk009,68.5,80.232,11.732,data/processed/segments/REC094/REC094_SEG0006_PART02.wav,reviewed,yuram ijja dd ɛuzziya ɛuzziya ijja dd yutam yutam ijja dd aḥaz aḥaz ijja dd ḥizqiya ḥizqiya ijja dd manassa manassa ijja dd amun,no
REC094_SEG0007,REC094,SPK009,train,vad_v2_spk009,80.248,88.008,7.76,data/processed/segments/REC094/REC094_SEG0007.wav,reviewed,amun ijja dd yuciya yuciya ijja dd yakunya d aytmas deg wussan n nehbast ḍi babil,no
REC094_SEG0008_PART01,REC094,SPK009,train,vad_v2_spk009,88.312,100.3,11.988,data/processed/segments/REC094/REC094_SEG0008_PART01.wav,reviewed,awarni awmi xsan uzren ɣar ḍi babil yakunya ijja dd caɛaltiyil caɛaltiyil ijja dd zarubbabil zarubbabil ijja dd abihud abihud,no
REC094_SEG0008_PART02,REC094,SPK009,train,vad_v2_spk009,100.3,112.288,11.988,data/processed/segments/REC094/REC094_SEG0008_PART02.wav,reviewed,ijja dd alyaqim alyaqim ijja dd ɛazur ɛazur ijja dd saduq saduq ijja dd axim axim ijja dd aliyud aliyud ijja dd aliɛazar,no
REC094_SEG0009_PART01,REC094,SPK009,train,vad_v2_spk009,112.288,126.5,14.212,data/processed/segments/REC094/REC094_SEG0009_PART01.wav,reviewed,aliɛazar ijja dd mattan mattan ijja dd yaɛqub yaɛqub ijja dd yusuf aryaz n maryam tenni i dd ijjin yasuɛ umi qqaren lmasiḥ s uyenni marra arrawen zi ibrahim ar dawud,no
REC094_SEG0009_PART02,REC094,SPK009,train,vad_v2_spk009,126.5,140.712,14.212,data/processed/segments/REC094/REC094_SEG0009_PART02.wav,reviewed,iwḍen arbeɛṭac n warrawen zi dawud ar lmenfa ḍi babil arbeɛtac n warrawen uca zi tmeḥbast ḍi babil ar lmasiḥ arbeɛtac n warrawen,no
REC094_SEG0010,REC094,SPK009,train,vad_v2_spk009,142.104,144.136,2.032,data/processed/segments/REC094/REC094_SEG0010.wav,reviewed,axraq n yasuɛ lmasiḥ,no
REC094_SEG0011,REC094,SPK009,train,vad_v2_spk009,144.888,157.544,12.656,data/processed/segments/REC094/REC094_SEG0011.wav,reviewed,ammu i yemsar wexraq n yasuɛ lmasiḥ umi yemmas maryam tuɣa tt d tanexḍebt n yusuf iḍhar dd belli nettat teksi aɛeddis zi arruḥ iqeddsen qber i ɣa mercen,no
REC094_SEG0012_PART01,REC094,SPK009,train,vad_v2_spk009,158.136,169.664,11.528,data/processed/segments/REC094/REC094_SEG0012_PART01.wav,reviewed,umi aryaz nnes yusuf tuɣa iggur nican war ixs ca ad tt issbehder tuɣa yarezzu ad as idjef s tnuffra am tuɣa ittxarras ḍi man,no
REC094_SEG0012_PART02,REC094,SPK009,train,vad_v2_spk009,169.664,181.192,11.528,data/processed/segments/REC094/REC094_SEG0012_PART02.wav,reviewed,aya iḍhar as dd lmalak n sidi ḍi tarjit inna a yusuf a mmis n dawud war tteggʷed ad dd tawyed maryam d tamɣart nnec,no
REC094_SEG0013,REC094,SPK009,train,vad_v2_spk009,181.688,195.272,13.584,data/processed/segments/REC094/REC094_SEG0013.wav,reviewed,minzi wenni i ḍayes dd ixerqen aqa netta zi arruḥ iqeddsen nettat ad dd taruw aḥenjir nettat ad t tsemma yasuɛ minzi netta ad issenjem rgens nnes zi ddnub nsen,no
REC094_SEG0014,REC094,SPK009,train,vad_v2_spk009,195.8,213.48,17.68,data/processed/segments/REC094/REC094_SEG0014.wav,reviewed,marra aya imsar ḥima ad ittwakemmer min inna sidi s uqemmum n unabi umi inna xzar taɛzarect ad teksi ddeyset uca ad dd taruw aḥenjir ad as ggen ɛimmanu il min ixs ad yini arebbi nneɣ aqa t akidneɣ,no
REC094_SEG0015,REC094,SPK009,train,vad_v2_spk009,213.72,232.072,18.352,data/processed/segments/REC094/REC094_SEG0015.wav,reviewed,rami dd ifaq yusuf zeg iḍes igga am mammec tt yumur lmalak n sidi uca yiwyi dd tamɣart nnes ɣares uca netta war ɣares dd iqarreb ca arami dd turuw mmis amenzu uca tsemma t yeccu,no
REC095_SEG0001_PART01,REC095,SPK009,train,vad_v2_spk009,0.92,14.08,13.16,data/processed/segments/REC095/REC095_SEG0001_PART01.wav,reviewed,imusnawen n itran zi ccarq rami dd ixreq yasuɛ ḍi bayt laḥm ḍi yahudiyya deg wussan n ujedjid hirudus usin dd ca n imusnawen n itran,no
REC095_SEG0001_PART02,REC095,SPK009,train,vad_v2_spk009,14.08,27.24,13.16,data/processed/segments/REC095/REC095_SEG0001_PART02.wav,reviewed,zi manis d tneqqar tfuct ɣar urcalim nnan mani idja wenni dd ixerqen d ajedjid n wudayen aqa nezra itri nnes ḍi ccarq nusa dd ad as nesjed,no
REC095_SEG0002,REC095,SPK009,train,vad_v2_spk009,27.864,35.112,7.248,data/processed/segments/REC095/REC095_SEG0002.wav,reviewed,rami isra ujedjid hirudus man aya inneḥwer netta d qaɛ urcalim akides,no
REC095_SEG0003_PART01,REC095,SPK009,train,vad_v2_spk009,35.416,46.816,11.4,data/processed/segments/REC095/REC095_SEG0003_PART01.wav,reviewed,hirudus issmun dd zi rgens marra imeqqranen n ikehhanen d imsermaden n idlisen uca isseqsa ten x mani ɣa ixreq lmasiḥ,no
REC095_SEG0003_PART02,REC095,SPK009,train,vad_v2_spk009,46.816,58.216,11.4,data/processed/segments/REC095/REC095_SEG0003_PART02.wav,reviewed,nnan ḍi bayt laḥm ḍi yahudiyya minzi d man aya i yuran s ufus n unabi ura d cem bayt laḥm ḍi ṭammurṭ n yahuda,no
REC095_SEG0004,REC095,SPK009,train,vad_v2_spk009,59.096,70.92,11.824,data/processed/segments/REC095/REC095_SEG0004.wav,reviewed,cem war tedjid ca d tamezyant jar rhukam n yahuda minzi zzayem dd ɣa iffeɣ ujedjid wenni i ɣa yarewsen rgens inu israil,no
REC095_SEG0005_PART01,REC095,SPK009,train,vad_v2_spk009,71.48,82.176,10.696,data/processed/segments/REC095/REC095_SEG0005_PART01.wav,reviewed,xenni iraɣa hirudus x imusnawen n itran s tnuffra uca yiweḍ ad zzaysen issen rweqt i ḍi tuɣa d asen dd iffeɣ,no
REC095_SEG0005_PART02,REC095,SPK009,train,vad_v2_spk009,82.176,92.872,10.696,data/processed/segments/REC095/REC095_SEG0005_PART02.wav,reviewed,itri xenni issekk i ten ɣar bayt laḥm inna ruḥem dinni tarzum mliḥ x uḥenjir mara tufim t asem dd xebbarem ayi,no
REC095_SEG0006,REC095,SPK009,train,vad_v2_spk009,93.112,109.672,16.56,data/processed/segments/REC095/REC095_SEG0006.wav,reviewed,ḥima ura d necc ad dd aseɣ ad as sejdeɣ awarni rami srin i wawar n ujedjid ruḥen uca xzar itri i zrin ḍi ccarq iggur zzatsen arami dd yiweḍ uca ibedd sennej i wemcan mani idja uḥenjir,no
REC095_SEG0007_PART01,REC095,SPK009,train,vad_v2_spk009,110.296,121.232,10.936,data/processed/segments/REC095/REC095_SEG0007_PART01.wav,reviewed,rami zrin itri farḥen s refraḥet tameqqrant attas udfen ɣar ṭaddarṭ zrin aḥenjir ak d maryam yemmas wḍan ɣar ṭammurṭ uca,no
REC095_SEG0007_PART02,REC095,SPK009,train,vad_v2_spk009,121.232,132.168,10.936,data/processed/segments/REC095/REC095_SEG0007_PART02.wav,reviewed,sejden as xenni arezmen reknuz nsen uca qeddmen as tirzifin ureɣ mirru d refwaḥet n rebxur,no
REC095_SEG0008,REC095,SPK009,train,vad_v2_spk009,132.504,142.504,10.0,data/processed/segments/REC095/REC095_SEG0008.wav,reviewed,umi d asen dd iweḥḥa ḍi tarjit ḥima war ttɛiqqiben ɣar hirudus ɛeqben ɣar ṭammurṭ nsen zeg ijjen webrid nneɣni,no
REC095_SEG0009,REC095,SPK009,train,vad_v2_spk009,144.792,153.736,8.944,data/processed/segments/REC095/REC095_SEG0009.wav,reviewed,tarewra ɣar misra umi ruḥen iḍhar dd lmalak n sidi ɣar yusuf ḍi tarjit inna kkar,no
REC095_SEG0010_PART01,REC095,SPK009,train,vad_v2_spk009,154.328,165.216,10.888,data/processed/segments/REC095/REC095_SEG0010_PART01.wav,reviewed,awi dd aḥenjir d yemmas arwer ɣar misra u qqim din ar cek i ɣa xebbareɣ minzi hirudus yarezzu x uḥenjir ḥima,no
REC095_SEG0010_PART02,REC095,SPK009,train,vad_v2_spk009,165.216,176.104,10.888,data/processed/segments/REC095/REC095_SEG0010_PART02.wav,reviewed,ad t isshellek uca ikkar dd yusuf yiwi aḥenjir d yemmas s djiret uca yarwer ɣar misra iqqim dinni arami immut hirudus,no
REC095_SEG0011,REC095,SPK009,train,vad_v2_spk009,176.312,186.472,10.16,data/processed/segments/REC095/REC095_SEG0011.wav,reviewed,ḥima ad ittwakemmer min ittwannan zi sidi zeg unabi i innan raɣiɣ dd x mmi ḥima ad iffeɣ zi misra,no
REC095_SEG0012,REC095,SPK009,train,vad_v2_spk009,187.736,190.664,2.928,data/processed/segments/REC095/REC095_SEG0012.wav,reviewed,anɣay n iḥenjiren ḍi bayt laḥm,no
REC095_SEG0013_PART01,REC095,SPK009,train,vad_v2_spk009,191.384,203.904,12.52,data/processed/segments/REC095/REC095_SEG0013_PART01.wav,reviewed,rami izra hirudus belli imusnawen cemten t ixeyyeq attas uca issekk inɣa marra iḥenjiren n bayt laḥm d qaɛ jjwayeh i d as dd yudsen marra iḥ,no
REC095_SEG0013_PART02,REC095,SPK009,train,vad_v2_spk009,203.904,216.424,12.52,data/processed/segments/REC095/REC095_SEG0013_PART02.wav,reviewed,enjiren zi ṭnayen n iseggʷusa swadday ɛlaḥsab rweqt i yiweḍ ad issen zeg imusnawen rexdenni ittwakemmer min ittwannan zeg unabi irmiya umi inna,no
REC095_SEG0014,REC095,SPK009,train,vad_v2_spk009,217.496,231.112,13.616,data/processed/segments/REC095/REC095_SEG0014.wav,reviewed,tmijja tettwaser ḍi rama imettawen d tɣuyyit n wecḍan attas rahil tettru x iḥenjiren nnes war tettexs ad tettwaɛezza minzi niṭni war qqimen ɛad,no
REC095_SEG0015,REC095,SPK009,train,vad_v2_spk009,235.224,237.896,2.672,data/processed/segments/REC095/REC095_SEG0015.wav,reviewed,adwar zi misra ɣar nasera,no
REC095_SEG0016_PART01,REC095,SPK009,train,vad_v2_spk009,238.456,251.812,13.356,data/processed/segments/REC095/REC095_SEG0016_PART01.wav,reviewed,rami immut hirudus iḍhar dd lmalak n sidi ḍi tarjit i yusuf ḍi misra inna kkar awi dd aḥenjir d yemmas uca ruḥ ɣar ṭammurṭ n israil,no
REC095_SEG0016_PART02,REC095,SPK009,train,vad_v2_spk009,251.812,265.168,13.356,data/processed/segments/REC095/REC095_SEG0016_PART02.wav,reviewed,minzi inni tuɣa yarezzun ad nɣen aḥenjir aqa mmuten rexdenni ikkar yiwi dd aḥenjir d yemmas uca yusa dd ɣar ṭammurṭ n israil maca arami isra belli,no
REC095_SEG0017_PART01,REC095,SPK009,train,vad_v2_spk009,265.168,277.628,12.46,data/processed/segments/REC095/REC095_SEG0017_PART01.wav,reviewed,arxilawus iḍwer d ajedjid ḍi yahudiyya deg wemcan n babas hirudus iggʷed ad iraḥ dinni xenni iweḥḥa as dd arebbi ḍi tarjit maḥend ad iraḥ ɣar jjwayeh,no
REC095_SEG0017_PART02,REC095,SPK009,train,vad_v2_spk009,277.628,290.088,12.46,data/processed/segments/REC095/REC095_SEG0017_PART02.wav,reviewed,n ljalil rami dd yiweḍ izdeɣ ḍi tendint qqaren as nnasira ḥima ad ittwakemmer min ittwannan zeg unabi i innan ad t semman nnasiri,no
REC096_SEG0001,REC096,SPK009,train,vad_v2_spk009,1.304,4.2,2.896,data/processed/segments/REC096/REC096_SEG0001.wav,reviewed,abarreḥ n yuḥanna amseɣḍas,no
REC096_SEG0002,REC096,SPK009,train,vad_v2_spk009,5.688,22.664,16.976,data/processed/segments/REC096/REC096_SEG0002.wav,reviewed,deg wussan nni yusa dd yuḥanna amseɣḍas tuɣa ittbarreḥ ḍi rexra n yahudiyya inna tubem minzi tageldit n ijenwan aqa tudes dd minzi netta d wenni xef ittwannan zeg unabi icaɛya am inna,no
REC096_SEG0003_PART01,REC096,SPK009,train,vad_v2_spk009,23.704,34.624,10.92,data/processed/segments/REC096/REC096_SEG0003_PART01.wav,reviewed,tmijja i ittraɣan ḍi rexra swejdem abrid n sidi seggem imesraq nnes yuḥanna wanita tuɣa yarreḍ arruḍ n ta,no
REC096_SEG0003_PART02,REC096,SPK009,train,vad_v2_spk009,34.624,45.544,10.92,data/processed/segments/REC096/REC096_SEG0003_PART02.wav,reviewed,ḍuft n ireɣman ibekkes ijjen webyas n yirem uca macca nnes tuɣa d iburexsen d tamment taḥurrect,no
REC096_SEG0004_PART01,REC096,SPK009,train,vad_v2_spk009,46.136,56.752,10.616,data/processed/segments/REC096/REC096_SEG0004_PART01.wav,reviewed,rexdenni teffeɣ dd ɣares urcalim d qaɛ yahudiyya d marra jjwayeh i d as dd innḍen i l urdun uca ttwassɣeḍsen zzayes,no
REC096_SEG0004_PART02,REC096,SPK009,train,vad_v2_spk009,56.752,67.368,10.616,data/processed/segments/REC096/REC096_SEG0004_PART02.wav,reviewed,deg iɣzar n l urdun neɛmen s ddnub nsen rami izra attas n ifarisiyyen d isaduqiyyen ttasen dd maḥend ad ttwassɣeḍsen inna asen,no
REC096_SEG0005,REC096,SPK009,train,vad_v2_spk009,67.608,82.856,15.248,data/processed/segments/REC096/REC096_SEG0005.wav,reviewed,a tarwa n ifiɣran wi d awem imren aqa tzemmarem ad tarewrem zeg weɣḍab i dd ɣa yasen ggem rɣidjet i ɣa iriqqen i ttubet war ttɣirem ca ad tinim deg ixef nwem ibrahim d jedditneɣ,no
REC096_SEG0006_PART01,REC096,SPK009,train,vad_v2_spk009,83.384,97.408,14.024,data/processed/segments/REC096/REC096_SEG0006_PART01.wav,reviewed,minzi necc ad awem iniɣ belli arebbi izemmar ad issnekkar zeg izra ya tarwa i ibrahim xzar tacaqurt tettwassars ɣar izewran n tcejjura,no
REC096_SEG0006_PART02,REC096,SPK009,train,vad_v2_spk009,97.408,111.432,14.024,data/processed/segments/REC096/REC096_SEG0006_PART02.wav,reviewed,s uya kur tacejjart i war itticen rɣidjet tecna ad tettwaqess uca ad tewḍa ḍi ṭmessi necc ad kenniw ssɣeḍseɣ deg waman i ttubet maca wenni i dd ɣa yasen awarni ayi netta ijhed xafi,no
REC096_SEG0007_PART01,REC096,SPK009,train,vad_v2_spk009,111.8,123.552,11.752,data/processed/segments/REC096/REC096_SEG0007_PART01.wav,reviewed,necc war sdihidjeɣ ad ksiɣ sandaliyat nnes aqa netta ad kenniw isseɣḍes ḍi arruḥ iqeddsen d ṭmessi tazzart nnes deg ufus nnes ad izzu,no
REC096_SEG0007_PART02,REC096,SPK009,train,vad_v2_spk009,123.552,135.304,11.752,data/processed/segments/REC096/REC096_SEG0007_PART02.wav,reviewed,zar andrar nnes qaɛ ad iyru irden ɣar remrasi nnes maca icarfa ad ten issecmeḍ s ṭmessi i war ixessyen,no
REC096_SEG0008,REC096,SPK009,train,vad_v2_spk009,137.976,143.208,5.232,data/processed/segments/REC096/REC096_SEG0008.wav,reviewed,aseɣḍes n yasuɛ s waman sufus n yuḥanna amseɣḍas,no
REC096_SEG0009,REC096,SPK009,train,vad_v2_spk009,144.248,161.672,17.424,data/processed/segments/REC096/REC096_SEG0009.wav,reviewed,rexdenni yusa dd yasuɛ zi ljalil ɣar l urdun ɣar yuḥanna ḥima ad ittwaseɣḍes zzayes maca yuḥanna yugi as inna necc ḥdajeɣ ad ttwassɣeḍseɣ zzayek ma aqa d cek i ɣari i dd ɣa yasen,no
REC096_SEG0010,REC096,SPK009,train,vad_v2_spk009,162.488,171.72,9.232,data/processed/segments/REC096/REC096_SEG0010.wav,reviewed,maca yasuɛ yarra dd inna as ewc rexxu ttesriḥ minzi ammu i d aneɣ ittriq ḥima ad nkemmer marra tasegda,no
REC096_SEG0011_PART01,REC096,SPK009,train,vad_v2_spk009,172.088,184.787,12.699,data/processed/segments/REC096/REC096_SEG0011_PART01.wav,reviewed,rexdenni isamḥ as awarni rami ittwasseɣḍes yasuɛ yuri dd zeg waman deɣya u ttwarzmen as ijenwan uca izra arruḥ n are,no
REC096_SEG0011_PART02,REC096,SPK009,train,vad_v2_spk009,184.787,197.486,12.699,data/processed/segments/REC096/REC096_SEG0011_PART02.wav,reviewed,bbi ihwa dd am tadbirt tarsa xas xzar tusa dd ict n tmijja zeg ijenwan ṭenna d wa d mmi iɛizzen ḍayes ufiɣ arḍa inu xariṭa n ṭammurṭ n israil ḍi rweqt n yeccu lmasiḥ mt,no
REC097_SEG0001,REC097,SPK009,train,vad_v2_spk009,0.92,4.392,3.472,data/processed/segments/REC097/REC097_SEG0001.wav,reviewed,ibris ittjarreb yasuɛ ḍi rexra,no
REC097_SEG0002_PART01,REC097,SPK009,train,vad_v2_spk009,5.208,17.168,11.96,data/processed/segments/REC097/REC097_SEG0002_PART01.wav,reviewed,rexdenni ittwandeh yasuɛ ɣar rexra zi arruḥ iqeddsen ḥima ad ittwajarreb zeg ibris awarni rami tuɣa izumm arebɛin n wussan d arebɛin n djyari yusedd,no
REC097_SEG0002_PART02,REC097,SPK009,train,vad_v2_spk009,17.168,29.128,11.96,data/processed/segments/REC097/REC097_SEG0002_PART02.wav,reviewed,jjuɛ ɣar uneggar yusa dd ɣares umjarrab inna as mara cek d mmis n arebbi ini i izra ya ad dewren d aɣrum yarra dd xas inna aqa tura,no
REC097_SEG0003,REC097,SPK009,train,vad_v2_spk009,29.944,37.448,7.504,data/processed/segments/REC097/REC097_SEG0003.wav,reviewed,bnaḍem war iddar s weɣrum waha maca zi kur awar i dd ittekken zeg uqemmum n arebbi,no
REC097_SEG0004_PART01,REC097,SPK009,train,vad_v2_spk009,37.88,50.912,13.032,data/processed/segments/REC097/REC097_SEG0004_PART01.wav,reviewed,rexdenni yiwyi t ibris ɣar tendint iqeddsen uca isgeɛḍ i t ɣar ttarf n tzeqqa n zzawect tameqqrant inna as mara cek d mmis n arebbi iwa nḍar ixef nnec,no
REC097_SEG0004_PART02,REC097,SPK009,train,vad_v2_spk009,50.912,63.944,13.032,data/processed/segments/REC097/REC097_SEG0004_PART02.wav,reviewed,ɣar wadday minzi aqa tura ad yumur lmalakat nnes xak ad cek ksint x ifassen nsent ḥima aḍar nnec war ineggeḥ ca azru,no
REC097_SEG0005,REC097,SPK009,train,vad_v2_spk009,64.312,80.936,16.624,data/processed/segments/REC097/REC097_SEG0005.wav,reviewed,yasuɛ inna as tura ɛawed war ttjarrab sidi arebbi nnec yiwyi t ɛawed ibris ɣar wedrar yuɛran attas isscen as marra tigeldiwin n ddunect d uɛudji nsent inna as,no
REC097_SEG0006,REC097,SPK009,train,vad_v2_spk009,81.4,99.4,18.0,data/processed/segments/REC097/REC097_SEG0006.wav,reviewed,ad ac wceɣ marra man aya mara tewḍid ayi ɣar iḍaren ad ayi tsejded inna as yasuɛ ruḥ a cciṭan minzi tura sidi arebbi nnec umi ɣa tsejded u i netta weḥḥdes umi ɣa tsexxared,no
REC097_SEG0007,REC097,SPK009,train,vad_v2_spk009,100.056,107.24,7.184,data/processed/segments/REC097/REC097_SEG0007.wav,reviewed,rexdenni ijja i t ibris u xzar lmalakat usint i dd tuɣa sexxarent as,no
REC097_SEG0008,REC097,SPK009,train,vad_v2_spk009,109.336,113.096,3.76,data/processed/segments/REC097/REC097_SEG0008.wav,reviewed,amezwaru n tsexxart n yasuɛ ḍi ljalil,no
REC097_SEG0009_PART01,REC097,SPK009,train,vad_v2_spk009,114.296,125.536,11.24,data/processed/segments/REC097/REC097_SEG0009_PART01.wav,reviewed,rami isra yasuɛ belli yuḥanna tuɣa ittwasellem iruḥ ɣar ljalil ijja nnasira uca yusa dd ɣar kafarnaḥum tenni ɣar ttarf n rebḥ,no
REC097_SEG0009_PART02,REC097,SPK009,train,vad_v2_spk009,125.536,136.776,11.24,data/processed/segments/REC097/REC097_SEG0009_PART02.wav,reviewed,ar ḍi ṭammurṭ n zibulun d naftali uca izdeɣ din ḥima ad ittwakemmer min ittwannan zeg unabi icaɛya umi inna,no
REC097_SEG0010,REC097,SPK009,train,vad_v2_spk009,137.4,147.08,9.68,data/processed/segments/REC097/REC097_SEG0010.wav,reviewed,ṭammurṭ n zibulun d ṭammurṭ n naftali deg webrid n rebḥar ɣar ujemmaḍ n l urdun ljalil n regnus,no
REC097_SEG0011_PART01,REC097,SPK009,train,vad_v2_spk009,147.8,157.92,10.12,data/processed/segments/REC097/REC097_SEG0011_PART01.wav,reviewed,rgens i iqqimen ḍi tadjest izra tafawt tameqqrant u x yinni izedɣen ḍi ṭammurṭ d tiri n rmewt aqa tenqar dd,no
REC097_SEG0011_PART02,REC097,SPK009,train,vad_v2_spk009,157.92,168.04,10.12,data/processed/segments/REC097/REC097_SEG0011_PART02.wav,reviewed,xasen tfawt zi ssin ibda yasuɛ ittbarreḥ inna tubem minzi tageldit n ijenwan aqa tudes dd,no
REC097_SEG0013,REC097,SPK009,train,vad_v2_spk009,173.72,192.616,18.896,data/processed/segments/REC097/REC097_SEG0013.wav,reviewed,rami tuɣa netta iggur x tma n rebḥar n ljalil izra ṭnayen n wawmaten cimɛun umi qqaren buṭrus isem wanita ixs ad yini d azru d andrawus umas tuɣa nettaren traccawin ḍi rebḥar minzi niṭni d ineymaren n iserman,no
REC097_SEG0014,REC097,SPK009,train,vad_v2_spk009,193.304,199.304,6.0,data/processed/segments/REC097/REC097_SEG0014.wav,reviewed,inna asen yasuɛ ḍfarem ayi dd ad kenniw arreɣ d ineymaren n iwḍan,no
REC097_SEG0015_PART01,REC097,SPK009,train,vad_v2_spk009,199.8,213.952,14.152,data/processed/segments/REC097/REC097_SEG0015_PART01.wav,reviewed,ssarsen deɣya tiracciwin nsen ḍfaren t rami yeɛdu ssenni izra ṭnayen n wawmaten nneɣni yaɛqub mmis n zabdi d umas yuḥanna tuɣa aten,no
REC097_SEG0015_PART02,REC097,SPK009,train,vad_v2_spk009,213.952,228.104,14.152,data/processed/segments/REC097/REC097_SEG0015_PART02.wav,reviewed,ak d babatsen zabdi deg uɣarrabu ɛeddren tiracciwin nsen uca netta iraɣa xasen deɣya semḥen deg uɣarrabu u ḍi babatsen ḍfaren t,no
REC097_SEG0017_PART01,REC097,SPK009,train,vad_v2_spk009,236.536,250.128,13.592,data/processed/segments/REC097/REC097_SEG0017_PART01.wav,reviewed,tuɣa ittenneḍ ḍi ṭammurṭ n ljalil marra issermad ḍi temzidawin nsen ittbarreḥ s rexbar asebḥan n tgeldit uca issgenfa kur rehrac d kur,no
REC097_SEG0017_PART02,REC097,SPK009,train,vad_v2_spk009,250.128,263.72,13.592,data/processed/segments/REC097/REC097_SEG0017_PART02.wav,reviewed,reɛyubat i idjan ḍi rgens iffeɣ rexbar xas ḍi suriya marra uca iwyen dd ɣares marra imehrac inni ɣar idja ɛram kur rehrac d reḥriq,no
REC097_SEG0018,REC097,SPK009,train,vad_v2_spk009,264.408,283.481,19.073,data/processed/segments/REC097/REC097_SEG0018.wav,reviewed,maryaḥen d yinni ittbarkikkiḍen ura d ineɛḍaben uca issgenfa i ten ḍfaren t i dd attas n rɣaci zi ljalil zi dikapulis zi urcalim zi yahudiyya u zeg ujemmaḍ n l urdun,no
REC098_SEG0001,REC098,SPK009,train,vad_v2_spk009,1.912,5.576,3.664,data/processed/segments/REC098/REC098_SEG0001.wav,reviewed,abarreḥ d g wedrar awaren n lbaraka,no
REC098_SEG0002,REC098,SPK009,train,vad_v2_spk009,7.128,22.632,15.504,data/processed/segments/REC098/REC098_SEG0002.wav,reviewed,rami izra yasuɛ rɣaci yuri ɣar wedrar uca awarni rami din iqqim usin dd ɣares imeḥḍaren nnes uca yarzem aqemmum nnes issermed i ten inna sseɛd n yinni arruḥ nsen izreḍ,no
REC098_SEG0003_PART01,REC098,SPK009,train,vad_v2_spk009,23.064,33.888,10.824,data/processed/segments/REC098/REC098_SEG0003_PART01.wav,reviewed,minzi tageldit n ijenwan aqa tt i niṭni sseɛd n yinni ittecḍinen minzi niṭni ad ttwaɛezzan sseɛd n imwaḍɛen,no
REC098_SEG0003_PART02,REC098,SPK009,train,vad_v2_spk009,33.888,44.712,10.824,data/processed/segments/REC098/REC098_SEG0003_PART02.wav,reviewed,minzi niṭni ad warten ṭammurṭ sseɛd n yinni ittrazan d yinni ittfaden ɣar tsegda minzi niṭni ad jjiwnen,no
REC098_SEG0004,REC098,SPK009,train,vad_v2_spk009,45.368,47.688,2.32,data/processed/segments/REC098/REC098_SEG0004.wav,reviewed,sseɛd n yinni yareḥḥmen,no
REC098_SEG0005_PART01,REC098,SPK009,train,vad_v2_spk009,48.248,61.808,13.56,data/processed/segments/REC098/REC098_SEG0005_PART01.wav,reviewed,minzi ad ɣarsen tiri arreḥmet sseɛd n yinni i ɣar idja ur izdig minzi niṭni ad zaren arebbi sseɛd n yinni itteggen rehna,no
REC098_SEG0005_PART02,REC098,SPK009,train,vad_v2_spk009,61.808,75.368,13.56,data/processed/segments/REC098/REC098_SEG0005_PART02.wav,reviewed,minzi niṭni ad ttwasemman arrawen n arebbi sseɛd n yinni inneḥsaren x ssibbet n tsegda minzi tageldit n ijenwan ad ɣarsen tiri,no
REC098_SEG0006_PART01,REC098,SPK009,train,vad_v2_spk009,75.864,88.048,12.184,data/processed/segments/REC098/REC098_SEG0006_PART01.wav,reviewed,sseɛd i kenniw mara ttɛayaren u ttdarracen xawem uca ad xawem inin ɛram kur awaren iɛeffanen x ssibbet inu waxxa ssxarriqen farḥem,no
REC098_SEG0006_PART02,REC098,SPK009,train,vad_v2_spk009,88.048,100.232,12.184,data/processed/segments/REC098/REC098_SEG0006_PART02.wav,reviewed,sriwerwem minzi rmunet nwem d tameqqrant deg ijenwan minzi ammu i tuɣa ttdarracen inabiyyen inni qber nwem,no
REC098_SEG0008,REC098,SPK009,train,vad_v2_spk009,109.016,124.552,15.536,data/processed/segments/REC098/REC098_SEG0008.wav,reviewed,kenniw d tamedjaḥt n ṭammurṭ maca mara tamedjaḥt ixsar ureddi nnes mammec ɣa negg ad tt narr d tamedjaḥt war tneffeɛ ɛad i walu ḥaca ad temmenḍar ɣar barra ad xas ɛefsen iwḍan,no
REC098_SEG0009_PART01,REC098,SPK009,train,vad_v2_spk009,125.048,138.704,13.656,data/processed/segments/REC098/REC098_SEG0009_PART01.wav,reviewed,kenniw d tafawt n ddunect tandint i ittwabnan x wedrar war tzemmar ad tennuffar war ssreqqin refnar uca ad t ssarsen sadu rmud maca ad t ssarsen x rmerfeɛ,no
REC098_SEG0009_PART02,REC098,SPK009,train,vad_v2_spk009,138.704,152.36,13.656,data/processed/segments/REC098/REC098_SEG0009_PART02.wav,reviewed,maḥend ad yarɣ i marra inni idjan ḍi ṭaddarṭ jjem tafawt nwem ad tarɣ i iwḍan ḥima ad zaren rexdayem nwem icnan ad ssuɛran babatwem i idjan deg ijenwan,no
REC098_SEG0011,REC098,SPK009,train,vad_v2_spk009,159.352,171.976,12.624,data/processed/segments/REC098/REC098_SEG0011.wav,reviewed,aqa ad awem ittɣir aqa usiɣ dd ḥima ad ssbettreɣ ccariɛa niɣ inabiyyen necc war dd usiɣ ca ḥima ad ssbettreɣ maca ḥima ad kemmreɣ,no
REC098_SEG0012_PART01,REC098,SPK009,train,vad_v2_spk009,172.344,184.112,11.768,data/processed/segments/REC098/REC098_SEG0012_PART01.wav,reviewed,s tidett necc ad awem iniɣ ar i ɣa iɛdu ujenna d ṭammurṭ war ibetter ura d ijjen rḥarf niɣ d taneqqiṭ zi ccariɛa ar ɣa yiri kurci,no
REC098_SEG0012_PART02,REC098,SPK009,train,vad_v2_spk009,184.112,195.88,11.768,data/processed/segments/REC098/REC098_SEG0012_PART02.wav,reviewed,s uya wenni i ɣa issbettren zi twessa ya icten waxxa d tamezyant uca issermad iwḍan ammu ad ittwasemma d amezyan ḍi tgeldit n ijenwan,no
REC098_SEG0013_PART01,REC098,SPK009,train,vad_v2_spk009,196.184,206.72,10.536,data/processed/segments/REC098/REC098_SEG0013_PART01.wav,reviewed,maca wenni zzaysent iggin u issermad i tent netta ad ittwasemma d ameqqran ḍi tgeldit n ijenwan minzi necc ad awem iniɣ mara,no
REC098_SEG0013_PART02,REC098,SPK009,train,vad_v2_spk009,206.72,217.256,10.536,data/processed/segments/REC098/REC098_SEG0013_PART02.wav,reviewed,tasegda nwem war tmeqqar ca x tenni n imsermaden n idlisen d tenni n ifarisiyyen s tidett war tettidfem ca ɣar tgeldit n ijenwan,no
REC098_SEG0014,REC098,SPK009,train,vad_v2_spk009,221.4,223.592,2.192,data/processed/segments/REC098/REC098_SEG0014.wav,reviewed,axyeq d wenɣay,no
REC098_SEG0015_PART01,REC098,SPK009,train,vad_v2_spk009,226.296,236.784,10.488,data/processed/segments/REC098/REC098_SEG0015_PART01.wav,reviewed,aqa tesrim belli ittwanna i rejdud war neqq u wenni ineqqen ad ittwaḥaseb maca necc ad awem iniɣ marra wenni,no
REC098_SEG0015_PART02,REC098,SPK009,train,vad_v2_spk009,236.784,247.272,10.488,data/processed/segments/REC098/REC098_SEG0015_PART02.wav,reviewed,ittxeyyaqen x umas bra ssibbet nhra ma ad xas ittwaḥakem u marra wenni iqqaren i umas ad xak ssusfeɣ,no
REC098_SEG0016,REC098,SPK009,train,vad_v2_spk009,247.896,259.784,11.888,data/processed/segments/REC098/REC098_SEG0016.wav,reviewed,axas ṭaḥkem lmeḥkama tameqqrant n wuḍayen u wenni iqqaren a abuhari ad ittwaḥakem ad yadef ɣar ṭmessi n jehennama,no
REC098_SEG0017,REC098,SPK009,train,vad_v2_spk009,260.632,280.616,19.984,data/processed/segments/REC098/REC098_SEG0017.wav,reviewed,mara tqeddmed tawhibt nnec x uɛalṭar min xef ssarsen tiɣarsa d tewhibin uca dinni tɛeqred belli umac aqa t ca xak ejj tawhibt nnec din zzat i uɛalṭar ruḥ amezwaru tserḥed ak d umac xenni dwer dd uca ewc tawhibt nnec,no
REC098_SEG0018_PART01,REC098,SPK009,train,vad_v2_spk009,280.76,292.064,11.304,data/processed/segments/REC098/REC098_SEG0018_PART01.wav,reviewed,eg deɣya ṭaḍuklit ak d weɣrim nnec umi cek ɛad akides deg webrid ḥima aɣrim nnec war cek ittiwi ɣar rqaḍi xenni,no
REC098_SEG0018_PART02,REC098,SPK009,train,vad_v2_spk009,292.064,303.368,11.304,data/processed/segments/REC098/REC098_SEG0018_PART02.wav,reviewed,rqaḍi ad cek yawi ɣar umxazni uca ad temmenḍared ḍi reḥbes s tidett necc ad ac iniɣ war dd teffɣed ssenni ar ɣa txedjsed asuldi aneggaru,no
REC098_SEG0020_PART01,REC098,SPK009,train,vad_v2_spk009,310.2,324.144,13.944,data/processed/segments/REC098/REC098_SEG0020_PART01.wav,reviewed,aqa tesrim belli ittwanna war zenni ca maca necc ad awem iniɣ marra wenni i ɣa ixzaren ɣar temɣart s nnecwet aqa izna deɣya akides deg wur nnes,no
REC098_SEG0020_PART02,REC098,SPK009,train,vad_v2_spk009,324.144,338.088,13.944,data/processed/segments/REC098/REC098_SEG0020_PART02.wav,reviewed,mara tessenqarḍ cek titt nnec tafusect qess i tt nḍar i tt xak iḥra ac mara iweddar ijjen ttarf n arrimet nnec x uwettu n arrimet nnec marra ḍi jehennama,no
REC098_SEG0021,REC098,SPK009,train,vad_v2_spk009,339.64,354.568,14.928,data/processed/segments/REC098/REC098_SEG0021.wav,reviewed,mara tessenqarḍ cek afus nnec afusi qess i t nḍar i t xak minzi iḥra ac mara iweddar ijjen ttarf n arrimet nnec waha x uwettu n arrimet nnec marra ḍi jehennama,no
REC098_SEG0022,REC098,SPK009,train,vad_v2_spk009,358.488,359.56,1.072,data/processed/segments/REC098/REC098_SEG0022.wav,reviewed,adjaf,no
REC098_SEG0023_PART01,REC098,SPK009,train,vad_v2_spk009,360.632,371.296,10.664,data/processed/segments/REC098/REC098_SEG0023_PART01.wav,reviewed,aqa ittwanna ɛawed wenni i ɣa idjfen i temɣart nnes ad as iwc ṭabrat n wadjaf maca necc ad awem iniɣ marra wenni i ɣa idjfen,no
REC098_SEG0023_PART02,REC098,SPK009,train,vad_v2_spk009,371.296,381.96,10.664,data/processed/segments/REC098/REC098_SEG0023_PART02.wav,reviewed,i temɣart nnes war idji zi ssibbet n farq ccɣer ittarra i tt ad tezna uca wenni i ɣa imercen tenni umi idjfen aqa netta izna,no
REC098_SEG0025,REC098,SPK009,train,vad_v2_spk009,390.072,409.32,19.248,data/processed/segments/REC098/REC098_SEG0025.wav,reviewed,aqa tesrim ɛawed belli ittwanna i rejdud war tejjadjid zur maca egg min tejjudjed i sidi maca necc ad awem iniɣ war tejjadjam ɛemmas ura ɣar ujenna minzi netta d rɛarc n arebbi,no
REC098_SEG0026,REC098,SPK009,train,vad_v2_spk009,410.072,415.464,5.392,data/processed/segments/REC098/REC098_SEG0026.wav,reviewed,ura ɣar ṭammurṭ minzi nettat d tanebdat sadu iḍaren nnes,no
REC098_SEG0027_PART01,REC098,SPK009,train,vad_v2_spk009,416.152,429.04,12.888,data/processed/segments/REC098/REC098_SEG0027_PART01.wav,reviewed,ura ɣar tendint n urcalim minzi nettat d tandint n ujedjid d ameqqran war tejjadjam ura ɣar uzedjif nnec minzi war tzemmared ad tarred ura d ijjen uzettu,no
REC098_SEG0027_PART02,REC098,SPK009,train,vad_v2_spk009,429.04,441.928,12.888,data/processed/segments/REC098/REC098_SEG0027_PART02.wav,reviewed,n ucuwwaf d acemrar niɣ d abarcan ad iqqim wawar nwem wah d wah lla d lla mana ktar zi man aya aqa netta zeg umɛeffan,no
REC098_SEG0029,REC098,SPK009,train,vad_v2_spk009,449.976,455.848,5.872,data/processed/segments/REC098/REC098_SEG0029.wav,reviewed,aqa tesrim belli ittwanna titt s titt d tiɣmest s teɣmest,no
REC098_SEG0030_PART01,REC098,SPK009,train,vad_v2_spk009,456.344,471.008,14.664,data/processed/segments/REC098/REC098_SEG0030_PART01.wav,reviewed,maca necc ad awem iniɣ war tettemɛaram ca ak d ijjen uɛeffan maca wenni i ɣa isseqqren ameggiz nnec afusi serqa yas ura d wnneɣni mara din ḥed ixs ad kik igg ccreɛ,no
REC098_SEG0030_PART02,REC098,SPK009,train,vad_v2_spk009,471.008,485.672,14.664,data/processed/segments/REC098/REC098_SEG0030_PART02.wav,reviewed,uca netta ad xak ikkes tcamir nnec ejj i t ad iksi ura d ajedjab wenni xak iggin bezzez ḥima ad kides tuyured ijjen kilumitr uyur akides ṭnayen,no
REC098_SEG0031,REC098,SPK009,train,vad_v2_spk009,485.784,492.584,6.8,data/processed/segments/REC098/REC098_SEG0031.wav,reviewed,man wen d ac i ɣa ittaren ca n rḥajjeṭ ewc as tt u wenni yarezzun ad xak yarḍer war d t ttarra amenni,no
REC098_SEG0033_PART01,REC098,SPK009,train,vad_v2_spk009,501.08,512.72,11.64,data/processed/segments/REC098/REC098_SEG0033_PART01.wav,reviewed,aqa tesrim belli ittwanna ad texsed jjar nnec ad tcarhed reɛdu nnec maca necc ad awem iniɣ xsem rɛedyan nwem u barkem inni kenniw ineɛɛren,no
REC098_SEG0033_PART02,REC098,SPK009,train,vad_v2_spk009,512.72,524.36,11.64,data/processed/segments/REC098/REC098_SEG0033_PART02.wav,reviewed,ggem tcuni i yinni kenniw icarrhen zadjem i yinni kenniw ittawyen d imeḥbas d yinni xawem ittdarracen ḥima ad tirim d tarwa n babatwem i idjan deg ijenwan,no
REC098_SEG0034_PART01,REC098,SPK009,train,vad_v2_spk009,524.504,538.284,13.78,data/processed/segments/REC098/REC098_SEG0034_PART01.wav,reviewed,minzi netta issneqqar tafuct nnes x iɛeffanen d isebḥanen uca netta yarexxu dd i wenzar ḥima ad iwwet x imseggaden u x yinni war iseggden minzi mara texsem,no
REC098_SEG0034_PART02,REC098,SPK009,train,vad_v2_spk009,538.284,552.064,13.78,data/processed/segments/REC098/REC098_SEG0034_PART02.wav,reviewed,inni kenniw ittexsen man arbeḥ i ɣarwem ma war tteggen ayt n ḍḍariba ura ammu mara tsedjmem x wawmaten nwem waha min i tetteggem ktar x wenneɣni ma war tteggen ayt n ḍḍariba ura ammu,no
REC098_SEG0035,REC098,SPK009,train,vad_v2_spk009,552.064,557.558,5.494,data/processed/segments/REC098/REC098_SEG0035.wav,reviewed,irim nican qaɛ am mammec ura d babatwem i idjan deg ijenwan,no
REC099_SEG0002_PART01,REC099,SPK009,train,vad_v2_spk009,4.856,19.332,14.476,data/processed/segments/REC099/REC099_SEG0002_PART01.wav,reviewed,ḥḍam war tseddaqem zzat i iwḍan ḥima ad kenniw zaren mara amya war ɣarwem ittiri bu rajar zi babatwem i idjan deg ijenwan mara tseddqed war tt ttegg ḍi rbu,no
REC099_SEG0002_PART02,REC099,SPK009,train,vad_v2_spk009,19.332,33.808,14.476,data/processed/segments/REC099/REC099_SEG0002_PART02.wav,reviewed,uq am mammec t tteggen imnafqen ḍi temzidawin u ḍi zznaqi ḥima ad ten cennɛen iwḍan s tidett necc ad awem iniɣ niṭni aqa ufin rajar nsen zi beɛda maca cek,no
REC099_SEG0003,REC099,SPK009,train,vad_v2_spk009,33.808,50.152,16.344,data/processed/segments/REC099/REC099_SEG0003.wav,reviewed,xmi ɣa tseddqed ittxessa afus nnec azermaḍ war issin min ittegg ufusi nnec ḥima ssedqet nnec ad tiri s tnuffra uca babac wenni ittwaran ḍi tnuffra ad cek ixedjes s bṭayṭay,no
REC099_SEG0004,REC099,SPK009,train,vad_v2_spk009,53.368,54.472,1.104,data/processed/segments/REC099/REC099_SEG0004.wav,reviewed,tazadjit,no
REC099_SEG0005_PART01,REC099,SPK009,train,vad_v2_spk009,55.608,65.856,10.248,data/processed/segments/REC099/REC099_SEG0005_PART01.wav,reviewed,mara tezzudjed war ttiri ca am yimnafqen inni umi iɛjeb asen rḥar ad zzadjen am bedden ḍi temzidawin d tɣemmu,no
REC099_SEG0005_PART02,REC099,SPK009,train,vad_v2_spk009,65.856,76.104,10.248,data/processed/segments/REC099/REC099_SEG0005_PART02.wav,reviewed,ra n zznaqi ḥima ad ten zaren iwḍan s tidett necc ad awem iniɣ aqa niṭni ufin rajar nsen zi beɛda maca cek,no
REC099_SEG0006_PART01,REC099,SPK009,train,vad_v2_spk009,76.44,90.144,13.704,data/processed/segments/REC099/REC099_SEG0006_PART01.wav,reviewed,mara tezzudjed adef ɣar wexxam nnec belleɛ tawwart zzadj i babac wenni idjan ḍi tnuffra uca babac i ittwaran ḍi tnuffra d netta i cek i ɣa ixedjsen s,no
REC099_SEG0006_PART02,REC099,SPK009,train,vad_v2_spk009,90.144,103.848,13.704,data/processed/segments/REC099/REC099_SEG0006_PART02.wav,reviewed,bṭayṭay mara tezzudjem war ttɛawadem i wawar am mammec ttzadjan lkuffar minzi ittɣir asen s wawaren nsen attas ad asen ittwaser,no
REC099_SEG0007_PART01,REC099,SPK009,train,vad_v2_spk009,104.408,116.528,12.12,data/processed/segments/REC099/REC099_SEG0007_PART01.wav,reviewed,war ttirim xenni am niṭni minzi babatwem issen min teḥdajem qber d as i ɣa tettarem ca ammu i ɣa tezzadjem kenniw a babatneɣ i idjan deg ijenwan,no
REC099_SEG0007_PART02,REC099,SPK009,train,vad_v2_spk009,116.528,128.648,12.12,data/processed/segments/REC099/REC099_SEG0007_PART02.wav,reviewed,isem nnec ad yiri ittwaqeddes ejj ad dd tas tgeldit nnec ad yiri rxaḍar nnec am deg ujenna ammu ɛawed ḍi ṭammurṭ ewc aneɣ ass a aɣrum n kur ass,no
REC099_SEG0008,REC099,SPK009,train,vad_v2_spk009,128.728,146.44,17.712,data/processed/segments/REC099/REC099_SEG0008.wav,reviewed,ɣfar aneɣ imarwusa nneɣ am mammec nsameḥ ɛawed i yinni dd aneɣ ittursen u war d aneɣ sidif ca deg ujarreb maca fekk aneɣ zeg umɛeffan minzi tageldit d jjehd d uɛudji ad irin i cek i rebda qaɛ amin,no
REC099_SEG0009_PART01,REC099,SPK009,train,vad_v2_spk009,146.744,156.896,10.152,data/processed/segments/REC099/REC099_SEG0009_PART01.wav,reviewed,maɣar mara kenniw tsamḥem i iwḍan i iɛeddiyen nsen ura d babatwem i idjan deg ijenwan ad awem iɣfar,no
REC099_SEG0009_PART02,REC099,SPK009,train,vad_v2_spk009,156.896,167.048,10.152,data/processed/segments/REC099/REC099_SEG0009_PART02.wav,reviewed,maca mara kenniw war tettsimiḥem i iwḍan aqa ura d babatwem war iɣeffar ca iɛeddiyen nwem,no
REC099_SEG0010,REC099,SPK009,train,vad_v2_spk009,169.688,188.552,18.864,data/processed/segments/REC099/REC099_SEG0010.wav,reviewed,azummi mara tzummem war tteggem aɣembub abarcan am yimnafqen inni issneqraben aɣembub nsen ḥima ad ten zaren iwḍan belli aqa zummen s tidett necc ad awem iniɣ aqa niṭni ufin rajar nsen zi beɛda,no
REC099_SEG0011,REC099,SPK009,train,vad_v2_spk009,189.144,207.912,18.768,data/processed/segments/REC099/REC099_SEG0011.wav,reviewed,maca cek mara tzummed dhen azedjif nnec uca sired aɣembub nnec ḥima war tbinid ca i iwḍan belli tettzummed maca i babac wenni idjan ḍi tnuffra uca babac i ittwaran ḍi tnuffra aqa netta i cek i ɣa ixedjsen,no
REC099_SEG0012,REC099,SPK009,train,vad_v2_spk009,210.36,212.36,2.0,data/processed/segments/REC099/REC099_SEG0012.wav,reviewed,reknuz d gjunna,no
REC099_SEG0013,REC099,SPK009,train,vad_v2_spk009,214.392,220.776,6.384,data/processed/segments/REC099/REC099_SEG0013.wav,reviewed,war smunam ca reknuz da ḍi ddunect mani i ten ɣa tecc tcinda d ddra,no
REC099_SEG0014_PART01,REC099,SPK009,train,vad_v2_spk009,221.176,232.816,11.64,data/processed/segments/REC099/REC099_SEG0014_PART01.wav,reviewed,u mani ɣa ssnuqqben ixewwanen ad ten acaren maca smunem i yixef nwem reknuz deg ujenna mani war ten tettett ca tcinda,no
REC099_SEG0014_PART02,REC099,SPK009,train,vad_v2_spk009,232.816,244.456,11.64,data/processed/segments/REC099/REC099_SEG0014_PART02.wav,reviewed,d ddra u mani war ssnuqquben ixewwanen war ten ttacaren minzi mani ɣa yiri rkenz nnec aqa ad din yiri ura d ur nnec,no
REC099_SEG0015,REC099,SPK009,train,vad_v2_spk009,248.28,250.152,1.872,data/processed/segments/REC099/REC099_SEG0015.wav,reviewed,refnar n arrimet,no
REC099_SEG0016,REC099,SPK009,train,vad_v2_spk009,252.28,260.84,8.56,data/processed/segments/REC099/REC099_SEG0016.wav,reviewed,refnar n arrimet netta d titt mara xenni titt nnec aqa tesfa ad tiri arrimet nnec marra d tafawt,no
REC099_SEG0017,REC099,SPK009,train,vad_v2_spk009,261.592,267.88,6.288,data/processed/segments/REC099/REC099_SEG0017.wav,reviewed,mara titt nnec d taɛeffant xenni ad tiri arrimet nnec marra d tadjest,no
REC099_SEG0018_PART01,REC099,SPK009,train,vad_v2_spk009,268.6,278.832,10.232,data/processed/segments/REC099/REC099_SEG0018_PART01.wav,reviewed,mara tafawt tenni dayek d tadjest mecḥar temɣar tadjest ura d ijj war izemmar ad ixdem i ṭnayen n isiditen minzi xenni,no
REC099_SEG0018_PART02,REC099,SPK009,train,vad_v2_spk009,278.832,289.064,10.232,data/processed/segments/REC099/REC099_SEG0018_PART02.wav,reviewed,netta ad icarh ijjen ad ixs wenneɣni niɣ ad iweqqar ijjen ad isseḥqar wenneɣni kenniw war tzemmarem ad tsexxarem i arebbi d tenɛacin,no
REC099_SEG0019,REC099,SPK009,train,vad_v2_spk009,291.48,292.648,1.168,data/processed/segments/REC099/REC099_SEG0019.wav,reviewed,imunas,no
REC099_SEG0020,REC099,SPK009,train,vad_v2_spk009,293.752,304.592,10.84,data/processed/segments/REC099/REC099_SEG0020.wav,reviewed,s uyani necc ad awem iniɣ war kessim amnus ḍi ṭudarṭ nwem min ɣa teccem niɣ min ɣa teswem ura i arrimet nwem mammec tt i ɣa tessyarḍem,no
REC099_SEG0021_PART01,REC099,SPK009,train,vad_v2_spk009,304.592,317.544,12.952,data/processed/segments/REC099/REC099_SEG0021_PART01.wav,reviewed,ma war teḥri ṭudarṭ x macca niɣ arrimet x warruḍ xzarem ɣar ijḍaḍ n ujenna aqa niṭni war zarrɛen war mejjaren uca war ttxemmiren ḍi remrasi waxxa amenni,no
REC099_SEG0021_PART02,REC099,SPK009,train,vad_v2_spk009,317.544,330.496,12.952,data/processed/segments/REC099/REC099_SEG0021_PART02.wav,reviewed,babatwem i idjan deg ijenwan i ten isseccan xzarem ma kenniw war tessekkwim ca ktar attas xasen man wen zzaywem izemmar s wemnus nnes ad yarni mɣir ijjen uɣir ḍi tuzzeggart nnes,no
REC099_SEG0022,REC099,SPK009,train,vad_v2_spk009,330.496,339.24,8.744,data/processed/segments/REC099/REC099_SEG0022.wav,reviewed,u mayemmi tkessim amnus i warruḍ xzarem mammec ɣemmyent tlillicin deg iyyar nitenti war xeddment war ttqarḍcent,no
REC099_SEG0023_PART01,REC099,SPK009,train,vad_v2_spk009,339.256,349.9,10.644,data/processed/segments/REC099/REC099_SEG0023_PART01.wav,reviewed,maca necc ad awem iniɣ ura d suliman ḍi marra aɛudji nnes war yarḍ ca am yijjen zzaysen mara arebbi issyarḍ ammu arbiɛ n iyyar i i,no
REC099_SEG0023_PART02,REC099,SPK009,train,vad_v2_spk009,349.9,360.544,10.644,data/processed/segments/REC099/REC099_SEG0023_PART02.wav,reviewed,djan ass a uca tiwecca ad immenḍar ḍi tefqunt ma xenni war kenniw issyirreḍ attas ḥsen zzayes a kenniw i ḍi idja drus n l iman,no
REC099_SEG0024_PART01,REC099,SPK009,train,vad_v2_spk009,360.544,371.68,11.136,data/processed/segments/REC099/REC099_SEG0024_PART01.wav,reviewed,s uyani war kessim ca amnus war qqarem min ɣa necc u min ɣa nsu niɣ min ɣa nyarḍ maɣar regnus n ddunect arezzun man aya marra maca babatwem i idjan deg ijenwan,no
REC099_SEG0024_PART02,REC099,SPK009,train,vad_v2_spk009,371.68,382.816,11.136,data/processed/segments/REC099/REC099_SEG0024_PART02.wav,reviewed,issen blli teḥdajem man aya marra arzum amezwaru x tgeldit n arebbi d tsegda nnes uca man aya marra ad ɣarwem immarni ɛawed,no
REC099_SEG0025,REC099,SPK009,train,vad_v2_spk009,382.816,391.784,8.968,data/processed/segments/REC099/REC099_SEG0025.wav,reviewed,xni war kessim amnus i min i ɣa yiri tiwecca minzi tiwecca ad teksi amnus i yixef nnes icfa i kur ass tuɛeffna nnes,no
REC100_SEG0002,REC100,SPK009,train,vad_v2_spk009,6.968,14.536,7.568,data/processed/segments/REC100/REC100_SEG0002.wav,reviewed,war ḥekkmem ḥima war tettwaḥakamem minzi ɛlaḥsab rḥukm i zi ɣa tḥekmem ad tettwaḥakmem,no
REC100_SEG0003_PART01,REC100,SPK009,train,vad_v2_spk009,14.936,26.012,11.076,data/processed/segments/REC100/REC100_SEG0003_PART01.wav,reviewed,u ɛlaḥsab reɛbar i zi ɣa teɛbarem ad tettwaɛbarem ɛawed mayemmi txezzared ɣar uxecciw ḍi titt n umac maca war tḥekkared ca i teḥnact ten,no
REC100_SEG0003_PART02,REC100,SPK009,train,vad_v2_spk009,26.012,37.088,11.076,data/processed/segments/REC100/REC100_SEG0003_PART02.wav,reviewed,ni ḍi titt nnec xenni mammec ɣa tegged ad tinid i umac ejj ayi ad ac dd ssuffɣeɣ axecciw zi titt nnec uca xzar aqa cek ɣarek taḥnact ḍi titt nnec,no
REC100_SEG0004_PART01,REC100,SPK009,train,vad_v2_spk009,37.088,48.468,11.38,data/processed/segments/REC100/REC100_SEG0004_PART01.wav,reviewed,cek a amnafeq suffeɣ dd amezwaru taḥnact zi titt nnec xenni tzemmared ad texzared mliḥ ḥima ad tessuffɣed axecciw zi titt n umac war tticem min iqedd,no
REC100_SEG0004_PART02,REC100,SPK009,train,vad_v2_spk009,48.468,59.848,11.38,data/processed/segments/REC100/REC100_SEG0004_PART02.wav,reviewed,sen i yiṭan war nettarem ca tiyaqutin nwem i irfan ḥima war xasent ɛeffsen s iḍaren nsen uca ad ɣarwem dd nqerben ad kenniw mezzqen,no
REC100_SEG0005,REC100,SPK009,train,vad_v2_spk009,62.456,64.36,1.904,data/processed/segments/REC100/REC100_SEG0005.wav,reviewed,acejjeɛ i tzadjit,no
REC100_SEG0006_PART01,REC100,SPK009,train,vad_v2_spk009,67.384,79.648,12.264,data/processed/segments/REC100/REC100_SEG0006_PART01.wav,reviewed,ttarem ad awem immewc arzum ad tafem sqarqbem ad awem ittwarzem maɣar marra wenni i ɣa ittaren ad ittef u wenni i ɣa yarzun ad yaf u,no
REC100_SEG0006_PART02,REC100,SPK009,train,vad_v2_spk009,79.648,91.912,12.264,data/processed/segments/REC100/REC100_SEG0006_PART02.wav,reviewed,wenni i ɣa issqarqben ad as ittwarzem niɣ man bnaḍem jar awem mara mmis ittar as aɣrum ad as iwc azru niɣ mara ittar as tasremt ad as iwc afiɣar,no
REC100_SEG0007_PART01,REC100,SPK009,train,vad_v2_spk009,92.216,103.888,11.672,data/processed/segments/REC100/REC100_SEG0007_PART01.wav,reviewed,mara kenniw waxxa kenniw d iɛeffanen aqa tessnem mammec ɣa tewcem min isebḥen i tarwa nwem mecḥar ɛad babatwem i idjan deg ijenwan ad yewc min isebḥen i yinni,no
REC100_SEG0007_PART02,REC100,SPK009,train,vad_v2_spk009,103.888,115.56,11.672,data/processed/segments/REC100/REC100_SEG0007_PART02.wav,reviewed,d as i ɣa ittaren qaɛ am mammec texsem ad awem ggen iwḍan ggem amya kenniw i niṭni minzi man aya d ccariɛa d inabiyyen,no
REC100_SEG0008,REC100,SPK009,train,vad_v2_spk009,117.88,119.176,1.296,data/processed/segments/REC100/REC100_SEG0008.wav,reviewed,tnayn ibriḍen,no
REC100_SEG0009,REC100,SPK009,train,vad_v2_spk009,120.632,138.536,17.904,data/processed/segments/REC100/REC100_SEG0009.wav,reviewed,adfem zi tewwart iḥsaren minzi tawwart temɣar ura d abrid i ittawyen ɣar uhellek d miriw uca attas i zzayes ittadfen mammec teḥsar tewwart u mammec imzi webrid i ittawyen ɣar ṭudarṭ mɣir drus n yinni t ittafen,no
REC100_SEG0011,REC100,SPK009,train,vad_v2_spk009,145.784,156.936,11.152,data/processed/segments/REC100/REC100_SEG0011.wav,reviewed,ḥḍam ixef nwem zeg inabiyyen issxarriqen i dd ittasen ɣarwem s thiḍurt n izmaren maca deg iɛeddisen nsen aqa niṭni d uccanen ittettfen,no
REC100_SEG0012_PART01,REC100,SPK009,train,vad_v2_spk009,157.464,169.04,11.576,data/processed/segments/REC100/REC100_SEG0012_PART01.wav,reviewed,zi rɣidjet nsen ad ten tessnem ma ad reqḍen aḍir zeg isennanen niɣ tazart zi tzeggʷart ammu kur tacejjart tasebḥant,no
REC100_SEG0012_PART02,REC100,SPK009,train,vad_v2_spk009,169.04,180.616,11.576,data/processed/segments/REC100/REC100_SEG0012_PART02.wav,reviewed,tettawi dd rɣidjet tesbeḥ uca tacejjart taɛeffant tettawi dd rɣidjet taɛeffant tacejjart tasebḥant war tzemmar ad tewc rɣidjet taɛeffant,no
REC100_SEG0013,REC100,SPK009,train,vad_v2_spk009,181.048,196.968,15.92,data/processed/segments/REC100/REC100_SEG0013.wav,reviewed,uca tacejjart taɛeffant war tzemmar ad tewc rɣidjet tasebḥant kur tacejjart tenni war itticen rɣidjet tesbeḥ ad tettwaqess uca ad temmenḍar ḍi ṭmessi s uyenni ad ten tessnem zi rɣidjet nsen,no
REC100_SEG0015,REC100,SPK009,train,vad_v2_spk009,202.904,215.048,12.144,data/processed/segments/REC100/REC100_SEG0015.wav,reviewed,war idji ca kur ijjen wenni d ayi ɣa inin a sidi a sidi ad yadef ɣar tgeldit n ijenwan maca d wenni itteggen min ixs baba i idjan deg ijenwan,no
REC100_SEG0016_PART01,REC100,SPK009,train,vad_v2_spk009,215.32,226.304,10.984,data/processed/segments/REC100/REC100_SEG0016_PART01.wav,reviewed,attas i d ayi ɣa inin deg wass nni a sidi a sidi ma war nettnabb ca s yisem nnec ma war nuzzir x ccwaṭen s yisem nnec u s yisem nnec,no
REC100_SEG0016_PART02,REC100,SPK009,train,vad_v2_spk009,226.304,237.288,10.984,data/processed/segments/REC100/REC100_SEG0016_PART02.wav,reviewed,ma war neggi attas n reɛjayeb xenni necc ad asen iniɣ nican ɛemmas war kenniw ssineɣ beɛɛdem xafi a kenniw inni itteggen min idjan daɛffan,no
REC100_SEG0018,REC100,SPK009,train,vad_v2_spk009,246.04,264.04,18.0,data/processed/segments/REC100/REC100_SEG0018.wav,reviewed,marra wenni ittesran i wawaren inu ittegg zzaysen ad ittwamqudda ak d ijjen bnaḍem d amiɣis wenni ibnan ṭaddarṭ nnes x ssedjaḥ xenni iwta wenzar ḥemren dd iɣezran suḍen dd isemmiḍen uca reqfen ṭaddarṭ nni,no
REC100_SEG0019,REC100,SPK009,train,vad_v2_spk009,264.568,278.92,14.352,data/processed/segments/REC100/REC100_SEG0019.wav,reviewed,waxxa amenni war dd tewḍi ca minzi dsas nnes immars x ssedjaḥ maca marra wenni ittesran i wawaren inu war zzaysen ittegg ad yiri am yijjen bnaḍem d afɣur,no
REC100_SEG0020,REC100,SPK009,train,vad_v2_spk009,279.544,299.048,19.504,data/processed/segments/REC100/REC100_SEG0020.wav,reviewed,i ibna ṭaddarṭ nnes x ijdi xenni iwta wenzar ḥemren dd iɣezran suḍen dd isemmiḍen reqfen ṭaddarṭ nni uca tewḍa tuɣa awettu nnes d ameqqran awarni rami ikemmer yasuɛ awaren a aqa imsar belli rɣaci iqqim ittebhet s tɣuri nnes,no
REC100_SEG0021,REC100,SPK009,train,vad_v2_spk009,299.192,309.394,10.202,data/processed/segments/REC100/REC100_SEG0021.wav,reviewed,minzi tuɣa issermad i ten amecnaw wenni ɣar tedja ssulṭa war idji ca am yimsermaden n idlisen d ifarisiyyen,no
REC101_SEG0001,REC101,SPK009,train,vad_v2_spk009,1.272,3.624,2.352,data/processed/segments/REC101/REC101_SEG0001.wav,reviewed,asgenfi n ijjen bu rbars,no
REC101_SEG0002,REC101,SPK009,train,vad_v2_spk009,5.56,19.784,14.224,data/processed/segments/REC101/REC101_SEG0002.wav,reviewed,rami dd ihwa zeg wedrar ḍfaren t i dd attas n rɣaci xzar yusa dd ɣares ijjen i ḍi idja rbars isjed as inna a sidi mara texsed tzemmared ad ayi tessizdeged,no
REC101_SEG0003_PART01,REC101,SPK009,train,vad_v2_spk009,20.376,33.088,12.712,data/processed/segments/REC101/REC101_SEG0003_PART01.wav,reviewed,yasuɛ isswizzeḍ afus nnes uca iḥada t inna necc xseɣ zdeg uca ittwassizdeg zi rbars nnes rexdenni xenni inna as yasuɛ xzar,no
REC101_SEG0003_PART02,REC101,SPK009,train,vad_v2_spk009,33.088,45.8,12.712,data/processed/segments/REC101/REC101_SEG0003_PART02.wav,reviewed,war tteqqar i ḥed maca ruḥ scen ixef nnec i ukehhan uca ewc taɣarst i arebbi ɛlaḥsab min zzayes iwessa musa aqa tt d cchadet i niṭni,no
REC101_SEG0004,REC101,SPK009,train,vad_v2_spk009,49.432,52.232,2.8,data/processed/segments/REC101/REC101_SEG0004.wav,reviewed,amsexxar n rqebṭan arumani,no
REC101_SEG0005,REC101,SPK009,train,vad_v2_spk009,53.976,72.232,18.256,data/processed/segments/REC101/REC101_SEG0005.wav,reviewed,rami yudef yasuɛ ɣar kafarnaḥum yusa dd ɣares ijjen rqebṭan x mya ittar zzayes ammu inna a sidi amsexxar amezyan inu izzer ḍi ṭaddarṭ d aneɛḍab aqa ḍayes reḥriq attas inna as yasuɛ necc ad dd aseɣ ad t ssgenfiɣ,no
REC101_SEG0006_PART01,REC101,SPK009,train,vad_v2_spk009,72.76,85.312,12.552,data/processed/segments/REC101/REC101_SEG0006_PART01.wav,reviewed,uca rqebṭan x mya yarra dd inna a sidi necc war sdihedjeɣ ad tadfed swadday i tzeqqa inu maca ini ijjen wawar waha xenni ad iggenfa uḥenjar inu minzi,no
REC101_SEG0006_PART02,REC101,SPK009,train,vad_v2_spk009,85.312,97.864,12.552,data/processed/segments/REC101/REC101_SEG0006_PART02.wav,reviewed,ura d necc ɛawed d bnaḍem sadu ifassen uca ɣari iɛeskariyyen sadu ufus inu qqareɣ i wa ruḥ xenni ad iraḥ u i wenneɣni as dd xenni ad dd yas,no
REC101_SEG0007,REC101,SPK009,train,vad_v2_spk009,98.2,103.656,5.456,data/processed/segments/REC101/REC101_SEG0007.wav,reviewed,u i umsexxar inu qqareɣ as egg man aya uca ad t igg,no
REC101_SEG0008_PART01,REC101,SPK009,train,vad_v2_spk009,104.184,116.192,12.008,data/processed/segments/REC101/REC101_SEG0008_PART01.wav,reviewed,rami isra yasuɛ man aya ittebhet inna i yinni akides idjan s tidett necc ad awem iniɣ war ufiɣ ura ḍi israil l iman am wanita,no
REC101_SEG0008_PART02,REC101,SPK009,train,vad_v2_spk009,116.192,128.2,12.008,data/processed/segments/REC101/REC101_SEG0008_PART02.wav,reviewed,necc ad awem iniɣ belli attas i dd ɣa yasen zi ccarq u zi rɣarb ad qqimen ɣar ttabra ak d ibrahim d isḥaq d yaɛqub ḍi tgeldit n ijenwan,no
REC101_SEG0009,REC101,SPK009,train,vad_v2_spk009,128.248,147.112,18.864,data/processed/segments/REC101/REC101_SEG0009.wav,reviewed,maca tarwa n tgeldit ad mmenḍaren barra ɣar ttarf aneggaru n tadjest dinni ad irin imettawen d uɣezzi n teɣmas yasuɛ inna i rqebṭan x mya ruḥ ad imsar am mammec tumned uca iggenfa uḥenjir nnes ḍi ṭsaɛɛet nni,no
REC101_SEG0010,REC101,SPK009,train,vad_v2_spk009,150.168,152.68,2.512,data/processed/segments/REC101/REC101_SEG0010.wav,reviewed,asgenfi n tḍekkwac n buṭrus,no
REC101_SEG0011,REC101,SPK009,train,vad_v2_spk009,154.84,168.04,13.2,data/processed/segments/REC101/REC101_SEG0011.wav,reviewed,rexdenni yusa dd yasuɛ ɣar ṭaddarṭ n cimɛun izra taḍekkwac nnes tezzer ḍayes timessi iḥada afus nnes uca truḥ as ṭmessi rexdenni tekkar tsexxar xas,no
REC101_SEG0012,REC101,SPK009,train,vad_v2_spk009,168.44,186.952,18.512,data/processed/segments/REC101/REC101_SEG0012.wav,reviewed,ɣar uɛecci iwyen dd ɣares attas n imaryaḥen i ḍaysen ccwaṭen issuffeɣ ccwaṭen nsen s yijjen wawar waha uca issgenfa marra imehrac ḥima ad ittwakemmer min ittwannan zeg unabi icaɛya ad iksi reḥriq nneɣ u ad yarbu rehrac nneɣ,no
REC101_SEG0013,REC101,SPK009,train,vad_v2_spk009,190.552,198.888,8.336,data/processed/segments/REC101/REC101_SEG0013.wav,reviewed,aḍfar n yasuɛ rami izra yasuɛ rɣaci ameqqran i d as dd innḍen yumur i ten ad zwan ɣar ujemmaḍ,no
REC101_SEG0014_PART01,REC101,SPK009,train,vad_v2_spk009,199.512,212.864,13.352,data/processed/segments/REC101/REC101_SEG0014_PART01.wav,reviewed,uca yusa dd ɣares ijjen umsermad n idlisen inna as a amsermad inu ad cek ḍfareɣ mani ma i ɣa traḥed inna as yasuɛ iceɛban ɣarsen ifran u ijḍaḍ n ujenna ɣarse,no
REC101_SEG0014_PART02,REC101,SPK009,train,vad_v2_spk009,212.864,226.216,13.352,data/processed/segments/REC101/REC101_SEG0014_PART02.wav,reviewed,n reɛwacc maca mmis n bnaḍem war yufi ca mani ɣa isenned azedjif nnes inna as ijjen nneɣni zeg imeḥḍaren nnes a sidi ejj ayi d amezwar ad uyureɣ ad neḍreɣ baba,no
REC101_SEG0015,REC101,SPK009,train,vad_v2_spk009,226.808,232.552,5.744,data/processed/segments/REC101/REC101_SEG0015.wav,reviewed,inna as yasuɛ ḍfar ayi dd ejj imettinen ad neḍren imettinen nsen,no
REC101_SEG0016,REC101,SPK009,train,vad_v2_spk009,235.928,237.832,1.904,data/processed/segments/REC101/REC101_SEG0016.wav,reviewed,yasuɛ d tḥaryaḍt,no
REC101_SEG0017_PART01,REC101,SPK009,train,vad_v2_spk009,238.584,248.816,10.232,data/processed/segments/REC101/REC101_SEG0017_PART01.wav,reviewed,rami inya ḍi tɣarrabut nyin imeḥḍaren nnes akides uca xzar tekkar dd ict n tḥaryaḍt ḍi rebḥar ar mani drint remwaj aɣarrabu,no
REC101_SEG0017_PART02,REC101,SPK009,train,vad_v2_spk009,248.816,259.048,10.232,data/processed/segments/REC101/REC101_SEG0017_PART02.wav,reviewed,maca yasuɛ tuɣa ittes usin dd ɣares imeḥḍaren nnes uca ssfaqen t i d nnan as a siditneɣ senjem aneɣ aqa ad nettwahellek,no
REC101_SEG0018,REC101,SPK009,train,vad_v2_spk009,259.416,278.088,18.672,data/processed/segments/REC101/REC101_SEG0018.wav,reviewed,inna asen mayemmi tetteggʷedem a kenniw i ḍi idja drus n l iman xenni ikkar iwebbex asemmiḍ d rebḥar uca tusa dd rhudnet tameqqrant tbehten iwḍan nnan min iɛna wa umi isemmiḍen d rebḥar ttettaɛen as,no
REC101_SEG0019,REC101,SPK009,train,vad_v2_spk009,281.56,284.168,2.608,data/processed/segments/REC101/REC101_SEG0019.wav,reviewed,asgenfi n ṭnayen n imeryaḥen,no
REC101_SEG0020_PART01,REC101,SPK009,train,vad_v2_spk009,285.176,297.776,12.6,data/processed/segments/REC101/REC101_SEG0020_PART01.wav,reviewed,rami yiweḍ ɣar ujemmaḍ ɣar ṭammurṭ n gadarinis rqan t i dd ṭnayen n imaryaḥen ffɣen dd zeg imeḍran tuɣa mmuzzaren attas ar mani ura d ijj war izemm,no
REC101_SEG0020_PART02,REC101,SPK009,train,vad_v2_spk009,297.776,310.376,12.6,data/processed/segments/REC101/REC101_SEG0020_PART02.wav,reviewed,ar ad yekk abrid nni sɣuyyen nnan min din jar aneɣ d cek a yasuɛ mmis n arebbi ma tusid dd danita ḥima ad aneɣ tɛeddbed qber rweqt,no
REC101_SEG0021_PART01,REC101,SPK009,train,vad_v2_spk009,310.712,324.48,13.768,data/processed/segments/REC101/REC101_SEG0021_PART01.wav,reviewed,tuɣa din ict n tḥimart n irfan tameqqrant tiggʷej xasen thedda din uca ccwaṭen ttaren zzayes nnan mara tessuffɣed aneɣ ejj aneɣ ad nadef ɣar tḥimart n yerfan inna a,no
REC101_SEG0021_PART02,REC101,SPK009,train,vad_v2_spk009,324.48,338.248,13.768,data/processed/segments/REC101/REC101_SEG0021_PART02.wav,reviewed,sen ruḥem rexdenni ffɣen dd udfen deg irfan uca xzar taḥimart n irfan amen tmun teḥduddar zi teysart uca irfan wḍan ḍi rebḥar ṭmmuṭ deg waman,no
REC101_SEG0022,REC101,SPK009,train,vad_v2_spk009,338.584,357.768,19.184,data/processed/segments/REC101/REC101_SEG0022.wav,reviewed,imeksawen uca rami iwḍen ɣar tendint xebbaren x kurci min imsaren ura x imaryaḥen uca xzar ffɣen dd aytbab n tendint marra i umsagar ak d yasuɛ umi t zrin ttaren zzayes maḥend ad iffeɣ zi ṭammurṭ nsen,no
REC102_SEG0001,REC102,SPK009,train,vad_v2_spk009,2.104,4.232,2.128,data/processed/segments/REC102/REC102_SEG0001.wav,reviewed,asgenfi n ijjen uneɛḍab,no
REC102_SEG0002,REC102,SPK009,train,vad_v2_spk009,6.552,25.0,18.448,data/processed/segments/REC102/REC102_SEG0002.wav,reviewed,awarni rami inya deg uɣarrabu izwa rebḥar yiweḍ ɣar tendint nnes uca iwyen as dd ijjen uneɛḍab i tuɣa izzren ḍi tassut rami izra yasuɛ l iman nsen inna i uneɛḍab egg ur a mmi ddnub nnec ttwaɣfaren,no
REC102_SEG0003,REC102,SPK009,train,vad_v2_spk009,25.976,27.112,1.136,data/processed/segments/REC102/REC102_SEG0003.wav,reviewed,uca xzar,no
REC102_SEG0004_PART01,REC102,SPK009,train,vad_v2_spk009,27.608,41.78,14.172,data/processed/segments/REC102/REC102_SEG0004_PART01.wav,reviewed,ca n imsermaden n idlisen nnan deg yixef nsen wanita ittceqqaf ḍi arebbi yasuɛ umi issen min ḍi tuɣa ttfekkaren inna asen mayemmi tettxemmamem ḍi min war iḥrin deg wurawen nwem maɣar min ihewnen,no
REC102_SEG0004_PART02,REC102,SPK009,train,vad_v2_spk009,41.78,55.952,14.172,data/processed/segments/REC102/REC102_SEG0004_PART02.wav,reviewed,ad iniɣ i wanita ddnub nnec ttwaɣfaren niɣ ad iniɣ kkar uyur maca ḥima ad tessnem belli mmis n bnaḍem ɣares ssulṭa ḍi ṭammurṭ ḥima ad iɣfar ddnub ad iniɣ i uneɛḍab a kkar,no
REC102_SEG0005,REC102,SPK009,train,vad_v2_spk009,55.952,70.216,14.264,data/processed/segments/REC102/REC102_SEG0005.wav,reviewed,ksi tassut nnec tarekkweḥed ɣar ṭaddarṭ nnec xenni ikkar iruḥ ɣar ṭaddarṭ nnes rami izra rɣaci man aya tbehten ssɛudjen arebbi wenni iwcin ssulṭa am tanita i iwḍan,no
REC102_SEG0006,REC102,SPK009,train,vad_v2_spk009,72.696,74.28,1.584,data/processed/segments/REC102/REC102_SEG0006.wav,reviewed,araɣi n yasuɛ x matta,no
REC102_SEG0007,REC102,SPK009,train,vad_v2_spk009,76.696,94.088,17.392,data/processed/segments/REC102/REC102_SEG0007.wav,reviewed,rami ssenni ikka yasuɛ izra aryaz wenni umi qqaren matta iqqim ɣar ṭaddarṭ n ḍḍariba inna as ḍfar ayi dd uca ikkar iḍfar i t rami qqimen niṭni ɣar ttabra ḍi ṭaddarṭ usin dd wattas n ayt n ḍḍariba d imednab,no
REC102_SEG0008,REC102,SPK009,train,vad_v2_spk009,94.584,111.72,17.136,data/processed/segments/REC102/REC102_SEG0008.wav,reviewed,qqimen ɣar ttabra ak d yasuɛ d imeḥḍaren nnes rami zrin ifarisiyyen man aya nnan i imeḥḍaren nnes mayemmi ittett umsermad nwem ak d ayt n ḍḍariba d imednab umi isra yasuɛ man aya inna asen inni iseḥḥen war ḥdijen ca aḍbib maca imehrac,no
REC102_SEG0009,REC102,SPK009,train,vad_v2_spk009,112.248,124.584,12.336,data/processed/segments/REC102/REC102_SEG0009.wav,reviewed,ruḥem ad tremdem min ixs ad yini wawar a xseɣ arreḥmet war xseɣ ca taɣarst minzi necc war dd usiɣ ḥima ad raɣiɣ x imseggaden maca x imednab,no
REC102_SEG0010,REC102,SPK009,train,vad_v2_spk009,126.424,128.232,1.808,data/processed/segments/REC102/REC102_SEG0010.wav,reviewed,aseqsi x uzummi,no
REC102_SEG0011_PART01,REC102,SPK009,train,vad_v2_spk009,130.488,142.336,11.848,data/processed/segments/REC102/REC102_SEG0011_PART01.wav,reviewed,xenni usin dd ɣares imeḥḍaren n yuḥanna nnan as mayemmi nettzumma neccin d ifarisiyyen attas maca imeḥḍaren nnec war ttzummin ca yasuɛ inna asen ma,no
REC102_SEG0011_PART02,REC102,SPK009,train,vad_v2_spk009,142.336,154.184,11.848,data/processed/segments/REC102/REC102_SEG0011_PART02.wav,reviewed,izemmar ad ceḍnen reḥbab n umuray umi amuray ɛad akidsen ad dd asen wussan ad xasen immeksi umuray xenni ad zummen,no
REC102_SEG0012,REC102,SPK009,train,vad_v2_spk009,154.648,166.248,11.6,data/processed/segments/REC102/REC102_SEG0012.wav,reviewed,ura d ijj war ittegg taneqqic n tcuqqet n jdid x warruḍ aqdim ḥima war tqedjiɛ tneqqic zeg warruḍ uca ad iqqars warruḍ ktar,no
REC102_SEG0013,REC102,SPK009,train,vad_v2_spk009,166.648,184.648,18.0,data/processed/segments/REC102/REC102_SEG0013.wav,reviewed,ura d binu n jdid war ittwagg ca ḍi txuncay tiburay ḥima war dduqquzent txuncay ad izedjeɛ binu uca tixuncay ad ḍeyyɛent ittxessa ad tteggen binu n jdid ḍi txuncay n jdid ḥima ad ttwaxemmren niṭni s ṭnayen,no
REC102_SEG0015_PART01,REC102,SPK009,train,vad_v2_spk009,193.048,206.896,13.848,data/processed/segments/REC102/REC102_SEG0015_PART01.wav,reviewed,am tuɣa issawar akidsen x tmesrayin a yusa dd ijjen umeqqran isjed as inna rexxu yedji bḥra temmut maca as dd sars xas afus nnec uca ad teddar ɛawed yasuɛ ikk,no
REC102_SEG0015_PART02,REC102,SPK009,train,vad_v2_spk009,206.896,220.744,13.848,data/processed/segments/REC102/REC102_SEG0015_PART02.wav,reviewed,ar iḍfar i t ak d imeḥḍaren nnes uca xzar ict n temɣart tuɣa ttazzren zzayes idammen rmijar n ṭenɛac n iseggʷusa tekka as dd ɣar ḍeffar uca tḥada abeḥrur n ujedjab nnes,no
REC102_SEG0016,REC102,SPK009,train,vad_v2_spk009,221.272,227.72,6.448,data/processed/segments/REC102/REC102_SEG0016.wav,reviewed,minzi nettat tuɣa ṭenna deg ixef nnes icfa mɣir ad ḥadiɣ ajedjab nnes ad ggenfiɣ,no
REC102_SEG0017_PART01,REC102,SPK009,train,vad_v2_spk009,228.344,239.872,11.528,data/processed/segments/REC102/REC102_SEG0017_PART01.wav,reviewed,maca inneqreb dd yasuɛ izra i tt inna egg ur a yedji aqa l iman nnem i cem issnejmen uca tettwassggenfa temɣart nni ḍi ṭsaɛɛet nni,no
REC102_SEG0017_PART02,REC102,SPK009,train,vad_v2_spk009,239.872,251.4,11.528,data/processed/segments/REC102/REC102_SEG0017_PART02.wav,reviewed,xenni yusa dd yasuɛ ɣar ṭaddarṭ n umeqqran izra iɣeyyaḍen d rɣaci sɣuyyun inna asen ffɣem ssa taḥenjirt war temmut ca aqa tettes,no
REC102_SEG0018,REC102,SPK009,train,vad_v2_spk009,251.736,264.168,12.432,data/processed/segments/REC102/REC102_SEG0018.wav,reviewed,maca niṭni ḍeḥcen ḍayes arami issuffeɣ rɣaci yudef ɣar daxer uca ittef i tt zeg ufus nnes xenni tekkar tḥenjirt uca iffeɣ rexbar ɣar ṭammurṭ nni marra,no
REC102_SEG0020_PART01,REC102,SPK009,train,vad_v2_spk009,274.168,287.344,13.176,data/processed/segments/REC102/REC102_SEG0020_PART01.wav,reviewed,rami ssenni ikka yasuɛ ḍfaren t ṭnayen n idarɣaren ttraɣan qqaren arḥem aneɣ a mmis n dawud arami yudef ɣar ṭaddarṭ usin dd ɣares idarɣaren nni yasuɛ inna asen ma,no
REC102_SEG0020_PART02,REC102,SPK009,train,vad_v2_spk009,287.344,300.52,13.176,data/processed/segments/REC102/REC102_SEG0020_PART02.wav,reviewed,tumnem belli zemmareɣ ad ggeɣ man aya nnan as wah a siditneɣ rexdenni iḥada tittawin nsen inna ad ɣarwem yiri ɛlaḥsab l iman nwem rexdenni ttwarezment tittawin nsen,no
REC102_SEG0021,REC102,SPK009,train,vad_v2_spk009,301.176,311.112,9.936,data/processed/segments/REC102/REC102_SEG0021.wav,reviewed,xenni iḥarrem i ten yasuɛ inna ɣarwem war ssargabem ḥed maca niṭni arami ruḥen ssuffɣen xas rexbar ḍi marra ṭammurṭ,no
REC102_SEG0022_PART01,REC102,SPK009,train,vad_v2_spk009,311.64,322.752,11.112,data/processed/segments/REC102/REC102_SEG0022_PART01.wav,reviewed,rami dd ffɣen niṭni iwyen as dd ijjen weryaz aynaw n rami iffeɣ raryaḥ aɛfffan nni issiwer weynaw tuɣa ittebhet rɣaci nnan,no
REC102_SEG0022_PART02,REC102,SPK009,train,vad_v2_spk009,322.752,333.864,11.112,data/processed/segments/REC102/REC102_SEG0022_PART02.wav,reviewed,ɛemmas war nezri am wanita ḍi israil maca ifarisiyyen nnan s umeqqran n aryaḥ iɛfffanen issuffuɣ raryaḥ iɛfffanen,no
REC102_SEG0024_PART01,REC102,SPK009,train,vad_v2_spk009,341.592,353.664,12.072,data/processed/segments/REC102/REC102_SEG0024_PART01.wav,reviewed,yasuɛ tuɣa ittenneḍ x marra tineddam d dcurat issermad i ten ḍi temzidawin nsen tuɣa ittbarreḥ s rexbar asebḥan n tgeldit uca issgenfa marra,no
REC102_SEG0024_PART02,REC102,SPK009,train,vad_v2_spk009,353.664,365.736,12.072,data/processed/segments/REC102/REC102_SEG0024_PART02.wav,reviewed,rehracat d reɛyub n rgens rami izra yasuɛ rɣaci iḥinn xasen minzi uḥren nnhewren am wudji i war ɣar idji umeksaw,no
REC102_SEG0025,REC102,SPK009,train,vad_v2_spk009,366.392,380.526,14.134,data/processed/segments/REC102/REC102_SEG0025.wav,reviewed,xenni inna i imeḥḍaren nnes tameyra temɣar attas maca aqa din drus n icewwaren s uyenni ttarem i bab n tmeyra ad dd issekk icewwaren i tmeyra nnes,no
REC103_SEG0001,REC103,SPK009,train,vad_v2_spk009,2.168,5.32,3.152,data/processed/segments/REC103/REC103_SEG0001.wav,reviewed,araɣi d usseki n ṭenɛac n rrusul,no
REC103_SEG0002,REC103,SPK009,train,vad_v2_spk009,7.256,18.664,11.408,data/processed/segments/REC103/REC103_SEG0002.wav,reviewed,iraɣa yasuɛ x ṭenɛac n imeḥḍaren nnes iwca asen ssulṭa ḥima ad ssuffɣen raryaḥ imengas u ḥima ad ssgenfan marra rehracat d reɛyubat,no
REC103_SEG0003_PART01,REC103,SPK009,train,vad_v2_spk009,19.224,29.264,10.04,data/processed/segments/REC103/REC103_SEG0003_PART01.wav,reviewed,ismawen n ṭenɛac n rrusul d yina amezwaru nsen cimɛun umi qqaren buṭrus ixs ad yini azru d umas andrawus,no
REC103_SEG0003_PART02,REC103,SPK009,train,vad_v2_spk009,29.264,39.304,10.04,data/processed/segments/REC103/REC103_SEG0003_PART02.wav,reviewed,d yaɛqub mmis n zabdi d umas yuḥanna d filippus d bar tulumawus tuma d matta,no
REC103_SEG0004_PART01,REC103,SPK009,train,vad_v2_spk009,39.576,53.984,14.408,data/processed/segments/REC103/REC103_SEG0004_PART01.wav,reviewed,wenni d bu ḍḍariba d yaɛqub mmis n ḥalfa d labbawus umi qqaren tadday d cimɛun wenni d amɛessab d yahuda isxariyuṭi wenni t isellmen,no
REC103_SEG0004_PART02,REC103,SPK009,train,vad_v2_spk009,53.984,68.392,14.408,data/processed/segments/REC103/REC103_SEG0004_PART02.wav,reviewed,yasuɛ issekk ṭenɛac a yumur i ten inna war ttruḥem ca x webrid n regnuss war ttadfem ca ɣar tendint n isamariyyen maca ḥsen ad traḥem ɣar wudji iweddaren n ṭaddarṭ n israil,no
REC103_SEG0005,REC103,SPK009,train,vad_v2_spk009,69.496,86.248,16.752,data/processed/segments/REC103/REC103_SEG0005.wav,reviewed,xmi ɣa traḥem barrḥem am teqqarem tageldit n ijenwan aqa tiweḍ dd sgenfam imehrac sizdgem inni ḍi idja rbars suffɣem ccwaṭen kenniw teksim bra ca xenni wcem tt bra ca,no
REC103_SEG0006,REC103,SPK009,train,vad_v2_spk009,87.0,103.784,16.784,data/processed/segments/REC103/REC103_SEG0006.wav,reviewed,war kessim ca wureɣ ura d nnuqart ura d nnḥas deg ibuyas nwem war kessim ca ttesṭim i webrid ra d ṭnayen n tcamirat ra d sandaliyat ura d taɣɣarct nneɣni minzi axeddam isdahedj macca nnes,no
REC103_SEG0007,REC103,SPK009,train,vad_v2_spk009,104.632,112.936,8.304,data/processed/segments/REC103/REC103_SEG0007.wav,reviewed,man tandint niɣ dcar i ɣa tadfem arzum wi ḍayes isdahedj uca qqimem din ar d traḥem,no
REC103_SEG0008_PART01,REC103,SPK009,train,vad_v2_spk009,113.528,124.672,11.144,data/processed/segments/REC103/REC103_SEG0008_PART01.wav,reviewed,mara tudfem ɣar ṭaddarṭ sedjmem x aytbab n ṭaddarṭ s rehna mara ṭaddarṭ tesdahedj jjem xas rehna nwem mara war t tesdihedj,no
REC103_SEG0008_PART02,REC103,SPK009,train,vad_v2_spk009,124.672,135.816,11.144,data/processed/segments/REC103/REC103_SEG0008_PART02.wav,reviewed,xenni rehna nwem ad ɣarwem dd iɛqeb mara tufim ca n yijjen war kenniw iqebber u war ittesri i wawaren nwem ffɣem zi ṭaddarṭ nni niɣ zi ṭendint nni,no
REC103_SEG0009,REC103,SPK009,train,vad_v2_spk009,136.376,149.8,13.424,data/processed/segments/REC103/REC103_SEG0009.wav,reviewed,zzerzem taɛejjajt zeg iḍaren nwem s tidett necc ad awem iniɣ ad yiri rḥar i ṭammurṭ n sadum d ɛamurra ihwen zi tendint nni deg wass n lḥisab,no
REC103_SEG0010,REC103,SPK009,train,vad_v2_spk009,153.08,156.968,3.888,data/processed/segments/REC103/REC103_SEG0010.wav,reviewed,yasuɛ issawar x reḥsaret d udarrec,no
REC103_SEG0011,REC103,SPK009,train,vad_v2_spk009,158.872,168.776,9.904,data/processed/segments/REC103/REC103_SEG0011.wav,reviewed,xzarem rexxu ad kenniw ssekkeɣ am udji ḍi rwesṭ n wuccanen irim tfettnem amecnaw ifiɣran u ɣeffrem am idbiren,no
REC103_SEG0012,REC103,SPK009,train,vad_v2_spk009,169.752,176.712,6.96,data/processed/segments/REC103/REC103_SEG0012.wav,reviewed,maca ḥḍam ixef nwem zeg iwḍan minzi niṭni ad kenniw sellmen i ṭaddarṭ n ccreɛ,no
REC103_SEG0013_PART01,REC103,SPK009,train,vad_v2_spk009,177.24,190.112,12.872,data/processed/segments/REC103/REC103_SEG0013_PART01.wav,reviewed,ad kenniw hettken s urekkuḍ ḍi temzidawin nsen ad kenniw nedhen zzat i rḥukkam d zzat i ijedjiden ḍi ssibbet inu ḥima ad tirim d cchadet i niṭni u,no
REC103_SEG0013_PART02,REC103,SPK009,train,vad_v2_spk009,190.112,202.984,12.872,data/processed/segments/REC103/REC103_SEG0013_PART02.wav,reviewed,ra i regnus mara sellmen kenniw war kessim ca s wemnus mammec d min ɣa tessiwrem minzi ad awem immewc ḍi ṭsaɛɛet nni min ittxessa ad tinim,no
REC103_SEG0014_PART01,REC103,SPK009,train,vad_v2_spk009,203.16,214.128,10.968,data/processed/segments/REC103/REC103_SEG0014_PART01.wav,reviewed,maɣar war idji d kenniw inni issawaren maca d arruḥ n babatwem d netta i daywem issawaren umas ad isellem umas ɣar el,no
REC103_SEG0014_PART02,REC103,SPK009,train,vad_v2_spk009,214.128,225.096,10.968,data/processed/segments/REC103/REC103_SEG0014_PART02.wav,reviewed,muṭ u babas mmis uca ad kkaren tarwa d aɣezdis i lwalidin nsen ad ten nɣen ad kenniw carhen marra idsen x ssibbet n yisem inu,no
REC103_SEG0015,REC103,SPK009,train,vad_v2_spk009,225.4,242.888,17.488,data/processed/segments/REC103/REC103_SEG0015.wav,reviewed,maca wenni i ɣa isbaren ar aneggaru ad ittwassenjem mara darrcen xawem ḍi tendint a arewrem ɣar tenneɣnit s tidett necc ad awem iniɣ kenniw war tettekkem ca x marra tineddam n israil ar dd ɣa yas mmis n bnaḍem,no
REC103_SEG0016,REC103,SPK009,train,vad_v2_spk009,243.64,256.776,13.136,data/processed/segments/REC103/REC103_SEG0016.wav,reviewed,war idji umeḥḍar yuɛra x umsermad nnes ura d amsexxar x bab nnes ikfa i umeḥḍar ad yiri am umsermad nnes u amsexxar am bab nnes,no
REC103_SEG0017_PART01,REC103,SPK009,train,vad_v2_spk009,257.048,271.712,14.664,data/processed/segments/REC103/REC103_SEG0017_PART01.wav,reviewed,mara raɣan as i bab n ṭaddarṭ beɛalzabul ixs ad yini ibris mecḥar ɛad i aytbab n ṭaddarṭ nnes war tteggʷedem ca zzaysen minzi war din min idrin ad iqqim war,no
REC103_SEG0017_PART02,REC103,SPK009,train,vad_v2_spk009,271.712,286.376,14.664,data/processed/segments/REC103/REC103_SEG0017_PART02.wav,reviewed,ittwaɛarri ura war din min inuffaren ad iqqim war ittwissen min d awem qqareɣ ḍi tadjest inim t ḍi tfawt min tesrim qqaren t deg imezzuɣen nwem barrḥem zzayes x tzeɣwin,no
REC103_SEG0018,REC103,SPK009,train,vad_v2_spk009,286.488,304.552,18.064,data/processed/segments/REC103/REC103_SEG0018.wav,reviewed,war tteggʷedem ca zeg inni ineqqen arrimet maca war zemmaren ad nɣen reɛmar ggʷedem d amezwaru zeg wenni izemmaren ad isshellek reɛmar d arrimet ḍi jehennama ma war ttmenzin ṭnayen n zzawec s yijjen usuldi n nnḥas,no
REC103_SEG0019_PART01,REC103,SPK009,train,vad_v2_spk009,304.984,317.168,12.184,data/processed/segments/REC103/REC103_SEG0019_PART01.wav,reviewed,ura d ijj zzaysen war dd iwetti ca x ṭammurṭ bra babatwem maca ura d izuttan n ucuwwaf n uzedjif nwem ttwaḥessben marra s uyenni war tteggʷedem,no
REC103_SEG0019_PART02,REC103,SPK009,train,vad_v2_spk009,317.168,329.352,12.184,data/processed/segments/REC103/REC103_SEG0019_PART02.wav,reviewed,ca aqa kenniw teɛdum zzawec attas s uya kur ijjen wenni zzayi i ɣa icehden zzat i iwḍan ura d necc ad zzayes cehdeɣ zzat i baba i idjan deg ijenwan,no
REC103_SEG0020,REC103,SPK009,train,vad_v2_spk009,329.816,347.176,17.36,data/processed/segments/REC103/REC103_SEG0020.wav,reviewed,maca wenni d ayi ɣa inkaren zzat i iwḍan ura d necc ad t nkareɣ zzat i baba i idjan deg ijenwan war ttɣirem ca belli usiɣ dd ḥima ad awyeɣ rehna i ddunect necc war dd usiɣ ca ḥima ad awyeɣ rehna maca ssif,no
REC103_SEG0021,REC103,SPK009,train,vad_v2_spk009,347.512,359.976,12.464,data/processed/segments/REC103/REC103_SEG0021.wav,reviewed,usiɣ dd ḥima ad bḍiɣ aryaz x babas d yedjis x yemmas d tesrit x rallas aytbab n ṭaddarṭ n bnaḍem ad irin d rɛedyan nnes,no
REC103_SEG0022_PART01,REC103,SPK009,train,vad_v2_spk009,360.28,371.12,10.84,data/processed/segments/REC103/REC103_SEG0022_PART01.wav,reviewed,wenni ittexsen babas niɣ d yemmas xafi war d ayi isdihedj ca uca wenni ittexsen mmis niɣ d yedjis xafi war d ayi isdihe,no
REC103_SEG0022_PART02,REC103,SPK009,train,vad_v2_spk009,371.12,381.96,10.84,data/processed/segments/REC103/REC103_SEG0022_PART02.wav,reviewed,dj ca wenni war ikessin ssalib nnes uca ad ayi dd iḍfar aqa netta war d ayi isdihedj ca wenni i ɣa yafen ṭudarṭ nnes ad tt ixsar,no
REC103_SEG0023_PART01,REC103,SPK009,train,vad_v2_spk009,382.36,395.12,12.76,data/processed/segments/REC103/REC103_SEG0023_PART01.wav,reviewed,d wenni i ɣa ixsaren ṭudarṭ nnes ḍi ttweɛ inu ad tt yaf wenni kenniw i ɣa iqebren iqebber ayi u wenni d ayi ɣa iqebren iqebber wenni d ayi dd issekken,no
REC103_SEG0023_PART02,REC103,SPK009,train,vad_v2_spk009,395.12,407.88,12.76,data/processed/segments/REC103/REC103_SEG0023_PART02.wav,reviewed,wenni i ɣa iqebren anabi s isem n nnabi ad ittef rmunet n unabi d wenni i ɣa iqebren amseggad s isem n umseggad,no
REC103_SEG0024,REC103,SPK009,train,vad_v2_spk009,408.664,427.781,19.117,data/processed/segments/REC103/REC103_SEG0024.wav,reviewed,ad ittef rmunet n umseggad wenni i ɣa iwcen i yijjen zeg ina imezyanen ijjen rkas n waman d asemmaḍ mɣir minzi netta d ameḥḍar inu s tidett necc ad awem iniɣ war d as tettriḥ rmunet nnes ɛemmas,no
REC104_SEG0001,REC104,SPK009,train,vad_v2_spk009,1.528,4.104,2.576,data/processed/segments/REC104/REC104_SEG0001.wav,reviewed,yasuɛ d yuḥanna amseɣḍas,no
REC104_SEG0002,REC104,SPK009,train,vad_v2_spk009,6.168,16.328,10.16,data/processed/segments/REC104/REC104_SEG0002.wav,reviewed,awarni rami ikemmer yasuɛ rumur nnes i ṭenɛac n imeḥḍaren nnes yuyur ssenni ḥima ad issermed u ad ibarreḥ ḍi tneddam nsen,no
REC104_SEG0003_PART01,REC104,SPK009,train,vad_v2_spk009,16.632,29.648,13.016,data/processed/segments/REC104/REC104_SEG0003_PART01.wav,reviewed,rami tuɣa yuḥanna ittesra ḍi reḥbes x rexdayem n lmasiḥ issekk ca zeg imeḥḍaren nnes inna as ma d cek d wenni dd ɣa yasen niɣ ittxessa ad nraja ijjen nneɣni yarra dd,no
REC104_SEG0003_PART02,REC104,SPK009,train,vad_v2_spk009,29.648,42.664,13.016,data/processed/segments/REC104/REC104_SEG0003_PART02.wav,reviewed,yasuɛ inna asen ruḥem tɛawdem i yuḥanna min tesram d min tezrim aqa idarɣaren ttwaran ineɛḍaben gguren d yinni ḍi idja rbars ttwassizdigen,no
REC104_SEG0004,REC104,SPK009,train,vad_v2_spk009,43.064,50.504,7.44,data/processed/segments/REC104/REC104_SEG0004.wav,reviewed,idehcar dewren ttesran imettinen ttwassnekkaren dd u rexbar asebḥan ittwabarraḥ i imezraḍ,no
REC104_SEG0005,REC104,SPK009,train,vad_v2_spk009,51.224,64.52,13.296,data/processed/segments/REC104/REC104_SEG0005.wav,reviewed,sseɛd n wenni war dayi ittendrifen rami uyuren ina ibda yasuɛ issawar ak d rɣaci x yuḥanna inna min ɣar dd teffɣem ɣar rexra maḥend ad t tzarem,no
REC104_SEG0006_PART01,REC104,SPK009,train,vad_v2_spk009,65.176,79.808,14.632,data/processed/segments/REC104/REC104_SEG0006_PART01.wav,reviewed,ma ɣar ijjen uɣanim issenhezza t usemmiḍ mara lla min ɣar dd teffɣem ad t tzarem ma ɣar ijjen bnaḍem s warruḍ yarḍeb xzar inni yarrḍen arruḍ iɣran yarḍeb a,no
REC104_SEG0006_PART02,REC104,SPK009,train,vad_v2_spk009,79.808,94.44,14.632,data/processed/segments/REC104/REC104_SEG0006_PART02.wav,reviewed,qa aten ḍi tudrin n ujedjid min ɣar dd teffɣem xenni maḥend ad t tzarem ijjen unabi wah necc ad awem iniɣ aqa d ameqqran ɛad x unabi maɣar aqa d wa d wenni i xef ittwari wawar a xzar,no
REC104_SEG0007,REC104,SPK009,train,vad_v2_spk009,94.712,102.92,8.208,data/processed/segments/REC104/REC104_SEG0007.wav,reviewed,ad dd ssekkeɣ lmalak inu zzat i wudem nnec wenni i ɣa isswejden abrid nnec zzatek s tidett necc ad awem iniɣ,no
REC104_SEG0008_PART01,REC104,SPK009,train,vad_v2_spk009,103.352,114.032,10.68,data/processed/segments/REC104/REC104_SEG0008_PART01.wav,reviewed,jar inni dd ittwaxerqen zi temɣarin war dd iffiɣ ura d ijj d ameqqran x yuḥanna amseɣḍas waxxa amenni amezyan ḍi tgeldit n ijenwan d ameqqran xas ze,no
REC104_SEG0008_PART02,REC104,SPK009,train,vad_v2_spk009,114.032,124.712,10.68,data/processed/segments/REC104/REC104_SEG0008_PART02.wav,reviewed,g wussan n yuḥanna amseɣḍas ar iḍa temmars tgeldit n ijenwan i lɛunf uca ayt n bu rexcunet arezzun ttettfen tt,no
REC104_SEG0009,REC104,SPK009,train,vad_v2_spk009,125.144,143.08,17.936,data/processed/segments/REC104/REC104_SEG0009.wav,reviewed,minzi marra inabiyyen d ccariɛa tuɣa ttnabban ar dd yas yuḥanna mara texsem qebrem aqa wanita d iliya wenni ad dd yas wenni ɣar idja imezzuɣen i usedji ad iser,no
REC104_SEG0010,REC104,SPK009,train,vad_v2_spk009,144.472,147.336,2.864,data/processed/segments/REC104/REC104_SEG0010.wav,reviewed,wi ak d i ɣa ssemquddeɣ jjir a,no
REC104_SEG0011_PART01,REC104,SPK009,train,vad_v2_spk009,147.8,161.62,13.82,data/processed/segments/REC104/REC104_SEG0011_PART01.wav,reviewed,aqa t amecnaw iḥenjiren iqqimen ḍi reswaq ttraɣan x imeddukkar nsen qqaren aqa nɣennej i kenniw kenniw war tecḍiḥem aqa newta awem agejdur,no
REC104_SEG0011_PART02,REC104,SPK009,train,vad_v2_spk009,161.62,175.44,13.82,data/processed/segments/REC104/REC104_SEG0011_PART02.wav,reviewed,uca war tecḍinem maɣar yusa dd yuḥanna war ittett war isess uca qqaren niṭni ḍayes ijjen aryaḥ aɛfan aqa mmis n bnaḍem yusa dd,no
REC104_SEG0012,REC104,SPK009,train,vad_v2_spk009,175.44,188.872,13.432,data/processed/segments/REC104/REC104_SEG0012.wav,reviewed,ittett isess uca niṭni qqaren aqa din bnaḍem irhef x macca d binu netta d ameddukker n ayt n ḍḍariba d imednab maca tiɣit tettwasegged s rexdayem nnes,no
REC104_SEG0013,REC104,SPK009,train,vad_v2_spk009,192.152,195.4,3.248,data/processed/segments/REC104/REC104_SEG0013.wav,reviewed,rḥukm x tneddam i war yuminen,no
REC104_SEG0014_PART01,REC104,SPK009,train,vad_v2_spk009,197.208,209.76,12.552,data/processed/segments/REC104/REC104_SEG0014_PART01.wav,reviewed,rexdenni ibda ittwebbex tineddam i ḍi igga attas n reɛjayeb nnes minzi nitenti war tubent ca uct xam a xurazin,no
REC104_SEG0014_PART02,REC104,SPK009,train,vad_v2_spk009,209.76,222.312,12.552,data/processed/segments/REC104/REC104_SEG0014_PART02.wav,reviewed,uct xam a bayt sayda mri tuɣa ttwaggent ḍi sur d saydun reɛjayeb ijehden tinni ittwaggen daykent iri aqa tubent attas zeg wami,no
REC104_SEG0015,REC104,SPK009,train,vad_v2_spk009,222.584,227.4,4.816,data/processed/segments/REC104/REC104_SEG0015.wav,reviewed,s txancet n wecḍan d yiɣɣeḍ x izedjifen nsent,no
REC104_SEG0016_PART01,REC104,SPK009,train,vad_v2_spk009,227.64,240.688,13.048,data/processed/segments/REC104/REC104_SEG0016_PART01.wav,reviewed,maca necc ad awem iniɣ ad yiri rḥar i tendint n sur d saydun ihwen zi rḥar nwem deg wass n lḥisab i cem a tandint n kafarnaḥum tenni ittwassgeɛɛden,no
REC104_SEG0016_PART02,REC104,SPK009,train,vad_v2_spk009,240.688,253.736,13.048,data/processed/segments/REC104/REC104_SEG0016_PART02.wav,reviewed,ar ajenna ɣar raxart i ɣar dd ɣa tehwid minzi mara ttwaggent ḍi sadum reɛjayeb ijehden i dayem ittwaggen iri aqa teqqim ar ass n yiḍa maca necc ad am iniɣ,no
REC104_SEG0017,REC104,SPK009,train,vad_v2_spk009,253.784,260.36,6.576,data/processed/segments/REC104/REC104_SEG0017.wav,reviewed,ad yiri rḥar i ṭammurṭ n sadum ihwen zi rḥar nnem deg wass n lḥisab,no
REC104_SEG0018,REC104,SPK009,train,vad_v2_spk009,262.648,264.712,2.064,data/processed/segments/REC104/REC104_SEG0018.wav,reviewed,tazadjit n yasuɛ,no
REC104_SEG0019_PART01,REC104,SPK009,train,vad_v2_spk009,266.488,277.408,10.92,data/processed/segments/REC104/REC104_SEG0019_PART01.wav,reviewed,ḍi tsaɛet nni ibda yasuɛ ad yini ḥemdeɣ cek a baba sidi n ujenna d ṭammurṭ minzi tessnuffared aya x imiɣisen d imusna,no
REC104_SEG0019_PART02,REC104,SPK009,train,vad_v2_spk009,277.408,288.328,10.92,data/processed/segments/REC104/REC104_SEG0019_PART02.wav,reviewed,wen maca tessaregbed aya i iḥenjiren wah a baba minzi d wa d arḍa i cek marra min idjan immewc ayi dd zi baba,no
REC104_SEG0020_PART01,REC104,SPK009,train,vad_v2_spk009,288.664,299.072,10.408,data/processed/segments/REC104/REC104_SEG0020_PART01.wav,reviewed,uca ura d ijj war issin tammemmit mɣir tababbat uca ura d ijj war issin tababbat mɣir tammemmit u wi umi ixs,no
REC104_SEG0020_PART02,REC104,SPK009,train,vad_v2_spk009,299.072,309.48,10.408,data/processed/segments/REC104/REC104_SEG0020_PART02.wav,reviewed,tammemmit ad t issargeb asem dd ɣari marra kenniw inni yuḥren d yinni yarbun ddqer uca necc ad awem wceɣ arraḥet,no
REC104_SEG0021,REC104,SPK009,train,vad_v2_spk009,310.04,324.075,14.035,data/processed/segments/REC104/REC104_SEG0021.wav,reviewed,ksim dd azayru inu xawem remdem zzayi minzi necc d amhin d amwaḍeɛ n wur uca ad tafem arraḥet i reɛmur nwem minzi azayru d reḥmer inu fsusen,no
REC105_SEG0001,REC105,SPK009,train,vad_v2_spk009,1.24,3.976,2.736,data/processed/segments/REC105/REC105_SEG0001.wav,reviewed,yasuɛ d bab n wass n ssebt,no
REC105_SEG0002_PART01,REC105,SPK009,train,vad_v2_spk009,4.632,17.868,13.236,data/processed/segments/REC105/REC105_SEG0002_PART01.wav,reviewed,ḍi rweqt nni icuq yasuɛ deg iyyaren n zzariɛet n imendi ḍi ssebt tuɣa imeḥḍaren nnes djuzen uca bdan reqqḍen tidrin ccin zzaysent arami ten zrin ifarisiyyen,no
REC105_SEG0002_PART02,REC105,SPK009,train,vad_v2_spk009,17.868,31.104,13.236,data/processed/segments/REC105/REC105_SEG0002_PART02.wav,reviewed,nnan as xzar imeḥḍaren nnec tteggen min war iɛeddren ḍi ssebt yarra dd xasen ma war teɣrim ca min igga dawud umi idjuz netta d yinni akides,no
REC105_SEG0003_PART01,REC105,SPK009,train,vad_v2_spk009,31.104,43.78,12.676,data/processed/segments/REC105/REC105_SEG0003_PART01.wav,reviewed,mammec yudef ɣar ṭaddarṭ n arebbi icca aɣrum n wescan zi tzewḍa n sidi i war iḥedjren macca nnes i netta ura i yinni akides maca mɣir i ikehhanen,no
REC105_SEG0003_PART02,REC105,SPK009,train,vad_v2_spk009,43.78,56.456,12.676,data/processed/segments/REC105/REC105_SEG0003_PART02.wav,reviewed,waha niɣ war teɣrim ca ḍi ccariɛa belli ikehhanen inni idjan ḍi zzawect tameqqrant ḍi ssebt xettan ḍi tewsiyyet n ssebt waxxa amenni war xasen ibin rɛib,no
REC105_SEG0004,REC105,SPK009,train,vad_v2_spk009,56.92,74.536,17.616,data/processed/segments/REC105/REC105_SEG0004.wav,reviewed,necc ad awem iniɣ wenni idjan d ameqqran x zzawect tameqqrant aqa t danita maca mara tuɣa tfehmen min ixs ad yini necc xseɣ arreḥmet war idji d taɣarst xenni ad tiri war tettḥasabem ca x imezdagen minzi mmis n bnaḍem d bab n ssebt,no
REC105_SEG0006,REC105,SPK009,train,vad_v2_spk009,81.336,92.584,11.248,data/processed/segments/REC105/REC105_SEG0006.wav,reviewed,yasuɛ yuyur ssenni yudef ɣar temzida nsen xzar tuɣa din ijjen weryaz afus nnes iqucceḥ sseqsan t maḥend adas ggan taxceft nnan,no
REC105_SEG0007_PART01,REC105,SPK009,train,vad_v2_spk009,93.144,103.488,10.344,data/processed/segments/REC105/REC105_SEG0007_PART01.wav,reviewed,ma iɛedder usgenfi ḍi ssebt inna asen man bnaḍem i dinni jar awem wenni ɣar idja izmar i iwḍan ḍi tesraft ḍi,no
REC105_SEG0007_PART02,REC105,SPK009,train,vad_v2_spk009,103.488,113.832,10.344,data/processed/segments/REC105/REC105_SEG0007_PART02.wav,reviewed,ssebt war t ittettef ḥima ad t i dd issuffeɣ mecḥar iɛdu bnaḍem x izmar s uyenni iɛedder ad ittwagg min isebḥen ḍi ssebt,no
REC105_SEG0008,REC105,SPK009,train,vad_v2_spk009,114.072,128.52,14.448,data/processed/segments/REC105/REC105_SEG0008.wav,reviewed,rexdenni inna as i bnaḍem nni swizzeḍ afus nnec isswizzeḍ afus nnes uca iḍwer iggenfa am wenneɣni ifarisiyyen ffɣen dd ɣar barra mcawaren xas mammec ɣa ggen ad t nɣen,no
REC105_SEG0010,REC105,SPK009,train,vad_v2_spk009,134.712,145.032,10.32,data/processed/segments/REC105/REC105_SEG0010.wav,reviewed,maca yasuɛ issen aya uca yuyur ssenni iḍfar i t i dd ijjen rɣaci d ameqqran issgenfa i ten marra,no
REC105_SEG0011,REC105,SPK009,train,vad_v2_spk009,145.944,155.592,9.648,data/processed/segments/REC105/REC105_SEG0011.wav,reviewed,yumur i ten s jjehd maḥend war xas ssuffuɣen rexbar ḥima ad ittwakemmer wawar i innan unabi icaɛya,no
REC105_SEG0012,REC105,SPK009,train,vad_v2_spk009,157.112,160.968,3.856,data/processed/segments/REC105/REC105_SEG0012.wav,reviewed,xzar amsexxar inu wenni farrzeɣ,no
REC105_SEG0013,REC105,SPK009,train,vad_v2_spk009,161.88,165.736,3.856,data/processed/segments/REC105/REC105_SEG0013.wav,reviewed,amɛizz inu wenni ḍi ufiɣ arḍa inu,no
REC105_SEG0014,REC105,SPK009,train,vad_v2_spk009,166.776,169.16,2.384,data/processed/segments/REC105/REC105_SEG0014.wav,reviewed,ad xas ssarseɣ arruḥ inu,no
REC105_SEG0015,REC105,SPK009,train,vad_v2_spk009,170.232,173.992,3.76,data/processed/segments/REC105/REC105_SEG0015.wav,reviewed,u netta ad ibarreḥ s rḥukm i regnus,no
REC105_SEG0016_PART01,REC105,SPK009,train,vad_v2_spk009,174.68,185.04,10.36,data/processed/segments/REC105/REC105_SEG0016_PART01.wav,reviewed,war ittemcubbuc war isɣuyyu ura d ijj war ittesri tmijja nnes deg ibriden aɣanim yarzen war t yarezzi,no
REC105_SEG0016_PART02,REC105,SPK009,train,vad_v2_spk009,185.04,195.4,10.36,data/processed/segments/REC105/REC105_SEG0016_PART02.wav,reviewed,ura d taftic idduxxunen war tt issxessi ar dd ɣa issuffeɣ reḥkam i ɣa inedhen i uɣelleb uca ad ssitmen regnus deg yisem nnes,no
REC105_SEG0017,REC105,SPK009,train,vad_v2_spk009,198.456,201.224,2.768,data/processed/segments/REC105/REC105_SEG0017.wav,reviewed,awar n yasuɛ x arruḥ iqeddsen,no
REC105_SEG0018,REC105,SPK009,train,vad_v2_spk009,203.256,210.664,7.408,data/processed/segments/REC105/REC105_SEG0018.wav,reviewed,rexdenni iwyen as dd ijjen umeryaḥ tuɣa t d adarɣar d aynaw uca netta issgenfa i t,no
REC105_SEG0019,REC105,SPK009,train,vad_v2_spk009,211.48,221.736,10.256,data/processed/segments/REC105/REC105_SEG0019.wav,reviewed,arami wenni tuɣa idjan d aynaw d adarɣar iḍwer issawar u ittwara itebhet rɣaci marra nnan ma wanita war idji d mmis n dawud,no
REC105_SEG0020,REC105,SPK009,train,vad_v2_spk009,222.648,232.648,10.0,data/processed/segments/REC105/REC105_SEG0020.wav,reviewed,maca srin ifarisiyyen man aya nnan wanita issuffuɣ ccwaṭen mɣir s webrid n beɛalzabub ameqqran n ccwaṭen,no
REC105_SEG0021_PART01,REC105,SPK009,train,vad_v2_spk009,233.144,245.824,12.68,data/processed/segments/REC105/REC105_SEG0021_PART01.wav,reviewed,maca yasuɛ issen ixarrisen nsen inna asen kur tageldit ittemsebḍan x yixef nnes ad tettwahellek u kur tandint niɣ ṭaddarṭ ittemsebḍan x,no
REC105_SEG0021_PART02,REC105,SPK009,train,vad_v2_spk009,245.824,258.504,12.68,data/processed/segments/REC105/REC105_SEG0021_PART02.wav,reviewed,yixef nnes war tettɣimi ca mara aqa t d cciṭan issuffuɣ cciṭan aqa netta ittemsebḍa x yixef nnes xenni mammec ɣa teqqim tgeldit nnes,no
REC105_SEG0022,REC105,SPK009,train,vad_v2_spk009,258.904,272.168,13.264,data/processed/segments/REC105/REC105_SEG0022.wav,reviewed,mara necc ssuffuɣeɣ ccwaṭen s webrid n beɛalzabub s min zi ten i ɣa ssuffɣen tarwa nwem s uyenni niṭni ad irin d rquḍat xawem,no
REC105_SEG0023,REC105,SPK009,train,vad_v2_spk009,272.632,291.048,18.416,data/processed/segments/REC105/REC105_SEG0023.wav,reviewed,maca mara necc ssuffuɣeɣ ccwaṭen s arruḥ n arebbi aqa tudes awem dd tgeldit n arebbi niɣ mammec izemmar ḥed ad yadef ɣar ṭaddarṭ n wenni ijehden maḥend ad ikecceḍ reqcuɛ nnes mara war icarf wenni ijehden amezwaru,no
REC105_SEG0024_PART01,REC105,SPK009,train,vad_v2_spk009,291.512,301.936,10.424,data/processed/segments/REC105/REC105_SEG0024_PART01.wav,reviewed,awarnas ad ikecceḍ ṭaddarṭ nnes wenni war idjin akidi aqa t ḍidd inu wenni war kidi issmunan aqa ittzedjaɛ waha,no
REC105_SEG0025,REC105,SPK009,train,vad_v2_spk009,312.536,321.768,9.232,data/processed/segments/REC105/REC105_SEG0025.wav,reviewed,wenni i ɣa inin awar d aɛeffan x mmis n bnaḍem ad as ittwaɣfar maca wenni i ɣa inin awar d aɛeffan x arruḥ iqeddsen,no
REC105_SEG0026_PART01,REC105,SPK009,train,vad_v2_spk009,322.104,332.32,10.216,data/processed/segments/REC105/REC105_SEG0026_PART01.wav,reviewed,war d as ittwaɣfar ca ura ḍi rweqt a ura ḍi rweqt i dd ɣa yasen ḥesbem tacejjart d tasebḥant ura d rɣidjet nnes d tasebḥant,no
REC105_SEG0026_PART02,REC105,SPK009,train,vad_v2_spk009,332.32,342.536,10.216,data/processed/segments/REC105/REC105_SEG0026_PART02.wav,reviewed,niɣ ḥesbem tacejjart texsar ura d rɣidjet nnes texsar minzi tacejjart tettwassen zi rɣidjet nnes,no
REC105_SEG0027,REC105,SPK009,train,vad_v2_spk009,345.688,347.272,1.584,data/processed/segments/REC105/REC105_SEG0027.wav,reviewed,ur d uqemmum,no
REC105_SEG0028,REC105,SPK009,train,vad_v2_spk009,349.656,356.456,6.8,data/processed/segments/REC105/REC105_SEG0028.wav,reviewed,a tarwa n ifiɣran mammec ɣa teggem ad tessiwrem x min isebḥen waxxa kenniw d iɛeffanen,no
REC105_SEG0029_PART01,REC105,SPK009,train,vad_v2_spk009,356.824,370.524,13.7,data/processed/segments/REC105/REC105_SEG0029_PART01.wav,reviewed,minzi zeg uɛemmar n wur ad issiwer uqemmum bnaḍem asebḥan issuffuɣ dd min isebḥen zi rkenz asebḥan n wur nnes uca bnaḍem aɛeffan issuffuɣ dd zi rkenz aɛeffan nn,no
REC105_SEG0029_PART02,REC105,SPK009,train,vad_v2_spk009,370.524,384.224,13.7,data/processed/segments/REC105/REC105_SEG0029_PART02.wav,reviewed,es min iɛeffnen maca necc ad awem iniɣ belli kur awar ixwan ad zzayes ssiwren iwḍan ad zzayes ttwaḥasben deg wass n lḥisab minzi s wawaren nnec ad tettwaseggded,no
REC105_SEG0030,REC105,SPK009,train,vad_v2_spk009,384.224,387.368,3.144,data/processed/segments/REC105/REC105_SEG0030.wav,reviewed,uca s wawaren nnec ad tettwaḥasbed,no
REC105_SEG0031,REC105,SPK009,train,vad_v2_spk009,390.584,392.52,1.936,data/processed/segments/REC105/REC105_SEG0031.wav,reviewed,reɛramet n yunus,no
REC105_SEG0032,REC105,SPK009,train,vad_v2_spk009,395.256,410.536,15.28,data/processed/segments/REC105/REC105_SEG0032.wav,reviewed,ca n imsermaden n idlisen d ifarisiyyen arrin dd xas a amseɣɣar neccin nexs ad nzar ict n reɛramet zzayek maca netta yarra dd xasen jjir aɛeffan izennan ittettar ijjen reɛramet,no
REC105_SEG0033_PART01,REC105,SPK009,train,vad_v2_spk009,410.968,425.024,14.056,data/processed/segments/REC105/REC105_SEG0033_PART01.wav,reviewed,war d as ittmewci ura d ict n reɛramet mɣir reɛramet n yunus minzi am mammec tuɣa yunus ṭraṭa n wussan jar djyari d wussan deg uɛeddis n wesrem,no
REC105_SEG0033_PART02,REC105,SPK009,train,vad_v2_spk009,425.024,439.08,14.056,data/processed/segments/REC105/REC105_SEG0033_PART02.wav,reviewed,ammu i ɣa yiri ura d mmis n bnaḍem deg wur n ṭammurṭ ṭraṭa n wussan jar djyari d wussan iryazen n ninwa ad dd kkaren deg wass n lḥisab ak d jjir a ad t ḥasben,no
REC105_SEG0034,REC105,SPK009,train,vad_v2_spk009,439.736,453.704,13.968,data/processed/segments/REC105/REC105_SEG0034.wav,reviewed,minzi niṭni tuben s tbarreḥt n yunus uca xzarem aqa da wenni idjan d ameqqran x yunus tajedjidt n ljanub ad tekkar deg wass n lḥisab ak d jjir a,no
REC105_SEG0035,REC105,SPK009,train,vad_v2_spk009,454.36,465.704,11.344,data/processed/segments/REC105/REC105_SEG0035.wav,reviewed,ad xas teḥkem minzi nettat tusa dd zeg uneggaru n ddunect ḥima ad tser i tiɣit n suliman uca xzarem aqa da wenni idjan d ameqqran x suliman,no
REC105_SEG0036,REC105,SPK009,train,vad_v2_spk009,468.28,472.648,4.368,data/processed/segments/REC105/REC105_SEG0036.wav,reviewed,awar n yasuɛ x rxedmet n raryaḥ amengus,no
REC105_SEG0037,REC105,SPK009,train,vad_v2_spk009,474.584,484.264,9.68,data/processed/segments/REC105/REC105_SEG0037.wav,reviewed,arami iffeɣ raryaḥ amengus zi bnaḍem ibda ittsara deg imucan war ḍaysen bu waman yarezzu arraḥet war tt ittif,no
REC105_SEG0038_PART01,REC105,SPK009,train,vad_v2_spk009,484.888,495.504,10.616,data/processed/segments/REC105/REC105_SEG0038_PART01.wav,reviewed,rexdenni ad yini ad dewreɣ ɣar ṭaddarṭ inu manis dd ffɣeɣ uca iruḥ yufa i tt texwa tfarḍ tsettef rexden,no
REC105_SEG0038_PART02,REC105,SPK009,train,vad_v2_spk009,495.504,506.12,10.616,data/processed/segments/REC105/REC105_SEG0038_PART02.wav,reviewed,ni yuyur uca yiwi akides sebɛa n raryaḥ nneɣni d iɛeffanen ktar zzayes ad dd adfen ad raḥen ad zedɣen diha,no
REC105_SEG0039,REC105,SPK009,train,vad_v2_spk009,506.488,515.752,9.264,data/processed/segments/REC105/REC105_SEG0039.wav,reviewed,uca aneggaru n bnaḍem nni ad iḍwer mahu x umezwaru ammu i ɣa yiri ɛawed ak d jjir a aɛeffan,no
REC105_SEG0040,REC105,SPK009,train,vad_v2_spk009,520.536,523.048,2.512,data/processed/segments/REC105/REC105_SEG0040.wav,reviewed,yemmas d aytmas n yasuɛ,no
REC105_SEG0041,REC105,SPK009,train,vad_v2_spk009,526.232,545.704,19.472,data/processed/segments/REC105/REC105_SEG0041.wav,reviewed,rami tuɣa ɛad issawar ak d rɣaci xzar yemmas d aytmas bedden barra arezzun ad kides ssiwren inna as ijjen xzar yemmac d aytmac bedden ḍi barra arezzun ad kidek ssiwren maca netta yarra dd x wenni tuɣa d as t innan inna,no
REC105_SEG0042,REC105,SPK009,train,vad_v2_spk009,546.04,564.846,18.806,data/processed/segments/REC105/REC105_SEG0042.wav,reviewed,min teɛna yemma d min ɛnan aytma xas uca isswizzeḍ s ufus nnes ɣar imeḥḍaren nnes inna xzar yemma xzar aytma minzi man wen itteggen min ixs baba i idjan deg ijenwan aqa netta d uma d ucma d yemma,no
REC106_SEG0001,REC106,SPK009,train,vad_v2_spk009,1.656,4.168,2.512,data/processed/segments/REC106/REC106_SEG0001.wav,reviewed,amedya n ufedjaḥ izarrɛen,no
REC106_SEG0002,REC106,SPK009,train,vad_v2_spk009,5.976,20.424,14.448,data/processed/segments/REC106/REC106_SEG0002.wav,reviewed,deg wass nni iffeɣ yasuɛ zi ṭaddarṭ iruḥ iqqim x tma n rebḥar imun dd xas ijjen uhimur n rɣaci arami yenya ḍi uɣarrabu iqqim ḍayes uca rɣaci marra bedden x tma,no
REC106_SEG0003,REC106,SPK009,train,vad_v2_spk009,21.752,33.704,11.952,data/processed/segments/REC106/REC106_SEG0003.wav,reviewed,issiwer akidsen x wattas n tmesrayin s imedya inna xzar afedjaḥ iffeɣ ḥima ad izarɛ am tuɣa izarreɛ tewḍa ca n zzariɛet x tma n webrid,no
REC106_SEG0004,REC106,SPK009,train,vad_v2_spk009,34.584,46.408,11.824,data/processed/segments/REC106/REC106_SEG0004.wav,reviewed,xeccen dd ijḍaḍ neqben tt tewḍa ca nneɣni x wezru mani tuɣa war idji ucar attas deɣya teɣmi dd s minzi ṭammurṭ war tudjiɣ,no
REC106_SEG0005_PART01,REC106,SPK009,train,vad_v2_spk009,46.904,60.128,13.224,data/processed/segments/REC106/REC106_SEG0005_PART01.wav,reviewed,umi dd tenqar tfuct icmeḍ uɣemmuy uca israw minzi war ɣares tuɣi bu wezwar ca nneɣni tewḍa x isennanen mɣaren isennanen jiyyfen tt ca nneɣn,no
REC106_SEG0005_PART02,REC106,SPK009,train,vad_v2_spk009,60.128,73.352,13.224,data/processed/segments/REC106/REC106_SEG0005_PART02.wav,reviewed,i tewḍa x ṭammurṭ tasebḥant tiwi dd rɣidjet ca mya ca nneɣni settin ca nneɣni tratin n tseqqar wenni ɣar idja imezzuɣen i usedji ejj i t ad iser,no
REC106_SEG0006,REC106,SPK009,train,vad_v2_spk009,77.848,94.344,16.496,data/processed/segments/REC106/REC106_SEG0006.wav,reviewed,xas uca usin dd ɣares imeḥḍaren nnes nnan as mayemmi akidsen tessawared s imedya netta yarra dd inna asen minzi immewc awem ad tessnem ssirr n tgeldit n ijenwan,no
REC106_SEG0007,REC106,SPK009,train,vad_v2_spk009,94.84,109.96,15.12,data/processed/segments/REC106/REC106_SEG0007.wav,reviewed,niṭni maca war d asen t immewc ca minzi wenni ɣar idja ad as immewc uca ad ɣares yiri s wattas maca wenni war ɣar idji ca ad zzayes ittwakkes ura d min ɣares,no
REC106_SEG0008,REC106,SPK009,train,vad_v2_spk009,110.584,128.136,17.552,data/processed/segments/REC106/REC106_SEG0008.wav,reviewed,s uyenni ssawareɣ akidsen s imedya arami niṭni ttwaran am war ttwirin u ttesran am war ttesrin war fehhmen ḍaysen i ɣa ikemmer wawar i inebba icaɛya inna s usedji ad tesrem maca war tfehhmen,no
REC106_SEG0009_PART01,REC106,SPK009,train,vad_v2_spk009,128.472,140.32,11.848,data/processed/segments/REC106/REC106_SEG0009_PART01.wav,reviewed,s tmuɣri ad tzarem maca war tfettnem maɣar ur n rgens a aqa iqbubbez imezzuɣen nsen ḍeqren deg usedji u niṭni aqa,no
REC106_SEG0009_PART02,REC106,SPK009,train,vad_v2_spk009,140.32,152.168,11.848,data/processed/segments/REC106/REC106_SEG0009_PART02.wav,reviewed,qqnen tittawin nsen maḥend war ttwirin s tittawin nsen ad sren s imezzuɣen nsen ad fehmen s wur nsen ḥima ad tuben uca necc ad ten ssgenfiɣ,no
REC106_SEG0010,REC106,SPK009,train,vad_v2_spk009,152.44,171.4,18.96,data/processed/segments/REC106/REC106_SEG0010.wav,reviewed,maca sseɛd n tittawin nwem umi ttwarant sseɛd n imezzuɣen nwem umi ttesran s tidett necc ad awem iniɣ attas n inabiyyen d imseggaden tuɣa xsen ad zaren min tezrim maca war t zrin xsen ad sren min tesrim war t srin,no
REC106_SEG0012_PART01,REC106,SPK009,train,vad_v2_spk009,178.36,191.6,13.24,data/processed/segments/REC106/REC106_SEG0012_PART01.wav,reviewed,xenni kenniw srem i umedya n wenni izarrɛen kur ijjen wenni ittesran i wawar n tgeldit uca war t ifhim ad ɣares dd yas umɛeffan ad ixḍef min ittwaz,no
REC106_SEG0012_PART02,REC106,SPK009,train,vad_v2_spk009,191.6,204.84,13.24,data/processed/segments/REC106/REC106_SEG0012_PART02.wav,reviewed,arɛen deg wur nnes aqa d man aya min ittwazarɛen x tma n webrid min ittwazarɛen x wezru aqa wa d wenni i ɣa isedjen awar ad t iqber deɣya s refraḥet,no
REC106_SEG0013,REC106,SPK009,train,vad_v2_spk009,204.856,216.808,11.952,data/processed/segments/REC106/REC106_SEG0013.wav,reviewed,maca war d as iwti ca wezwar deg ixef nnes ad iqqim drus waha xmi dd ɣa tas rmeḥnet niɣ amarret ḍi ttweɛ n wawar ad innedref deɣya,no
REC106_SEG0014_PART01,REC106,SPK009,train,vad_v2_spk009,217.208,231.648,14.44,data/processed/segments/REC106/REC106_SEG0014_PART01.wav,reviewed,min ittwazarɛen jar isennanen aqa wa d wenni ittesran awar maca amnus n rweqt a d uɣekkwi n wagra ad jiyyfen awar uca netta war dd ittiwi ca rɣidjet min ittwazarɛen,no
REC106_SEG0014_PART02,REC106,SPK009,train,vad_v2_spk009,231.648,246.088,14.44,data/processed/segments/REC106/REC106_SEG0014_PART02.wav,reviewed,ḍi ṭammurṭ tasebḥant aqa wa d wenni ittesran awar uca ad t ifhem ad yarbu u ad dd yawi xenni rɣidjet ijjen ad yaru mya n tseqqar wenneɣni settin uca wenneɣni tratin,no
REC106_SEG0015,REC106,SPK009,train,vad_v2_spk009,249.656,252.968,3.312,data/processed/segments/REC106/REC106_SEG0015.wav,reviewed,amedya n rḥayyar ḍi rwest n yirden,no
REC106_SEG0016,REC106,SPK009,train,vad_v2_spk009,255.352,265.032,9.68,data/processed/segments/REC106/REC106_SEG0016.wav,reviewed,iwca asen ijjen umedya nneɣni inna tageldit n ijenwan am yijjen bnaḍem tuɣa izarreɛ zzariɛet tasebḥant deg iyyar nnes,no
REC106_SEG0017_PART01,REC106,SPK009,train,vad_v2_spk009,265.72,278.224,12.504,data/processed/segments/REC106/REC106_SEG0017_PART01.wav,reviewed,arami tuɣa iwḍan ttsen yusa dd reɛdu nnes izarɛ rḥayyar ḍi rwesṭ n yirden uca yuyur arami dd imɣar uɣemmuy uca yiwi dd rɣidjet rexdenni iḍhar,no
REC106_SEG0017_PART02,REC106,SPK009,train,vad_v2_spk009,278.224,290.728,12.504,data/processed/segments/REC106/REC106_SEG0017_PART02.wav,reviewed,dd rḥayyar tanya xenni usin dd imsexxaren n bab n ṭaddarṭ nnan as a siditneɣ ma war tzarɛed ca zzariɛet tasebḥant deg iyyar nnec,no
REC106_SEG0018_PART01,REC106,SPK009,train,vad_v2_spk009,291.64,304.032,12.392,data/processed/segments/REC106/REC106_SEG0018_PART01.wav,reviewed,manis i dd yusa rḥayyar a n inna asen aqa reɛdu igga man aya nnan as imsexxaren ma texsed ad nraḥ ad t neyru maca netta inna lla,no
REC106_SEG0018_PART02,REC106,SPK009,train,vad_v2_spk009,304.032,316.424,12.392,data/processed/segments/REC106/REC106_SEG0018_PART02.wav,reviewed,ḥima xmi ɣa tyarrwem rḥayyar war kis tqedjɛem ura d irden ejj i ten ad mɣaren s ṭnayen ar tameyra ḍi rweqt n tmeyra ad iniɣ i icuwaren,no
REC106_SEG0019,REC106,SPK009,train,vad_v2_spk009,317.112,326.6,9.488,data/processed/segments/REC106/REC106_SEG0019.wav,reviewed,yarwem amezwar rḥayyar ceddem t ḍi tqebbiṭin ḥima ad ittwassecmeḍ maca irden yarwem t ḍi rmarsi inu,no
REC106_SEG0020,REC106,SPK009,train,vad_v2_spk009,328.728,334.12,5.392,data/processed/segments/REC106/REC106_SEG0020.wav,reviewed,amedya n tḥebbuct n zzariɛet n uxerdel d umedya n wentun,no
REC106_SEG0021_PART01,REC106,SPK009,train,vad_v2_spk009,335.864,350.112,14.248,data/processed/segments/REC106/REC106_SEG0021_PART01.wav,reviewed,iwca asen ɛawed ijjen umedya nneɣni inna tageldit n ijenwan am yict n tḥebbuct n zzariɛet n uxerdel yiwyi tt i dd ijjen weryaz izarɛ i tt deg iyyar nnes waxxa nettat d tamezyant qaɛ,no
REC106_SEG0021_PART02,REC106,SPK009,train,vad_v2_spk009,350.112,364.36,14.248,data/processed/segments/REC106/REC106_SEG0021_PART02.wav,reviewed,zi marra zzariɛet nneɣni xmi tmeqqar teddekkwar d tameqqrant zi marra tinni uca tdekkwar d tacejjart maḥend ad ɣares dd asen yijḍaḍ n ujenna uca ad ggen reɛwacc nsen x refruɛ nnes,no
REC106_SEG0022,REC106,SPK009,train,vad_v2_spk009,364.984,376.072,11.088,data/processed/segments/REC106/REC106_SEG0022.wav,reviewed,iwca asen ɛawed ijjen umedya nneɣni inna tageldit n ijenwan am wentun tiwyi t i dd ict n temɣart uca tessnuffar i t ḍi ṭraṭa n remdud n waren,no
REC106_SEG0023_PART01,REC106,SPK009,train,vad_v2_spk009,376.376,387.856,11.48,data/processed/segments/REC106/REC106_SEG0023_PART01.wav,reviewed,arami issmemm warecti qaɛ marra man aya issiwer zzayes yasuɛ i rɣaci s imettiren uca bra amedya war kisen issiwer ca ḥi,no
REC106_SEG0023_PART02,REC106,SPK009,train,vad_v2_spk009,387.856,399.336,11.48,data/processed/segments/REC106/REC106_SEG0023_PART02.wav,reviewed,ima ad ittwakemmer min xef issiwer unabi i innan ad arezmeɣ aqemmum inu s imedya ad barrḥeɣ s min innufaren zeg wami ittwagg dsas n ddunect,no
REC106_SEG0024,REC106,SPK009,train,vad_v2_spk009,401.656,406.056,4.4,data/processed/segments/REC106/REC106_SEG0024.wav,reviewed,afessar n umedya n rḥayyar ḍi rwest n yirden,no
REC106_SEG0025_PART01,REC106,SPK009,train,vad_v2_spk009,406.68,420.832,14.152,data/processed/segments/REC106/REC106_SEG0025_PART01.wav,reviewed,rami ismeḥ yasuɛ ḍi rɣaci ad uyuren iruḥ ɣar ṭaddarṭ usin dd ɣares imeḥḍaren nnes qqaren ini aneɣ min ixs ad yini umedya n rḥayyar d iyyar yarra dd inna asen,no
REC106_SEG0025_PART02,REC106,SPK009,train,vad_v2_spk009,420.832,434.984,14.152,data/processed/segments/REC106/REC106_SEG0025_PART02.wav,reviewed,wenni izarrɛen zzariɛet tasebḥant netta d mmis n bnaḍem iyyar d ddunect uca zzariɛet tasebḥant nettat d tarwa n tgeldit uca rḥayyar netta d tarwa n umɛeffan,no
REC106_SEG0026,REC106,SPK009,train,vad_v2_spk009,435.576,440.072,4.496,data/processed/segments/REC106/REC106_SEG0026.wav,reviewed,reɛdu wenni t izarɛen aqa netta d cciṭan,no
REC106_SEG0027_PART01,REC106,SPK009,train,vad_v2_spk009,440.376,453.072,12.696,data/processed/segments/REC106/REC106_SEG0027_PART01.wav,reviewed,uca ssabet aqa nettat d qettu n ddunect u inni imejjaren niṭni d lmalakat am mammec ssmunen rḥayyar uca sscemḍen t s ṭmessi,no
REC106_SEG0027_PART02,REC106,SPK009,train,vad_v2_spk009,453.072,465.768,12.696,data/processed/segments/REC106/REC106_SEG0027_PART02.wav,reviewed,ammu i ɣa yiri ɣar qettu n ddunect a mmis n bnaḍem ad dd issekk lmalakat nnes ad ssḥeyydent zi tgeldit nnes qaɛ tiɛenkrifin d marra iɛeffanen,no
REC106_SEG0028,REC106,SPK009,train,vad_v2_spk009,466.072,483.112,17.04,data/processed/segments/REC106/REC106_SEG0028.wav,reviewed,ad ten nḍaren ḍi rkuccet n ṭmessi mani ɣa yirin imettawen d uɣezzi n teɣmas xenni imseggaden ad arɣen am tfuct ḍi tgeldit n babatsen wenni ɣar idja imezzuɣen i usedji ad iser,no
REC106_SEG0029,REC106,SPK009,train,vad_v2_spk009,486.232,491.368,5.136,data/processed/segments/REC106/REC106_SEG0029.wav,reviewed,amedya n rkenz deg iyyar d umedya n tyaqut,no
REC106_SEG0030_PART01,REC106,SPK009,train,vad_v2_spk009,493.08,507.552,14.472,data/processed/segments/REC106/REC106_SEG0030_PART01.wav,reviewed,tageldit n ijenwan ɛawed am yijjen rkenz ittwassnuffaren deg iyyar yufa i t ijjen weryaz issnuffar i t uca ḍi refraḥet nnes yuyur izzenz qaɛ min idjan ɣares uca,no
REC106_SEG0030_PART02,REC106,SPK009,train,vad_v2_spk009,507.552,522.024,14.472,data/processed/segments/REC106/REC106_SEG0030_PART02.wav,reviewed,isɣa iyyar nni tageldit n ijenwan ɛawed am yijjen usebbab i yarezzun tiyaqutin tisebḥanin rami yufa ict n tyaqut tiɣra attas yuyur izzenz marra min tuɣa ɣares xenni isɣa i tt,no
REC106_SEG0031,REC106,SPK009,train,vad_v2_spk009,524.92,527.24,2.32,data/processed/segments/REC106/REC106_SEG0031.wav,reviewed,amedya n tracca n iserman,no
REC106_SEG0032_PART01,REC106,SPK009,train,vad_v2_spk009,529.624,540.896,11.272,data/processed/segments/REC106/REC106_SEG0032_PART01.wav,reviewed,tageldit n ijenwan ɛawed am tracca mmenḍaren tt ḍi rebḥar teyru ɛram kur asrem xmi teccur ssuffɣen tt i dd ibeḥriyyen ɣar tma n rebḥar,no
REC106_SEG0032_PART02,REC106,SPK009,train,vad_v2_spk009,540.896,552.168,11.272,data/processed/segments/REC106/REC106_SEG0032_PART02.wav,reviewed,uca add qqimen uca farzen zzayes min isebḥen ḍi reqcuɛ nsen maca min war iḥrin nḍaren t ammu i ɣa tiri ḍi qettu n ddunect,no
REC106_SEG0033,REC106,SPK009,train,vad_v2_spk009,553.016,564.872,11.856,data/processed/segments/REC106/REC106_SEG0033.wav,reviewed,ad dd ffɣent lmalakat ad farnent iɛeffanen zi rwesṭ n imseggaden ad ten nḍarent ḍi rkuccet n ṭmessi mani ɣa yirin imettawen d uɣezzi n teɣmas,no
REC106_SEG0034_PART01,REC106,SPK009,train,vad_v2_spk009,565.336,575.984,10.648,data/processed/segments/REC106/REC106_SEG0034_PART01.wav,reviewed,inna asen yasuɛ ma tfehmem i marra man aya nnan as wah a siditneɣ xenni inna asen s uya kur amsermad n idlisen wen,no
REC106_SEG0034_PART02,REC106,SPK009,train,vad_v2_spk009,575.984,586.632,10.648,data/processed/segments/REC106/REC106_SEG0034_PART02.wav,reviewed,ni iḍwer d ameḥḍar n tgeldit n ijenwan aqa igga am yijjen bab n ṭaddarṭ issuffuɣ zi rkenz nnes min idjan d jdid u min idjan d aqdim,no
REC106_SEG0035,REC106,SPK009,train,vad_v2_spk009,589.592,594.216,4.624,data/processed/segments/REC106/REC106_SEG0035.wav,reviewed,anabi war ɣares bu ccan ḍi tendint nnes,no
REC106_SEG0036_PART01,REC106,SPK009,train,vad_v2_spk009,595.896,606.448,10.552,data/processed/segments/REC106/REC106_SEG0036_PART01.wav,reviewed,rami ikemmer yasuɛ imedya ya yuyur ssenni rami dd yusa ɣar ṭammurṭ nnes ikkar issermad i ten ḍi te,no
REC106_SEG0036_PART02,REC106,SPK009,train,vad_v2_spk009,606.448,617.0,10.552,data/processed/segments/REC106/REC106_SEG0036_PART02.wav,reviewed,mzida nsen arami qqimen tbehten nnan manis d as dd tekka tiɣit a d reɛjayeb a ma war idji wa d mmis n unejjar,no
REC106_SEG0037,REC106,SPK009,train,vad_v2_spk009,618.008,626.312,8.304,data/processed/segments/REC106/REC106_SEG0037.wav,reviewed,ma war qqaren i yemmas maryam d aytmas ma war d asen qqaren yaɛqub d yasi d cimɛun d yahuda,no
REC106_SEG0038,REC106,SPK009,train,vad_v2_spk009,627.0,629.512,2.512,data/processed/segments/REC106/REC106_SEG0038.wav,reviewed,ma war djint suyetmas qaɛ ɣarneɣ,no
REC106_SEG0039,REC106,SPK009,train,vad_v2_spk009,630.36,648.84,18.48,data/processed/segments/REC106/REC106_SEG0039.wav,reviewed,manis d as dd ikka man aya marra uca nderfen zzayes maca yasuɛ inna asen anabi ɛemmas war idji bra ccan mɣir ḍi tendint nnes u ḍi ṭaddarṭ nnes uca war iggi diha reɛjayeb attas zi ssibbet n bra l iman nsen,no
REC107_SEG0001,REC107,SPK009,train,vad_v2_spk009,1.528,3.912,2.384,data/processed/segments/REC107/REC107_SEG0001.wav,reviewed,rmewt n yuḥanna amseɣḍas,no
REC107_SEG0002_PART01,REC107,SPK009,train,vad_v2_spk009,4.472,18.38,13.908,data/processed/segments/REC107/REC107_SEG0002_PART01.wav,reviewed,ḍi rweqt nni isra hirudus rḥakem x ijjen arbaɛ n ṭammurṭ rexbar x yasuɛ inna i yimsexxaren nnes wanita d yuḥanna amseɣḍas aqa ittwassnekkar dd zi ṭaddarṭ n imettinen,no
REC107_SEG0002_PART02,REC107,SPK009,train,vad_v2_spk009,18.38,32.288,13.908,data/processed/segments/REC107/REC107_SEG0002_PART02.wav,reviewed,s uyenni xedmment ḍayes reɛjayeb nni minzi hirudus tuɣa ittef yuḥanna icarf i t igga i t ḍi reḥbes zi ssibbet n hirudiyya tenni d tamɣart n filippus,no
REC107_SEG0003,REC107,SPK009,train,vad_v2_spk009,32.288,49.288,17.0,data/processed/segments/REC107/REC107_SEG0003.wav,reviewed,wenni d umas n hirudus minzi yuḥanna tuɣa iqqar as war ɣarek bu ttesriḥ aqa tiwyed tt d tamɣart nnec s uya tuɣa ixs ad t ineɣ maca tuɣa iggʷed zi rɣaci minzi niṭni ḥesben t d anabi,no
REC107_SEG0004,REC107,SPK009,train,vad_v2_spk009,49.848,65.864,16.016,data/processed/segments/REC107/REC107_SEG0004.wav,reviewed,maca rami dd yiweḍ wass n wexraq n hirudus tecḍeḥ yedjis n hirudiyya zzat i inewjiwen i dinni iqqimen uca teɛjeb as i hirudus s uyenni inna as s ict n tjadjit ad as iwc marra min i ɣa tettar,no
REC107_SEG0005_PART01,REC107,SPK009,train,vad_v2_spk009,66.424,77.888,11.464,data/processed/segments/REC107/REC107_SEG0005_PART01.wav,reviewed,uca nettat am tt tuɣa tettwaɛarren zeg yemmas ṭenna ewc ayi da x ttebsi azedjif n yuḥanna amseɣḍas icḍen ujedjid maca umi tuɣa ij,no
REC107_SEG0005_PART02,REC107,SPK009,train,vad_v2_spk009,77.888,89.352,11.464,data/processed/segments/REC107/REC107_SEG0005_PART02.wav,reviewed,judj u x ssibbet n yinni akides iqqimen yumur ad as immewc uzedjif issekk ḥed ɣares ḥima ad iqess azedjif i yuḥanna ḍi reḥbes,no
REC107_SEG0006,REC107,SPK009,train,vad_v2_spk009,89.88,103.56,13.68,data/processed/segments/REC107/REC107_SEG0006.wav,reviewed,iwyen dd azedjif nnes ḍi ttebsi immewc as i tḥenjirt uca nettat tiwyi t i yemmas usin dd imeḥḍaren nnes ksin rxecbeṭ̣ neḍren tt rexdenni ruḥen xebbaren yasuɛ,no
REC107_SEG0007,REC107,SPK009,train,vad_v2_spk009,104.952,110.344,5.392,data/processed/segments/REC107/REC107_SEG0007.wav,reviewed,lmuɛjiza n usecci amezwaru,no
REC107_SEG0008_PART01,REC107,SPK009,train,vad_v2_spk009,112.184,123.184,11.0,data/processed/segments/REC107/REC107_SEG0008_PART01.wav,reviewed,rami isra yasuɛ man aya iffeɣ ssenni deg uɣarrabu ɣar ijjen wemcan ixran tuɣa t din weḥḥdes isra rɣaci x man aya uca ḍfaren,no
REC107_SEG0008_PART02,REC107,SPK009,train,vad_v2_spk009,123.184,134.184,11.0,data/processed/segments/REC107/REC107_SEG0008_PART02.wav,reviewed,t x ṭammurṭ zi tneddam umi dd iffeɣ yasuɛ zi tɣarrabut izra attas n rɣaci uca iḥinn xasen issgenfa imehrac nsen,no
REC107_SEG0009,REC107,SPK009,train,vad_v2_spk009,134.584,149.544,14.96,data/processed/segments/REC107/REC107_SEG0009.wav,reviewed,rami dd tiweḍ tmeddit usin dd ɣares imeḥḍaren nnes nnan aqa amcan a ixra u rweqt teɛdu zeɛma sqebbeḍ rɣaci ḥima ad uyuren ɣar redcur ad sɣen min ɣa ccen i yixef nsen,no
REC107_SEG0010_PART01,REC107,SPK009,train,vad_v2_spk009,150.008,160.624,10.616,data/processed/segments/REC107/REC107_SEG0010_PART01.wav,reviewed,inna asen nhra ma ruḥen wcem asen kenniw min ɣa ccen nnan as war da walu mɣir xemsa n tecnifin d ṭnayen n iserman,no
REC107_SEG0010_PART02,REC107,SPK009,train,vad_v2_spk009,160.624,171.24,10.616,data/processed/segments/REC107/REC107_SEG0010_PART02.wav,reviewed,inna awyem ten dd da ɣari xenni yumur rɣaci ad qqimen x arbiɛ xenni ittef xemsa n tecnifin d ṭnayen nni n iserman,no
REC107_SEG0011_PART01,REC107,SPK009,train,vad_v2_spk009,171.672,183.344,11.672,data/processed/segments/REC107/REC107_SEG0011_PART01.wav,reviewed,ixzar ɣar ujenna ibarek yarza i tent uca iwca ticnifin nni i imeḥḍaren u imeḥḍaren wcin tent i rɣaci marra ccin jjiwnen,no
REC107_SEG0011_PART02,REC107,SPK009,train,vad_v2_spk009,183.344,195.016,11.672,data/processed/segments/REC107/REC107_SEG0011_PART02.wav,reviewed,rexdenni ksin ireqqwaz icetten tuɣa din ṭenɛac n tsudjatin ɛemmarent inni ccin tuɣa aten ḍi xemsa aref n yeryazen bra timɣarin d iḥenjiren,no
REC107_SEG0012,REC107,SPK009,train,vad_v2_spk009,198.008,209.032,11.024,data/processed/segments/REC107/REC107_SEG0012.wav,reviewed,yasuɛ iggur x waman n rebḥar deɣya iziyyar yasuɛ imeḥḍaren nnes ad nyen ḍi tɣarrabut uca ad as izwaren ɣar ujemmaḍ,no
REC107_SEG0013_PART01,REC107,SPK009,train,vad_v2_spk009,209.528,224.08,14.552,data/processed/segments/REC107/REC107_SEG0013_PART01.wav,reviewed,am issqebbeḍ netta rɣaci awarni rami issqebbeḍ rɣaci igeɛɛed ɣar wedrar weḥḥdes ḥima ad izzadj rami dd tiweḍ tmeddit tuɣa iqqim din weḥḥdes aɣarrabu tuɣa tiggʷej x ṭammurṭ,no
REC107_SEG0013_PART02,REC107,SPK009,train,vad_v2_spk009,224.08,238.632,14.552,data/processed/segments/REC107/REC107_SEG0013_PART02.wav,reviewed,kilumiter uca tettwaɛarn zi ssa ɣar diha s remwaj minzi asemmiḍ yusa asen dd deg wudem maca deg ḥettu wiss arebɛa n djiret yusa dd ɣarsen yasuɛ am iggur x waman n rebḥar,no
REC107_SEG0014,REC107,SPK009,train,vad_v2_spk009,238.84,243.784,4.944,data/processed/segments/REC107/REC107_SEG0014.wav,reviewed,umi t zrin imeḥḍaren iggur x waman n rebḥar nnxerɛen nnan,no
REC107_SEG0015_PART01,REC107,SPK009,train,vad_v2_spk009,244.216,257.996,13.78,data/processed/segments/REC107/REC107_SEG0015_PART01.wav,reviewed,wa d rewḥiy aɣeddar uca sɣuyen zi tiggʷudi deɣya issiwer dd ɣarsen yasuɛ inna ggem ur aqa d necc war tteggʷedem ca buṭrus yarra dd xas inna,no
REC107_SEG0015_PART02,REC107,SPK009,train,vad_v2_spk009,257.996,271.776,13.78,data/processed/segments/REC107/REC107_SEG0015_PART02.wav,reviewed,a sidi mara d cek wessa ayi ad ɣarek dd aseɣ x waman inna as as dd ihwa dd buṭrus zeg uɣarrabu yuyur x waman ḥima ad dd yaweḍ ɣar yasuɛ,no
REC107_SEG0016,REC107,SPK009,train,vad_v2_spk009,271.776,281.928,10.152,data/processed/segments/REC107/REC107_SEG0016.wav,reviewed,maca umi izra asemmiḍ ijhed terqef i t tiggʷudi uca am ibda iɣarreq iraɣa inna a sidi senjem ayi,no
REC107_SEG0017_PART01,REC107,SPK009,train,vad_v2_spk009,282.296,292.544,10.248,data/processed/segments/REC107/REC107_SEG0017_PART01.wav,reviewed,yasuɛ isswizzeḍ siditneɣ afus nnes ittef ḍayes inna as a cek wenni ḍi idja drus n l iman mayemmi dayek yudef ccek awarni,no
REC107_SEG0017_PART02,REC107,SPK009,train,vad_v2_spk009,292.544,302.792,10.248,data/processed/segments/REC107/REC107_SEG0017_PART02.wav,reviewed,rami nyin deg uɣarrabu yarsa usemmiḍ inni idjan deg uɣarrabu usin dd ɣares sejden as nnan s tidett cek d mmis n arebbi,no
REC107_SEG0019_PART01,REC107,SPK009,train,vad_v2_spk009,309.784,321.697,11.913,data/processed/segments/REC107/REC107_SEG0019_PART01.wav,reviewed,awarni rami zwan rebḥar iwḍen ɣar ṭammurṭ n jinnisaret rami t ɛeqren yeryazen n ṭammurṭ nni ssuffɣen rexbar ḍi marra dcurat i d as dd innḍen iwyen dd ɣares,no
REC107_SEG0019_PART02,REC107,SPK009,train,vad_v2_spk009,321.697,333.61,11.913,data/processed/segments/REC107/REC107_SEG0019_PART02.wav,reviewed,marra inni tuɣa ihercen attas uca ttaren zzayes ad ten yejj ad ḥadan mɣir abeḥrur n ujedjab nnes u marra inni t iḥadan dewren ggenfan,no
REC108_SEG0001,REC108,SPK009,train,vad_v2_spk009,1.304,5.544,4.24,data/processed/segments/REC108/REC108_SEG0001.wav,reviewed,ccariɛa n arebbi war tettis ak d tɣuri d twessa n iwḍan,no
REC108_SEG0002_PART01,REC108,SPK009,train,vad_v2_spk009,7.576,20.208,12.632,data/processed/segments/REC108/REC108_SEG0002_PART01.wav,reviewed,rexdenni usin dd imsermaden n idlisen d ifarisiyyen zi urcalim ɣar yasuɛ nnan mayemmi ttɛeddan imeḥḍaren nnec x tubbart n imɣaren nneɣ,no
REC108_SEG0002_PART02,REC108,SPK009,train,vad_v2_spk009,20.208,32.84,12.632,data/processed/segments/REC108/REC108_SEG0002_PART02.wav,reviewed,niṭni war ssiriden ca ifassen nsen qber i ɣa ccen aɣrum yarra dd yasuɛ inna asen mayemmi kenniw ɛawed tettɛeddam x tewseyyet n arebbi zi ssibbet n tubbart nwem,no
REC108_SEG0003,REC108,SPK009,train,vad_v2_spk009,33.656,43.944,10.288,data/processed/segments/REC108/REC108_SEG0003.wav,reviewed,minzi arebbi tuɣa inna weqqar babac d yemmac u wenni i ɣa ineɛren x babas niɣ yemmas ittxessa as ad immet,no
REC108_SEG0004,REC108,SPK009,train,vad_v2_spk009,45.144,62.568,17.424,data/processed/segments/REC108/REC108_SEG0004.wav,reviewed,maca kenniw teqqarem marra wi ɣa yinin i babas niɣ i yemmas marra min tzemmarem ad zzayi tnefɛem aqa ggiɣ t d tawhibt i arebbi aqa netta war iḥdij ɛad ad iweqqar babas niɣ yemmas s marra man aya,no
REC108_SEG0005_PART01,REC108,SPK009,train,vad_v2_spk009,63.416,75.872,12.456,data/processed/segments/REC108/REC108_SEG0005_PART01.wav,reviewed,ammu tbettrem awar n arebbi ḍi ttweɛ n tubbart nwem kenniw a imnafqen icaɛya tuɣa ittnabba xawem s sseḥ inna rgens a ittcenneɛ ayi s iyenc,no
REC108_SEG0005_PART02,REC108,SPK009,train,vad_v2_spk009,75.872,88.328,12.456,data/processed/segments/REC108/REC108_SEG0005_PART02.wav,reviewed,icen nsen maca ur nsen iggʷej xafi aqa niṭni cennɛen ayi baṭer minzi niṭni ssermaden tiɣuriwin nni idjan d tiwessa n iwḍan,no
REC108_SEG0006,REC108,SPK009,train,vad_v2_spk009,89.432,103.848,14.416,data/processed/segments/REC108/REC108_SEG0006.wav,reviewed,rami d iraɣa dd x rɣaci ɣares inna asen srem mliḥ fehmem war idji min ittadfen deg uqemmum issexmej bnaḍem maca min i dd itteffɣen zeg uqemmum d man aya i issexmajen bnaḍem,no
REC108_SEG0007,REC108,SPK009,train,vad_v2_spk009,104.76,120.456,15.696,data/processed/segments/REC108/REC108_SEG0007.wav,reviewed,denni usin dd ɣares imeḥḍaren nnes nnan as ma tessned belli ifarisiyyen nderfen ḍi man aya rami t srin maca netta yarra dd inna asen kur aɣeddu war t izzu baba wenni idjan deg ijenna ad ittwaqreɛ,no
REC108_SEG0008,REC108,SPK009,train,vad_v2_spk009,121.272,131.016,9.744,data/processed/segments/REC108/REC108_SEG0008.wav,reviewed,ejj i ten niṭni d idarɣaren neddhen idarɣaren mara adarɣar ineddeh adarɣar ad wḍan s ṭnayen idsen deg weḥfur,no
REC108_SEG0009_PART01,REC108,SPK009,train,vad_v2_spk009,131.608,142.752,11.144,data/processed/segments/REC108/REC108_SEG0009_PART01.wav,reviewed,yarra dd cimɛun buṭrus inna as a sidi fessar aneɣ amedya ya maca yasuɛ inna asen ma kenniw ɛad bra refhamet ar rexxu ma war tefhimem ca be,no
REC108_SEG0009_PART02,REC108,SPK009,train,vad_v2_spk009,142.752,153.896,11.144,data/processed/segments/REC108/REC108_SEG0009_PART02.wav,reviewed,lli marra min ɣa yadfen deg uqemmum ad iraḥ ɣar uɛeddis uca ssenni ad ittwassuffeɣ barra i usizdeg maca min i dd itteffɣen zeg uqemmum ittas dd zeg wur,no
REC108_SEG0010_PART01,REC108,SPK009,train,vad_v2_spk009,154.232,166.384,12.152,data/processed/segments/REC108/REC108_SEG0010_PART01.wav,reviewed,arq ccɣer tuceffra cchadat s zur d uceqqef aqa d man aya min issxemmajen bnaḍem maca macca s ifassen war issirden war tessxemmij ca bnaḍem,no
REC108_SEG0010_PART02,REC108,SPK009,train,vad_v2_spk009,166.384,178.536,12.152,data/processed/segments/REC108/REC108_SEG0010_PART02.wav,reviewed,qa d man aya i issxemmajen bnaḍem minzi zeg wur n iwḍan i dd tteffɣen ixarrisen iɛeffanen zzina anɣay f,no
REC108_SEG0011,REC108,SPK009,train,vad_v2_spk009,181.592,184.456,2.864,data/processed/segments/REC108/REC108_SEG0011.wav,reviewed,l iman n temɣart zeg ayt n kenɛan,no
REC108_SEG0012,REC108,SPK009,train,vad_v2_spk009,185.72,200.232,14.512,data/processed/segments/REC108/REC108_SEG0012.wav,reviewed,rexdenni iffeɣ dd yasuɛ ssenni iruḥ ɣar jjwayeh n sur d saydun u xzar ict n temɣart zeg ayt n kenɛan zi ṭammurṭ nni tesɣuy ṭenna a sidi a mmis n dawud arḥem ayi,no
REC108_SEG0013_PART01,REC108,SPK009,train,vad_v2_spk009,200.696,214.528,13.832,data/processed/segments/REC108/REC108_SEG0013_PART01.wav,reviewed,yedji aqa ḍayes cciṭan issnexraɛen maca netta war xas dd yarri ca ura s yijjen wawar usin dd ɣares imeḥḍaren nnes ttaren zzayes nnan azzer xas minzi nettat teḍfar aneɣ dd,no
REC108_SEG0013_PART02,REC108,SPK009,train,vad_v2_spk009,214.528,228.36,13.832,data/processed/segments/REC108/REC108_SEG0013_PART02.wav,reviewed,s iɣuyyan netta yarra dd inna asen necc ttwassekkeɣ dd ɣar wudji iweddaren n ṭaddarṭ n israil waha maca nettat tusa dd tesjed as ṭenna a sidi ɛawen ayi,no
REC108_SEG0014_PART01,REC108,SPK009,train,vad_v2_spk009,228.952,242.64,13.688,data/processed/segments/REC108/REC108_SEG0014_PART01.wav,reviewed,maca netta yarra dd inna war iɛedder ad immeksi weɣrum n iḥenjiren maḥend ad immenḍar i yiṭan maca nettat ṭenna wah a sidi maɣar ura d iṭan ttetten ireqqwaz i dd iwettan,no
REC108_SEG0014_PART02,REC108,SPK009,train,vad_v2_spk009,242.64,256.328,13.688,data/processed/segments/REC108/REC108_SEG0014_PART02.wav,reviewed,zi ttabra n siditsen uca ttɣiman ddaren rexdenni inna as yasuɛ a tamɣart l iman nnem imɣar ad yiri am mammec rxaḍar nnem uca yedjis teggenfa ḍi ṭsaɛɛet nni,no
REC108_SEG0016_PART01,REC108,SPK009,train,vad_v2_spk009,262.744,276.972,14.228,data/processed/segments/REC108/REC108_SEG0016_PART01.wav,reviewed,uca yuyur yasuɛ ssenni yiweḍ dd ɣar tma n rebḥar n ljalil igeɛɛed ɣar wedrar iqqim dinni yusa dd ɣares ijjen ubarru ameqqran n rɣaci iwyen dd akidsen ineɛ,no
REC108_SEG0016_PART02,REC108,SPK009,train,vad_v2_spk009,276.972,291.2,14.228,data/processed/segments/REC108/REC108_SEG0016_PART02.wav,reviewed,ḍaben d idarɣaren d ignawen d iqejdaḥen d inneɣni attas ssarsen ten ɣar iḍaren n yasuɛ uca issgenfa ten arami itebhet rɣaci aqa zrin ignawen ssawaren,no
REC108_SEG0017,REC108,SPK009,train,vad_v2_spk009,291.2,299.496,8.296,data/processed/segments/REC108/REC108_SEG0017.wav,reviewed,iqejdaḥen ggenfan ineɛḍaben gguren idarɣaren ttwaran uca ssɛudjen arebbi n israil,no
REC108_SEG0018,REC108,SPK009,train,vad_v2_spk009,302.008,307.592,5.584,data/processed/segments/REC108/REC108_SEG0018.wav,reviewed,lmuɛjiza n usecci i ṭwara wiss ṭnayen kta n arebɛa araf n yaryazen,no
REC108_SEG0019,REC108,SPK009,train,vad_v2_spk009,309.56,316.488,6.928,data/processed/segments/REC108/REC108_SEG0019.wav,reviewed,yasuɛ iraɣa dd x imeḥḍaren nnes inna asen ḥinneɣ x rɣaci minzi qqimen akidi ṭraṭa n wussan,no
REC108_SEG0020_PART01,REC108,SPK009,train,vad_v2_spk009,317.112,329.636,12.524,data/processed/segments/REC108/REC108_SEG0020_PART01.wav,reviewed,war ɣarsen min ɣa ccen war xseɣ ca ad ten ssqebbḍeɣ ttzuman ḥima war tteḍɛifen ca deg webrid nnan as imeḥḍaren nnes manis d ɣa nawi aɣr,no
REC108_SEG0020_PART02,REC108,SPK009,train,vad_v2_spk009,329.636,342.16,12.524,data/processed/segments/REC108/REC108_SEG0020_PART02.wav,reviewed,um ḍi rexra ya i zi ɣa nessecc ijjen rɣaci d ameqqran am wanita inna asen yasuɛ mecḥar ɣarwem d aɣrum nnan as sebɛa n tecnifin d ca n iserman imezyanen,no
REC108_SEG0021,REC108,SPK009,train,vad_v2_spk009,342.16,354.984,12.824,data/processed/segments/REC108/REC108_SEG0021.wav,reviewed,xenni yumur rɣaci ḥima ad qqimen ḍi ṭammurṭ iksi sebɛa n tecnifin d iserman nni iqada yarza i tent uca iwca i tent i imeḥḍaren nnes uca imeḥḍaren wcin tent i iwḍan,no
REC108_SEG0022_PART01,REC108,SPK009,train,vad_v2_spk009,355.416,366.704,11.288,data/processed/segments/REC108/REC108_SEG0022_PART01.wav,reviewed,marra ccin jjiwnen xenni yarwen dd ireqqwaz icetten tuɣa din sebɛa n tsudjatin ɛemmarent inni tuɣa iccen aqa aten ḍi arebɛa araf,no
REC108_SEG0022_PART02,REC108,SPK009,train,vad_v2_spk009,366.704,377.992,11.288,data/processed/segments/REC108/REC108_SEG0022_PART02.wav,reviewed,n yeryazen bra timɣarin d iḥenjiren awarni rami issqebbeḍ rɣaci,no
REC109_SEG0001,REC109,SPK009,train,vad_v2_spk009,1.688,4.488,2.8,data/processed/segments/REC109/REC109_SEG0001.wav,reviewed,ifarisiyyen ttaren ict n reɛramet,no
REC109_SEG0002,REC109,SPK009,train,vad_v2_spk009,6.328,15.368,9.04,data/processed/segments/REC109/REC109_SEG0002.wav,reviewed,usin dd ɣares ifarisiyyen d isaduqiyyen sseqsan t ḥima ad t jarrben ma ad asen isscen ca n reɛramet zeg ujenna,no
REC109_SEG0003_PART01,REC109,SPK009,train,vad_v2_spk009,15.864,29.504,13.64,data/processed/segments/REC109/REC109_SEG0003_PART01.wav,reviewed,maca netta yarra dd inna asen ɣar tmeddit ad tinim aqa rḥar iffeɣ minzi ajenna d azeggʷaɣ u ɣar refjar ad tinim aqa ass a ad isuḍ usemmiḍ minzi ajenna d azeg,no
REC109_SEG0003_PART02,REC109,SPK009,train,vad_v2_spk009,29.504,43.144,13.64,data/processed/segments/REC109/REC109_SEG0003_PART02.wav,reviewed,ggʷaɣ ar abarcan a imnafqen kenniw tessnem ad tfarzem udem n ujenna maca reɛramat n zzman a war tzemmarem ad tent tfarzem jjir aɛeffan izennan yarezzu ict n reɛramet,no
REC109_SEG0004,REC109,SPK009,train,vad_v2_spk009,43.16,50.92,7.76,data/processed/segments/REC109/REC109_SEG0004.wav,reviewed,maca war d as ittmewci ura d ict n reɛramet mɣir reɛramet n yunus anabi xenni ijja i ten iruḥ,no
REC109_SEG0005,REC109,SPK009,train,vad_v2_spk009,54.296,57.064,2.768,data/processed/segments/REC109/REC109_SEG0005.wav,reviewed,antun n ifarisiyyen d isaḍuqiyyen,no
REC109_SEG0006,REC109,SPK009,train,vad_v2_spk009,58.936,77.064,18.128,data/processed/segments/REC109/REC109_SEG0006.wav,reviewed,rami dd iwḍen imeḥḍaren nnes ɣar ujemmaḍ n rebḥar ttun ad kisen dd awyen aɣrum inna asen yasuɛ ḥḍam ixef nwem zeg wentun n ifarisiyyen d isaduqiyyen niṭni mcawaren jar asen x man aya nnan aqa inna man aya minzi war d niwi ca aɣrum,no
REC109_SEG0007,REC109,SPK009,train,vad_v2_spk009,77.624,92.168,14.544,data/processed/segments/REC109/REC109_SEG0007.wav,reviewed,yasuɛ am tuɣa issen man aya inna asen a kenniw i ḍi idja drus n l iman mayemmi temcawarem jar awem aqa man aya idja umi war dd tiwyem aɣrum ma ɛad war tefhimem ca,no
REC109_SEG0008,REC109,SPK009,train,vad_v2_spk009,92.984,100.36,7.376,data/processed/segments/REC109/REC109_SEG0008.wav,reviewed,ma war teɛqirem ca x xemsa n ireqqwaz n weɣrum i xemsa araf u mecḥar n tsudjatin i tyarwem,no
REC109_SEG0009_PART01,REC109,SPK009,train,vad_v2_spk009,100.888,113.44,12.552,data/processed/segments/REC109/REC109_SEG0009_PART01.wav,reviewed,niɣ x sebɛa n ireqqwaz n weɣrum i arebɛa araf u mecḥar n tsudjatin i tyarwem ma ɛad war tefhimen ca belli necc war kiwem ssiwreɣ ca x weɣrum umi d awem nniɣ,no
REC109_SEG0009_PART02,REC109,SPK009,train,vad_v2_spk009,113.44,125.992,12.552,data/processed/segments/REC109/REC109_SEG0009_PART02.wav,reviewed,ḥḍam ixef nwem zeg wentun n ifarisiyyen d isaduqiyyen ssenni fehmen aqa netta war d asen inni maḥend ad ḥḍan ixef nsen zeg wentun n weɣrum maca zi tɣuri n ifarisiyyen d isaduqiyyen,no
REC109_SEG0010,REC109,SPK009,train,vad_v2_spk009,129.144,132.008,2.864,data/processed/segments/REC109/REC109_SEG0010.wav,reviewed,lmasiḥ d mmis n arebbi iddaren,no
REC109_SEG0011,REC109,SPK009,train,vad_v2_spk009,134.168,147.944,13.776,data/processed/segments/REC109/REC109_SEG0011.wav,reviewed,rami dd yiweḍ yasuɛ ɣar ṭammurṭ n qaysariya filippus isseqsa imeḥḍaren nnes min ɛniɣ necc mmis n bnaḍem ɛlaḥsab min qqaren iwḍan nnan as ca qqaren d yuḥanna amseɣḍas,no
REC109_SEG0012,REC109,SPK009,train,vad_v2_spk009,148.76,153.48,4.72,data/processed/segments/REC109/REC109_SEG0012.wav,reviewed,u wenneɣni d iliya u wenneɣni ɛawed d irmiya,no
REC109_SEG0013_PART01,REC109,SPK009,train,vad_v2_spk009,153.912,167.008,13.096,data/processed/segments/REC109/REC109_SEG0013_PART01.wav,reviewed,niɣ d ijjen zeg inabiyyen inna asen maca kenniw min xafi teqqarem yarra dd xas cimɛun buṭrus inna cek d lmasiḥ mmis n arebbi iddaren yarra dd xas yasuɛ,no
REC109_SEG0013_PART02,REC109,SPK009,train,vad_v2_spk009,167.008,180.104,13.096,data/processed/segments/REC109/REC109_SEG0013_PART02.wav,reviewed,inna as sseɛd nnec a cimɛun mmis n yuna minzi war idji d aysum niɣ d idammen i d ac imren man aya maca d baba i idjan deg ijenwan necc ad ac iniɣ,no
REC109_SEG0014,REC109,SPK009,train,vad_v2_spk009,180.152,188.04,7.888,data/processed/segments/REC109/REC109_SEG0014.wav,reviewed,aqa cek d buṭrus d tasḍat n wezru u x tasḍarta ya ad bniɣ tamesmunt inu i yenni daytiqqan,no
REC109_SEG0015_PART01,REC109,SPK009,train,vad_v2_spk009,188.312,200.528,12.216,data/processed/segments/REC109/REC109_SEG0015_PART01.wav,reviewed,uca tiwwura n raxart war d as zemmarent d necc ad ac wceɣ tisarutin n tgeldit n ijenwan u marra min ɣa tcedded ḍi ṭammurṭ ad yiri icedd deg,no
REC109_SEG0015_PART02,REC109,SPK009,train,vad_v2_spk009,200.528,212.744,12.216,data/processed/segments/REC109/REC109_SEG0015_PART02.wav,reviewed,ijenwan u marra min ɣa tfesyed ḍi ṭammurṭ ad yiri ifsi deg ijenwan rexdenni yumur imeḥḍaren nnes ḥima war xebbaren ḥed belli netta d lmasiḥ,no
REC109_SEG0016,REC109,SPK009,train,vad_v2_spk009,215.768,220.616,4.848,data/processed/segments/REC109/REC109_SEG0016.wav,reviewed,yasuɛ izwar issawar x rmewt d tnukra nnes i ṭwara tamezwarut,no
REC109_SEG0017,REC109,SPK009,train,vad_v2_spk009,221.944,239.784,17.84,data/processed/segments/REC109/REC109_SEG0017.wav,reviewed,ssenni ibda yasuɛ ad isscen i imeḥḍaren nnes belli ittxessa as ad iraḥ ɣar urcalim ad iweddeb attas zeg imɣaren n rgens u zeg imeqqranen n ikehhanen d imsermaden n idlisen ad ittwaneɣ uca ad dd ittwassnekkar ɛawed deg wass wiss ṭraṭa,no
REC109_SEG0018_PART01,REC109,SPK009,train,vad_v2_spk009,240.12,251.392,11.272,data/processed/segments/REC109/REC109_SEG0018_PART01.wav,reviewed,maca buṭrus yiwyi t weḥḥdes ibda ittwebbex i t inna war ittiri a sidi man aya war d ac ittemsar ɛemmas maca netta inneqreb,no
REC109_SEG0018_PART02,REC109,SPK009,train,vad_v2_spk009,251.392,262.664,11.272,data/processed/segments/REC109/REC109_SEG0018_PART02.wav,reviewed,inna i buṭrus ffeɣ xafi a cciṭan cek d ict n tɛenkrift i necc minzi war cek icqi min idjan n arebbi maca min idjan n iwḍan,no
REC109_SEG0019,REC109,SPK009,train,vad_v2_spk009,263.096,278.376,15.28,data/processed/segments/REC109/REC109_SEG0019.wav,reviewed,rexdenni inna yasuɛ i imeḥḍaren nnes mara ca n ijjen ixs ad ayi iḍfar ad inkar ixef nnes ad iksi ssalib nnes uca ad ayi iḍfar minzi wenni ixsen ad issenjem ṭudarṭ nnes ad tt iweddar,no
REC109_SEG0020_PART01,REC109,SPK009,train,vad_v2_spk009,278.616,289.488,10.872,data/processed/segments/REC109/REC109_SEG0020_PART01.wav,reviewed,maca wenni i ɣa iweddaren ṭudarṭ nnes ḍi ttweɛ inu ad tt yaf minzi man refḍer i ɣares ɣar bnaḍem mara yarbeḥ ddunect marra maca irqef i t d,no
REC109_SEG0020_PART02,REC109,SPK009,train,vad_v2_spk009,289.488,300.36,10.872,data/processed/segments/REC109/REC109_SEG0020_PART02.wav,reviewed,ruct ḍi reɛmar nnes niɣ min ɣa iwc bnaḍem i wesraḥ n reɛmar nnes minzi mmis n bnaḍem ad dd yas s uɛudji n babas ak d lmalakat nnes,no
REC109_SEG0021,REC109,SPK009,train,vad_v2_spk009,300.536,315.816,15.28,data/processed/segments/REC109/REC109_SEG0021.wav,reviewed,uca xenni ad ixedjes kur ijjen ɛlaḥsab min igga s tidett necc ad awem iniɣ aqa ca zeg ina i da ibedden war ttqisin ca rmewt ar ɣa zaren mmis n bnaḍem ittas dd ḍi tgeldit nnes,no
REC110_SEG0001,REC110,SPK009,train,vad_v2_spk009,1.656,4.744,3.088,data/processed/segments/REC110/REC110_SEG0001.wav,reviewed,yasuɛ x wedrar ak d musa d iliya,no
REC110_SEG0002,REC110,SPK009,train,vad_v2_spk009,6.616,17.608,10.992,data/processed/segments/REC110/REC110_SEG0002.wav,reviewed,awarni setta n wussan yasuɛ yiwi dd buṭrus d yaɛqub d umas yuḥanna akides yiwyi i ten weḥḥedsen ɣar ijjen wedrar yuɛra,no
REC110_SEG0003_PART01,REC110,SPK009,train,vad_v2_spk009,18.104,29.408,11.304,data/processed/segments/REC110/REC110_SEG0003_PART01.wav,reviewed,uca ittwabedder waddud n yasuɛ qibac nsen tuɣa aɣembub nnes ittceɛciɛ am tfuct iḍwer warruḍ nnes d acemrar am tfawt ura d musa,no
REC110_SEG0003_PART02,REC110,SPK009,train,vad_v2_spk009,29.408,40.712,11.304,data/processed/segments/REC110/REC110_SEG0003_PART02.wav,reviewed,d iliya ḍharen asen dd ssawaren akides buṭrus ittef deg wawar inna i yasuɛ a sidi aqa mliḥ umi i da nedja,no
REC110_SEG0004_PART01,REC110,SPK009,train,vad_v2_spk009,40.952,54.448,13.496,data/processed/segments/REC110/REC110_SEG0004_PART01.wav,reviewed,mara texsed ad newwet danita ṭraṭa n iɛuccuten n tsetta ijjen i cek ijjen i musa u ijjen i iliya am tuɣa issawar ɛad ikka dd xasen ijjen useynu,no
REC110_SEG0004_PART02,REC110,SPK009,train,vad_v2_spk009,54.448,67.944,13.496,data/processed/segments/REC110/REC110_SEG0004_PART02.wav,reviewed,ittseqsiq issduriy ten s tiri nnes uca xzar aqa ij tmijja zeg ujenna ṭenna d wa d mmi iɛizzen ḍayes ufiɣ arḍa inu srem ɣares,no
REC110_SEG0005,REC110,SPK009,train,vad_v2_spk009,68.504,85.192,16.688,data/processed/segments/REC110/REC110_SEG0005.wav,reviewed,rami srin imeḥḍaren man aya wḍan x uɣembub nsen uca ggʷeden attas yusa dd ɣarsen yasuɛ iḥada ten inna kkarem war tteggʷedem ca rami ssgeɛɛden tittawin nsen war zrin ḥed mɣir yasuɛ netta waha,no
REC110_SEG0006_PART01,REC110,SPK009,train,vad_v2_spk009,86.68,100.784,14.104,data/processed/segments/REC110/REC110_SEG0006_PART01.wav,reviewed,am dd hwan zeg wedrar yumur i ten yasuɛ inna asen war ssiwirem x rewḥiy a am ɣarwem idja ijjenneɣni ar dd ɣa ikkar mmis n bnaḍem jar imettinen,no
REC110_SEG0006_PART02,REC110,SPK009,train,vad_v2_spk009,100.784,114.888,14.104,data/processed/segments/REC110/REC110_SEG0006_PART02.wav,reviewed,imeḥḍaren sseqsan t nnan as mayemmi qqaren imsermaden n idlisen aqa iliya ad dd yas d amezwaru yarra dd yasuɛ inna iliya ad dd yas d amezwaru ḥima ad ittwakemmer marra,no
REC110_SEG0007_PART01,REC110,SPK009,train,vad_v2_spk009,115.576,125.76,10.184,data/processed/segments/REC110/REC110_SEG0007_PART01.wav,reviewed,maca necc ad awem iniɣ xzar iliya aqa yusa dd war zzayes steɛtarifen maca ggin zzayes min xsen ammu ura d,no
REC110_SEG0007_PART02,REC110,SPK009,train,vad_v2_spk009,125.76,135.944,10.184,data/processed/segments/REC110/REC110_SEG0007_PART02.wav,reviewed,mmis n bnaḍem ad zzaysen iweddeb rexdenni fehmen imeḥḍaren belli tuɣa issawar akidsen x yuḥanna amseɣḍas,no
REC110_SEG0008,REC110,SPK009,train,vad_v2_spk009,138.968,141.928,2.96,data/processed/segments/REC110/REC110_SEG0008.wav,reviewed,yasuɛ issgenfa aḥenjir amaryaḥ,no
REC110_SEG0009_PART01,REC110,SPK009,train,vad_v2_spk009,143.864,155.648,11.784,data/processed/segments/REC110/REC110_SEG0009_PART01.wav,reviewed,rami dd usin ɣar rɣaci yusa dd ɣares ijjen bnaḍem iwḍa as ɣar iḍaren inna as a sidi zzidjez i mmi minzi aqa netta ittbarkik,no
REC110_SEG0009_PART02,REC110,SPK009,train,vad_v2_spk009,155.648,167.432,11.784,data/processed/segments/REC110/REC110_SEG0009_PART02.wav,reviewed,kiḍ immarni xas rḥar maɣar attas n twarawin iwḍa ḍi ṭmessi u deg waman iwyeɣ t ɣar imeḥḍaren nnec maca niṭni war zemmaren ad t ssgenfan,no
REC110_SEG0010,REC110,SPK009,train,vad_v2_spk009,167.928,178.472,10.544,data/processed/segments/REC110/REC110_SEG0010.wav,reviewed,yasuɛ yarra dd inna a jjir i war yuminen d imufriɣen mecḥar i ɣa qqimeɣ ɛad akidwem mecḥar ɛad i ɣa qqimeɣ sbareɣ awem,no
REC110_SEG0011,REC110,SPK009,train,vad_v2_spk009,179.224,196.04,16.816,data/processed/segments/REC110/REC110_SEG0011.wav,reviewed,awyem t i dd ɣari xenni iwebbex i t yasuɛ uca iffeɣ zzayes cciṭan uca iḍwer uḥenjir iggenfa zi ṭsaɛɛet nni rexdenni usin dd imeḥḍaren weḥḥedsen ɣar yasuɛ nnan as mayemmi neccin war nzemmar ad t nessufeɣ,no
REC110_SEG0012_PART01,REC110,SPK009,train,vad_v2_spk009,196.632,210.928,14.296,data/processed/segments/REC110/REC110_SEG0012_PART01.wav,reviewed,inna asen yasuɛ sminzi wa tuminemca s tidett ad awem iniɣ mara daywem l iman anect n ict n tḥebbuct n zzariɛet n uxerdel ad as tinim i wedrar a mutti,no
REC110_SEG0012_PART02,REC110,SPK009,train,vad_v2_spk009,210.928,225.224,14.296,data/processed/segments/REC110/REC110_SEG0012_PART02.wav,reviewed,ssa ar diha xenni ad immutti uca war din ittiri ɛad ura d ict n rḥajjeṭ war d as tzemmarem ɛad maca ddarb a war dd itteffeɣ mɣir s tzadjit d uzummi,no
REC110_SEG0013,REC110,SPK009,train,vad_v2_spk009,227.832,233.128,5.296,data/processed/segments/REC110/REC110_SEG0013.wav,reviewed,yasuɛ issawar x rmewt d tnukra nnes i ṭwara wiss ṭnayen,no
REC110_SEG0014,REC110,SPK009,train,vad_v2_spk009,235.384,249.704,14.32,data/processed/segments/REC110/REC110_SEG0014.wav,reviewed,rami tuɣa ttsaran ḍi ljalil inna asen yasuɛ i imeḥḍaren nnes mmis n bnaḍem ad immewc deg ifassen n iwḍan ad t nɣen uca ad dd ittwassnekkar deg wass wiss ṭraṭa xenni ceḍnen attas,no
REC110_SEG0015,REC110,SPK009,train,vad_v2_spk009,252.76,256.584,3.824,data/processed/segments/REC110/REC110_SEG0015.wav,reviewed,awar n yasuɛ x ḍḍariba i zzawect tameqqrant,no
REC110_SEG0016,REC110,SPK009,train,vad_v2_spk009,258.584,270.504,11.92,data/processed/segments/REC110/REC110_SEG0016.wav,reviewed,rami dd usin ɣar kafarnaḥum qarrben dd ayt n ḍḍariba ɣar buṭrus nnan amsermad nwem ma war ittxedjis ṭnayen n drahemmai zzawect tameqqrant,no
REC110_SEG0017,REC110,SPK009,train,vad_v2_spk009,271.224,272.424,1.2,data/processed/segments/REC110/REC110_SEG0017.wav,reviewed,inna wah,no
REC110_SEG0018_PART01,REC110,SPK009,train,vad_v2_spk009,272.952,287.1,14.148,data/processed/segments/REC110/REC110_SEG0018_PART01.wav,reviewed,arami dd yudef buṭrus ɣar ṭaddarṭ izwar as dd yasuɛ inna cimɛun mammec twarid cek wi zi ttfen ijedjiden n ddunect reɛcur d tenɛacin i izemmen i kur azedjif,no
REC110_SEG0018_PART02,REC110,SPK009,train,vad_v2_spk009,287.1,301.248,14.148,data/processed/segments/REC110/REC110_SEG0018_PART02.wav,reviewed,ma zi tarwa nsen niɣ zeg ibarraniyyen inna as cimɛun zeg ibarraniyyen inna as yasuɛ s uya djan tarwa d iḥurriyyen maca ḥima war ten nessendrif ruḥ ɣar rebḥar,no
REC110_SEG0019,REC110,SPK009,train,vad_v2_spk009,301.248,316.04,14.792,data/processed/segments/REC110/REC110_SEG0019.wav,reviewed,nḍar tasennart uca arzem aqemmum i tesremt tamezwarut i dd ɣa iffɣen uca ad tafed ict n tepyist n usulḍi n ustatir ksi tt uca ewc i tt xafi u x yixef nnec,no
REC111_SEG0001,REC111,SPK009,train,vad_v2_spk009,1.656,5.48,3.824,data/processed/segments/REC111/REC111_SEG0001.wav,reviewed,man wen idjan d ameqqran ḍi tgeldit n ijenwan,no
REC111_SEG0002_PART01,REC111,SPK009,train,vad_v2_spk009,7.0,21.52,14.52,data/processed/segments/REC111/REC111_SEG0002_PART01.wav,reviewed,ḍi ṭsaɛɛet nni usin dd imeḥḍaren ɣar yasuɛ nnan man wen idjan d ameqqran ḍi tgeldit n ijenwan yasuɛ iraɣa dd x ijjen uḥenjir ɣares issbedd i t ḍi rwesṭ nsen inna s tidett necc ad awem i,no
REC111_SEG0002_PART02,REC111,SPK009,train,vad_v2_spk009,21.52,36.04,14.52,data/processed/segments/REC111/REC111_SEG0002_PART02.wav,reviewed,niɣ mara war ttubem u tdewrem am iḥenjiren ɛemmas ad tadfem ɣar tgeldit n ijenwan s uya wenni i ɣa issmezyen ixef nnes am uḥenjir a aqa d wenni d ameqqran ḍi tgeldit n ijenwan,no
REC111_SEG0003,REC111,SPK009,train,vad_v2_spk009,36.504,42.76,6.256,data/processed/segments/REC111/REC111_SEG0003.wav,reviewed,u wenni i ɣa iqebren ijjen uḥenjir i idjan am uḥenjir a s yisem inu iqebber ayi,no
REC111_SEG0004,REC111,SPK009,train,vad_v2_spk009,45.912,49.352,3.44,data/processed/segments/REC111/REC111_SEG0004.wav,reviewed,aɛram ɣar rgens x min i ɣa iɣarren i ddenb,no
REC111_SEG0005_PART01,REC111,SPK009,train,vad_v2_spk009,50.104,61.168,11.064,data/processed/segments/REC111/REC111_SEG0005_PART01.wav,reviewed,maca kur ijjen wenni i ɣa issenqarḍen ijjen zeg imezyanen a i zzayi ittamnen iḥra as ad as tettwagg ict n tesḍart n tsirt,no
REC111_SEG0005_PART02,REC111,SPK009,train,vad_v2_spk009,61.168,72.232,11.064,data/processed/segments/REC111/REC111_SEG0005_PART02.wav,reviewed,tedqer ɣar yiri nnes ad ittwassɣareq ḍi radjaɣ n rebḥar uct x ddunect x ssibbet n tɛenkrifin iwa ittxessa ad dd asent tɛenkrifin,no
REC111_SEG0006_PART01,REC111,SPK009,train,vad_v2_spk009,73.08,85.696,12.616,data/processed/segments/REC111/REC111_SEG0006_PART01.wav,reviewed,maca amcum n bnaḍem nni itteggen taɛenkrift mara issenqarḍ cek ufus nnec niɣ aḍar nnec xenni qess i t nḍar i t xak iḥra ac ad,no
REC111_SEG0006_PART02,REC111,SPK009,train,vad_v2_spk009,85.696,98.312,12.616,data/processed/segments/REC111/REC111_SEG0006_PART02.wav,reviewed,tadfed ɣar ṭudarṭ d aqejdaḥ niɣ d ameɛḍur x umenḍar s ṭnayen n ifassen niɣ s ṭnayen n iḍaren ḍi ṭmessi i rebda mara tessenqarḍ cek titt nnec,no
REC111_SEG0007,REC111,SPK009,train,vad_v2_spk009,98.968,109.736,10.768,data/processed/segments/REC111/REC111_SEG0007.wav,reviewed,xenni qerɛ i tt nḍar i tt xak iḥra ac ad tadfed ɣar ṭudarṭ s ict n titt x uwettu ḍi jehennama iccuren s ṭmessi s ṭnayen n tittawin,no
REC111_SEG0008,REC111,SPK009,train,vad_v2_spk009,113.656,115.656,2.0,data/processed/segments/REC111/REC111_SEG0008.wav,reviewed,amedya n wudji iweddaren,no
REC111_SEG0009,REC111,SPK009,train,vad_v2_spk009,117.112,128.872,11.76,data/processed/segments/REC111/REC111_SEG0009.wav,reviewed,ɣarwem ad tesseḥqarem ijjen zeg imezyanen a minzi necc ad awem iniɣ aqa lmalakat nsen deg ijenwan aqa rebda ttwarant tifras n baba i idjan deg ijenwan,no
REC111_SEG0010,REC111,SPK009,train,vad_v2_spk009,129.304,147.4,18.096,data/processed/segments/REC111/REC111_SEG0010.wav,reviewed,minzi mmis n bnaḍem yusa dd ḥima ad issenjem min tuɣa iweddaren mammec i d awem ittɣir mara din ca n bnaḍem ɣares mya n wudji uca ijjen zzaysen iweddar ma xenni war ittejji tesɛa u tesɛin deg idurar ad iraḥ ad yarzu x wenni iweddaren,no
REC111_SEG0011,REC111,SPK009,train,vad_v2_spk009,147.96,166.376,18.416,data/processed/segments/REC111/REC111_SEG0011.wav,reviewed,u mara yufa i t s tidett necc ad awem iniɣ ad zzayes ifarḥ ktar zi min ɣa ifarḥ zi tesɛa u tesɛin inni war iweddaren ammu ura d babatwem i idjan deg ijenwan war ixs ad iweddar ura d ijj zeg imezyanen a,no
REC111_SEG0012,REC111,SPK009,train,vad_v2_spk009,169.656,171.688,2.032,data/processed/segments/REC111/REC111_SEG0012.wav,reviewed,ddenb n ijjen uma,no
REC111_SEG0013,REC111,SPK009,train,vad_v2_spk009,172.856,180.776,7.92,data/processed/segments/REC111/REC111_SEG0013.wav,reviewed,mara ixḍa umac akidek ruḥ ɣares webbex i t mɣir jar ac d jar as waha,no
REC111_SEG0014_PART01,REC111,SPK009,train,vad_v2_spk009,181.144,195.78,14.636,data/processed/segments/REC111/REC111_SEG0014_PART01.wav,reviewed,mara isra ɣarek aqa tarbeḥed umac mara war ɣarek isri ca awi akidek ca n ijjen nneɣni niɣ ṭnayen ḥima x uqemmum n ṭnayen niɣ n ṭraṭa n rechud ad itt,no
REC111_SEG0014_PART02,REC111,SPK009,train,vad_v2_spk009,195.78,210.416,14.636,data/processed/segments/REC111/REC111_SEG0014_PART02.wav,reviewed,waḍmen wawar marra mara netta war ɣarsen isri xenni ini tt i tmesmunt n rmuminin uca mara war isri ura ɣar tmesmunt xenni ejj i t ad ɣarwem yiri,no
REC111_SEG0015,REC111,SPK009,train,vad_v2_spk009,210.416,214.28,3.864,data/processed/segments/REC111/REC111_SEG0015.wav,reviewed,am yijjen bu ḍḍariba niɣ am yijjen kuffar,no
REC111_SEG0016_PART01,REC111,SPK009,train,vad_v2_spk009,214.936,229.12,14.184,data/processed/segments/REC111/REC111_SEG0016_PART01.wav,reviewed,s tidett necc ad awem iniɣ marra min ɣa tceddem ḍi ṭammurṭ ad yiri icedd deg ujenna uca marra min ɣa tfesyem ḍi ṭammurṭ ad yiri ifsi deg ujenna ad awem iniɣ,no
REC111_SEG0016_PART02,REC111,SPK009,train,vad_v2_spk009,229.12,243.304,14.184,data/processed/segments/REC111/REC111_SEG0016_PART02.wav,reviewed,ɛawed mara ṭnayen n iwḍan ad mmsetfaqen x ṭammurṭ x ca n rḥajjeṭ i ɣa ttaren aqa d man aya d asen i ɣa ittwagg zi baba i idjan deg ijenwan,no
REC111_SEG0017,REC111,SPK009,train,vad_v2_spk009,243.448,251.08,7.632,data/processed/segments/REC111/REC111_SEG0017.wav,reviewed,minzi mani ɣa munen ṭnayen niɣ ṭraṭa s yisem inu necc ad din iriɣ ḍi rwesṭ nsen,no
REC111_SEG0018,REC111,SPK009,train,vad_v2_spk009,254.232,256.936,2.704,data/processed/segments/REC111/REC111_SEG0018.wav,reviewed,amedya n umsexxar aɛeffan,no
REC111_SEG0019,REC111,SPK009,train,vad_v2_spk009,258.84,278.216,19.376,data/processed/segments/REC111/REC111_SEG0019.wav,reviewed,rexdenni yusa dd ɣares buṭrus inna a sidi mecḥar n twarawin i ɣa ixḍa akidi uma necc ad as samḥeɣ ma ar sebɛa n twarawin inna as yasuɛ war d ac qqareɣ ca ar sebɛa maca ar sebɛin ḍi sebɛa n imuren,no
REC111_SEG0020,REC111,SPK009,train,vad_v2_spk009,278.808,289.768,10.96,data/processed/segments/REC111/REC111_SEG0020.wav,reviewed,suyenni tgeldit n ijenwan deg ijjen weryaz d ajedjid i ixsen ad yegg reḥsab ak d imsexxaren nnes umi ibda ad imseḥseb,no
REC111_SEG0021_PART01,REC111,SPK009,train,vad_v2_spk009,290.232,304.64,14.408,data/processed/segments/REC111/REC111_SEG0021_PART01.wav,reviewed,iwyen dd ɣares ijjen bnaḍem itturs as ɛecra araf talint am war tuɣi ɣares min zi ɣa yarr amarwas yumur bab nnes ḥima ad ittwammenz,no
REC111_SEG0021_PART02,REC111,SPK009,train,vad_v2_spk009,304.64,319.048,14.408,data/processed/segments/REC111/REC111_SEG0021_PART02.wav,reviewed,netta d temɣart nnes d tarwa nnes d marra min ɣares ḥima ad ittwaxedjes umarwas iwḍa as umsexxar nni ɣar iḍaren isjed as inna a sidi sbar xafi ad ac arreɣ marra,no
REC111_SEG0022,REC111,SPK009,train,vad_v2_spk009,319.64,326.76,7.12,data/processed/segments/REC111/REC111_SEG0022.wav,reviewed,aqa izzidjez as bab n umsexxar nni iḍreq as uca isamḥ as deg umarwas,no
REC111_SEG0023_PART01,REC111,SPK009,train,vad_v2_spk009,327.832,340.592,12.76,data/processed/segments/REC111/REC111_SEG0023_PART01.wav,reviewed,rami dd iffeɣ umsexxar nni yufa ijjen zeg inni tuɣa d imsexxaren imɛacaren nnes u wanita itturs as mya dinar ittef i t icebbar as deg yiri inna as,no
REC111_SEG0023_PART02,REC111,SPK009,train,vad_v2_spk009,340.592,353.352,12.76,data/processed/segments/REC111/REC111_SEG0023_PART02.wav,reviewed,xedjes min d ac tturseɣ iwḍa yas umsexxar amɛacar nnes ɣar iḍaren iḥeccmit i t inna sbar xafi ad ac arreɣ marra maca netta war ixs,no
REC111_SEG0024,REC111,SPK009,train,vad_v2_spk009,353.72,358.056,4.336,data/processed/segments/REC111/REC111_SEG0024.wav,reviewed,iruḥ inḍar i t ḍi reḥbes ar dd ɣa yarr amarwas,no
REC111_SEG0025,REC111,SPK009,train,vad_v2_spk009,358.904,376.392,17.488,data/processed/segments/REC111/REC111_SEG0025.wav,reviewed,rami zrin imsexxaren imɛacaren nnes min imsaren ceḍnen attas uca ruḥen nnan tt i bab nsen uca iraɣa dd xas sidis inna as a cek amsexxar aɛeffan marra min d ac tturseɣ samḥeɣ ac minzi tettared ayi,no
REC111_SEG0026_PART01,REC111,SPK009,train,vad_v2_spk009,376.92,391.745,14.825,data/processed/segments/REC111/REC111_SEG0026_PART01.wav,reviewed,ma war idji zeɛma ura d cek xak ad ac izzidjez wenni d amsexxar amɛacar nnec am mammec i d ayi tezzidjed cek xenni ixeyyeq sidis isseɛdu t deg ifassen n imɛaddeben,no
REC111_SEG0026_PART02,REC111,SPK009,train,vad_v2_spk009,391.745,406.57,14.825,data/processed/segments/REC111/REC111_SEG0026_PART02.wav,reviewed,ar ɣa ixedjes marra min ḍayes d amarwas ammu i ɣa yegg baba wenni idjan deg ujenna i kenniw mara kenniw war tsimiḥem s wur kur ijjen zzaywem i umas ixettan nnes,no
REC112_SEG0001,REC112,SPK009,train,vad_v2_spk009,1.72,5.288,3.568,data/processed/segments/REC112/REC112_SEG0001.wav,reviewed,awaren n yasuɛ x remrac d wadjaf,no
REC112_SEG0002,REC112,SPK009,train,vad_v2_spk009,6.776,21.704,14.928,data/processed/segments/REC112/REC112_SEG0002.wav,reviewed,arami ikemmer yasuɛ awaren a iffeɣ zi ljalil yiweḍ ɣar jjwayeh n ṭammurṭ n yahudiyya ɣar ujemmaḍ n yeɣzar n l urdun aqa iḍfar i t ijjen rɣaci d ameqqran,no
REC112_SEG0003,REC112,SPK009,train,vad_v2_spk009,22.488,24.392,1.904,data/processed/segments/REC112/REC112_SEG0003.wav,reviewed,issgenfa i ten dinni,no
REC112_SEG0004_PART01,REC112,SPK009,train,vad_v2_spk009,25.4,37.04,11.64,data/processed/segments/REC112/REC112_SEG0004_PART01.wav,reviewed,usin dd ɣares ura d ifarisiyyen tuɣa arezzun ad t jarrben nnan as ma iḥedjer i weryaz ad idjef i temɣart nnes zi mkur sibbet,no
REC112_SEG0004_PART02,REC112,SPK009,train,vad_v2_spk009,37.04,48.68,11.64,data/processed/segments/REC112/REC112_SEG0004_PART02.wav,reviewed,yarra dd inna asen ma war teɣrim ca belli wenni ten dd ixerqen zeg umezwaru ixreq i ten dd d awtem d tewtemt uca aqa inna,no
REC112_SEG0005,REC112,SPK009,train,vad_v2_spk009,49.624,61.096,11.472,data/processed/segments/REC112/REC112_SEG0005.wav,reviewed,s uyenni ad ismeḥ weryaz ḍi babas d yemmas ad iqqen ɣar temɣart nnes uca ṭnayen idsen nni ad irin d iijjen arimet,no
REC112_SEG0006,REC112,SPK009,train,vad_v2_spk009,61.944,67.688,5.744,data/processed/segments/REC112/REC112_SEG0006.wav,reviewed,ammu war ttirin ɛad d ṭnayen maca d ijjen n arrimet,no
REC112_SEG0007_PART01,REC112,SPK009,train,vad_v2_spk009,67.992,81.836,13.844,data/processed/segments/REC112/REC112_SEG0007_PART01.wav,reviewed,min issmun arebbi war t ibetti bnaḍem nnan as mayemmi yumur musa xenni maḥend ad iwc ṭabrat n wadjaf ḥima ad as idjef inna asen musa,no
REC112_SEG0007_PART02,REC112,SPK009,train,vad_v2_spk009,81.836,95.68,13.844,data/processed/segments/REC112/REC112_SEG0007_PART02.wav,reviewed,ijja kenniw ad tedjfem i temɣarin nwem zi ssibbet n reqsaḥet n wurawen nwem maca war idji ammu zeg umezwaru maca necc ad awem iniɣ wenni i ɣa idjfen i temɣart nnes,no
REC112_SEG0008,REC112,SPK009,train,vad_v2_spk009,95.68,115.208,19.528,data/processed/segments/REC112/REC112_SEG0008.wav,reviewed,wa idjii sibbet n faqcɣer uca adimrec icten nneɣni aqa netta izenna u wenni i ɣa iwyen tamɣart tenni i idjfen aqa ura d netta izenna imeḥḍaren nnes nnan as mara ammu i tedja tmesract jar bnaḍem d temɣart nnes,no
REC112_SEG0009,REC112,SPK009,train,vad_v2_spk009,115.64,130.792,15.152,data/processed/segments/REC112/REC112_SEG0009.wav,reviewed,xenni nhra ma ad imrec maca netta inna asen war idji marra zemmaren ad qebren awar a mɣir inni umi temmewc ad t iqber minzi aqa din inni ittwaqessen minzi niṭni d inni dd ittwaxerqen ammu zeg uɛeddis n yemmatsen,no
REC112_SEG0010,REC112,SPK009,train,vad_v2_spk009,131.16,145.64,14.48,data/processed/segments/REC112/REC112_SEG0010.wav,reviewed,uca aqa din inni ittwaqessen minzi niṭni ttwaqessen zeg ifassen n iwḍan uca aqa din inni ittwaqessen minzi niṭni qessen ixef nsen ḍi ttweɛ n tgeldit n ijenwan wenni izemmaren ad t iqber ejj i t ad t iqber,no
REC112_SEG0011,REC112,SPK009,train,vad_v2_spk009,148.344,151.432,3.088,data/processed/segments/REC112/REC112_SEG0011.wav,reviewed,yasuɛ ibarek iḥenjiren imezyanen,no
REC112_SEG0012,REC112,SPK009,train,vad_v2_spk009,152.952,161.096,8.144,data/processed/segments/REC112/REC112_SEG0012.wav,reviewed,rexdenni iwyen as dd iḥenjiren imezyanen maḥend ad xasen issars afus nnes uca ad asen iksi s rmeɛruf,no
REC112_SEG0013,REC112,SPK009,train,vad_v2_spk009,161.784,178.6,16.816,data/processed/segments/REC112/REC112_SEG0013.wav,reviewed,maca imeḥḍaren nnes webbxen ten maca yasuɛ inna asen jjem iḥenjiren ad ɣari dd asen war ten mennɛem ca minzi tageldit n ijenwan i yinni am niṭni issars xasen afus nnes uca iruḥ ssenni,no
REC112_SEG0014,REC112,SPK009,train,vad_v2_spk009,181.72,185.544,3.824,data/processed/segments/REC112/REC112_SEG0014.wav,reviewed,yasuɛ ak d webriɣ wenni d bab n wagra,no
REC112_SEG0015,REC112,SPK009,train,vad_v2_spk009,187.768,207.144,19.376,data/processed/segments/REC112/REC112_SEG0015.wav,reviewed,uca xzar iqarreb dd ijjen inna as a amseɣɣar asebḥan min ɣa ggeɣ d asebḥan ḥima ad ɣari tiri ṭudarṭ ittduman inna as yasuɛ mayemmi d ayi traɣid asebḥan war idji ḥed d asebḥan mɣir ijjen aqa t d arebbi,no
REC112_SEG0016_PART01,REC112,SPK009,train,vad_v2_spk009,207.704,220.88,13.176,data/processed/segments/REC112/REC112_SEG0016_PART01.wav,reviewed,maca mara texsed ad tadfed ɣar ṭudarṭ ttef ḍi twessa inna as man tina inna as yasuɛ war neqq war zenni war tticar war cehhed s z,no
REC112_SEG0016_PART02,REC112,SPK009,train,vad_v2_spk009,220.88,234.056,13.176,data/processed/segments/REC112/REC112_SEG0016_PART02.wav,reviewed,zur weqqar babac d yemmac uca ad amqarreb nnec am yixef nnec abriɣ inna as aqa ḍfareɣ timesrayin a marra zi temzi inu min d ayi ittxissen ɛad,no
REC112_SEG0017_PART01,REC112,SPK009,train,vad_v2_spk009,234.648,245.424,10.776,data/processed/segments/REC112/REC112_SEG0017_PART01.wav,reviewed,yasuɛ inna as mara texsed ad tirid tkemmred ruḥ zenz marra min ɣarek ewc i t i imezraḍ uca ad ɣarek yiri ijjen rkenz deg ijenwan,no
REC112_SEG0017_PART02,REC112,SPK009,train,vad_v2_spk009,245.424,256.2,10.776,data/processed/segments/REC112/REC112_SEG0017_PART02.wav,reviewed,xenni as dd ḍfar ayi dd rami isra webriɣ awar a iruḥ icḍen minzi tuɣa ɣares attas n wagra,no
REC112_SEG0018,REC112,SPK009,train,vad_v2_spk009,256.92,266.184,9.264,data/processed/segments/REC112/REC112_SEG0018.wav,reviewed,xas uca inna yasuɛ i imeḥḍaren nnes s tidett necc ad awem iniɣ aqa yewɛar x bab n wagra ad yadef ɣar tgeldit n ijenwan,no
REC112_SEG0019_PART01,REC112,SPK009,train,vad_v2_spk009,266.616,279.376,12.76,data/processed/segments/REC112/REC112_SEG0019_PART01.wav,reviewed,uca necc ad awem iniɣ ɛawed aqa ihwen i werɣem ad yekk zi titt n tsineft x bu wagra ad yadef ɣar tgeldit n arebbi umi tt srin imeḥḍaren nnes nnxer,no
REC112_SEG0019_PART02,REC112,SPK009,train,vad_v2_spk009,279.376,292.136,12.76,data/processed/segments/REC112/REC112_SEG0019_PART02.wav,reviewed,ɛen nnan wi izemmaren xenni ad ittef ṭudarṭ ɛad am tuɣa ḍaysen ixezzar yasuɛ inna asen ɣar iwḍan man aya war izemmar maca ɣar arebbi kurci ḍi tzemmar nnes,no
REC112_SEG0020,REC112,SPK009,train,vad_v2_spk009,292.76,301.352,8.592,data/processed/segments/REC112/REC112_SEG0020.wav,reviewed,xenni yarra dd buṭrus inna as xzar aqa neccin nejja kurci neḍfar i cek min ɣarneɣ i ɣa yirin,no
REC112_SEG0021_PART01,REC112,SPK009,train,vad_v2_spk009,301.784,312.336,10.552,data/processed/segments/REC112/REC112_SEG0021_PART01.wav,reviewed,yasuɛ inna asen s tidett necc ad awem iniɣ i kenniw inni d ayi dd iḍfaren aqa xmi ɣa tiri marra ddunect d jdid xmi ɣa iqqim mmis n bnaḍem x rɛarc n uɛudji,no
REC112_SEG0021_PART02,REC112,SPK009,train,vad_v2_spk009,312.336,322.888,10.552,data/processed/segments/REC112/REC112_SEG0021_PART02.wav,reviewed,nnes aqa ura d kenniw ad ṭeqqimem x ṭenɛac n rekrasi igellden ḥima ad tḥekmem x ṭenɛac n tqebbar n ayt n israil,no
REC112_SEG0022_PART01,REC112,SPK009,train,vad_v2_spk009,323.448,338.037,14.589,data/processed/segments/REC112/REC112_SEG0022_PART01.wav,reviewed,kur ijjen wenni isemḥen ḍi tudrin niɣ deg aytmas niɣ ḍi suyetmas niɣ ḍi babas niɣ deg yemmas niɣ ḍi temɣart nnes d tarwa nnes ura deg yeyyaren ḍi ttweɛ n yisem inu,no
REC112_SEG0022_PART02,REC112,SPK009,train,vad_v2_spk009,338.037,352.627,14.589,data/processed/segments/REC112/REC112_SEG0022_PART02.wav,reviewed,ad iksi mya n tseqqar uca ad iwart ṭudarṭ ittduman maca attas n yinni idjan d imezwura ad irin d ineggura uca ineggura ad irin d imezwura,no
REC113_SEG0001,REC113,SPK009,train,vad_v2_spk009,2.168,5.8,3.632,data/processed/segments/REC113/REC113_SEG0001.wav,reviewed,amedya n ixemmasen deg umarjuɛ n uḍir,no
REC113_SEG0002,REC113,SPK009,train,vad_v2_spk009,7.608,18.696,11.088,data/processed/segments/REC113/REC113_SEG0002.wav,reviewed,minzi tageldit n ijenwan am yijjen bab n ṭaddarṭ iffeɣ ɣar ssbeḥ zic ḥima ad icra ixemmasen i umarjeɛ nnes n uḍir,no
REC113_SEG0003_PART01,REC113,SPK009,train,vad_v2_spk009,19.224,29.472,10.248,data/processed/segments/REC113/REC113_SEG0003_PART01.wav,reviewed,rami ikkes awar ak d icewwaren s yijjen dinar i yijjen wass issekk i ten ɣar umarjeɛ nnes n uḍir rami dd iffeɣ netta,no
REC113_SEG0003_PART02,REC113,SPK009,train,vad_v2_spk009,29.472,39.72,10.248,data/processed/segments/REC113/REC113_SEG0003_PART02.wav,reviewed,ɛawed ḍi jjwayeh n ṭsaɛɛet wiss ṭraṭa ixs ad yini ɣar tesɛa ḍi ssbeḥ izra inneɣni bedden ḍi rmewqef bra rxedmet,no
REC113_SEG0004,REC113,SPK009,train,vad_v2_spk009,40.12,55.688,15.568,data/processed/segments/REC113/REC113_SEG0004.wav,reviewed,netta inna asen ruḥem ura d kenniw ɣar umarjeɛ inu n uḍir ad awem wceɣ min d awem dd ikkaren uca ruḥen iffeɣ dd ɛawed ḍi jjwayeh n ṭsaɛɛet wiss setta d wiss tesɛa uca igga amenni ɛawed,no
REC113_SEG0005_PART01,REC113,SPK009,train,vad_v2_spk009,56.632,69.248,12.616,data/processed/segments/REC113/REC113_SEG0005_PART01.wav,reviewed,rami dd iffeɣ ḍi jjwayeh n ṭsaɛɛet wiss hiṭɛac ixs ad yini ɣar xemsa n tmeddit yufa din ɛawed inneɣni bedden din bra rxedmet inna asen,no
REC113_SEG0005_PART02,REC113,SPK009,train,vad_v2_spk009,69.248,81.864,12.616,data/processed/segments/REC113/REC113_SEG0005_PART02.wav,reviewed,mayemmi tbeddem da ass ikmer bra rxedmet nnan as minzi war d aneɣ icri ḥed inna asen ruḥem ura d kenniw ɣar umarjeɛ inu n uḍir ad tettfem min d awem dd ikkaren,no
REC113_SEG0006,REC113,SPK009,train,vad_v2_spk009,82.264,95.848,13.584,data/processed/segments/REC113/REC113_SEG0006.wav,reviewed,rami dd tiweḍ tmeddit inna bab n umarjeɛ n uḍir i uweqqaf nnes raɣa dd x ixemmasen xedjes asen rmunet sizwar zeg inni dd yusin d ineggura uca ammu ar imezwura,no
REC113_SEG0007,REC113,SPK009,train,vad_v2_spk009,96.408,115.816,19.408,data/processed/segments/REC113/REC113_SEG0007.wav,reviewed,uca usin dd inni d icra ḍi jjwayeh n ṭsaɛɛet wiss ḥiṭac uca kur ijjen zzaysen ittef ijjen dinar rami dd usin inni tuɣa d imezwura ittɣir asen ad ttfen ktar maca ura d niṭni ttfen i kur ijjen zzaysen ijjen dinar,no
REC113_SEG0008_PART01,REC113,SPK009,train,vad_v2_spk009,116.344,129.952,13.608,data/processed/segments/REC113/REC113_SEG0008_PART01.wav,reviewed,aqa xeyyqen x bab n ṭaddarṭ nnan aqa ina d inni d ineggura xedmen ict n ṭsaɛɛet u cek temqudd i ten akidneɣ neccin inni yarebbun,no
REC113_SEG0008_PART02,REC113,SPK009,train,vad_v2_spk009,129.952,143.56,13.608,data/processed/segments/REC113/REC113_SEG0008_PART02.wav,reviewed,ddqer n wass d reḥmu maca netta yarra dd x ijjen zzaysen inna a ameddukker inu necc war cek ḍrimeɣ ma war kidi tekkised awar x ijjen dinar,no
REC113_SEG0009,REC113,SPK009,train,vad_v2_spk009,144.408,157.96,13.552,data/processed/segments/REC113/REC113_SEG0009.wav,reviewed,ttef min idjan nnec uca uyur necc xseɣ ad wceɣ i ina d inni d ineggura anect min d ac wciɣ niɣ ma war ɣari bu rḥeqq maḥend ad ggeɣ min xseɣ ak d min idjan inu,no
REC113_SEG0010,REC113,SPK009,train,vad_v2_spk009,158.648,173.832,15.184,data/processed/segments/REC113/REC113_SEG0010.wav,reviewed,niɣ titt nnec d taɛeffant minzi necc d asebḥan ammu i ɣa dewren ineggura d imezwura uca imezwura ad dewren d ineggura minzi attas inni ittwaraɣan maca drus inni ittwaxdaren,no
REC113_SEG0011,REC113,SPK009,train,vad_v2_spk009,176.344,182.504,6.16,data/processed/segments/REC113/REC113_SEG0011.wav,reviewed,yasuɛ issawar x rmewt d tnukra nnes i ṭwara wiss ṭraṭa,no
REC113_SEG0012_PART01,REC113,SPK009,train,vad_v2_spk009,184.888,196.416,11.528,data/processed/segments/REC113/REC113_SEG0012_PART01.wav,reviewed,rami ikkar dd yasuɛ maḥend ad igeɛɛed ɣar urcalim yiwi ṭenɛac n imeḥḍaren nnes ɣar uɣezdis deg webrid inna asen xzar ad ngeɛɛed ɣar,no
REC113_SEG0012_PART02,REC113,SPK009,train,vad_v2_spk009,196.416,207.944,11.528,data/processed/segments/REC113/REC113_SEG0012_PART02.wav,reviewed,urcalim uca ad immewc mmis n bnaḍem deg ifassen n imeqqranen n ikehhanen d imsermaden n idlisen u niṭni ad xas ḥekmen s rmewt,no
REC113_SEG0013,REC113,SPK009,train,vad_v2_spk009,208.792,220.136,11.344,data/processed/segments/REC113/REC113_SEG0013.wav,reviewed,ad t sellmen i regnus maḥend ad zzayes stehzan ad t hettken s urekkuḍ uca ad t sellben maca deg wass wiss ṭraṭa ad dd ikkar,no
REC113_SEG0014,REC113,SPK009,train,vad_v2_spk009,223.8,226.92,3.12,data/processed/segments/REC113/REC113_SEG0014.wav,reviewed,tutra n yemmas n yaɛqub d yuḥanna,no
REC113_SEG0015_PART01,REC113,SPK009,train,vad_v2_spk009,228.92,239.952,11.032,data/processed/segments/REC113/REC113_SEG0015_PART01.wav,reviewed,rexdenni tusa dd ɣares yemmas n tarwa n zabdi ak d iḥenjiren nnes tesjed as ḥima ad zzayes tettar ca n rḥajjeṭ inna as netta mi,no
REC113_SEG0015_PART02,REC113,SPK009,train,vad_v2_spk009,239.952,250.984,11.032,data/processed/segments/REC113/REC113_SEG0015_PART02.wav,reviewed,n texsed ṭenna as nettat ini maḥend ad qqimen ṭnayen n iḥenjiren a inu ijjen ɣar ufusi nnec u wenneɣni ɣar uzermaḍ nnec ḍi tgeldit nnec,no
REC113_SEG0016,REC113,SPK009,train,vad_v2_spk009,251.64,266.984,15.344,data/processed/segments/REC113/REC113_SEG0016.wav,reviewed,yasuɛ yarra dd xasen inna kenniw war tessinem ca min tettarem ma tzemmarem ad teswem rkas i ɣa sweɣ necc niɣ ad tettwassɣeḍsem s useɣḍes i zi ɣa ttwassɣeḍseɣ necc nnan as nzemmar,no
REC113_SEG0017,REC113,SPK009,train,vad_v2_spk009,267.416,285.192,17.776,data/processed/segments/REC113/REC113_SEG0017.wav,reviewed,netta inna asen rkas inu ad t teswem u aseɣḍes i zi ɣa ttwassɣeḍseɣ ad zzayes tettwassɣeḍsem maca aɣimi ɣar ufusi inu d uzermaḍ inu war idji i necc maḥend ad t wceɣ maca ad yiri i yinni umi t issewjed baba,no
REC113_SEG0018,REC113,SPK009,train,vad_v2_spk009,286.136,303.752,17.616,data/processed/segments/REC113/REC113_SEG0018.wav,reviewed,rami srin ɛecra n imeḥḍaren nneɣni man aya xeyyqen attas x ṭnayen n wawmaten maca yasuɛ iraɣa dd xasen ɣares inna kenniw aqa tessnem belli rḥukkam n regnus ḥekkmen xasen uca ura d imeqqranen ttsellaṭen xasen,no
REC113_SEG0019_PART01,REC113,SPK009,train,vad_v2_spk009,304.408,318.32,13.912,data/processed/segments/REC113/REC113_SEG0019_PART01.wav,reviewed,war ittiri ammu jar awem maca s rmeqrub wenni ixsen ad yiri d ameqqran jar awem ad yiri d amsexxar nwem u wenni ixsen ad yiri d amezwaru jar awem jit ad yiri,no
REC113_SEG0019_PART02,REC113,SPK009,train,vad_v2_spk009,318.32,332.232,13.912,data/processed/segments/REC113/REC113_SEG0019_PART02.wav,reviewed,d amsexxar nwem am mammec mmis n bnaḍem war dd yusi ḥima ad xas sexxaren maca ḥima ad xasen isexxar uca ad iwc ṭudarṭ nnes d asraḥ i wattas n yewdan,no
REC113_SEG0020,REC113,SPK009,train,vad_v2_spk009,335.288,337.992,2.704,data/processed/segments/REC113/REC113_SEG0020.wav,reviewed,yasuɛ issgenfa ṭnayen n idarɣaren,no
REC113_SEG0021,REC113,SPK009,train,vad_v2_spk009,340.376,349.192,8.816,data/processed/segments/REC113/REC113_SEG0021.wav,reviewed,rami dd iffeɣ yasuɛ zi ariḥa iḍfar i t i dd attas n rɣaci xzar aqa din ṭnayen n idarɣaren qqimen x ttarf n webrid,no
REC113_SEG0022_PART01,REC113,SPK009,train,vad_v2_spk009,349.656,364.144,14.488,data/processed/segments/REC113/REC113_SEG0022_PART01.wav,reviewed,rami srin belli yasuɛ ad iɛdu raɣan nnan a sidi mmis n dawud arḥem aneɣ maca rɣaci iziyyar xasen ḥima ad sqaren maca niṭni sɣuyen s jjehd ktar nnan,no
REC113_SEG0022_PART02,REC113,SPK009,train,vad_v2_spk009,364.144,378.632,14.488,data/processed/segments/REC113/REC113_SEG0022_PART02.wav,reviewed,arḥem aneɣ a siditneɣ mmis n dawud xenni ibedd yasuɛ iraɣa dd xasen inna min texsem ad awem ggeɣ nnan as niṭni a siditneɣ mara texsed ad ttwarezment tittawin nneɣ,no
REC113_SEG0023,REC113,SPK009,train,vad_v2_spk009,378.936,386.216,7.28,data/processed/segments/REC113/REC113_SEG0023.wav,reviewed,yasuɛ iḥinn xasen xenni iḥada tittawin nsen rexdenni dewrent tittawin nsen ttwarant,no
REC114_SEG0001,REC114,SPK009,train,vad_v2_spk009,1.784,5.256,3.472,data/processed/segments/REC114/REC114_SEG0001.wav,reviewed,adaf n yasuɛ ɣar urcalim am ujedjid,no
REC114_SEG0002,REC114,SPK009,train,vad_v2_spk009,6.36,13.448,7.088,data/processed/segments/REC114/REC114_SEG0002.wav,reviewed,rami dd qarrben ɣar urcalim iwḍen ɣar bayt faji ɣar uɣezdis n wedrar n zzitun,no
REC114_SEG0003_PART01,REC114,SPK009,train,vad_v2_spk009,13.72,25.04,11.32,data/processed/segments/REC114/REC114_SEG0003_PART01.wav,reviewed,issekk yasuɛ ṭnayen n imeḥḍaren nnes inna asen ruḥem ɣar dcar nni qibac nwem deɣya ad tafem ict n teɣyuc teqqen d ijjen wesnus akides,no
REC114_SEG0003_PART02,REC114,SPK009,train,vad_v2_spk009,25.04,36.36,11.32,data/processed/segments/REC114/REC114_SEG0003_PART02.wav,reviewed,fesyem asen tawyem ten dd ɣari mara inna awem ḥed ca arrem xas ammu aqa siditneɣ iḥdaj i ten netta ad ten dd yarr deɣya,no
REC114_SEG0004,REC114,SPK009,train,vad_v2_spk009,36.824,49.896,13.072,data/processed/segments/REC114/REC114_SEG0004.wav,reviewed,man aya qaɛ imsar ḥima ad ittwakemmer marra min ittwannan zeg unabi am inna inim i yedjis n sihyun xzar ajedjid nnem ad ɣarem dd yas s uwaḍeɛ,no
REC114_SEG0005_PART01,REC114,SPK009,train,vad_v2_spk009,50.488,63.68,13.192,data/processed/segments/REC114/REC114_SEG0005_PART01.wav,reviewed,yenya x weɣyur d wesnus aqa d mmis n teɣyuc ruḥen imeḥḍaren uca ggin am mammec ten yumur yasuɛ iwyen dd aɣyur d wesnus sarsen arruḍ nsen,no
REC114_SEG0005_PART02,REC114,SPK009,train,vad_v2_spk009,63.68,76.872,13.192,data/processed/segments/REC114/REC114_SEG0005_PART02.wav,reviewed,x wesnus uca inya xas yasuɛ attas zi rɣaci ssun arruḍ nsen deg webrid u inneɣni qessen refruɛ zi tcejjura sun ten deg webrid,no
REC114_SEG0006,REC114,SPK009,train,vad_v2_spk009,77.272,96.104,18.832,data/processed/segments/REC114/REC114_SEG0006.wav,reviewed,uca abarru n rɣaci nni d as izwaren d yinni i t i dd iḍfaren tuɣa sɣuyyun nnan usanna i mmis n dawud lbaraka i wenni dd yusin s yisem n sidi usanna ḍi ruɛra x ruɛra n ijenwan,no
REC114_SEG0007,REC114,SPK009,train,vad_v2_spk009,97.112,108.328,11.216,data/processed/segments/REC114/REC114_SEG0007.wav,reviewed,rami yudef ɣar urcalim thaj tendint qaɛ iwḍan nnan min iɛna wa rɣaci inna d wa d anabi yasuɛ zi nnasira ḍi ljalil,no
REC114_SEG0008,REC114,SPK009,train,vad_v2_spk009,112.728,115.624,2.896,data/processed/segments/REC114/REC114_SEG0008.wav,reviewed,adaf n yasuɛ ḍi zzawect tameqqrant,no
REC114_SEG0009_PART01,REC114,SPK009,train,vad_v2_spk009,116.152,129.652,13.5,data/processed/segments/REC114/REC114_SEG0009_PART01.wav,reviewed,yudef yasuɛ ɣar zzawect tameqqrant n arebbi issuffeɣ marra inni izznuzan d yinni issaɣen ḍi zzawect tameqqrant uca iqreb ttwaber n isarrafen n tenɛacin d rekrasi n yinni i,no
REC114_SEG0009_PART02,REC114,SPK009,train,vad_v2_spk009,129.652,143.152,13.5,data/processed/segments/REC114/REC114_SEG0009_PART02.wav,reviewed,zznuzan idbiren inna asen aqa tura ṭaddarṭ inu ad tettwasemma ṭaddarṭ n tzadjit maca kenniw tarrim tt d ifri n iceffaren iwyen dd ɣares ḍi zzawect tameqqrant,no
REC114_SEG0010,REC114,SPK009,train,vad_v2_spk009,143.152,156.584,13.432,data/processed/segments/REC114/REC114_SEG0010.wav,reviewed,idarɣaren d ineɛḍaben uca issgenfa ten umi zrin imeqqranen n ikehhanen d imsermaden n idlisen lmuɛjizat i yegga u aqa iḥenjiren ttraɣan ḍi zzawect tameqqrant qqaren,no
REC114_SEG0011_PART01,REC114,SPK009,train,vad_v2_spk009,157.016,168.192,11.176,data/processed/segments/REC114/REC114_SEG0011_PART01.wav,reviewed,usanna i mmis n dawud xeyyqen attas nnan as ma tesrid min qqaren yina inna asen yasuɛ wah ma war teɣrim ɛemmas,no
REC114_SEG0011_PART02,REC114,SPK009,train,vad_v2_spk009,168.192,179.368,11.176,data/processed/segments/REC114/REC114_SEG0011_PART02.wav,reviewed,zeg iqemmumen n iḥenjiren d iseyman tesswejḍeḍ cek ttesbiḥ rexdenni ismeḥ ḍaysen iffeɣ barra i tendint ɣar bayt ɛanya insa din,no
REC114_SEG0012,REC114,SPK009,train,vad_v2_spk009,184.44,185.832,1.392,data/processed/segments/REC114/REC114_SEG0012.wav,reviewed,artu yuzɣen,no
REC114_SEG0013,REC114,SPK009,train,vad_v2_spk009,187.704,204.584,16.88,data/processed/segments/REC114/REC114_SEG0013.wav,reviewed,ɣar ssbeḥ zic rami dd iḍwer ɣar tendint tuɣa ḍayes raz izra ijjen wartu x webrid iruḥ ɣares war ḍayes yufi mɣir tifray waha xenni inna i wartu war zzayek tteffeɣ rɣidjet ɛemmas rexdenni yuzeɣ wartu deɣya,no
REC114_SEG0014_PART01,REC114,SPK009,train,vad_v2_spk009,205.048,218.304,13.256,data/processed/segments/REC114/REC114_SEG0014_PART01.wav,reviewed,umi zrin imeḥḍaren man aya tbehten nnan mammec igga wartu yuzeɣ deɣya yasuɛ yarra dd inna asen s tidett necc ad awem iniɣ mara daywem l iman u war tcekkim ca aqa war tetteggem,no
REC114_SEG0014_PART02,REC114,SPK009,train,vad_v2_spk009,218.304,231.56,13.256,data/processed/segments/REC114/REC114_SEG0014_PART02.wav,reviewed,min imsaren i wartu waha maca ɛawed mara tennam i wedrar a meksi wḍa ḍi rebḥar ad yiri d qaɛ min ɣa tettarem ḍi tzadjit s l iman ad t tettfem,no
REC114_SEG0015,REC114,SPK009,train,vad_v2_spk009,237.656,239.976,2.32,data/processed/segments/REC114/REC114_SEG0015.wav,reviewed,aseqsi x ttesriḥ n yasuɛ,no
REC114_SEG0016_PART01,REC114,SPK009,train,vad_v2_spk009,240.76,254.64,13.88,data/processed/segments/REC114/REC114_SEG0016_PART01.wav,reviewed,rami yudef ɣar zzawect tameqqrant usin dd ɣares imeqqranen n ikehhanen d imɣaren n rgens am tuɣa issermad nnan s man ssulṭa i teggid timesrayin a wi d ac iwcin ssulṭa ya,no
REC114_SEG0016_PART02,REC114,SPK009,train,vad_v2_spk009,254.64,268.52,13.88,data/processed/segments/REC114/REC114_SEG0016_PART02.wav,reviewed,yasuɛ yarra dd inna asen ura d necc ad kenniw sseqsiɣ ijjen useqsi u mara tarrim dd xafi ura d necc ad awem iniɣ s man ssulṭa i tteggeɣ timesrayin a,no
REC114_SEG0017,REC114,SPK009,train,vad_v2_spk009,269.208,284.68,15.472,data/processed/segments/REC114/REC114_SEG0017.wav,reviewed,aseɣḍas n yuḥanna manis netta zeg ujenna niɣ zeg iwḍan mcawaren niṭni jar asen nnan mara nenna zeg ujenna ad aneɣ ini mayemmi war zzayes tuminem u mara nenna,no
REC114_SEG0018,REC114,SPK009,train,vad_v2_spk009,285.368,304.392,19.024,data/processed/segments/REC114/REC114_SEG0018.wav,reviewed,zeg iwḍan xenni dayneɣ tiggʷudi zi rɣaci minzi marra ḥessben yuḥanna d anabi arrin dd nnan war nessin inna asen netta xenni ura d necc war d awem qqareɣ s man ssulṭa i tteggeɣ man aya,no
REC114_SEG0019_PART01,REC114,SPK009,train,vad_v2_spk009,308.184,319.248,11.064,data/processed/segments/REC114/REC114_SEG0019_PART01.wav,reviewed,amedya n ṭnayen n wawmaten min d awem ittɣir kenniw ijjen weryaz tuɣa ɣares ṭnayen n iḥenjiren iraɣa x umezwaru inna a mmi uyur,no
REC114_SEG0019_PART02,REC114,SPK009,train,vad_v2_spk009,319.248,330.312,11.064,data/processed/segments/REC114/REC114_SEG0019_PART02.wav,reviewed,ass a ad ṭxedmeḍ deg umarjeɛ n uḍir netta yarra dd inna necc war xseɣ ca maca awarni man aya indem uca iruḥ din,no
REC114_SEG0020,REC114,SPK009,train,vad_v2_spk009,330.936,345.16,14.224,data/processed/segments/REC114/REC114_SEG0020.wav,reviewed,uca yusa dd netta ɣar wenni wiss ṭnayen inna as amenni beɛda wanita yarra dd xas wah a sidi maca war iruḥ ca man wen zzaysen i iggin rxaḍar i babas niṭni arrin dd xas,no
REC114_SEG0021_PART01,REC114,SPK009,train,vad_v2_spk009,345.784,359.648,13.864,data/processed/segments/REC114/REC114_SEG0021_PART01.wav,reviewed,wenni d amezwaru yasuɛ inna asen s tidett necc ad awem iniɣ aqa ayt n ḍḍariba d temɣarin n farq ccɣer ad awem izwaren ɣar tgeldit n arebbi minzi yuḥanna yusa dd ɣarwem deg webrid n t,no
REC114_SEG0021_PART02,REC114,SPK009,train,vad_v2_spk009,359.648,373.512,13.864,data/processed/segments/REC114/REC114_SEG0021_PART02.wav,reviewed,segda kenniw war zzayes tuminem maca ayt n ḍḍariba d temɣarin n farq ccɣer aqa niṭni umnen zzayes rami tezrim man aya war tetubem ca ɣar uneggaru maḥend ad zzayes tamnem,no
REC114_SEG0022,REC114,SPK009,train,vad_v2_spk009,378.488,381.864,3.376,data/processed/segments/REC114/REC114_SEG0022.wav,reviewed,amedya n ixemmasen deg umarjuɛ n tzayart,no
REC114_SEG0023_PART01,REC114,SPK009,train,vad_v2_spk009,383.224,394.96,11.736,data/processed/segments/REC114/REC114_SEG0023_PART01.wav,reviewed,srem ɛawed i yijjen umedya nneɣni tuɣa din ijjen weryaz bab n ṭaddarṭ igga ijjen umarjeɛ n uḍir izzu ḍayes tizayarin netta iquwwar as dd s,no
REC114_SEG0023_PART02,REC114,SPK009,train,vad_v2_spk009,394.96,406.696,11.736,data/processed/segments/REC114/REC114_SEG0023_PART02.wav,reviewed,yijjen wefray iɣza ḍayes tasirt n uḍir uca ibna ḍayes ict n ssumɛet xenni yarhen amarjeɛ nni n uḍir i ca n ixemmasen uca isafar,no
REC114_SEG0024,REC114,SPK009,train,vad_v2_spk009,407.352,416.424,9.072,data/processed/segments/REC114/REC114_SEG0024.wav,reviewed,umi dd tiweḍ rweqt n ssabet n rɣidjet issekk imsexxaren nnes ɣar ixemmasen nni ḥima ad dd awyen rɣidjet nnes,no
REC114_SEG0025_PART01,REC114,SPK009,train,vad_v2_spk009,417.464,430.784,13.32,data/processed/segments/REC114/REC114_SEG0025_PART01.wav,reviewed,ixemmasen ttfen imsexxaren nnes wtin ijjen nɣin nneɣni uca arejmen ɛawed ijjen nneɣni ɛawed issekk imsexxaren nneɣni ktar zeg umezwaru uca,no
REC114_SEG0025_PART02,REC114,SPK009,train,vad_v2_spk009,430.784,444.104,13.32,data/processed/segments/REC114/REC114_SEG0025_PART02.wav,reviewed,ggin ḍaysen ɛawed amenni ɣar uneggar issekk asen dd mmis inna nican ad weqqaren mmi maca rami zrin ixemmasen mmis nnan jar asen aqa d awrit,no
REC114_SEG0026,REC114,SPK009,train,vad_v2_spk009,444.792,453.544,8.752,data/processed/segments/REC114/REC114_SEG0026.wav,reviewed,zidem ad t neneɣ ad as nekkes rwart i neccin ttfen t nḍaren t barra i umarjeɛ n uḍir uca nɣin t,no
REC114_SEG0027,REC114,SPK009,train,vad_v2_spk009,454.2,473.8,19.6,data/processed/segments/REC114/REC114_SEG0027.wav,reviewed,mara yusa dd bab n umarjeɛ nni min ɣa yegg deg ixemmasen nni nnan as ad yareddedj iɛeffanen nni qaɛ uca ad iwc amarjeɛ n uḍir i ixemmasen nneɣni inni d as i ɣa iwcen rɣidjet ḍi rweqt nnes yasuɛ inna asen ma war teɣrim ɛemmas deg idlisen,no
REC114_SEG0028,REC114,SPK009,train,vad_v2_spk009,474.264,486.504,12.24,data/processed/segments/REC114/REC114_SEG0028.wav,reviewed,azru i iɛiffen ibennayen aqa iḍwer d azru azedjif n teɣmart manaya it wag zi sidi aqqat ijjen ḥajjet s ṭebhet tittawin nneɣ,no
REC114_SEG0029,REC114,SPK009,train,vad_v2_spk009,488.184,497.992,9.808,data/processed/segments/REC114/REC114_SEG0029.wav,reviewed,s uyenni ad awem iniɣ belli tageldit n arebbi ad awem tettwakkes uca ad temmewc i yijjen rgens i ɣa iwcen rɣidjet nnes,no
REC114_SEG0030,REC114,SPK009,train,vad_v2_spk009,498.424,518.348,19.924,data/processed/segments/REC114/REC114_SEG0030.wav,reviewed,wi ɣa iwḍan x wezru ya ad ittwarbez u wi xef i ɣa iwḍa ad t irbez rami srin imeqqranen n ikehhanen d ifarisiyyen imedya nnes fehmen belli issawar xasen arezzun ad t ttfen maca ggʷeden zi rɣaci minzi rɣaci tuɣa iḥesseb i t d ijjen unabi,no
REC115_SEG0001,REC115,SPK009,train,vad_v2_spk009,1.336,4.648,3.312,data/processed/segments/REC115/REC115_SEG0001.wav,reviewed,amedya x inni ittwaɛarḍen ɣar wurar,no
REC115_SEG0002,REC115,SPK009,train,vad_v2_spk009,6.584,25.032,18.448,data/processed/segments/REC115/REC115_SEG0002.wav,reviewed,ittef yasuɛ ɛawed deg wawar uca issiwer akidsen ɛawed s imedya inna tageldit n ijenwan am yijjen weryaz ijjen ujedjid igga urar i mmis issekk dd imsexxaren nnes ḥima ad raɣan x yinni ittwaɛarḍen ɣar wurar maca ugin ad dd asen,no
REC115_SEG0003,REC115,SPK009,train,vad_v2_spk009,25.816,41.128,15.312,data/processed/segments/REC115/REC115_SEG0003.wav,reviewed,ɛawed issekk dd imsexxaren nneɣni inna inim i yinni ittwaɛarḍen aqa sswejdeɣ awem amecri ɣarseɣ i iyenduzen inu d rmar inu iseḥḥen aqa marra iwjed asem dd ɣar wurar,no
REC115_SEG0004,REC115,SPK009,train,vad_v2_spk009,42.072,56.2,14.128,data/processed/segments/REC115/REC115_SEG0004.wav,reviewed,niṭni maca war wcin ca taynit i man aya ruḥen ijjen ɣar reɛrasi nnes u wenneɣni ɣar ttijara nnes inni iqqimen ttfen imsexxaren nnes ɣezzan ḍaysen uca nɣin ten,no
REC115_SEG0005,REC115,SPK009,train,vad_v2_spk009,57.912,68.424,10.512,data/processed/segments/REC115/REC115_SEG0005.wav,reviewed,rami isra ujedjid man aya ixeyyeq attas issekk dd rɛeskar nnes uca yareyyeb iqettaren nni uca issecmeḍ tandint nsen,no
REC115_SEG0006,REC115,SPK009,train,vad_v2_spk009,69.144,84.36,15.216,data/processed/segments/REC115/REC115_SEG0006.wav,reviewed,xenni inna i imsexxaren nnes aqa urar iwjed maca inni tuɣa ittwaɛarḍen war t sdihidjen ca s uya uyurem ɣar mani ttemsebḍan ibriden raɣam dd x marra inni i ɣa tafem din ɣar wurar,no
REC115_SEG0007_PART01,REC115,SPK009,train,vad_v2_spk009,85.176,96.896,11.72,data/processed/segments/REC115/REC115_SEG0007_PART01.wav,reviewed,xenni ffɣen dd imsexxaren nni ɣar ibriden uca ssmunen marra inni ufin am yisebḥanen am yiɛeffanen uca amcan n wurar tedwer teccur s inewjiwen i iqqimen,no
REC115_SEG0007_PART02,REC115,SPK009,train,vad_v2_spk009,96.896,108.616,11.72,data/processed/segments/REC115/REC115_SEG0007_PART02.wav,reviewed,dinni rami dd yudef ujedjid maḥend ad izar inewjiwen nni iqqimen dinni iḥekkar i yijjen bnaḍem war yarḍ ca arruḍ n wurar inna as a ameddukker inu,no
REC115_SEG0008_PART01,REC115,SPK009,train,vad_v2_spk009,109.144,120.656,11.512,data/processed/segments/REC115/REC115_SEG0008_PART01.wav,reviewed,mammec dd tudfed danita bra arruḍ n wurar maca netta iḍwer ignu xenni inna ujedjid i imsexxaren carfem t s ifassen d iḍaren uca nḍarem,no
REC115_SEG0008_PART02,REC115,SPK009,train,vad_v2_spk009,120.656,132.168,11.512,data/processed/segments/REC115/REC115_SEG0008_PART02.wav,reviewed,t barra ɣar uneggar n tadjest mani ɣa irin imettawen d uɣezzi n teɣmas minzi aqa din attas inni ittwaraɣan maca drus inni ittwafarzen,no
REC115_SEG0009,REC115,SPK009,train,vad_v2_spk009,135.576,137.864,2.288,data/processed/segments/REC115/REC115_SEG0009.wav,reviewed,aseqsi x ḍḍariba i qaysar,no
REC115_SEG0010_PART01,REC115,SPK009,train,vad_v2_spk009,139.864,153.76,13.896,data/processed/segments/REC115/REC115_SEG0010_PART01.wav,reviewed,xenni ruḥen ifarisiyyen mcawaren meḥend ad as ggen ijjen rfex ḍi ssibbet n wawaren nnes ssekken ɣares imeḥḍaren nsen ak d inni zi ṭaddarṭ n hirudus nnan a amseɣɣar aqa nessen be,no
REC115_SEG0010_PART02,REC115,SPK009,train,vad_v2_spk009,153.76,167.656,13.896,data/processed/segments/REC115/REC115_SEG0010_PART02.wav,reviewed,lli cek d tidett tessermaded abrid n arebbi s tidett nhra ma tesserqid ura x yijj minzi cek war tqebred ca rxezrat ɣar iɣenbab n iwḍan iwa ini aneɣ mammec i twarid cek,no
REC115_SEG0011,REC115,SPK009,train,vad_v2_spk009,168.12,172.776,4.656,data/processed/segments/REC115/REC115_SEG0011.wav,reviewed,ma iḥeqq ɛlaḥsab ccariɛa ad tettwaxedjes ḍḍariba i qaysar niɣ lla,no
REC115_SEG0012_PART01,REC115,SPK009,train,vad_v2_spk009,173.336,186.048,12.712,data/processed/segments/REC115/REC115_SEG0012_PART01.wav,reviewed,maca yasuɛ issen taḥraymect nsen uca inna mayemmi d ayi tettjarrabem kenniw a imnafqen seccnem ayi ijjen uqiyya n dinar n ḍḍariba x kur azedjif iwyen as dd,no
REC115_SEG0012_PART02,REC115,SPK009,train,vad_v2_spk009,186.048,198.76,12.712,data/processed/segments/REC115/REC115_SEG0012_PART02.wav,reviewed,ijjen dinar xenni inna asen wi yiran taswirt a d tira ya nnan as n qaysar xenni inna asen wcem i qaysar min idjan i qaysar u i arebbi min idjan i arebbi,no
REC115_SEG0013,REC115,SPK009,train,vad_v2_spk009,198.968,203.496,4.528,data/processed/segments/REC115/REC115_SEG0013.wav,reviewed,rami srin man aya tbehten semḥen ḍayes uca ruḥen,no
REC115_SEG0014,REC115,SPK009,train,vad_v2_spk009,206.872,209.704,2.832,data/processed/segments/REC115/REC115_SEG0014.wav,reviewed,aseqsi n isaduqiyyen x tnukra,no
REC115_SEG0015_PART01,REC115,SPK009,train,vad_v2_spk009,211.0,221.584,10.584,data/processed/segments/REC115/REC115_SEG0015_PART01.wav,reviewed,deg wass nni usin dd ɣares isaduqiyyen qqaren as aqa war din bu tnukra uca sseqsan t nnan as a amseɣɣar musa aqa,no
REC115_SEG0015_PART02,REC115,SPK009,train,vad_v2_spk009,221.584,232.168,10.584,data/processed/segments/REC115/REC115_SEG0015_PART02.wav,reviewed,inna mara immut ḥed war dd yejji bu tarwa ittxessa i umas ad imrec ak d temɣart nnes ad kides dd yejj aḥenjir i umas,no
REC115_SEG0016,REC115,SPK009,train,vad_v2_spk009,232.76,252.072,19.312,data/processed/segments/REC115/REC115_SEG0016.wav,reviewed,tuɣa ɣarneɣ sebɛa n wawmaten amezwaru imrec immut umi war dd yejji ca tarwa aqa ijja tamɣart nnes i umas ammu i immut ura d wenni wiss ṭnayen d wiss ṭraṭa ar wenni wiss sebɛa ɣar uneggaru nsen marra temmut temɣart,no
REC115_SEG0017,REC115,SPK009,train,vad_v2_spk009,252.856,260.104,7.248,data/processed/segments/REC115/REC115_SEG0017.wav,reviewed,i man wen zzaysen i ɣa tiri temɣart ḍi tnukra minzi tuɣa tamɣart nsen marra,no
REC115_SEG0018,REC115,SPK009,train,vad_v2_spk009,261.08,270.376,9.296,data/processed/segments/REC115/REC115_SEG0018.wav,reviewed,yasuɛ yarra dd inna asen aqa kenniw tweddarem minzi war tessinem ca tira iqeddsen ura d jjehd n arebbi,no
REC115_SEG0019_PART01,REC115,SPK009,train,vad_v2_spk009,270.712,285.12,14.408,data/processed/segments/REC115/REC115_SEG0019_PART01.wav,reviewed,minzi ḍi tnukra war ttiwyen niṭni timɣarin u timɣarin war ttirint i yeryazen maca ad irin am lmalakat n arebbi deg ujenna maca zi jjihet n tnukra,no
REC115_SEG0019_PART02,REC115,SPK009,train,vad_v2_spk009,285.12,299.528,14.408,data/processed/segments/REC115/REC115_SEG0019_PART02.wav,reviewed,jar imettinen ma war teɣrim ca min d awem inna arebbi i iqqaren aqa necc d arebbi n ibrahim arebbi n isḥaq arebbi n yaɛqub arebbi war idji d arebbi n imettinen maca n yinni iddaren,no
REC115_SEG0020,REC115,SPK009,train,vad_v2_spk009,299.704,304.552,4.848,data/processed/segments/REC115/REC115_SEG0020.wav,reviewed,rami srin rɣaci man aya tbehten deg usermed nnes,no
REC115_SEG0021,REC115,SPK009,train,vad_v2_spk009,308.504,310.344,1.84,data/processed/segments/REC115/REC115_SEG0021.wav,reviewed,tawseyyet tameqqrant,no
REC115_SEG0022_PART01,REC115,SPK009,train,vad_v2_spk009,312.568,327.104,14.536,data/processed/segments/REC115/REC115_SEG0022_PART01.wav,reviewed,rami srin ifarisiyyen belli netta ibelleɛ aqemmum n isaduqiyyen munen jar asen ijjen zzaysen ijjen wenni issnen ccariɛa mliḥ isseqsa t ḥima ad t ijarreb a amseɣɣar man tawseyyet i idjan d,no
REC115_SEG0022_PART02,REC115,SPK009,train,vad_v2_spk009,327.104,341.64,14.536,data/processed/segments/REC115/REC115_SEG0022_PART02.wav,reviewed,tameqqrant ḍi ccariɛa inna as yasuɛ ad texsed sidi arebbi nnec s marra wur nnec s marra reɛmar nnec s marra jjehd nnec u s marra reɛqer nnec d ta d tawseyyet tameqqrant d tamezwarut,no
REC115_SEG0023,REC115,SPK009,train,vad_v2_spk009,342.008,354.568,12.56,data/processed/segments/REC115/REC115_SEG0023.wav,reviewed,tenni wiss ṭnayen tarwes ḍayes aqa nettat ad texsed jjar nnec amecnaw ixef nnec x ṭnayen n twessa ya tettwabna marra ccariɛa d inabiyyen,no
REC115_SEG0024,REC115,SPK009,train,vad_v2_spk009,357.656,361.192,3.536,data/processed/segments/REC115/REC115_SEG0024.wav,reviewed,yasuɛ isseqsa ifarisiyyen x mmis n dawud,no
REC115_SEG0025_PART01,REC115,SPK009,train,vad_v2_spk009,363.416,377.696,14.28,data/processed/segments/REC115/REC115_SEG0025_PART01.wav,reviewed,am tuɣa munen ifarisiyyen isseqsa ten yasuɛ inna min teqqarem x lmasiḥ umi igga mmis nnan as mmis n dawud inna asen mammec i ɣa yegg dawud ad as isemma zi arruḥ,no
REC115_SEG0025_PART02,REC115,SPK009,train,vad_v2_spk009,377.696,391.976,14.28,data/processed/segments/REC115/REC115_SEG0025_PART02.wav,reviewed,sidi am iqqar sidi inna i sidi inu qqim dd x ufusi inu ar ɣa ggeɣ rɛedyan nnec sadu iḍaren nnec mara dawud iraɣa as sidi mammec ɣa yiri d mmis,no
REC115_SEG0026,REC115,SPK009,train,vad_v2_spk009,392.568,401.032,8.464,data/processed/segments/REC115/REC115_SEG0026.wav,reviewed,ura d ijjen war izemmar ad xas dd yarr u ura d ijj war iqqim izeɛɛem ittseqsa t ca ɛad zeg wass nni,no
REC116_SEG0001,REC116,SPK009,train,vad_v2_spk009,2.264,6.568,4.304,data/processed/segments/REC116/REC116_SEG0001.wav,reviewed,awaren iqesḥen x imsermaden n ccariɛa d ifarisiyyen,no
REC116_SEG0002_PART01,REC116,SPK009,train,vad_v2_spk009,8.632,19.984,11.352,data/processed/segments/REC116/REC116_SEG0002_PART01.wav,reviewed,rexdenni issiwer yasuɛ ak d rɣaci u ak d imeḥḍaren nnes inna imsermaden n idlisen d ifarisiyyen ssɣimen simant nsen x rkursi n musa s uya marra,no
REC116_SEG0002_PART02,REC116,SPK009,train,vad_v2_spk009,19.984,31.336,11.352,data/processed/segments/REC116/REC116_SEG0002_PART02.wav,reviewed,min d awem qqaren maḥend ad ḍayes tcebbarem ggem t maca war tteggem ɛlaḥsab rexdayem nsen minzi niṭni waxxa qqaren t war t tteggen maca,no
REC116_SEG0003,REC116,SPK009,train,vad_v2_spk009,31.928,42.12,10.192,data/processed/segments/REC116/REC116_SEG0003.wav,reviewed,ttceddan reḥmer iḍeqren ssrusan ten x tɣardin n iwḍan maca niṭni s yixef nsen war xsen ad ten ssenhezzen ura s yijjen uḍaḍ,no
REC116_SEG0004_PART01,REC116,SPK009,train,vad_v2_spk009,42.872,55.504,12.632,data/processed/segments/REC116/REC116_SEG0004_PART01.wav,reviewed,marra rexdayem nsen i itteggen tteggen tent ḥima ad ten zaren iwḍan minzi niṭni tteggen tiḥezzanin nsen n tzadjit d imiriwen uca ticrurin i idjan,no
REC116_SEG0004_PART02,REC116,SPK009,train,vad_v2_spk009,55.504,68.136,12.632,data/processed/segments/REC116/REC116_SEG0004_PART02.wav,reviewed,ɣar ubeḥrur n rkacni n tzadjit nsen ggin tent d timeqqranin niṭni ttexsen imucan isebḥen ɣar refruḥ u rekrasi isebḥen ḍi temzidawin,no
REC116_SEG0005_PART01,REC116,SPK009,train,vad_v2_spk009,68.824,79.808,10.984,data/processed/segments/REC116/REC116_SEG0005_PART01.wav,reviewed,ura d ssram ḍi reswaq uca iɛjeb asen ad asen raɣan iwḍan a amsermad inu maca kenniw war ttejjim ad awem raɣan a amsermad inu minzi,no
REC116_SEG0005_PART02,REC116,SPK009,train,vad_v2_spk009,79.808,90.792,10.984,data/processed/segments/REC116/REC116_SEG0005_PART02.wav,reviewed,amsermad nwem d ijjen maca kenniw marra d awmaten war ttejjim ad awem raɣan ḍi ṭammurṭ a baba minzi babatwem i idjan deg ijenwan d ijjen,no
REC116_SEG0006_PART01,REC116,SPK009,train,vad_v2_spk009,91.16,103.504,12.344,data/processed/segments/REC116/REC116_SEG0006_PART01.wav,reviewed,war ttejjim ad awem raɣan imgewwaden minzi ijjen d wenni d amgewwad nwem aqa t d lmasiḥ maca ameqqran nwem ad yiri d amsexxar nwem wenni i ɣa issuɛ,no
REC116_SEG0006_PART02,REC116,SPK009,train,vad_v2_spk009,103.504,115.848,12.344,data/processed/segments/REC116/REC116_SEG0006_PART02.wav,reviewed,ran ixef nnes ad ittwassemzi u wenni i ɣa issmezyen ixef nnes ad ittwassuɛra uct xawem a kenniw imsermaden n idlisen d ifarisiyyen kenniw a imnafqen,no
REC116_SEG0007_PART01,REC116,SPK009,train,vad_v2_spk009,116.248,129.856,13.608,data/processed/segments/REC116/REC116_SEG0007_PART01.wav,reviewed,kenniw tettettem tudrin n tijjar am tettarem tiwhibin ḍi ttweɛ n tzadjatin nwem tizirarin s uyenni ad teksim rḥukm d ameqqran uct xawem a kenniw imsermaden n idlisen,no
REC116_SEG0007_PART02,REC116,SPK009,train,vad_v2_spk009,129.856,143.464,13.608,data/processed/segments/REC116/REC116_SEG0007_PART02.wav,reviewed,d ifarisiyyen kenniw a imnafqen kenniw tettbellɛem tageldit n ijenwan i iwḍan minzi kenniw simant nwem war tt tettidfem uca inni yarezzun ad dd adfen war ten tettejjim ad dd adfen,no
REC116_SEG0008_PART01,REC116,SPK009,train,vad_v2_spk009,144.024,154.08,10.056,data/processed/segments/REC116/REC116_SEG0008_PART01.wav,reviewed,uct xawem a kenniw imsermaden n idlisen d ifarisiyyen kenniw a imnafqen kenniw tekkem x rbarr u x rebḥar ḥima ad dd,no
REC116_SEG0008_PART02,REC116,SPK009,train,vad_v2_spk009,154.08,164.136,10.056,data/processed/segments/REC116/REC116_SEG0008_PART02.wav,reviewed,tarrem ijjen d amɛacar n ddin n wudayen u xmi i kidwem ɣa yiri tettarram t d mmis n jehennama d aɛeffan mahu x kenniw ṭnayen n tseqqar,no
REC116_SEG0009,REC116,SPK009,train,vad_v2_spk009,164.792,182.504,17.712,data/processed/segments/REC116/REC116_SEG0009.wav,reviewed,uct xawem a kenniw imgewwaden idarɣaren inni iqqaren wenni ijjudjen ɣar zzawect tameqqrant aqa tajadjit nnes war tessekkwi walu maca wenni i ɣa ijjudjen s wureɣ i idjan ḍi zzawect tameqqrant aqa netta iqqen ɣar ires nnes,no
REC116_SEG0010,REC116,SPK009,train,vad_v2_spk009,182.904,197.0,14.096,data/processed/segments/REC116/REC116_SEG0010.wav,reviewed,a ifɣar a idarɣaren min isekkwan ktar ureɣ niɣ zzawect tameqqrant tenni tessqeddes ureɣ uca ammu i teqqarem ɛawed wenni ijjudjen ɣar uɛalṭar aqa tajadjit nnes war tsekkwi walu,no
REC116_SEG0011_PART01,REC116,SPK009,train,vad_v2_spk009,197.304,211.232,13.928,data/processed/segments/REC116/REC116_SEG0011_PART01.wav,reviewed,maca wenni i ɣa ijjudjen s tmewci i xas immarsen aqa netta iqqen ɣar ires nnes a ifɣar a idarɣaren min isekkwan ktar tamewci niɣ aɛalṭar wenni iss,no
REC116_SEG0011_PART02,REC116,SPK009,train,vad_v2_spk009,211.232,225.16,13.928,data/processed/segments/REC116/REC116_SEG0011_PART02.wav,reviewed,qeddes tamewci s uya wi ɣa ijjadjen xenni ɣar uɛalṭar aqa ijjudj ɣar uɛalṭar u ɣar marra min xas idjan u wi ɣa ijjadjen ɣar zzawect tameqqrant ijjudj ɣares u ɣar wenni ḍayes izeddɣen,no
REC116_SEG0012,REC116,SPK009,train,vad_v2_spk009,225.592,231.336,5.744,data/processed/segments/REC116/REC116_SEG0012.wav,reviewed,u wi ɣa ijjadjen ɣar ujenna aqa ijjudj ɣar rɛarc n arebbi d wenni xas iqqimen,no
REC116_SEG0013_PART01,REC116,SPK009,train,vad_v2_spk009,232.344,244.192,11.848,data/processed/segments/REC116/REC116_SEG0013_PART01.wav,reviewed,uct xawem a kenniw imsermaden n idlisen d ifarisiyyen kenniw a imnafqen minzi kenniw tetticem taɛcart n nneɛnaɛ d ssanudj d rcemmum,no
REC116_SEG0013_PART02,REC116,SPK009,train,vad_v2_spk009,244.192,256.04,11.848,data/processed/segments/REC116/REC116_SEG0013_PART02.wav,reviewed,maca war d awem icqi min idjan d ameqqran ḍi ccariɛa aqa rḥukm d arreḥmet d l iman ina i ittxessa ad teggem inneɣni,no
REC116_SEG0014,REC116,SPK009,train,vad_v2_spk009,256.536,263.016,6.48,data/processed/segments/REC116/REC116_SEG0014.wav,reviewed,a imgewwaden idarɣaren inni ifarrnen tizit maca tessɣedjayem arɣem,no
REC116_SEG0015_PART01,REC116,SPK009,train,vad_v2_spk009,263.864,276.672,12.808,data/processed/segments/REC116/REC116_SEG0015_PART01.wav,reviewed,uct xawem a kenniw imsermaden n idlisen d ifarisiyyen kenniw a imnafqen minzi tessizdagem barra n aɣarraf d ttebsi maca ɣar daxer t ccuren,no
REC116_SEG0015_PART02,REC116,SPK009,train,vad_v2_spk009,276.672,289.48,12.808,data/processed/segments/REC116/REC116_SEG0015_PART02.wav,reviewed,s tuccefra d min war iseggden a ifarisiyyen idarɣaren sizdegem amezwar daxer n aɣarraf d ttebsi maḥend ad yiri izdig ura min idjan ɣar barra nsen,no
REC116_SEG0016_PART01,REC116,SPK009,train,vad_v2_spk009,289.944,303.872,13.928,data/processed/segments/REC116/REC116_SEG0016_PART01.wav,reviewed,uct xawem a kenniw imsermaden n idlisen d ifarisiyyen kenniw a imnafqen minzi teggim am yimeḍran inni ittwajiyyaren ttbanen d isebḥanen ɣar barra maca ɣar daxer aqa ccuren s,no
REC116_SEG0016_PART02,REC116,SPK009,train,vad_v2_spk009,303.872,317.8,13.928,data/processed/segments/REC116/REC116_SEG0016_PART02.wav,reviewed,iɣsan n rxecbat u s marra rexmej amenni kenniw ɛawed aqa teḍharem d imseggaden qibac i iwḍan maca ɣar daxer aqa teccurem s rmuɛsiyyet u s nnifaq,no
REC116_SEG0017,REC116,SPK009,train,vad_v2_spk009,318.264,331.08,12.816,data/processed/segments/REC116/REC116_SEG0017.wav,reviewed,uct xawem a kenniw imsermaden n idlisen d ifarisiyyen kenniw a imnafqen minzi tbennam imeḍran n inabiyyen u tzewwqem rqubbat n imeḍran n imseggaden,no
REC116_SEG0018_PART01,REC116,SPK009,train,vad_v2_spk009,331.544,345.552,14.008,data/processed/segments/REC116/REC116_SEG0018_PART01.wav,reviewed,teqqarem mri tuɣa nedja deg wussan n rejdud nneɣ ad yiri war ncarrec deg usizzer n idammen n inabiyyen s uya tcehhdem x yixef nwem belli kenniw d tarwa n yinni inɣin,no
REC116_SEG0018_PART02,REC116,SPK009,train,vad_v2_spk009,345.552,359.56,14.008,data/processed/segments/REC116/REC116_SEG0018_PART02.wav,reviewed,inabiyyen iwa kemmrem kenniw xenni ura reqyas n min ggin rejdud nwem a irefsawen tarwa n ifiɣran mammec ɣa teggem ad tettwassnejmem zi rḥukm n ṭmessi n jehennama,no
REC116_SEG0019,REC116,SPK009,train,vad_v2_spk009,359.928,366.536,6.608,data/processed/segments/REC116/REC116_SEG0019.wav,reviewed,s uyenni xzarem necc ad ɣarwem dd ssekkeɣ inabiyyen d imiɣisen d imsermaden n idlisen,no
REC116_SEG0020_PART01,REC116,SPK009,train,vad_v2_spk009,366.744,378.772,12.028,data/processed/segments/REC116/REC116_SEG0020_PART01.wav,reviewed,ca zzaysen ad ten tenɣem ca zzaysen ad ten tsellbem u ca zzaysen ad ten thettkem s urekkuḍ ḍi temzidawin nwem uca ad xasen tazzrem zi tendint,no
REC116_SEG0020_PART02,REC116,SPK009,train,vad_v2_spk009,378.772,390.8,12.028,data/processed/segments/REC116/REC116_SEG0020_PART02.wav,reviewed,ɣar tendint nneɣni arami ad xawem irin marra idammen iseggden i issizzren x ṭammurṭ zeg idammen n habil amseggad ar idammen n zakariyya,no
REC116_SEG0021,REC116,SPK009,train,vad_v2_spk009,390.8,401.608,10.808,data/processed/segments/REC116/REC116_SEG0021.wav,reviewed,mmis n birixya i tenɣim jar zzawect tameqqrant d uɛalṭar s tidett necc ad awem iniɣ marra timesrayin a ad dd asent x jjir a,no
REC116_SEG0023,REC116,SPK009,train,vad_v2_spk009,407.992,409.48,1.488,data/processed/segments/REC116/REC116_SEG0023.wav,reviewed,a urcalim,no
REC116_SEG0024_PART01,REC116,SPK009,train,vad_v2_spk009,409.72,424.511,14.791,data/processed/segments/REC116/REC116_SEG0024_PART01.wav,reviewed,a urcalim cem i ineqqen inabiyyen u yarejjmen inni d am dd ittwassekken mecḥar tuɣa xseɣ ad ssmuneɣ tarwa nnem amacnaw yict n tyaziḍt tegga ifidjusen nnes sadu afriwen nnes,no
REC116_SEG0024_PART02,REC116,SPK009,train,vad_v2_spk009,424.511,439.301,14.791,data/processed/segments/REC116/REC116_SEG0024_PART02.wav,reviewed,maca kenniw tuɣa war tettexsem xzar ṭaddarṭ nwem ad tettwajj i cem d rxarbet minzi necc ad awem iniɣ kenniw war d ayi tzarrem ar ɣa tinim damimuni wenni dd yusin s yisem n sidi,no
REC117_SEG0002,REC117,SPK009,train,vad_v2_spk009,5.912,19.208,13.296,data/processed/segments/REC117/REC117_SEG0002.wav,reviewed,xenni yuyar yasuɛ iffeɣ zi zzawect tameqqrant usin dd ɣares imeḥḍaren nnes hima ad asecnen rebniyyat n zzawect tameqqrant inna sen yasuɛ ma wartezrim marra man aya,no
REC117_SEG0003_PART01,REC117,SPK009,train,vad_v2_spk009,19.544,30.112,10.568,data/processed/segments/REC117/REC117_SEG0003_PART01.wav,reviewed,s tidett necc ad awem iniɣ war da ittɣimi ura d ijjen wezru x wezru nneɣni i war ittnehdim umi tuɣa yasuɛ iqqim x wedrar n zzitun usin dd,no
REC117_SEG0003_PART02,REC117,SPK009,train,vad_v2_spk009,30.112,40.68,10.568,data/processed/segments/REC117/REC117_SEG0003_PART02.wav,reviewed,imeḥḍaren nnes tuɣa ttemsawaran nnan as ini aneɣ mermi i ɣa imsar aya u man reɛramet n twasit nnec u n qettu n ddunect,no
REC117_SEG0004,REC117,SPK009,train,vad_v2_spk009,41.176,53.256,12.08,data/processed/segments/REC117/REC117_SEG0004.wav,reviewed,yasuɛ yarra dd inna asen ḥḍam ixef nwem war kenniw ixeddeɛ ḥed minzi attas ad dd asen s yisem inu ad inin aqa necc d lmasiḥ uca ad xedɛen attas,no
REC117_SEG0005_PART01,REC117,SPK009,train,vad_v2_spk009,53.496,64.528,11.032,data/processed/segments/REC117/REC117_SEG0005_PART01.wav,reviewed,uca ad tesrem x garrat u x rexburat n imenɣan ɣarwem aqa ad teggʷedem minzi s uɣir ad yiri man aya maca war ittiri ɛad d aneggar,no
REC117_SEG0005_PART02,REC117,SPK009,train,vad_v2_spk009,64.528,75.56,11.032,data/processed/segments/REC117/REC117_SEG0005_PART02.wav,reviewed,minzi rgens ad iɣewweɣ x ijjen rgens nneɣni u tageldit x tgeldit nneɣni ad yiri raz d rehracat yewɛaren d inhezzan n ṭammurṭ da d diha,no
REC117_SEG0006,REC117,SPK009,train,vad_v2_spk009,75.96,90.056,14.096,data/processed/segments/REC117/REC117_SEG0006.wav,reviewed,maca marra man aya d beddu n rewjeɛ n tarut xenni ad kenniw dd awyen ɣar rmeḥnet uca ad kenniw nɣen u marra regnus ad kenniw carhen zi ssibbet n yisem inu,no
REC117_SEG0007,REC117,SPK009,train,vad_v2_spk009,90.328,106.408,16.08,data/processed/segments/REC117/REC117_SEG0007.wav,reviewed,rexdenni ad nqarḍen wattas ad carhen ijjen wenneɣni uca ad sellmen ijjen wenneɣni ad kkaren wattas n inabiyyen issxarriqen uca ad ɣwan attas s wattas n rmuɛsiyyet ad tudrus tayri n wattas n iwḍan,no
REC117_SEG0008,REC117,SPK009,train,vad_v2_spk009,106.584,120.744,14.16,data/processed/segments/REC117/REC117_SEG0008.wav,reviewed,maca wi ɣa isbaren ɣar uneggar aqa netta ad iddar rexbar a asebḥan n tgeldit ad zzayes barrḥen ḍi ddunect marra d cchadet i marra regnus uca rexdenni ad dd yas uneggar,no
REC117_SEG0009,REC117,SPK009,train,vad_v2_spk009,121.176,140.84,19.664,data/processed/segments/REC117/REC117_SEG0009.wav,reviewed,xmi ɣa tzarem reɛramet n nnɛi n wareyyeb min xef issiwer unabi daniyal deg wemcan iqeddsen ejj wenni t i ɣa iɣaren ad iften rexdenni jjem inni idjan ḍi yahudiyya ad arewren ɣar idurar wenni idjan x tzeqqa war dd ihekkwi ca ḥima ad iksi ca zi ṭaddarṭ nnes,no
REC117_SEG0010,REC117,SPK009,train,vad_v2_spk009,141.208,152.008,10.8,data/processed/segments/REC117/REC117_SEG0010.wav,reviewed,u wenni idjan deg iyyar war dd iddikkʷir ca ḥima ad dd yawi arruḍ nnes uct x tinni idjan s ddeyset d tinni issuttuḍen deg wussan nni,no
REC117_SEG0011_PART01,REC117,SPK009,train,vad_v2_spk009,152.504,164.144,11.64,data/processed/segments/REC117/REC117_SEG0011_PART01.wav,reviewed,zadjem ḥima war tettiri tarewra nwem ḍi rmecta niɣ ḍi ssebt minzi rexdenni ad tiri rmeḥnet tameqqrant i war imsaren ɛemmas zeg wami tedja ddunect ar i rexxu u,no
REC117_SEG0011_PART02,REC117,SPK009,train,vad_v2_spk009,164.144,175.784,11.64,data/processed/segments/REC117/REC117_SEG0011_PART02.wav,reviewed,ɛemmas war tettiri ɛad mri ussan nni war ttwassmezyen xenni war ittwassenjem ura d ijjen bnaḍem maca ussan nni ad ttwassmezyen ḍi ttweɛ n yinni ittwafarzen,no
REC117_SEG0012,REC117,SPK009,train,vad_v2_spk009,176.12,190.216,14.096,data/processed/segments/REC117/REC117_SEG0012.wav,reviewed,mara inna awem ḥed xzarem aqa da lmasiḥ niɣ aqa t diha war t ttimnem minzi ad irin imasiḥen issxarriqen d inabiyyen issxarriqen ad ggen reɛramat mɣarent ḥima,no
REC117_SEG0013,REC117,SPK009,train,vad_v2_spk009,190.36,207.368,17.008,data/processed/segments/REC117/REC117_SEG0013.wav,reviewed,mri zemmaren ad ɣwan ɛawed inni ittwaxdaren xzarem aqa nniɣ awem t qber mara nnan awem xzarem netta aqa t ḍi rexra war ttriḥem ca din niɣ xzarem netta aqa t daxer i wexxam,no
REC117_SEG0014_PART01,REC117,SPK009,train,vad_v2_spk009,207.48,220.576,13.096,data/processed/segments/REC117/REC117_SEG0014_PART01.wav,reviewed,war tt ttimnem minzi am wajjaj i dd itteffɣen zi ccarq uca ittegg tafawt ar rɣarb ammu i ɣa tiri twasit n mmis n bnaḍem mani ɣa tiri arrimet,no
REC117_SEG0014_PART02,REC117,SPK009,train,vad_v2_spk009,220.576,233.672,13.096,data/processed/segments/REC117/REC117_SEG0014_PART02.wav,reviewed,diha ad munen inḍiwen rexdenni awarni rmeḥnet n wussan nni ad tbarcen tfuct u taziri war tettic ɛad ttya nnes u itran ad dd wḍan zeg ujenna,no
REC117_SEG0015,REC117,SPK009,train,vad_v2_spk009,234.008,237.576,3.568,data/processed/segments/REC117/REC117_SEG0015.wav,reviewed,u ssulaṭat n ijenwan ad ttwanhezzent,no
REC117_SEG0016,REC117,SPK009,train,vad_v2_spk009,238.424,253.032,14.608,data/processed/segments/REC117/REC117_SEG0016.wav,reviewed,xenni ad dd teḍhar reɛramet n mmis n bnaḍem deg ujenna u marra tiqebbar n ṭammurṭ ad wtent agejdur uca ad zarent mmis n bnaḍem yusa dd x iseynuten s jjehd u s izran usebbeḥ,no
REC117_SEG0017,REC117,SPK009,train,vad_v2_spk009,253.848,257.64,3.792,data/processed/segments/REC117/REC117_SEG0017.wav,reviewed,etta ad issekk lmalakat nnes s ijjen rbuq imɣar,no
REC117_SEG0018_PART01,REC117,SPK009,train,vad_v2_spk009,257.912,271.072,13.16,data/processed/segments/REC117/REC117_SEG0018_PART01.wav,reviewed,uca ad dd ssmunent inni ittwafarzen zi arebɛa n iɣezdisen n usemmiḍ zi ttarf aneggaru n ijenwan ar wenneɣni remdem zeg umedya n wartu xmi ɣa dewren refruɛ,no
REC117_SEG0018_PART02,REC117,SPK009,train,vad_v2_spk009,271.072,284.232,13.16,data/processed/segments/REC117/REC117_SEG0018_PART02.wav,reviewed,nnes d ireqqaɣen ad dd ssuffɣen tifray ad tessnem aqa anebdu yudes dd ammu ɛawed kenniw xmi ɣa tzarem marra man aya ad tessnem aqa yudes dd ɣar tewwart,no
REC117_SEG0019,REC117,SPK009,train,vad_v2_spk009,284.696,290.856,6.16,data/processed/segments/REC117/REC117_SEG0019.wav,reviewed,s tidett necc ad awem iniɣ jjir a war iɛeddu ar ɣa imsar man aya marra,no
REC117_SEG0020,REC117,SPK009,train,vad_v2_spk009,291.736,297.224,5.488,data/processed/segments/REC117/REC117_SEG0020.wav,reviewed,ajenna d ṭammurṭ ad ɛdun maca awaren inu war ɛeddun ɛemmas,no
REC117_SEG0022,REC117,SPK009,train,vad_v2_spk009,305.24,315.24,10.0,data/processed/segments/REC117/REC117_SEG0022.wav,reviewed,maca xwa ssenni niɣ x ṭsaɛɛet nni war xas issin ura d ijj ura d lmalakat n ijenwan mɣir tbabat weḥḥdes,no
REC117_SEG0023_PART01,REC117,SPK009,train,vad_v2_spk009,315.832,329.76,13.928,data/processed/segments/REC117/REC117_SEG0023_PART01.wav,reviewed,am mammec tuɣa idja deg wussan n nuḥ ammu i ɣa tiri ɣar twasit n mmis n bnaḍem minzi am mammec ten tuɣa deg wussan qber ttufan ttetten sessen medjcen u ssme,no
REC117_SEG0023_PART02,REC117,SPK009,train,vad_v2_spk009,329.76,343.688,13.928,data/processed/segments/REC117/REC117_SEG0023_PART02.wav,reviewed,djacen ar ass i ḍi yudef nuḥ ɣar uɣarrabu uca war ucin walu arami dd yusa ttufan imḥa i ten marra ammu i ɣa tiri ɣar twasit n mmis n bnaḍem,no
REC117_SEG0024_PART01,REC117,SPK009,train,vad_v2_spk009,343.96,353.968,10.008,data/processed/segments/REC117/REC117_SEG0024_PART01.wav,reviewed,ḍi rweqt nni ad irin ṭnayen deg iyyar ijjen ad t ksin u wenneɣni ad t jjen ṭnayen n temɣarin ad ḥaryent s tsirt,no
REC117_SEG0024_PART02,REC117,SPK009,train,vad_v2_spk009,353.968,363.976,10.008,data/processed/segments/REC117/REC117_SEG0024_PART02.wav,reviewed,icten ad tt ksin u tenneɣni ad tt jjen s uya ḥḍam minzi war tessinem ca ḍi man tasaɛɛet i dd ɣa yas siditwem,no
REC117_SEG0025_PART01,REC117,SPK009,train,vad_v2_spk009,364.632,375.872,11.24,data/processed/segments/REC117/REC117_SEG0025_PART01.wav,reviewed,maca ssnem aya mara bab n ṭaddarṭ issen ḍi man ḥettu n djiret i dd ɣa yas uceffar iri iqqim iḥetta war t ittejji,no
REC117_SEG0025_PART02,REC117,SPK009,train,vad_v2_spk009,375.872,387.112,11.24,data/processed/segments/REC117/REC117_SEG0025_PART02.wav,reviewed,ad yadef ɣar ṭaddarṭ nnes s uyenni irim twejdem minzi mmis n bnaḍem ad dd yas deg ict n ṭsaɛɛet war tt tettrijim,no
REC117_SEG0026,REC117,SPK009,train,vad_v2_spk009,389.944,394.056,4.112,data/processed/segments/REC117/REC117_SEG0026.wav,reviewed,x wi idjan d amsexxar amtiqqi d amiɣis,no
REC117_SEG0027,REC117,SPK009,train,vad_v2_spk009,395.032,405.352,10.32,data/processed/segments/REC117/REC117_SEG0027.wav,reviewed,wi idjan xenni d amsexxar amtiqqi d amiɣis i igga bab nnes ḥima ad ibḍa x imsexxaren nnes min ɣa ccen ḍi rweqt nnes,no
REC117_SEG0028_PART01,REC117,SPK009,train,vad_v2_spk009,405.784,416.752,10.968,data/processed/segments/REC117/REC117_SEG0028_PART01.wav,reviewed,sseɛd n umsexxar wenni i ɣa yafen sidis irha ammu xmi dd ɣa yas s tidett necc ad awem iniɣ ad t igg x marra agra nnes maca,no
REC117_SEG0028_PART02,REC117,SPK009,train,vad_v2_spk009,416.752,427.72,10.968,data/processed/segments/REC117/REC117_SEG0028_PART02.wav,reviewed,mara amsexxar aɛeffan nni ad yini deg wur nnes sidi inu iɛettar maḥend ad dd yas uca ibda iccat imsexxaren imɛacaren nni ikides idjjan,no
REC117_SEG0029,REC117,SPK009,train,vad_v2_spk009,427.896,447.656,19.76,data/processed/segments/REC117/REC117_SEG0029.wav,reviewed,ad icc ad isu ak d imeskaren xenni ad dd yas sidis n umsexxar nni deg ijjen wass i ḍi war t ittriji u deg ict n ṭsaɛɛet war tt issin ad t iqess d iwetwiten uca ad tiri tesɣart nnes ak d imnafqen din i ɣa yirin imettawen d uɣezzi n teɣmas,no
REC118_SEG0001,REC118,SPK009,train,vad_v2_spk009,1.496,3.848,2.352,data/processed/segments/REC118/REC118_SEG0001.wav,reviewed,amedya n ɛecra n teɛzariyyin,no
REC118_SEG0002_PART01,REC118,SPK009,train,vad_v2_spk009,4.888,18.256,13.368,data/processed/segments/REC118/REC118_SEG0002_PART01.wav,reviewed,xenni ad tiri tgeldit n ijenwan amecnaw ɛecra n teɛzariyyin iwyent refnarat nsent ffɣent ḥima ad mmerqent ak d wesri d tesrit xemsa zzaysent d timiɣisin u xemsa d,no
REC118_SEG0002_PART02,REC118,SPK009,train,vad_v2_spk009,18.256,31.624,13.368,data/processed/segments/REC118/REC118_SEG0002_PART02.wav,reviewed,tifɣar tinni idjan d tifɣar ksint refnarat nsent maca war iwyint ca zzect timiɣisin iwyent i dd zzect ḍi tziyyatin nsent ak d refnarat nsent,no
REC118_SEG0003,REC118,SPK009,train,vad_v2_spk009,32.184,38.536,6.352,data/processed/segments/REC118/REC118_SEG0003.wav,reviewed,rami iɛḍer umuray bdant ttnudument marra uca ttsent,no
REC118_SEG0004_PART01,REC118,SPK009,train,vad_v2_spk009,39.16,53.408,14.248,data/processed/segments/REC118/REC118_SEG0004_PART01.wav,reviewed,ḍi rwesṭ n djiret tuɣa din tɣuyyit xzarem aqa amuray yusa dd ffɣem dd ad t terqam xenni kkarent teɛzariyyin nni ssewjdent i dd refnarat nsent tifɣar,no
REC118_SEG0004_PART02,REC118,SPK009,train,vad_v2_spk009,53.408,67.656,14.248,data/processed/segments/REC118/REC118_SEG0004_PART02.wav,reviewed,nnant i tmiɣisin wcent aneɣ zi zzect nkent minzi refnarat nneɣ xesyent arrint i dd xasent tmiɣisin nnant ɛemmas war d aneɣ ittqeddi i neccin d kennint,no
REC118_SEG0005,REC118,SPK009,train,vad_v2_spk009,67.992,71.88,3.888,data/processed/segments/REC118/REC118_SEG0005.wav,reviewed,ruḥent ɣar isebbaben maḥend ad tesɣent i yixef nkent,no
REC118_SEG0006,REC118,SPK009,train,vad_v2_spk009,72.6,82.664,10.064,data/processed/segments/REC118/REC118_SEG0006.wav,reviewed,rami ruḥent nitenti ḥima ad sɣent yusa dd umuray u tinni tuɣa iwejden udfent akides ɣar wurar uca tbelleɛ tewwart,no
REC118_SEG0007_PART01,REC118,SPK009,train,vad_v2_spk009,83.736,94.672,10.936,data/processed/segments/REC118/REC118_SEG0007_PART01.wav,reviewed,awarni man aya usint teɛzariyyin nneɣni qqarent a siditneɣ a siditneɣ arzem aneɣ netta yarra dd inna s tidett,no
REC118_SEG0007_PART02,REC118,SPK009,train,vad_v2_spk009,94.672,105.608,10.936,data/processed/segments/REC118/REC118_SEG0007_PART02.wav,reviewed,necc ad akent iniɣ war kennint ssineɣ s uyenni ḥḍam minzi kenniw war tessinem ca ass ura d tasaɛɛet i ḍi dɣayass mmis n bnaḍem,no
REC118_SEG0009,REC118,SPK009,train,vad_v2_spk009,112.152,120.776,8.624,data/processed/segments/REC118/REC118_SEG0009.wav,reviewed,minzi tamesract am yijjen bnaḍem isafar barra i ṭammurṭ nnes iraɣa dd x imsexxaren nnes uca ikellef i ten x wagra nnes,no
REC118_SEG0010,REC118,SPK009,train,vad_v2_spk009,121.528,128.616,7.088,data/processed/segments/REC118/REC118_SEG0010.wav,reviewed,iwca i yijjen xemsa talint i wenneɣni ṭnayen i wenni wiss ṭraṭa icten n talint,no
REC118_SEG0011,REC118,SPK009,train,vad_v2_spk009,129.336,133.832,4.496,data/processed/segments/REC118/REC118_SEG0011.wav,reviewed,kur ijjen ɛlaḥsab tizemmar nnes rexdenni ikkar isafar,no
REC118_SEG0012_PART01,REC118,SPK009,train,vad_v2_spk009,134.36,148.912,14.552,data/processed/segments/REC118/REC118_SEG0012_PART01.wav,reviewed,wenni ittfen xemsa talint isebbeb ḍaysen uca yarbeḥ xemsa amenni ɛawed wenni ittfen ṭnayen talint yarbeḥ ṭnayen nneɣni maca wenni ittfen ict n talint iruḥ iɣza ḍi ṭammurṭ,no
REC118_SEG0012_PART02,REC118,SPK009,train,vad_v2_spk009,148.912,163.464,14.552,data/processed/segments/REC118/REC118_SEG0012_PART02.wav,reviewed,uca issnuffar tmenyat n nnuqart n bab nnes rami teɛdu attas n rweqt yusa dd bab n imsexxaren nni uca igga akidsen reḥsab xenni yusa dd wenni ittfen xemsa talint yiwi dd xemsa talint nneɣni,no
REC118_SEG0013_PART01,REC118,SPK009,train,vad_v2_spk009,163.48,173.712,10.232,data/processed/segments/REC118/REC118_SEG0013_PART01.wav,reviewed,inna a sidi tewcid ayi xemsa talint aqa da arebḥeɣ xemsa nneɣni ktar yarra dd xas bab nnes inna mliḥ i,no
REC118_SEG0013_PART02,REC118,SPK009,train,vad_v2_spk009,173.712,183.944,10.232,data/processed/segments/REC118/REC118_SEG0013_PART02.wav,reviewed,teggid a amsexxar asebḥan d amtiqqi tuɣa cek d amtiqqi x drus ad ac ggeɣ x wattas adef dd ɣar refraḥet n sidi nnec,no
REC118_SEG0014,REC118,SPK009,train,vad_v2_spk009,184.728,193.96,9.232,data/processed/segments/REC118/REC118_SEG0014.wav,reviewed,xenni yusa dd ɛawed wenni ittfen ṭnayen talint inna a sidi tewcid ayi ṭnayen talint aqa arebḥeɣ ṭnayen nneɣni ktar,no
REC118_SEG0015_PART01,REC118,SPK009,train,vad_v2_spk009,194.296,205.824,11.528,data/processed/segments/REC118/REC118_SEG0015_PART01.wav,reviewed,inna as sidi nnes mliḥ i teggid a amsexxar asebḥan d amtiqqi tuɣa cek d amtiqqi x drus ad ac ggeɣ x wattas adef dd ɣar refraḥet n,no
REC118_SEG0015_PART02,REC118,SPK009,train,vad_v2_spk009,205.824,217.352,11.528,data/processed/segments/REC118/REC118_SEG0015_PART02.wav,reviewed,sidi nekk maca wenni ittfen ict n talint yusa dd ɛawed inna a sidi ssneɣ aqa cek d bnaḍem tqesḥed tmejjared mani war tzarrɛed,no
REC118_SEG0016,REC118,SPK009,train,vad_v2_spk009,218.008,227.432,9.424,data/processed/segments/REC118/REC118_SEG0016.wav,reviewed,tyarrwed mani war tessarwated s uyenni ggʷedeɣ uca ruḥeɣ ssnuffareɣ talint nnec ḍi ṭammurṭ aɣac tenni nnec,no
REC118_SEG0017_PART01,REC118,SPK009,train,vad_v2_spk009,227.672,240.88,13.208,data/processed/segments/REC118/REC118_SEG0017_PART01.wav,reviewed,yarra dd sidi nnes inna as a amsexxar aɛeffan ameɛguz aqa tessned belli aqa mjareɣ mani war zarɛeɣ u yarweɣ mani war ssarweteɣ xenni,no
REC118_SEG0017_PART02,REC118,SPK009,train,vad_v2_spk009,240.88,254.088,13.208,data/processed/segments/REC118/REC118_SEG0017_PART02.wav,reviewed,mri tiwyed tmenyat inu ɣar rbanku xenni necc xmi dd ɣa yaseɣ ad ttareɣ min idjan inu s arriba s uya kksem as talint nni ewc i tt i wenni ɣar idja ɛecra talintat,no
REC118_SEG0018,REC118,SPK009,train,vad_v2_spk009,254.168,273.352,19.184,data/processed/segments/REC118/REC118_SEG0018.wav,reviewed,minzi i kur ijjen wenni ɣar idja ad as immewc uca ad ɣares yiri s wattas maca wenni war ɣar idji ura d min ɣares ad as ittwakkes nḍarem amsexxar ibettren ɣar barra deg uneggar n tadjest mani ɣa irin imettawen d uɣezzi n teɣmas,no
REC118_SEG0019,REC118,SPK009,train,vad_v2_spk009,276.984,281.288,4.304,data/processed/segments/REC118/REC118_SEG0019.wav,reviewed,rḥukm n lmasih x iḥuriyyen u x iɣayḍen,no
REC118_SEG0020_PART01,REC118,SPK009,train,vad_v2_spk009,283.224,295.456,12.232,data/processed/segments/REC118/REC118_SEG0020_PART01.wav,reviewed,xmi dd ɣa yas mmis n bnaḍem deg uɛudji nnes u marra lmalakat nnes iqeddsen akides xenni ad iqqim x rɛarc n uɛudji nnes ad ssmunen marra regnus qibac,no
REC118_SEG0020_PART02,REC118,SPK009,train,vad_v2_spk009,295.456,307.688,12.232,data/processed/segments/REC118/REC118_SEG0020_PART02.wav,reviewed,nnes uca netta ad ten imssebḍa am mammec ameksaw issbetta iḥuriyyen x iɣayḍen netta ad igg iḥuriyyen x ufusi nnes maca iɣayḍen x uzermaḍ nnes,no
REC118_SEG0021_PART01,REC118,SPK009,train,vad_v2_spk009,308.216,319.568,11.352,data/processed/segments/REC118/REC118_SEG0021_PART01.wav,reviewed,rexdenni ad ini ujedjid i yinni x ufusi nnes asem dd a kenniw inni ittwabarken zi baba wartem tageldit i d awem dd iwejden zeg wami,no
REC118_SEG0021_PART02,REC118,SPK009,train,vad_v2_spk009,319.568,330.92,11.352,data/processed/segments/REC118/REC118_SEG0021_PART02.wav,reviewed,tettwagg ddunect minzi tuɣa dayi raz uca kenniw tesseccem ayi tuɣa ffudeɣ tewcim ayi ad sweɣ tuɣa ayi d abarrani kenniw tesszedɣem ayi,no
REC118_SEG0022_PART01,REC118,SPK009,train,vad_v2_spk009,331.384,342.256,10.872,data/processed/segments/REC118/REC118_SEG0022_PART01.wav,reviewed,tuɣa ayi d aɛaryan kenniw tessyarḍem ayi tuɣa herceɣ kenniw tessijem dd xafi tuɣa ayi ḍi reḥbes kenniw tusim dd ɣari xenni,no
REC118_SEG0022_PART02,REC118,SPK009,train,vad_v2_spk009,342.256,353.128,10.872,data/processed/segments/REC118/REC118_SEG0022_PART02.wav,reviewed,a xas dd arren imseggaden qqaren a siditneɣ mermi cek nezra tdjuzed uca nessecc i cek niɣ mermi cek nezra teffuded uca newc ac ad teswed,no
REC118_SEG0023,REC118,SPK009,train,vad_v2_spk009,353.656,365.288,11.632,data/processed/segments/REC118/REC118_SEG0023.wav,reviewed,mermi cek nezra d abarrani uca nessezdeɣ i cek niɣ d aɛaryan uca nessyarḍ i cek mermi cek nezra therced niɣ ḍi reḥbes uca nusa dd ɣarek,no
REC118_SEG0024_PART01,REC118,SPK009,train,vad_v2_spk009,366.008,379.408,13.4,data/processed/segments/REC118/REC118_SEG0024_PART01.wav,reviewed,ad dd yarr ujedjid ad asen yini s tidett necc ad awem iniɣ min i teggim i yijjen zeg wawmaten imezyanen inu i necc umi t teggim rexdenni ad yini i yinni idjan x uzermaḍ nnes,no
REC118_SEG0024_PART02,REC118,SPK009,train,vad_v2_spk009,379.408,392.808,13.4,data/processed/segments/REC118/REC118_SEG0024_PART02.wav,reviewed,beɛɛdem xafi a kenniw inni ittwaneɛren ɣar ṭmessi n rebda i iwejden i ibris d lmalakat nnes minzi tuɣa dayi raz war d ayi tesseccem,no
REC118_SEG0025,REC118,SPK009,train,vad_v2_spk009,393.528,395.816,2.288,data/processed/segments/REC118/REC118_SEG0025.wav,reviewed,ffudeɣ war d ayi tewcim ad sweɣ,no
REC118_SEG0026_PART01,REC118,SPK009,train,vad_v2_spk009,396.248,410.032,13.784,data/processed/segments/REC118/REC118_SEG0026_PART01.wav,reviewed,tuɣa ayi d abarrani kenniw war d ayi tesszedɣem tuɣa ayi d aɛaryan war d ayi tessyarḍem herceɣ u ttwaḥebseɣ war xafi dd tessijem ca rexdenni ura d niṭni ad xas dd arr,no
REC118_SEG0026_PART02,REC118,SPK009,train,vad_v2_spk009,410.032,423.816,13.784,data/processed/segments/REC118/REC118_SEG0026_PART02.wav,reviewed,en ad inin a siditneɣ mermi cek nezra tedjuzed niɣ teffuded niɣ d abarrani niɣ d aɛaryan niɣ therced niɣ ḍi reḥbes xenni neccin war xak nsexxar ca,no
REC118_SEG0027,REC118,SPK009,train,vad_v2_spk009,424.024,442.472,18.448,data/processed/segments/REC118/REC118_SEG0027.wav,reviewed,xenni ad xasen dd yarr ad yini s tidett necc ad awem iniɣ min war teggim i yijjen zeg imezyanen inu i necc umi war t teggim ɛawed ad raḥen niṭni ɣar reɛdab ittduman maca imseggaden ɣar ṭudarṭ ittduman,no
REC119_SEG0001,REC119,SPK009,train,vad_v2_spk009,1.368,4.648,3.28,data/processed/segments/REC119/REC119_SEG0001.wav,reviewed,tameɛmuc n wudayen maḥend ad nɣen yasuɛ,no
REC119_SEG0002,REC119,SPK009,train,vad_v2_spk009,6.584,16.968,10.384,data/processed/segments/REC119/REC119_SEG0002.wav,reviewed,awarni rami ikemmer yasuɛ awaren a inna i imeḥḍaren nnes tessnem belli awarni ṭnayen n wussan ad tiri rɛid n tɣarst n useɛdu,no
REC119_SEG0003,REC119,SPK009,train,vad_v2_spk009,17.816,34.376,16.56,data/processed/segments/REC119/REC119_SEG0003.wav,reviewed,rexdenni ad immewc mmis n bnaḍem ḥima ad ittwaselleb rexdenni munen imeqqranen n ikehhanen d imsermaden n idlisen d imɣaren n rgens ḍi remraḥ n arrays n ikehhanen wenni umi qqaren qayafa,no
REC119_SEG0004,REC119,SPK009,train,vad_v2_spk009,35.032,47.816,12.784,data/processed/segments/REC119/REC119_SEG0004.wav,reviewed,uca mcawaren mammec ɣa ttfen yasuɛ s teḥraymect uca ad t nɣen nnan war ittiri ḍi rɛid ḥima war ittekkar uɣewweɣ ḍi rgens,no
REC119_SEG0005,REC119,SPK009,train,vad_v2_spk009,50.712,53.576,2.864,data/processed/segments/REC119/REC119_SEG0005.wav,reviewed,adhan n yasuɛ ḍi bayt ɛanya,no
REC119_SEG0006,REC119,SPK009,train,vad_v2_spk009,54.488,71.464,16.976,data/processed/segments/REC119/REC119_SEG0006.wav,reviewed,rami tuɣa yasuɛ ḍi bayt ɛanya ḍi ṭaddarṭ n cimɛun wenni ḍi idja rbars tusa dd ɣares ict n temɣart s ijjen uɣarraf n alabaster iccur s zzect iɣran i wedhan uca tfarreɣ i tt x uzedjif nnes am iqqim yasuɛ ɣar ttabra,no
REC119_SEG0007_PART01,REC119,SPK009,train,vad_v2_spk009,72.312,84.736,12.424,data/processed/segments/REC119/REC119_SEG0007_PART01.wav,reviewed,umi zrin imeḥḍaren man aya iqqes asen rḥar attas nnan min umi tedja txessart a tuɣa izemmar ad temmenz zzect a n wedhan s ttaman d ameqqran uca xenni,no
REC119_SEG0007_PART02,REC119,SPK009,train,vad_v2_spk009,84.736,97.16,12.424,data/processed/segments/REC119/REC119_SEG0007_PART02.wav,reviewed,ad temmewc i imezraḍ maca yasuɛ tuɣa issen man aya inna mayemmi tziyyarem x temɣart a minzi nettat tegga ayi ijjen n rxedmet tesbeḥ,no
REC119_SEG0008_PART01,REC119,SPK009,train,vad_v2_spk009,97.816,112.192,14.376,data/processed/segments/REC119/REC119_SEG0008_PART01.wav,reviewed,minzi imezraḍ aqa aten rebda akidwem maca necc war kiwem ttiriɣ i rebda minzi nettat mara tfarreɣ dd zzect a i wedhan x arrimet inu aqa tegga man aya i usewjed n,no
REC119_SEG0008_PART02,REC119,SPK009,train,vad_v2_spk009,112.192,126.568,14.376,data/processed/segments/REC119/REC119_SEG0008_PART02.wav,reviewed,wenḍer inu s tidett necc ad awem iniɣ mani ma i ɣa ittwabarreḥ zi rexbar a asebḥan zayyi ḍi marra ddunect ad ssiwren ɛawed x min dayi tegga d riḍaret i nettat,no
REC119_SEG0009,REC119,SPK009,train,vad_v2_spk009,130.04,134.856,4.816,data/processed/segments/REC119/REC119_SEG0009.wav,reviewed,yahuda izzenz ixef nnes maḥend ad isellem yasuɛ,no
REC119_SEG0010,REC119,SPK009,train,vad_v2_spk009,136.088,155.976,19.888,data/processed/segments/REC119/REC119_SEG0010.wav,reviewed,rexdenni iruḥ ijjen zi ṭenɛac qqaren as yahuda isxariyuṭi ɣar imeqqranen n ikehhanen inna min d ayi ɣa tewcem maḥend ad awem sellmeɣ yasuɛ uca waɛden t s tratin n rweznat n nnuqart ssenni tuɣa yarezzu ict n tewwart ḥima ad t isellem,no
REC119_SEG0011,REC119,SPK009,train,vad_v2_spk009,158.552,161.064,2.512,data/processed/segments/REC119/REC119_SEG0011.wav,reviewed,amensi n tɣarst n useɛdu,no
REC119_SEG0012_PART01,REC119,SPK009,train,vad_v2_spk009,162.872,176.08,13.208,data/processed/segments/REC119/REC119_SEG0012_PART01.wav,reviewed,deg wass amezwaru n weɣrum bra antun usin dd imeḥḍaren ɣar yasuɛ nnan mani texsed ad nessewjed i cek maḥend ad tecced amensi n useɛdu inna asen uyurem,no
REC119_SEG0012_PART02,REC119,SPK009,train,vad_v2_spk009,176.08,189.288,13.208,data/processed/segments/REC119/REC119_SEG0012_PART02.wav,reviewed,ɣar tendint ɣar ijjen fran inim as amsermad nneɣ iqqar aqa rweqt inu tiweḍ dd ad ɣarek ggeɣ amensi n useɛdu ak d imeḥḍaren inu,no
REC119_SEG0013,REC119,SPK009,train,vad_v2_spk009,190.008,195.528,5.52,data/processed/segments/REC119/REC119_SEG0013.wav,reviewed,imeḥḍaren ggin am mammec ten iwessa yasuɛ uca ssewjden taɣarest useɛdu,no
REC119_SEG0014,REC119,SPK009,train,vad_v2_spk009,196.248,208.072,11.824,data/processed/segments/REC119/REC119_SEG0014.wav,reviewed,rami dd tiweḍ tmeddit iqqim ɣar umensi ak d ṭenɛac n imeḥḍaren nnes am ttetten niṭni inna s tidett necc ad awem iniɣ ijjen zzaywem ad ayi iɣdar,no
REC119_SEG0015_PART01,REC119,SPK009,train,vad_v2_spk009,208.664,219.792,11.128,data/processed/segments/REC119/REC119_SEG0015_PART01.wav,reviewed,niṭni dewren ceḍnen attas uca kur ijjen zzaysen ibda ad as yini ma war idji d necc a sidi yarra dd xasen inna wenni issisnen afus akidi ḍi,no
REC119_SEG0015_PART02,REC119,SPK009,train,vad_v2_spk009,219.792,230.92,11.128,data/processed/segments/REC119/REC119_SEG0015_PART02.wav,reviewed,ttebsi d netta i d ayi ɣa iɣdaren mmis n bnaḍem ad iraḥ am mammec xas tura maca uct x bnaḍem nni i ɣa iɣdaren mmis n bnaḍem,no
REC119_SEG0016,REC119,SPK009,train,vad_v2_spk009,231.352,241.992,10.64,data/processed/segments/REC119/REC119_SEG0016.wav,reviewed,iḥra as i bnaḍem nni war dd ixriq ɛemmas yahuda aɣeddar yarra dd inna ma war idji d necc a amsermad inu,no
REC119_SEG0017,REC119,SPK009,train,vad_v2_spk009,242.68,245.864,3.184,data/processed/segments/REC119/REC119_SEG0017.wav,reviewed,netta inna as aqa cek tennid t,no
REC119_SEG0019,REC119,SPK009,train,vad_v2_spk009,253.784,265.288,11.504,data/processed/segments/REC119/REC119_SEG0019.wav,reviewed,am tuɣa ttetten iksi yasuɛ aɣrum u awarni rami ibarek yarza i t iwca i t i imeḥḍaren inna ksim ccem ta d arrimet inu,no
REC119_SEG0020_PART01,REC119,SPK009,train,vad_v2_spk009,265.848,277.728,11.88,data/processed/segments/REC119/REC119_SEG0020_PART01.wav,reviewed,iksi rkas iqada uca iwca asen t inna swem zzayes marra idwem minzi wa d idammen inu n rɛahd n jdid inni i ɣa ittwassizren,no
REC119_SEG0020_PART02,REC119,SPK009,train,vad_v2_spk009,277.728,289.608,11.88,data/processed/segments/REC119/REC119_SEG0020_PART02.wav,reviewed,i weɣfar n ddnub necc ad awem iniɣ zi rexxu tsawent war sesseɣ ɛad zi rɣidjet n tzayart ar ass i ḍi tt ɣa sweɣ zi jdid akidwem ḍi tgeldit n baba,no
REC119_SEG0021,REC119,SPK009,train,vad_v2_spk009,289.912,295.912,6.0,data/processed/segments/REC119/REC119_SEG0021.wav,reviewed,u awarni rami ɣennjen izri n ttesbiḥ ffɣen ɣar wedrar n zzitun,no
REC119_SEG0022,REC119,SPK009,train,vad_v2_spk009,300.088,303.688,3.6,data/processed/segments/REC119/REC119_SEG0022.wav,reviewed,yasuɛ izwar issiwer x wenkar zi buṭrus,no
REC119_SEG0023,REC119,SPK009,train,vad_v2_spk009,304.376,309.032,4.656,data/processed/segments/REC119/REC119_SEG0023.wav,reviewed,xenni inna asen yasuɛ marra kenniw ad dayi tenderfem,no
REC119_SEG0024_PART01,REC119,SPK009,train,vad_v2_spk009,309.368,323.056,13.688,data/processed/segments/REC119/REC119_SEG0024_PART01.wav,reviewed,minzi aqa tura ad wteɣ ameksaw uca iḥuriyyen n tḥimart ad ttwazuzzaren maca awarni rami i dd ɣa ttwassnekkareɣ ad awem izwareɣ ɣar ljalil maca buṭrus yarra dd inna as mara daye,no
REC119_SEG0024_PART02,REC119,SPK009,train,vad_v2_spk009,323.056,336.744,13.688,data/processed/segments/REC119/REC119_SEG0024_PART02.wav,reviewed,k i ɣa nderfen marra necc war dayek ttendrifeɣ ca ɛemmas inna as yasuɛ s tidett necc ad ac iniɣ ḍi djiret a qber i ɣa issquqeɛ uyaziḍ ad ayi tenkared ṭraṭa n twarawin,no
REC119_SEG0025,REC119,SPK009,train,vad_v2_spk009,337.048,346.184,9.136,data/processed/segments/REC119/REC119_SEG0025.wav,reviewed,buṭrus inna as waxxa tuɣa ittxessa ayi ad mmteɣ akidek necc war cek nekkareɣ ɛemmas ammu i nnan marra imeḥḍaren ɛawed,no
REC119_SEG0026,REC119,SPK009,train,vad_v2_spk009,349.72,354.696,4.976,data/processed/segments/REC119/REC119_SEG0026.wav,reviewed,tazadjit n yasuɛ deg weḥwic n xitsimaniy,no
REC119_SEG0027,REC119,SPK009,train,vad_v2_spk009,356.344,374.76,18.416,data/processed/segments/REC119/REC119_SEG0027.wav,reviewed,rexdenni iruḥ yasuɛ akidsen ɣar ijjen wemcan qqaren as xitsimaniy inna i imeḥḍaren nnes qqimem danita am i ɣa zzadjeɣ din am kis yiwi buṭrus d ṭnayen n iḥenjiren n zabdi ibda isḥissif uca tudef ḍayes tiggʷdi,no
REC119_SEG0028_PART01,REC119,SPK009,train,vad_v2_spk009,375.416,386.304,10.888,data/processed/segments/REC119/REC119_SEG0028_PART01.wav,reviewed,xenni inna asen reɛmar inu issḥissif attas ar rmewt qqimem da ḥḍam akidi xenni iɛzer cwayt ktar iwḍa x uɣembub nnes itt,no
REC119_SEG0028_PART02,REC119,SPK009,train,vad_v2_spk009,386.304,397.192,10.888,data/processed/segments/REC119/REC119_SEG0028_PART02.wav,reviewed,zadja inna a baba mara iɛedder ejj ad xafi iɛdu rkas a maca war ittiri am mammec xseɣ necc maca am mammec texsed cek,no
REC119_SEG0029,REC119,SPK009,train,vad_v2_spk009,397.592,406.44,8.848,data/processed/segments/REC119/REC119_SEG0029.wav,reviewed,rexdenni iḍwer dd ɣar imeḥḍaren nnes uca yufa i ten ttsen inna i buṭrus ma war tzemmarem ad kidi teḥḍam ura d ict n ṭsaɛɛet,no
REC119_SEG0030,REC119,SPK009,train,vad_v2_spk009,407.192,414.856,7.664,data/processed/segments/REC119/REC119_SEG0030.wav,reviewed,ḥḍam zzadjem ḥima war dd tettidfem deg hukki arruḥ aqa iwjed maca ddat teḍɛef,no
REC119_SEG0031,REC119,SPK009,train,vad_v2_spk009,415.608,427.176,11.568,data/processed/segments/REC119/REC119_SEG0031.wav,reviewed,yuyur ɛawed i umur wiss ṭnayen uca izzudj inna a baba mara rkas a war izemmar ad xafi yekk mɣir mara necc swiɣ t aqa ad yiri min texsed cek,no
REC119_SEG0032_PART01,REC119,SPK009,train,vad_v2_spk009,427.64,440.528,12.888,data/processed/segments/REC119/REC119_SEG0032_PART01.wav,reviewed,rami dd iḍwer yufa i ten ɛawed ttsen minzi tittawin nsen tuɣa ḍeqqrent ijja i ten yuyur ɛawed uca izzudj i ṭwara wiss ṭraṭa iqqar awaren a ɛawed,no
REC119_SEG0032_PART02,REC119,SPK009,train,vad_v2_spk009,440.528,453.416,12.888,data/processed/segments/REC119/REC119_SEG0032_PART02.wav,reviewed,rexdenni iḍwer dd ɣar imeḥḍaren nnes inna asen kemmrem x yiḍes nwem rexxu areyyḥem xzarem aqa ṭsaɛɛet tiweḍ dd aqa mmis n bnaḍem ad immewc deg ifassen n imednab,no
REC119_SEG0033,REC119,SPK009,train,vad_v2_spk009,454.072,460.232,6.16,data/processed/segments/REC119/REC119_SEG0033.wav,reviewed,kkarem ad nraḥ xzarem wenni d ayi ɣa iɣdaren yudes dd,no
REC119_SEG0034,REC119,SPK009,train,vad_v2_spk009,463.544,465.064,1.52,data/processed/segments/REC119/REC119_SEG0034.wav,reviewed,uḍuf n yasuɛ,no
REC119_SEG0035,REC119,SPK009,train,vad_v2_spk009,466.52,475.688,9.168,data/processed/segments/REC119/REC119_SEG0035.wav,reviewed,am tuɣa issawar ɛad yusa dd yahuda aɣeddar ijjen zi ṭenɛac ak d ijjen rɣaci ameqqran s resyuf d iɛumad,no
REC119_SEG0036_PART01,REC119,SPK009,train,vad_v2_spk009,475.992,486.544,10.552,data/processed/segments/REC119/REC119_SEG0036_PART01.wav,reviewed,usin dd zeg imeqqranen n ikehhanen d imɣaren n rgens yahuda aɣeddar aqa iwca asen ict n reɛramet inna wenni i ɣa ssudmeɣ d wenni,no
REC119_SEG0036_PART02,REC119,SPK009,train,vad_v2_spk009,486.544,497.096,10.552,data/processed/segments/REC119/REC119_SEG0036_PART02.wav,reviewed,netta ttfem t rexdenni dd iqarreb ɣar yasuɛ inna sram xak a amsermad inu uca issudem i t xas uca yasuɛ inna as,no
REC119_SEG0037,REC119,SPK009,train,vad_v2_spk009,498.008,517.672,19.664,data/processed/segments/REC119/REC119_SEG0037.wav,reviewed,a ameddukker inu min xef dd tusid da rexdenni qarrben dd ɣares ḥarten x yasuɛ uca ttfen t u xzar ijjen zeg inni idjan ak d yasuɛ isswizzeḍ afus nnes ijbed ssif uca iwta amsexxar n arrays n ikehhanen iqess as amezzuɣ,no
REC119_SEG0038,REC119,SPK009,train,vad_v2_spk009,518.168,535.944,17.776,data/processed/segments/REC119/REC119_SEG0038.wav,reviewed,xenni inna as yasuɛ arr ssif ɣar wemcan nnes minzi marra inni ikessin ssif ad mmten s ssif niɣ ittɣir ac belli necc war zemmareɣ ad zzadjeɣ i baba aqa netta ad d ayi dd issekk ktar zi ṭenɛac n ilixiyunen n lmalakat,no
REC119_SEG0039,REC119,SPK009,train,vad_v2_spk009,536.632,543.08,6.448,data/processed/segments/REC119/REC119_SEG0039.wav,reviewed,mammec xenni i ɣa ttwakemmrent tira iqeddsen i iqqaren belli ittxessa ad imsar ammu,no
REC119_SEG0040_PART01,REC119,SPK009,train,vad_v2_spk009,543.64,555.712,12.072,data/processed/segments/REC119/REC119_SEG0040_PART01.wav,reviewed,ḍi ṭsaɛɛet nni ɛawed issiwer yasuɛ ak d rɣaci axmi x ijjen uqṭaṭɛiy i dd teffɣem s resyuf d iɛumad maḥend ad ayi tettfem kur ass tuɣa qqimeɣ ɣarwem sser,no
REC119_SEG0040_PART02,REC119,SPK009,train,vad_v2_spk009,555.712,567.784,12.072,data/processed/segments/REC119/REC119_SEG0040_PART02.wav,reviewed,madeɣ ḍi zzawect tameqqrant war dayi tettifem maca man aya marra imsar ḥima ad ttwakemmrent tira n inabiyyen rexdenni semḥen ḍayes marra imeḥḍaren uca arewren,no
REC119_SEG0041,REC119,SPK009,train,vad_v2_spk009,570.296,573.704,3.408,data/processed/segments/REC119/REC119_SEG0041.wav,reviewed,yasuɛ qibadj lmeḥkama tameqqrant n wudayen,no
REC119_SEG0042,REC119,SPK009,train,vad_v2_spk009,575.736,585.608,9.872,data/processed/segments/REC119/REC119_SEG0042.wav,reviewed,inni ittfen yasuɛ iwyen t ɣar qayafa arrays n ikehhanen wenni ɣar tuɣa munen imsermaden n idlisen d imɣaren n rgens,no
REC119_SEG0043,REC119,SPK009,train,vad_v2_spk009,586.328,598.568,12.24,data/processed/segments/REC119/REC119_SEG0043.wav,reviewed,cimɛun buṭrus iḍfar i t i dd zi raggʷaj arami d yiweḍ ɣar remraḥ n arrays n ikehhanen u rami yudef iqqim jar imxazniyyen ḥima ad izar mammec i ɣa teffeɣ,no
REC119_SEG0044_PART01,REC119,SPK009,train,vad_v2_spk009,599.576,611.904,12.328,data/processed/segments/REC119/REC119_SEG0044_PART01.wav,reviewed,imeqqranen n ikehhanen d imɣaren n rgens u marra lmeḥkama tameqqrant tuɣa arezzun icehhaden issxarriqen x yasuɛ maḥend ad t n,no
REC119_SEG0044_PART02,REC119,SPK009,train,vad_v2_spk009,611.904,624.232,12.328,data/processed/segments/REC119/REC119_SEG0044_PART02.wav,reviewed,ɣen maca war zemmaren ad tt afen waxxa usin dd attas n rechud issxarriqen ɣar uneggar usin dd ṭnayen n rechud issxarriqen niṭni innan,no
REC119_SEG0045,REC119,SPK009,train,vad_v2_spk009,624.472,640.04,15.568,data/processed/segments/REC119/REC119_SEG0045.wav,reviewed,wa aqa inna necc zemmareɣ ad hedmeɣ zzawect tameqqrant n arebbi u ḍi ṭraṭa n wussan ad tt bniɣ ɛawed arrays n ikehhanen ikkar dd inna as ma war dd tarrid s walu min xak cehhden ina,no
REC119_SEG0046_PART01,REC119,SPK009,train,vad_v2_spk009,641.176,653.296,12.12,data/processed/segments/REC119/REC119_SEG0046_PART01.wav,reviewed,maca yasuɛ isqar inna as arrays n ikehhanen necc ad cek jjeɣ ad tejjadjed s arebbi iddaren belli cek ad aneɣ tinid ma xenni cek d lmasiḥ mmis n arebbi inna as yasuɛ,no
REC119_SEG0046_PART02,REC119,SPK009,train,vad_v2_spk009,653.296,665.416,12.12,data/processed/segments/REC119/REC119_SEG0046_PART02.wav,reviewed,cek tennid t maca necc ad awem iniɣ zi ssa tsawent ad tzarem mmis n bnaḍem iqqim x ufusi n tzemmar xmi dd ɣa yas x iseynuten n ujenna,no
REC119_SEG0047,REC119,SPK009,train,vad_v2_spk009,666.168,679.56,13.392,data/processed/segments/REC119/REC119_SEG0047.wav,reviewed,rexdenni icarreg arrays n ikehhanen arruḍ nnes inna netta aqa iceqqef ḍi arebbi mayemmi neḥdaj ɛad rechud xzarem rexxu aqa tesrim i uceqqef nnes min d awem ittɣir kenniw,no
REC119_SEG0048,REC119,SPK009,train,vad_v2_spk009,679.896,697.32,17.424,data/processed/segments/REC119/REC119_SEG0048.wav,reviewed,niṭni arrin dd xas nnan netta isdahedj rmewt xenni bdan ssusufen as x uɣembub ccaten t s rpuniyyat x uzedjif u inneɣni wtin t ɛawed nnan nabb aneɣ a cek lmasiḥ wi cek iwtin,no
REC119_SEG0049,REC119,SPK009,train,vad_v2_spk009,700.856,703.208,2.352,data/processed/segments/REC119/REC119_SEG0049.wav,reviewed,ankar n yasuɛ zi buṭrus,no
REC119_SEG0050_PART01,REC119,SPK009,train,vad_v2_spk009,704.728,717.616,12.888,data/processed/segments/REC119/REC119_SEG0050_PART01.wav,reviewed,buṭrus iqqim ɣar barra ḍi remraḥ tqarreb dd ɣares ict n tayya ṭenna ura d cek tuɣa cek ak d yasuɛ zi nnasira maca netta inkar zzat i marra inna,no
REC119_SEG0050_PART02,REC119,SPK009,train,vad_v2_spk009,717.616,730.504,12.888,data/processed/segments/REC119/REC119_SEG0050_PART02.wav,reviewed,war ssineɣ min xef tessawared am iggur ɣar usqif n tewwart tezra i t ict n tayya nneɣni ṭenna asen i yinni din iqqimen d wa tuɣa ak d yasuɛ zi nnasira,no
REC119_SEG0051,REC119,SPK009,train,vad_v2_spk009,731.096,748.872,17.776,data/processed/segments/REC119/REC119_SEG0051.wav,reviewed,netta inkar ɛawed s ict n tjadjit inna war ssineɣ bnaḍem nni cwayt ɣar zzat qarrben dd inni din ibedden ɣar buṭrus nnan nican ura d cek d ijjen zzaysen minzi rhard nnec issbeyyen i cek,no
REC119_SEG0052,REC119,SPK009,train,vad_v2_spk009,749.752,769.0,19.248,data/processed/segments/REC119/REC119_SEG0052.wav,reviewed,xenni ibda ineɛɛer ittjjadja necc war ssineɣ bnaḍem nni rexdenni issquqeɛ uyaziḍ uca iɛqer buṭrus awar i d as inna yasuɛ qber i ɣa issquqeɛ uyaziḍ ad ayi tenkared ṭraṭa n twarawin uca iffeɣ iru s imettawen imerzagen,no
REC120_SEG0001,REC120,SPK009,train,vad_v2_spk009,1.464,4.552,3.088,data/processed/segments/REC120/REC120_SEG0001.wav,reviewed,andam d rmewt n yahuda,no
REC120_SEG0002,REC120,SPK009,train,vad_v2_spk009,5.752,21.544,15.792,data/processed/segments/REC120/REC120_SEG0002.wav,reviewed,ɣar ssbeḥ zic aqa marra imeqqranen n ikehhanen d imɣaren n rgens mcawaren x yasuɛ mammec i t ɣa nɣen uca niṭni carfen t iwyen t uca sellmen t i lɛamil arumani pilaṭus,no
REC120_SEG0003,REC120,SPK009,train,vad_v2_spk009,22.264,37.288,15.024,data/processed/segments/REC120/REC120_SEG0003.wav,reviewed,umi izra yahuda aɣeddar belli yasuɛ ittwaḥkem indem uca yarra dd tratin n rweznat n nnuqart ɣar imeqqranen n ikehhanen d imɣaren n rgens inna necc xḍiɣ,no
REC120_SEG0004_PART01,REC120,SPK009,train,vad_v2_spk009,38.136,51.872,13.736,data/processed/segments/REC120/REC120_SEG0004_PART01.wav,reviewed,aqa ɣdareɣ idammen imezdagen maca niṭni nnan min d aneɣ iruḥen xzar dd cek awarni rami inḍar rweznat n nnuqart ḍi zzawect tameqqrant iffeɣ uca iruḥ yuyer,no
REC120_SEG0004_PART02,REC120,SPK009,train,vad_v2_spk009,51.872,65.608,13.736,data/processed/segments/REC120/REC120_SEG0004_PART02.wav,reviewed,ixef nnes imeqqranen n ikehhanen ksin rweznat n nnuqart nnan war icuwwar ad ten nessars deg wexxam n ssdaqi minzi rweznat nni d ttaman n usizzer n idammen,no
REC120_SEG0005,REC120,SPK009,train,vad_v2_spk009,66.264,81.448,15.184,data/processed/segments/REC120/REC120_SEG0005.wav,reviewed,kksen awar jar asen maḥend ad zzayes sɣen iyyar n bu traxt maḥend ad yiri i imeḍran n ibarraniyyen s uyenni ittwasemma iyyar nni iyyar n idammen ar ass n rexxu,no
REC120_SEG0006_PART01,REC120,SPK009,train,vad_v2_spk009,82.04,92.432,10.392,data/processed/segments/REC120/REC120_SEG0006_PART01.wav,reviewed,rexdenni ittwakemmer min ittwannan zeg unabi i innan ksiɣ tratin n rweznat n nnuqart rqedd n wenni iɣran mixef,no
REC120_SEG0006_PART02,REC120,SPK009,train,vad_v2_spk009,92.432,102.824,10.392,data/processed/segments/REC120/REC120_SEG0006_PART02.wav,reviewed,inni zi tarwa n israil kksen awar uca necc wciɣ tent i iyyar n bu traxt am mammec i d ayi yumur sidi,no
REC120_SEG0007,REC120,SPK009,train,vad_v2_spk009,106.488,109.672,3.184,data/processed/segments/REC120/REC120_SEG0007.wav,reviewed,yasuɛ qibac lɛamil pilaṭus,no
REC120_SEG0008,REC120,SPK009,train,vad_v2_spk009,111.128,117.992,6.864,data/processed/segments/REC120/REC120_SEG0008.wav,reviewed,yasuɛ tuɣa ibedd qibac i lɛamil lɛamil isseqsa as inna ma cek d ajedjid n wudayen,no
REC120_SEG0009_PART01,REC120,SPK009,train,vad_v2_spk009,118.968,129.248,10.28,data/processed/segments/REC120/REC120_SEG0009_PART01.wav,reviewed,yasuɛ inna as cek aqa tennid t uca rami t tehmen imeqqranen n ikehhanen d imɣaren n rgens yarra dd s walu xenni inna as,no
REC120_SEG0009_PART02,REC120,SPK009,train,vad_v2_spk009,129.248,139.528,10.28,data/processed/segments/REC120/REC120_SEG0009_PART02.wav,reviewed,pilaṭus ma war tesrid mecḥar xak cehhden netta war xas dd yarri ura s ijjen wawar arami iqqim lɛamil ittebhet attas,no
REC120_SEG0011,REC120,SPK009,train,vad_v2_spk009,148.184,156.104,7.92,data/processed/segments/REC120/REC120_SEG0011.wav,reviewed,tuɣa lɛamil innum yarexxu ḍi kur rɛid i yijjen umeḥbus i rɣaci wenni ixsen niṭni,no
REC120_SEG0012_PART01,REC120,SPK009,train,vad_v2_spk009,156.728,169.328,12.6,data/processed/segments/REC120/REC120_SEG0012_PART01.wav,reviewed,tuɣa ɣarsen deg wussan nni ijjen umeḥbus ittwassen qqaren as bar abbas rami munen inna asen pilaṭus wi texsem ad awem dd arxuɣ bar abbas niɣ yasuɛ,no
REC120_SEG0012_PART02,REC120,SPK009,train,vad_v2_spk009,169.328,181.928,12.6,data/processed/segments/REC120/REC120_SEG0012_PART02.wav,reviewed,wenni umi qqaren lmasiḥ minzi netta issen aqa niṭni sellmen t zi reḥsed am tuɣa lɛamil iqqim x rkursi n rḥukm tessekk dd ɣares temɣart nnes ṭenna,no
REC120_SEG0013,REC120,SPK009,train,vad_v2_spk009,182.136,200.488,18.352,data/processed/segments/REC120/REC120_SEG0013.wav,reviewed,barra ixef nnec zeg umseggad nni minzi aqa ass a ttwaɛeddbeɣ attas ḍi tarjit inu ḍi ssibbet nnes maca imeqqranen n ikehhanen d imɣaren n rgens ssqenɛen rɣaci ḥima ad ttaren bar abbas u ḥima ad aredddjen yasuɛ,no
REC120_SEG0014,REC120,SPK009,train,vad_v2_spk009,201.944,208.232,6.288,data/processed/segments/REC120/REC120_SEG0014.wav,reviewed,lɛamil yarra dd inna asen man wen zi ṭnayen a i texsem ad arxuɣ i kenniw,no
REC120_SEG0015_PART01,REC120,SPK009,train,vad_v2_spk009,208.632,221.488,12.856,data/processed/segments/REC120/REC120_SEG0015_PART01.wav,reviewed,nnan bar abbas pilaṭus inna asen min ɣa ggeɣ xenni ak d yasuɛ umi qqaren lmasiḥ nnan as marra sellb i t inna asen lɛamil man tuɛeffna i igga,no
REC120_SEG0015_PART02,REC120,SPK009,train,vad_v2_spk009,221.488,234.344,12.856,data/processed/segments/REC120/REC120_SEG0015_PART02.wav,reviewed,sɣuyyen s jjehd ktar nnan sellb i t rami izra pilaṭus belli war yiweḍ ɣar walu mahu ad ikkar uɣuwweɣ iksi aman issird ifassen nnes qibac i rɣaci inna,no
REC120_SEG0016_PART01,REC120,SPK009,train,vad_v2_spk009,234.52,244.848,10.328,data/processed/segments/REC120/REC120_SEG0016_PART01.wav,reviewed,necc war tturseɣ ca deg idammen n umseggad a xzarem kenniw rgens marra yarra dd inna ejj idammen nnes ad xaneɣ irin u x tarwa nneɣ,no
REC120_SEG0016_PART02,REC120,SPK009,train,vad_v2_spk009,244.848,255.176,10.328,data/processed/segments/REC120/REC120_SEG0016_PART02.wav,reviewed,xenni yarxu asen dd i bar abbas maca awarni rami ihettek yasuɛ s urekkuḍ isellem i t ḥima ad ittwaselleb,no
REC120_SEG0017,REC120,SPK009,train,vad_v2_spk009,259.512,263.368,3.856,data/processed/segments/REC120/REC120_SEG0017.wav,reviewed,aseḥqar n yasuɛ zi rɛeskar n pilaṭus,no
REC120_SEG0018_PART01,REC120,SPK009,train,vad_v2_spk009,263.896,277.508,13.612,data/processed/segments/REC120/REC120_SEG0018_PART01.wav,reviewed,rexdenni iwyen iɛeskariyyen n lɛamil yasuɛ ɣar ṭaddarṭ n ccraɛ umi qqaren prituriyum uca ssmunen xas marra rɛeskar kksen as dd arruḍ uca arḍen as ijjen ujedjab d aze,no
REC120_SEG0018_PART02,REC120,SPK009,train,vad_v2_spk009,277.508,291.12,13.612,data/processed/segments/REC120/REC120_SEG0018_PART02.wav,reviewed,ggʷaɣ niṭni muden as ijjen ttaj s isennanen ssarsen t x uzedjif nnes uca ggin as uɣanim deg ufus nnes afusi xenni wḍan ɣar iḍaren nnes zzates,no
REC120_SEG0019,REC120,SPK009,train,vad_v2_spk009,291.12,310.28,19.16,data/processed/segments/REC120/REC120_SEG0019.wav,reviewed,qqimen ttbusaren xas nnan azul xak a cek a ajedjid n wudayen ssusfen as x uɣembub nnes ksin aɣanim uca wtin t zzayes ɣar uzedjif awarni rami t dedjen ksin xas aserham arḍen as arruḍ nnes uca nedhen t maḥend ad t sellben,no
REC120_SEG0020,REC120,SPK009,train,vad_v2_spk009,314.616,316.296,1.68,data/processed/segments/REC120/REC120_SEG0020.wav,reviewed,abrid ɣar ssalib,no
REC120_SEG0021,REC120,SPK009,train,vad_v2_spk009,318.424,328.168,9.744,data/processed/segments/REC120/REC120_SEG0021.wav,reviewed,am ffɣen ɣar barra n tendint ufin ijjen weryaz zi qayrawan qqaren as cimɛun uca ziyyaren xas ḥima ad yarbu ssalib nnes,no
REC120_SEG0022,REC120,SPK009,train,vad_v2_spk009,328.92,348.712,19.792,data/processed/segments/REC120/REC120_SEG0022.wav,reviewed,arami iwḍen ɣar wemcan umi qqaren juljuta min ixs ad yini taceqquft wcin as rxedj ixedjḍen s tarzugi uca umi t iqqas yugi ad isu awarni rami t sellben bḍan arruḍ nnes jar asen umi xas ggin akeccuḍ,no
REC120_SEG0023,REC120,SPK009,train,vad_v2_spk009,349.528,357.064,7.536,data/processed/segments/REC120/REC120_SEG0023.wav,reviewed,am din qqimen ttɛessan xas ggin as sennej i uzedjif nnes ict n tira mayemmi xas ḥekmen s rmewt,no
REC120_SEG0024_PART01,REC120,SPK009,train,vad_v2_spk009,357.752,371.856,14.104,data/processed/segments/REC120/REC120_SEG0024_PART01.wav,reviewed,wa d yasuɛ ajedjid n wudayen xenni sellben akides ṭnayen n ixewwanen ijjen ɣar ufusi nnes u ijjen ɣar uzermaḍ nnes inni tuɣa ittekkan ttceqqafen ḍayes,no
REC120_SEG0024_PART02,REC120,SPK009,train,vad_v2_spk009,371.856,385.96,14.104,data/processed/segments/REC120/REC120_SEG0024_PART02.wav,reviewed,tthezzan azedjif nsen nnan a cek wenni ihedmen zzawect tameqqrant u ḍi ṭraṭa n wussan ad tt tebnid ɛawed senjem ixef nnec mara cek d mmis n arebbi hwa dd xenni zi ssalib,no
REC120_SEG0025,REC120,SPK009,train,vad_v2_spk009,386.52,405.256,18.736,data/processed/segments/REC120/REC120_SEG0025.wav,reviewed,ura d imeqqranen n ikehhanen ak d imsermaden n idlisen d imɣaren n rgens d ifarisiyyen stehzan zzayes amenni nnan issenjem inneɣni maca war izemmar ad issenjem xef nnes mara netta d ajedjid n israil ejj i t ad dd ihwa zi ssalib ad zzayes namen,no
REC120_SEG0026,REC120,SPK009,train,vad_v2_spk009,406.072,420.616,14.544,data/processed/segments/REC120/REC120_SEG0026.wav,reviewed,ittcer x arebbi ejj i t netta ad t issenjem mara yarḍa xas minzi inna necc d mmis n arebbi ura d ixewwanen inni tuɣa ittwasellben akides tuɣa ssfettaḥen zzayes amenni,no
REC120_SEG0028_PART01,REC120,SPK009,train,vad_v2_spk009,427.16,437.424,10.264,data/processed/segments/REC120/REC120_SEG0028_PART01.wav,reviewed,zi ṭsaɛɛet wiss setta tewḍa dd tadjest x marra ṭammurṭ ar tasaɛɛet wiss tesɛa jjwayeh n ṭsaɛɛet wiss tesɛa isɣuy yasuɛ s t,no
REC120_SEG0028_PART02,REC120,SPK009,train,vad_v2_spk009,437.424,447.688,10.264,data/processed/segments/REC120/REC120_SEG0028_PART02.wav,reviewed,mijja ijehden inna a ili ili li man cabaktani min yazzu adyini a arebbi inu a arebbi inu mayemmi dayi tsemḥed,no
REC120_SEG0029,REC120,SPK009,train,vad_v2_spk009,448.696,464.008,15.312,data/processed/segments/REC120/REC120_SEG0029.wav,reviewed,rami d as sran inni din ibedden nnan ca zzaysen ittraɣa x iliya deɣya yuzzer dd ɣares ijjen zzaysen iksi spunxa issuff i tt s rxedj igga i tt x ijjen uɣanim uca iwca as ad isu,no
REC120_SEG0030,REC120,SPK009,train,vad_v2_spk009,464.696,475.816,11.12,data/processed/segments/REC120/REC120_SEG0030.wav,reviewed,inneɣni nnan ejj i t ad nzar ma ad dd yas iliya ḥima ad t issenjem isɣuyy yasuɛ ɛawed s tmijja ijehden uca issarxu arruḥ nnes,no
REC120_SEG0031,REC120,SPK009,train,vad_v2_spk009,476.504,477.352,0.848,data/processed/segments/REC120/REC120_SEG0031.wav,reviewed,xzar,no
REC120_SEG0032_PART01,REC120,SPK009,train,vad_v2_spk009,477.784,492.7,14.916,data/processed/segments/REC120/REC120_SEG0032_PART01.wav,reviewed,areḥḥaf n wadaf ɣar zzawect tameqqrant itccarreg x ṭnayen zi sennej ar swadday ṭammurṭ tenhezz tisuḍar fedjqent imeḍran ttwarezmen uca attas n rxacbat n imqedda,no
REC120_SEG0032_PART02,REC120,SPK009,train,vad_v2_spk009,492.7,507.616,14.916,data/processed/segments/REC120/REC120_SEG0032_PART02.wav,reviewed,sen inni tuɣa ittsen din ttwassnekkarent dd niṭni ffɣen zeg imeḍran uca awarni i tnukra nnes udfen ɣar tendint iqeddsen uca banen dd i wattas rami rqebṭan x mya d yinni tuɣa akides,no
REC120_SEG0033,REC120,SPK009,train,vad_v2_spk009,507.616,526.792,19.176,data/processed/segments/REC120/REC120_SEG0033.wav,reviewed,iḥettan yasuɛ zrin anhezzi n ṭammurṭ d min imsaren ggʷeden attas nnan s tidett tuɣa wa d mmis n arebbi tuɣa din attas n temɣarin tinni tuɣa ixezzaren zi raggʷaj ḍfarent yasuɛ zi ljalil ḥima ad xas sexxarent,no
REC120_SEG0034,REC120,SPK009,train,vad_v2_spk009,527.576,536.488,8.912,data/processed/segments/REC120/REC120_SEG0034.wav,reviewed,jarasent maryam n majdala d maryam yemmas n yaɛqub d yusis d yemmas n ayt n zabdi,no
REC120_SEG0035,REC120,SPK009,train,vad_v2_spk009,539.576,541.064,1.488,data/processed/segments/REC120/REC120_SEG0035.wav,reviewed,anḍer n yasuɛ,no
REC120_SEG0037_PART01,REC120,SPK009,train,vad_v2_spk009,562.136,574.752,12.616,data/processed/segments/REC120/REC120_SEG0037_PART01.wav,reviewed,yusuf iksi rxecbeṭ inneḍ i tt deg ict n txeyyaḍt n reqṭen azdad isfan issars i tt deg ijjen wenḍer n jdid i tuɣa iɣza uca awarni rami isseqnu,no
REC120_SEG0037_PART02,REC120,SPK009,train,vad_v2_spk009,574.752,587.368,12.616,data/processed/segments/REC120/REC120_SEG0037_PART02.wav,reviewed,nni ijjen tesḍart ḥima ad iqfer tawwart n wenḍer iruḥ tuɣa din maryam n majdala d maryam nneɣnit qqiment qibac i wenḍer,no
REC120_SEG0039,REC120,SPK009,train,vad_v2_spk009,593.016,601.416,8.4,data/processed/segments/REC120/REC120_SEG0039.wav,reviewed,tiwecca nnes awarni ass n usewjed munen imeqqranen n ikehhanen d ifarisiyyen ɣar pilaṭus nnan a siditneɣ,no
REC120_SEG0040,REC120,SPK009,train,vad_v2_spk009,602.168,609.0,6.832,data/processed/segments/REC120/REC120_SEG0040.wav,reviewed,neɛqer belli aɣeccac a am tuɣa ɛad iddar inna awarni ṭraṭa n wussan ad kkareɣ,no
REC120_SEG0041_PART01,REC120,SPK009,train,vad_v2_spk009,609.496,621.376,11.88,data/processed/segments/REC120/REC120_SEG0041_PART01.wav,reviewed,xenni umur ḥima ad ḍemnen anḍer ar ass wiss ṭraṭa ḥima ad taɣ imeḥḍaren nnes war dd ttisen s djiret ad t acaren xenni ad inin i rgens aqa ikkar dd zi,no
REC120_SEG0041_PART02,REC120,SPK009,train,vad_v2_spk009,621.376,633.256,11.88,data/processed/segments/REC120/REC120_SEG0041_PART02.wav,reviewed,ṭaddarṭ n imettinen uca ammu i ɣa yiri uweddar aneggaru ktar x umezwar inna asen pilaṭus aqa ɣarwem iɛessasen ruḥem ḍemnen t am mammec tettwaram,no
REC120_SEG0042,REC120,SPK009,train,vad_v2_spk009,633.752,641.32,7.568,data/processed/segments/REC120/REC120_SEG0042.wav,reviewed,ruḥen ḥima ad ɛessen x wenḍer uca ḍemnen azru niṭni jmiɛ ak d iɛessasen,no
REC121_SEG0001,REC121,SPK009,train,vad_v2_spk009,1.56,3.016,1.456,data/processed/segments/REC121/REC121_SEG0001.wav,reviewed,tanukra n yasuɛ,no
REC121_SEG0002_PART01,REC121,SPK009,train,vad_v2_spk009,4.568,16.544,11.976,data/processed/segments/REC121/REC121_SEG0002_PART01.wav,reviewed,awarni rami teɛdu ssebt ɣar refjar n wass amezwaru n ssimana tusa dd maryam n majdala d maryam nneɣnit ḥima ad ssijjent x wenḍer,no
REC121_SEG0002_PART02,REC121,SPK009,train,vad_v2_spk009,16.544,28.52,11.976,data/processed/segments/REC121/REC121_SEG0002_PART02.wav,reviewed,xzar imsar ijjen wenhezzi n ṭammurṭ imɣar minzi lmalak n sidi ihwa dd zeg ujenna iqarreb dd isseqnunni tasḍart zeg wadaf uca iqqim xas,no
REC121_SEG0003_PART01,REC121,SPK009,train,vad_v2_spk009,29.464,42.08,12.616,data/processed/segments/REC121/REC121_SEG0003_PART01.wav,reviewed,tuɣa ssifet nnes am wajjaj u warruḍ nnes d acemrar am wedfer iɛessasen fecren zi teggʷudi zzayes uca dewren am yimettinen lmalak ittef deg wa,no
REC121_SEG0003_PART02,REC121,SPK009,train,vad_v2_spk009,42.08,54.696,12.616,data/processed/segments/REC121/REC121_SEG0003_PART02.wav,reviewed,war inna i temɣarin war tteggʷedent ca minzi ssneɣ aqa kennint tarezzunt x yasuɛ wenni ittwasellben war da idji minzi netta ikkar dd am mammec inna,no
REC121_SEG0004,REC121,SPK009,train,vad_v2_spk009,55.512,73.128,17.616,data/processed/segments/REC121/REC121_SEG0004.wav,reviewed,asent i dd da xzarent amcan mani tuɣa immars siditneɣ ruḥent deɣya inint i imeḥḍaren nnes aqa ittwassnekkar dd zi ṭaddarṭ n imettinen u xzar netta d awem i ɣa izwaren ɣar ljalil,no
REC121_SEG0005_PART01,REC121,SPK009,train,vad_v2_spk009,74.968,87.12,12.152,data/processed/segments/REC121/REC121_SEG0005_PART01.wav,reviewed,din ad t tzarem xzar aqa nniɣ awem tt ffɣent nitenti deɣya zeg wenḍer s tiggʷudi d refraḥet imɣaren ttazzrent ḥima ad tt xebbarent,no
REC121_SEG0005_PART02,REC121,SPK009,train,vad_v2_spk009,87.12,99.272,12.152,data/processed/segments/REC121/REC121_SEG0005_PART02.wav,reviewed,imeḥḍaren uca xzar yasuɛ irqa tent deg webrid inna asen sram xakent nitenti usint i dd ɣares ttfent deg iḍaren nnes uca sejdent as,no
REC121_SEG0006,REC121,SPK009,train,vad_v2_spk009,99.832,109.544,9.712,data/processed/segments/REC121/REC121_SEG0006.wav,reviewed,rexdenni inna asent yasuɛ war tteggʷedent ca ssiwḍent rexbar a i aytma ḥima ad raḥen ɣar ljalil diha ad ayi zaren,no
REC121_SEG0008_PART01,REC121,SPK009,train,vad_v2_spk009,116.056,129.92,13.864,data/processed/segments/REC121/REC121_SEG0008_PART01.wav,reviewed,am ruḥent xzar aqa ca zeg iɛessasen usin dd ɣar tendint ḥima ad xebbaren imeqqranen n ikehhanen x marra min imsaren rexdenni munen niṭni ak d imɣaren n rgens uca mcawaren akid,no
REC121_SEG0008_PART02,REC121,SPK009,train,vad_v2_spk009,129.92,143.784,13.864,data/processed/segments/REC121/REC121_SEG0008_PART02.wav,reviewed,sen uca wcin asen i iɛesskaryen ttmenyat n nnuqart war idji drus nnan inim imeḥḍaren nnes usin dd s djiret uca ucaren t am tuɣa nettes,no
REC121_SEG0009,REC121,SPK009,train,vad_v2_spk009,144.376,161.608,17.232,data/processed/segments/REC121/REC121_SEG0009.wav,reviewed,uca mara isra i t lɛamil ad t nesseqneɛ uca ad negg war tettirim deg imunas ttfen tmenyat n nnuqart uca ggin am mammec d asen ɛermen ammu i dd itteffeɣ rexbar a jar wudayen ar ass n yiḍa,no
REC121_SEG0010,REC121,SPK009,train,vad_v2_spk009,164.28,167.688,3.408,data/processed/segments/REC121/REC121_SEG0010.wav,reviewed,rumur ameqqran i ubarreḥ n rexbar asebḥan,no
REC121_SEG0011,REC121,SPK009,train,vad_v2_spk009,168.664,183.048,14.384,data/processed/segments/REC121/REC121_SEG0011.wav,reviewed,ḥiṭac n imeḥḍaren nni ruḥen ɣar ljalil ɣar wedrar mani ten yumur yasuɛ arami t zrin sejden as maca ca cekken iqarreb dd ɣarsen yasuɛ issiwer akidsen inna,no
REC121_SEG0012,REC121,SPK009,train,vad_v2_spk009,183.48,201.864,18.384,data/processed/segments/REC121/REC121_SEG0012.wav,reviewed,temmewc ayi marra ssulṭa deg ujenna u x ṭammurṭ am mammec i d ayi dd issekk baba ammu kenniw i ɣa ssekkeɣ necc ruḥem arrem marra regnus d imeḥḍaren inu u ssɣeḍsem ten s yisem n tbabat d tmemmit d arruḥ iqeddsen,no
REC121_SEG0013,REC121,SPK009,train,vad_v2_spk009,202.232,218.201,15.969,data/processed/segments/REC121/REC121_SEG0013.wav,reviewed,u sremdem asen ad ttfen ḍi marra min xef kenniw umureɣ zzayes u xzar necc aqa ayi akidwem marra ussan ar qettu n ddunect aneggar n l rexbar asebḥan iqeddsen am mammec t ibarreḥ matta,no
REC122_SEG0001,REC122,SPK009,train,vad_v2_spk009,1.656,8.072,6.416,data/processed/segments/REC122/REC122_SEG0001.wav,reviewed,rexbar asbḥan n yasuɛ lmasiḥ sufuss n markus twasit n yasuɛ lmasiḥ,no
REC122_SEG0002_PART01,REC122,SPK009,train,vad_v2_spk009,9.048,19.984,10.936,data/processed/segments/REC122/REC122_SEG0002_PART01.wav,reviewed,beddu n rexbar asbḥan n yasuɛ lmasiḥ mmis n arebbi am mammec tura deg wedlis n unabi icaɛya aqa necc ad ssekkeɣ zzat i wudem nnec arqq,no
REC122_SEG0002_PART02,REC122,SPK009,train,vad_v2_spk009,19.984,30.92,10.936,data/processed/segments/REC122/REC122_SEG0002_PART02.wav,reviewed,as inu wenni i ɣa isswejden abrid nnec tmijja n wenni isɣuyyun ḍi rexra swejdem abrid n sidi seggmem imesraq nnes,no
REC122_SEG0003,REC122,SPK009,train,vad_v2_spk009,31.64,38.184,6.544,data/processed/segments/REC122/REC122_SEG0003.wav,reviewed,tuɣa yuḥanna isseɣḍas ḍi rexra ittbarreḥ s useɣḍes n ttubet i weɣfar n ddnub,no
REC122_SEG0004_PART01,REC122,SPK009,train,vad_v2_spk009,38.84,49.44,10.6,data/processed/segments/REC122/REC122_SEG0004_PART01.wav,reviewed,ffɣen dd ɣares marra jjwayeh n yahudiyya d ayt n urcalim ttwassɣeḍsen zzayes deg iɣzar n l urdun am neɛɛmen s ddnub nsen tuɣa yuḥ,no
REC122_SEG0004_PART02,REC122,SPK009,train,vad_v2_spk009,49.44,60.04,10.6,data/processed/segments/REC122/REC122_SEG0004_PART02.wav,reviewed,anna yarḍ taḍuft n ireɣman ibekkes s yijjen webyas n yirem x tejɛinna nnes u tuɣa ittett iburexsen d tamment taḥurrect,no
REC122_SEG0005,REC122,SPK009,train,vad_v2_spk009,60.344,78.888,18.544,data/processed/segments/REC122/REC122_SEG0005.wav,reviewed,tuɣa ittbarreḥ iqqar ad dd yas awarni ayi wenni ijehden xafi wenni umi war sdihidjeɣ ad aḍareɣ maḥend ad fesyeɣ ifiran n sandaliyat nnes necc ssɣeḍseɣ kenniw deg waman maca netta ad kenniw isseɣḍes ḍi arruḥ iqeddsen,no
REC122_SEG0006_PART01,REC122,SPK009,train,vad_v2_spk009,81.336,94.976,13.64,data/processed/segments/REC122/REC122_SEG0006_PART01.wav,reviewed,asɣdes n yasuɛ deg wussan nni yusa dd yasuɛ zi nnasira ḍi ljalil ittwasseɣḍes zi yuḥanna deg yeɣzar n l urdun deɣya am dd igeɛɛed zeg waman,no
REC122_SEG0006_PART02,REC122,SPK009,train,vad_v2_spk009,94.976,108.616,13.64,data/processed/segments/REC122/REC122_SEG0006_PART02.wav,reviewed,izra ijenwan arzmen uca arruḥ am tedbirt tehwa dd xas tusa dd ict n tmijja zeg ijenwan cek d mmi iɛizzen dayek ufiɣ arḍa inu,no
REC122_SEG0007,REC122,SPK009,train,vad_v2_spk009,110.552,112.872,2.32,data/processed/segments/REC122/REC122_SEG0007.wav,reviewed,ajareb n yasuɛ ḍi rexra,no
REC122_SEG0008,REC122,SPK009,train,vad_v2_spk009,114.904,126.504,11.6,data/processed/segments/REC122/REC122_SEG0008.wav,reviewed,deɣya igewwed i t arruḥ ɣar rexra uca iqqim din ḍi rexra arebɛin n wussan ijarreb i t cciṭan tuɣa t ak d rewḥuc uca sexxarent xas lmalakat,no
REC122_SEG0009,REC122,SPK009,train,vad_v2_spk009,128.408,130.92,2.512,data/processed/segments/REC122/REC122_SEG0009.wav,reviewed,araɣi n imeḥḍaren imezwura,no
REC122_SEG0010,REC122,SPK009,train,vad_v2_spk009,132.6,148.04,15.44,data/processed/segments/REC122/REC122_SEG0010.wav,reviewed,awarni rami ttfen yuḥanna yudef dd yasuɛ ɣar ljalil ittbarreḥ s rexbar asebḥan n tgeldit inna aqa rweqt tiweḍ dd tqarreb dd tgeldit n arebbi tubem amnem ḍi rexbar asebḥan,no
REC122_SEG0011_PART01,REC122,SPK009,train,vad_v2_spk009,148.728,160.336,11.608,data/processed/segments/REC122/REC122_SEG0011_PART01.wav,reviewed,am tuɣa iggur ɣar rebḥar n ljalil izra cimɛun d andrawus umas nettaren tracca ḍi rebḥar maɣar niṭni d ineymaren n iser,no
REC122_SEG0011_PART02,REC122,SPK009,train,vad_v2_spk009,160.336,171.944,11.608,data/processed/segments/REC122/REC122_SEG0011_PART02.wav,reviewed,man inna asen yasuɛ asem dd awarni ayi uca ad kenniw arreɣ d ineymaren n yewdan rexdenni jjin tiracciwin nsen uca ḍfaren t,no
REC122_SEG0012,REC122,SPK009,train,vad_v2_spk009,172.6,190.76,18.16,data/processed/segments/REC122/REC122_SEG0012.wav,reviewed,xenni awarni rami iɛdu cwayt ssenni izra yaɛqub mmis n zabdi d umas yuḥanna ḍi tɣarrabut ɛedren tiracciwin nsen iraɣa xasen uca rexdenni jjin babatsen zabdi ak d ixemmasen ḍi tɣarrabut uca ḍfaren t,no
REC122_SEG0014,REC122,SPK009,train,vad_v2_spk009,199.064,205.896,6.832,data/processed/segments/REC122/REC122_SEG0014.wav,reviewed,xeccen ɣar kafarnaḥum uca deɣya ibda issermad ḍi ssebt ḍi temzida,no
REC122_SEG0015_PART01,REC122,SPK009,train,vad_v2_spk009,206.52,220.784,14.264,data/processed/segments/REC122/REC122_SEG0015_PART01.wav,reviewed,tbehten zeg usermed nnes minzi issermed i ten am wenni ɣar tedja ssulṭa war idji am yimsermaden n idlisen tuɣa ḍi temzida nsen ijjen bnaḍem ḍayes ijjen raryaḥ d amen,no
REC122_SEG0015_PART02,REC122,SPK009,train,vad_v2_spk009,220.784,235.048,14.264,data/processed/segments/REC122/REC122_SEG0015_PART02.wav,reviewed,gus isɣuyyu iqqar min din jar aneɣ neccin d cek a yasuɛ nnasiri ma tusid dd ḥima ad aneɣ tesshellked aqa necc ssneɣ cek min teɛnid aqa cek d amqeddas n arebbi,no
REC122_SEG0016,REC122,SPK009,train,vad_v2_spk009,235.64,248.36,12.72,data/processed/segments/REC122/REC122_SEG0016.wav,reviewed,uca iɛrem as yasuɛ inna as sqar ffeɣ zzayes ijebd i t raryaḥ amengus isɣuy s ict n tɣuyyit tejhed,no
REC122_SEG0017_PART01,REC122,SPK009,train,vad_v2_spk009,249.24,259.264,10.024,data/processed/segments/REC122/REC122_SEG0017_PART01.wav,reviewed,marra mmseqsan ak d wayawya nnan man aya mana taɣuri ya n jdid minzi s ssulṭa yumur,no
REC122_SEG0017_PART02,REC122,SPK009,train,vad_v2_spk009,259.264,269.288,10.024,data/processed/segments/REC122/REC122_SEG0017_PART02.wav,reviewed,ura d raryaḥ imengas uca at ttaɛen rexdenni iffeɣ rexbar nnes ɣar marra jjwayeh i d as dd innḍen i ljalil,no
REC122_SEG0018,REC122,SPK009,train,vad_v2_spk009,272.28,283.368,11.088,data/processed/segments/REC122/REC122_SEG0018.wav,reviewed,asgenfi n tḍekkwac n buṭrus awarni rami dd ffɣen zi temzida ruḥen ɣar ṭaddarṭ n cimɛun d andrawus ak d yaɛqub d yuḥanna,no
REC122_SEG0019_PART01,REC122,SPK009,train,vad_v2_spk009,284.216,297.376,13.16,data/processed/segments/REC122/REC122_SEG0019_PART01.wav,reviewed,tuɣa taḍekkwac n cimɛun tezzer s ṭmessi uca niṭni ssiwren xas akides iqarreb dd ɣares icebbar deg ufus nnes issgeɛɛed i tt i dd deɣya,no
REC122_SEG0019_PART02,REC122,SPK009,train,vad_v2_spk009,297.376,310.536,13.16,data/processed/segments/REC122/REC122_SEG0019_PART02.wav,reviewed,tejja xas ṭmessi uca nettat tebda tettsexxar xasen rami dd tiweḍ tmeddit tafuct truḥ ad teɣri iwyen ɣares marra imehrac d imaryaḥ,no
REC122_SEG0020,REC122,SPK009,train,vad_v2_spk009,311.224,322.408,11.184,data/processed/segments/REC122/REC122_SEG0020.wav,reviewed,tuɣa tandint marra tmun ɣar tewwart issgenfa attas n imeḥrac s ɛram kur rehracat uca issuffeɣ attas n waryaḥ iɛeffanen,no
REC122_SEG0021,REC122,SPK009,train,vad_v2_spk009,323.096,327.688,4.592,data/processed/segments/REC122/REC122_SEG0021.wav,reviewed,war ijji ccwaṭen ad ssiwren minzi ssnen t,no
REC122_SEG0022,REC122,SPK009,train,vad_v2_spk009,330.904,333.448,2.544,data/processed/segments/REC122/REC122_SEG0022.wav,reviewed,izzudj yasuɛ ɣar ssbeḥ zic,no
REC122_SEG0023_PART01,REC122,SPK009,train,vad_v2_spk009,333.944,348.596,14.652,data/processed/segments/REC122/REC122_SEG0023_PART01.wav,reviewed,tiwecca zic tuɣa ɛad d djiret ikkar uca iffeɣ ɣar ijjen wemcan ixran tuɣa ittzadja din cimɛun d yinni tuɣa akides arzun xas rami t ufin nnan as marra iwḍan,no
REC122_SEG0023_PART02,REC122,SPK009,train,vad_v2_spk009,348.596,363.248,14.652,data/processed/segments/REC122/REC122_SEG0023_PART02.wav,reviewed,arezzun xak inna asen ittxessa ad nraḥ ɣar dcurat d tneddam yudsen ḥima ad din barrḥeɣ ɛawed minzi aqa i uya umi dd usiɣ tuɣa issermad ḍi temzidawin nsen,no
REC122_SEG0024,REC122,SPK009,train,vad_v2_spk009,363.248,366.856,3.608,data/processed/segments/REC122/REC122_SEG0024.wav,reviewed,ḍi marra ljalil u issuffuɣ ccwaṭen,no
REC122_SEG0025,REC122,SPK009,train,vad_v2_spk009,370.392,373.352,2.96,data/processed/segments/REC122/REC122_SEG0025.wav,reviewed,asgenfi n ijjen bnaḍem ḍayes rbars,no
REC122_SEG0026,REC122,SPK009,train,vad_v2_spk009,374.584,385.256,10.672,data/processed/segments/REC122/REC122_SEG0026.wav,reviewed,yusa dd ɣares ijjen ḍayes rbars iwḍa ɣar iḍaren nnes ittar as inna mara texsed tzemmared ad ayi tessizdeged,no
REC122_SEG0027,REC122,SPK009,train,vad_v2_spk009,386.104,400.36,14.256,data/processed/segments/REC122/REC122_SEG0027.wav,reviewed,izzidjez i yasuɛ isswizzeḍ afus nnes iḥada i t inna as xseɣ iwa dwer d amezdag ḍi ṭsaɛɛet nni am tyinna rexdenni iruḥ xas rbars uca iḍwer izdig,no
REC122_SEG0028,REC122,SPK009,train,vad_v2_spk009,401.24,419.016,17.776,data/processed/segments/REC122/REC122_SEG0028.wav,reviewed,awarni rami d as iɛrem issekk i t rexdenni inna as xzar war t ttɛiwid ura i yijjen maca ruḥ scen ixef nnec i ukehhan uca ewc x usizdeg nnec min yumur musa maḥend ad tcehded i niṭni,no
REC122_SEG0029,REC122,SPK009,train,vad_v2_spk009,419.768,435.464,15.696,data/processed/segments/REC122/REC122_SEG0029.wav,reviewed,maca rami iruḥ ibda ittbarreḥ attas issuffeɣ rexbar arami war izemmar yasuɛ ad yadef ɣar tandint s bṭayṭay maca tuɣa t barra deg imucan ixran tuɣa ttasen dd ɣares zi kur jjwayeh,no
REC123_SEG0001_PART01,REC123,SPK009,train,vad_v2_spk009,0.28,11.536,11.256,data/processed/segments/REC123/REC123_SEG0001_PART01.wav,reviewed,asgenfi n ijjen uneɛḍab yudef yasuɛ ɛawed ɣar kafarnaḥum rami srin belli aqa t ḍi ṭaddarṭ munen xas wattas n iwḍan,no
REC123_SEG0002,REC123,SPK009,train,vad_v2_spk009,23.16,39.432,16.272,data/processed/segments/REC123/REC123_SEG0002.wav,reviewed,arbun t i dd jar asen arebɛa n yeryazen minzi war zemmaren ad ɣares dd qarrben zi ssibbet n rɣaci gaɛɛden x tzeqqa ksin cwayt zi tzeqqa sennej amcan mani tuɣa yasuɛ uca ssehwan dd tassut min xef izzer uneɛḍab,no
REC123_SEG0003,REC123,SPK009,train,vad_v2_spk009,39.864,58.248,18.384,data/processed/segments/REC123/REC123_SEG0003.wav,reviewed,umi izra yasuɛ l iman nsen inna i uneɛḍab a mmi aqa ddnub nnec ttwaɣfaren tuɣa qqimen din ca n imsermaden n idlisen d ifarisiyyen ttxarrasen deg wur nsen min iɛna wa i ittceqqafen ammu wi izemmaren ad iɣfar ddnub mɣir arebbi weḥḥdes,no
REC123_SEG0004,REC123,SPK009,train,vad_v2_spk009,58.68,76.2,17.52,data/processed/segments/REC123/REC123_SEG0004.wav,reviewed,rexdenni yuca yasuɛ s arruḥ nnes belli aqa ttxarrasen ammu deg ixef nsen inna asen mayemmi tettxemmamem ḍi man aya deg wurawen nwem min ihewnen ad iniɣ i uneɛḍab ttwaɣfaren ddnub nnec niɣ ad iniɣ kkar ksi tassut nnec uca uyur,no
REC123_SEG0005_PART01,REC123,SPK009,train,vad_v2_spk009,76.6,87.952,11.352,data/processed/segments/REC123/REC123_SEG0005_PART01.wav,reviewed,maca ḥima ad tessnem belli mmis n bnaḍem ɣares ssulṭa x ṭammurṭ maḥend ad iɣfar ddnub inna xenni i uneɛḍab necc ad ac iniɣ kkar ksi tassut nnec truḥed ɣar ṭaddarṭ nnec,no
REC123_SEG0005_PART02,REC123,SPK009,train,vad_v2_spk009,87.952,99.304,11.352,data/processed/segments/REC123/REC123_SEG0005_PART02.wav,reviewed,deɣya ikkar rexdenni iksi tassut nnes uca iffeɣ qibac i marra iwḍan arami tbehten marra ssemɣaren ḍi arebbi nnan ɛemmas war nezri man aya,no
REC123_SEG0006_PART01,REC123,SPK009,train,vad_v2_spk009,100.408,113.28,12.872,data/processed/segments/REC123/REC123_SEG0006_PART01.wav,reviewed,araɣi n matta lawi xenni iffeɣ ɛawed ɣar rebḥar uca yusa dd ɣares rɣaci marra uca issermed i ten am yeɛdu ibarq lawi mmis n ḥalfa iqqim ɣar ṭaddarṭ n ḍḍariba,no
REC123_SEG0006_PART02,REC123,SPK009,train,vad_v2_spk009,113.28,126.152,12.872,data/processed/segments/REC123/REC123_SEG0006_PART02.wav,reviewed,uca inna as ḍfar ayi dd ikkar uca iḍfar i t am iqqim netta ɣar umensi ḍi ṭaddarṭ nnes tuɣa attas n ayt n ḍḍariba d imednab qqimen ak d yasuɛ d imeḥḍaren nnes,no
REC123_SEG0007_PART01,REC123,SPK009,train,vad_v2_spk009,126.456,140.624,14.168,data/processed/segments/REC123/REC123_SEG0007_PART01.wav,reviewed,minzi tuɣa aten deg wattas uca ḍfaren t umi zrin imsermaden n idlisen d ifarisiyyen aqa ittett ak d ayt n ḍḍariba d imednab nnan i imeḥḍaren nnes mayemmi ittett isess ak d ayt n,no
REC123_SEG0007_PART02,REC123,SPK009,train,vad_v2_spk009,140.624,154.792,14.168,data/processed/segments/REC123/REC123_SEG0007_PART02.wav,reviewed,ḍḍariba d imednab rami isra yasuɛ man aya inna asen inni iseḥḥen war ḥdijen ca aḍbib maca imehrac wah aqa war dd usiɣ ḥima ad raɣiɣ i yinni iseggden maca i imednab,no
REC123_SEG0008,REC123,SPK009,train,vad_v2_spk009,155.832,168.456,12.624,data/processed/segments/REC123/REC123_SEG0008.wav,reviewed,aseqsi x uzummi tuɣa imeḥḍaren n yuḥanna amseɣḍas d ifarisiyyen ttzumman uca xenni usin dd ɣares nnan as mayemmi ttzumman imeḥḍaren n yuḥanna d ifarisiyyen,no
REC123_SEG0009_PART01,REC123,SPK009,train,vad_v2_spk009,169.08,182.656,13.576,data/processed/segments/REC123/REC123_SEG0009_PART01.wav,reviewed,maca imeḥḍaren nnec war ttzummin ca inna asen yasuɛ ma zemmaren tarwa n umuray ad zummen d umuray ɛad akidsen lla,no
REC123_SEG0009_PART02,REC123,SPK009,train,vad_v2_spk009,182.656,196.232,13.576,data/processed/segments/REC123/REC123_SEG0009_PART02.wav,reviewed,maca ad dd asen wussan xmi d ɣa immeksi umuray xasen uca xenni ad zummen deg wussan nni war idji ḥed ittxeyyeḍ taneqqic zi tcuqqet n jdid x warruḍ aqdim,no
REC123_SEG0010_PART01,REC123,SPK009,train,vad_v2_spk009,196.44,208.096,11.656,data/processed/segments/REC123/REC123_SEG0010_PART01.wav,reviewed,niɣ xenni taneqqic nni n jdid ad teqreɛ zeg warruḍ aburay uca ad iḍwer ucarreg imɣar ura d ijj war ittfarreɣ binu n jdid ḍi txuncay tiqdimin,no
REC123_SEG0010_PART02,REC123,SPK009,train,vad_v2_spk009,208.096,219.752,11.656,data/processed/segments/REC123/REC123_SEG0010_PART02.wav,reviewed,ḥima binu n jdid war ittcarrig tixuncay u tixuncay ad ḍeyyɛent uca binu ad izedjeɛ maca ittxessa ad ittwaffareɣ binu n jdid ḍi txuncay n jdid,no
REC123_SEG0011,REC123,SPK009,train,vad_v2_spk009,220.888,223.24,2.352,data/processed/segments/REC123/REC123_SEG0011.wav,reviewed,lmasiḥ d bab n ssebt,no
REC123_SEG0012_PART01,REC123,SPK009,train,vad_v2_spk009,223.704,238.612,14.908,data/processed/segments/REC123/REC123_SEG0012_PART01.wav,reviewed,xenni imsar aqa icuq yasuɛ deg iyyaren n imendi ḍi ssebt uca imeḥḍaren nnes bdan reqqḍen tidrin am gguren nnan as ifarisiyyen xzar mayemmi tteggen ḍi ssebt min war iḥedjren inna asen,no
REC123_SEG0012_PART02,REC123,SPK009,train,vad_v2_spk009,238.612,253.52,14.908,data/processed/segments/REC123/REC123_SEG0012_PART02.wav,reviewed,yasuɛ ma war teɣrim qaɛ min igga dawud rami tuɣa ittwaḥsar ittef i t raz netta d yinni akides mammec dd yudef ɣar ṭaddarṭ n arebbi deg wussan n abyatar arrays n ikehhanen uca icca aɣrum,no
REC123_SEG0013,REC123,SPK009,train,vad_v2_spk009,253.52,270.864,17.344,data/processed/segments/REC123/REC123_SEG0013.wav,reviewed,n wescan n sidi i war iḥedjren ad t ccen mɣir ikehhanen waha uca iwca ɛawed i yinni tuɣa akides xenni inna asen aqa ass n ssebt ittwagg i bnaḍem war idji bnaḍem i ssebt ammu i idja mmis n bnaḍem ura d bab n ssebt,no
REC124_SEG0001,REC124,SPK009,train,vad_v2_spk009,0.696,2.856,2.16,data/processed/segments/REC124/REC124_SEG0001.wav,reviewed,asgenfi deg wass n ssebt,no
REC124_SEG0002,REC124,SPK009,train,vad_v2_spk009,3.64,15.528,11.888,data/processed/segments/REC124/REC124_SEG0002.wav,reviewed,uca yudef dd yasuɛ ɛawed ɣar temzida tuɣa din ijjen weryaz afus nnes iqucceḥ bdan ḥettan t ma ad taɣ ad t issgenfa ḍi ssebt ḥima zemmaren ad zzayes cetcan,no
REC124_SEG0003_PART01,REC124,SPK009,train,vad_v2_spk009,15.864,28.256,12.392,data/processed/segments/REC124/REC124_SEG0003_PART01.wav,reviewed,inna as i weryaz wenni ɣar idja afus iqucceḥ bedd ḍi rwesṭ xenni inna asen ma iḥedjer ḍi ssebt ad itwag min icnan niɣ min iddjan daɛfan,no
REC124_SEG0003_PART02,REC124,SPK009,train,vad_v2_spk009,28.256,40.648,12.392,data/processed/segments/REC124/REC124_SEG0003_PART02.wav,reviewed,issenjem ijjen reɛmar niɣ ad t yareddedj maca niṭni sqaren ixzar ɣar yinni d as dd innḍen s tefqeḥt zi ssibbet n reqsaḥet n wurawen nsen uca inna i weryaz,no
REC124_SEG0004,REC124,SPK009,train,vad_v2_spk009,40.888,56.776,15.888,data/processed/segments/REC124/REC124_SEG0004.wav,reviewed,swizzeḍ afus nnec isswizzeḍ i t i dd iḍwer ufus nnes iseḥḥ ɛawed rexdenni ffɣen ifarisiyyen ak d ca zi ṭaddarṭ n hirudus uca mcawaren xas mammec ɣa ggen ad t aredddjen,no
REC124_SEG0005,REC124,SPK009,train,vad_v2_spk009,58.68,62.76,4.08,data/processed/segments/REC124/REC124_SEG0005.wav,reviewed,yasuɛ isscen ssulṭa nnes x raryaḥ imengas,no
REC124_SEG0006,REC124,SPK009,train,vad_v2_spk009,63.736,81.16,17.424,data/processed/segments/REC124/REC124_SEG0006.wav,reviewed,iffeɣ yasuɛ ak d imeḥḍaren nnes ɣar rebḥar uca yarni iḍeffar i t dd rɣaci attas zi ljalil zi yahudiyya zi urcalim zi idumiya zeg ujemmaḍ n l urdun zi sur u zi saydun aqa ijjen rɣaci d ameqqran,no
REC124_SEG0008_PART01,REC124,SPK009,train,vad_v2_spk009,86.136,98.992,12.856,data/processed/segments/REC124/REC124_SEG0008_PART01.wav,reviewed,inna i imeḥḍaren nnes maḥend ad awyen ict n tɣarrabut ɣares s ssibbet n rɣaci ḥima war t ddeḥḥsen minzi tuɣa issgenfa din attas arami xas,no
REC124_SEG0008_PART02,REC124,SPK009,train,vad_v2_spk009,98.992,111.848,12.856,data/processed/segments/REC124/REC124_SEG0008_PART02.wav,reviewed,wḍan ḥima ad t awḍen ad t ḥadan uca raryaḥ imengas wḍan zzates ɣar iḍaren nnes rami t zrin sɣuyen qqan aqa cek d mmis n arebbi,no
REC124_SEG0009,REC124,SPK009,train,vad_v2_spk009,112.12,116.552,4.432,data/processed/segments/REC124/REC124_SEG0009.wav,reviewed,maca iwessa ten attas ḥima war xas ssuffuɣen rexbar,no
REC124_SEG0010,REC124,SPK009,train,vad_v2_spk009,121.016,123.976,2.96,data/processed/segments/REC124/REC124_SEG0010.wav,reviewed,yasuɛ ixḍar ṭenɛac n rrusul nnes,no
REC124_SEG0011_PART01,REC124,SPK009,train,vad_v2_spk009,124.6,139.168,14.568,data/processed/segments/REC124/REC124_SEG0011_PART01.wav,reviewed,xas uca yuri ɣar wedrar iraɣa dd ɣares inni ixs uca usin dd ɣares igga ṭenɛac ḥima ad kides irin u ḥima ad ten issekk maḥend ad barrḥen s rexbar asebḥan uca,no
REC124_SEG0011_PART02,REC124,SPK009,train,vad_v2_spk009,139.168,153.736,14.568,data/processed/segments/REC124/REC124_SEG0011_PART02.wav,reviewed,maḥend ad ɣarsen tiri ssulṭa x usgenfi n rehrac u x usuffeɣ n raryaḥ iɛeffanen cimɛun igga as buṭrus isem wanita ixs ad yini azru d yaɛqub mmis n zabdi d yuḥanna umas n yaɛqub,no
REC124_SEG0012_PART01,REC124,SPK009,train,vad_v2_spk009,153.752,166.016,12.264,data/processed/segments/REC124/REC124_SEG0012_PART01.wav,reviewed,isemma aten buwanirjis min ixs ad yini ayt n wajjaj uca ifarz ɛawed andrawus d filippus d bar tulumawus,no
REC124_SEG0012_PART02,REC124,SPK009,train,vad_v2_spk009,166.016,178.28,12.264,data/processed/segments/REC124/REC124_SEG0012_PART02.wav,reviewed,d matta d tuma d yaɛqub mmis n ḥalfa d taddawus d cimɛun wenni umi ttkennan amɛessab d yahuda isxariyuṭi wenni t i ɣa iɣdaren,no
REC124_SEG0013,REC124,SPK009,train,vad_v2_spk009,180.696,182.984,2.288,data/processed/segments/REC124/REC124_SEG0013.wav,reviewed,yasuɛ d beɛalzabub,no
REC124_SEG0014_PART01,REC124,SPK009,train,vad_v2_spk009,183.512,198.064,14.552,data/processed/segments/REC124/REC124_SEG0014_PART01.wav,reviewed,usin dd ɣar ṭaddarṭ uca inneyru din ɛawed rɣaci arami war ufin tawwart x macca n weɣrum umi srin radj nnes man aya ffɣen dd ḥima ad t ttfen minzi nnan aqa,no
REC124_SEG0014_PART02,REC124,SPK009,train,vad_v2_spk009,198.064,212.616,14.552,data/processed/segments/REC124/REC124_SEG0014_PART02.wav,reviewed,ibbuhri maca imsermaden n idlisen inni dd ihwan zi urcalim nnan aqa ḍayes beɛalzabub uca nnan ɛawed s umeqqran n raryaḥ iɛeffanen issuffuɣ raryaḥ iɛeffanen,no
REC124_SEG0015_PART01,REC124,SPK009,train,vad_v2_spk009,212.632,226.08,13.448,data/processed/segments/REC124/REC124_SEG0015_PART01.wav,reviewed,iraɣa asen dd uca issiwer akidsen s imedya mammec izemmar cciṭan ad issuffeɣ cciṭan maɣar mara temsebḍa ict n tgeldit x yixef nnes war tzemmar tgeldit nni ad tbedd,no
REC124_SEG0015_PART02,REC124,SPK009,train,vad_v2_spk009,226.08,239.528,13.448,data/processed/segments/REC124/REC124_SEG0015_PART02.wav,reviewed,mara temsebḍa ijjen ṭaddarṭ x yixef nnes war tzemmar ṭaddarṭ nni ad tbedd mara ikkar cciṭan ḍidd i yixef nnes xenni war ittiri d ijjen uca war izemmar ad ibedd,no
REC124_SEG0016,REC124,SPK009,train,vad_v2_spk009,240.088,243.496,3.408,data/processed/segments/REC124/REC124_SEG0016.wav,reviewed,maca ad yiri man aya d aneggar nnes,no
REC124_SEG0017,REC124,SPK009,train,vad_v2_spk009,244.248,255.24,10.992,data/processed/segments/REC124/REC124_SEG0017.wav,reviewed,war izemmar ḥed ad yadef ɣar ṭaddarṭ n wenni ijehden maḥend ad ikecceḍ reqcuɛ nnes mara war icarf wenni ijehden amezwar,no
REC124_SEG0018_PART01,REC124,SPK009,train,vad_v2_spk009,255.704,269.568,13.864,data/processed/segments/REC124/REC124_SEG0018_PART01.wav,reviewed,xenni izemmar ad ikecceḍ ṭaddarṭ nnes s tidett necc ad awem iniɣ belli ad asen ttwaɣfaren i tarwa n bnaḍem marra ddnub nsen ura d aceqqef i zi ɣa ceqqfen maca wenni i ɣa,no
REC124_SEG0018_PART02,REC124,SPK009,train,vad_v2_spk009,269.568,283.432,13.864,data/processed/segments/REC124/REC124_SEG0018_PART02.wav,reviewed,iceqqfen ḍi arruḥ iqeddsen war ɣares bu weɣfar qaɛ maca aqa ittwaḥkem xas s rḥukm ittduman minzi niṭni nnan aqa ḍayes raryaḥ amengus,no
REC124_SEG0019_PART01,REC124,SPK009,train,vad_v2_spk009,287.16,297.568,10.408,data/processed/segments/REC124/REC124_SEG0019_PART01.wav,reviewed,yemmas d aytmas n yasuɛ rexdenni tusa d aytmas dd yemmas bedden barra i ṭaddarṭ uca ssekken dd ɣares raɣan as dd,no
REC124_SEG0019_PART02,REC124,SPK009,train,vad_v2_spk009,297.568,307.976,10.408,data/processed/segments/REC124/REC124_SEG0019_PART02.wav,reviewed,maca rɣaci qqimen nnḍen as dd nnan as xzar yemmac d aytmac aqa aten ḍi barra arezzun xak yarra dd xasen inna,no
REC124_SEG0020,REC124,SPK009,train,vad_v2_spk009,308.44,326.504,18.064,data/processed/segments/REC124/REC124_SEG0020.wav,reviewed,man ten i idjan d yemma u man yen i idjan d aytma uca umi ixzar ɣar yinni ɣares iqqimen inna xzar aqa yemma d aytma minzi wenni itteggen min ixs arebbi d netta d uma d ucma d yemma,no
REC125_SEG0001,REC125,SPK009,train,vad_v2_spk009,0.76,2.632,1.872,data/processed/segments/REC125/REC125_SEG0001.wav,reviewed,amedya n umzzariɛ,no
REC125_SEG0002,REC125,SPK009,train,vad_v2_spk009,3.32,15.976,12.656,data/processed/segments/REC125/REC125_SEG0002.wav,reviewed,ibda issermad ɛawed ɣar rebḥar u imun dd xas rɣaci attas arami yenya ḍi tɣarrabut uca iqqim ḍayes x rebḥar am rɣaci marra tuɣa t x tma n rebḥar x rbarr,no
REC125_SEG0003,REC125,SPK009,train,vad_v2_spk009,16.856,33.0,16.144,data/processed/segments/REC125/REC125_SEG0003.wav,reviewed,tuɣa issermad i ten s imedya attas inna ḍi tɣuri nnes srem xzar ijjen ufedjaḥ iffeɣ ḥima ad izarɛ am tuɣa izarreɛ tewḍa ca n zzariɛet x tma n webrid,no
REC125_SEG0004_PART01,REC125,SPK009,train,vad_v2_spk009,33.528,43.728,10.2,data/processed/segments/REC125/REC125_SEG0004_PART01.wav,reviewed,ixecc dd ijjen ujḍiḍ ineqb i tt tewḍa ca n zzariɛet nneɣni x wezru mani war ḍayes tuɣi bu ucar attas deɣya teɣmi,no
REC125_SEG0004_PART02,REC125,SPK009,train,vad_v2_spk009,43.728,53.928,10.2,data/processed/segments/REC125/REC125_SEG0004_PART02.wav,reviewed,s minzi ṭammurṭ war tudjiɣ maca umi dd tenqar tfuct tecmeḍ minzi war ɣares tuɣi bu wezwar xenni tisraw,no
REC125_SEG0005_PART01,REC125,SPK009,train,vad_v2_spk009,54.456,68.416,13.96,data/processed/segments/REC125/REC125_SEG0005_PART01.wav,reviewed,tewḍa ca n zzariɛet nneɣni jar isennanen uca mɣaren xas isennanen uca jeyyḥen tt war tewci ca rɣidjet tewḍa ca n zzariɛet nneɣni x ṭammurṭ tesbeḥ uca teɣmi tegma tewca rɣidjet,no
REC125_SEG0005_PART02,REC125,SPK009,train,vad_v2_spk009,68.416,82.376,13.96,data/processed/segments/REC125/REC125_SEG0005_PART02.wav,reviewed,ca n zzariɛet tusa dd s tratin ca s settin u ca s mya n tseqqar xenni inna wenni ɣar idja imezzuɣen i usedji ejj i t ad iser,no
REC125_SEG0006,REC125,SPK009,train,vad_v2_spk009,83.672,93.576,9.904,data/processed/segments/REC125/REC125_SEG0006.wav,reviewed,maymi issiwer yasuɛ s imedya umi tuɣa aten weḥḥedsen sseqsan t inni d as dd innḍen jmiɛ ak d ṭenɛac x umedya nni,no
REC125_SEG0007_PART01,REC125,SPK009,train,vad_v2_spk009,94.424,106.272,11.848,data/processed/segments/REC125/REC125_SEG0007_PART01.wav,reviewed,inna asen aqa immewc awem maḥend ad tessnem ssirr n tgeldit n arebbi maca inni ḍi barra ad asen yiri kurci s imedya ḥima am ttwaran,no
REC125_SEG0007_PART02,REC125,SPK009,train,vad_v2_spk009,106.272,118.12,11.848,data/processed/segments/REC125/REC125_SEG0007_PART02.wav,reviewed,ad ttwaran uca war ttwirin am ttesran ttesran uca war fehhmen ḥima war ttetuben uca ad asen ittwaɣfar ddnub nsen,no
REC125_SEG0008,REC125,SPK009,train,vad_v2_spk009,120.792,127.752,6.96,data/processed/segments/REC125/REC125_SEG0008.wav,reviewed,afsar n umedya n zzariɛet inna asen ma war tefhimem ca i umedya ya,no
REC125_SEG0009,REC125,SPK009,train,vad_v2_spk009,128.824,132.264,3.44,data/processed/segments/REC125/REC125_SEG0009.wav,reviewed,mammec i ɣa tessnem marra imettiren a,no
REC125_SEG0010_PART01,REC125,SPK009,train,vad_v2_spk009,132.632,145.728,13.096,data/processed/segments/REC125/REC125_SEG0010_PART01.wav,reviewed,afedjaḥ nni izarɛen izarreɛ awar ina aqa d inni x webrid aqa yina d yinni ḍaysen ittwazarɛ wawar maca awarni rami d as srin rexdenni yusa dd cciṭan,no
REC125_SEG0010_PART02,REC125,SPK009,train,vad_v2_spk009,145.728,158.824,13.096,data/processed/segments/REC125/REC125_SEG0010_PART02.wav,reviewed,uca ikkes awar i ittwazarɛen deg wurawen nsen uca yina d inni ittwazarɛen x ṭammurṭ uḥejri aqa yina d inni xmi ɣa sren awar,no
REC125_SEG0011,REC125,SPK009,train,vad_v2_spk009,159.224,169.8,10.576,data/processed/segments/REC125/REC125_SEG0011.wav,reviewed,ad t qebren deɣya s refraḥet maca war ɣarsen bu jjadira deg ixef nsen maca ad qqimen ɣar ijjen rmijar,no
REC125_SEG0012_PART01,REC125,SPK009,train,vad_v2_spk009,170.328,184.352,14.024,data/processed/segments/REC125/REC125_SEG0012_PART01.wav,reviewed,mara temsar rmeḥnet niɣ umarret ḍi ssibbet n wawar ad nqarḍen deɣya uca yina d inni ittwazarɛen jar isennanen aqa yina d inni xmi ɣa sre,no
REC125_SEG0012_PART02,REC125,SPK009,train,vad_v2_spk009,184.352,198.376,14.024,data/processed/segments/REC125/REC125_SEG0012_PART02.wav,reviewed,n awar ad ɣarsen dd adfent tḥissaf n ddunect a d uɣekkʷi n wagra d marra nnecwat inneɣni ad jeyyfent awar xenni,no
REC125_SEG0013_PART01,REC125,SPK009,train,vad_v2_spk009,198.392,208.432,10.04,data/processed/segments/REC125/REC125_SEG0013_PART01.wav,reviewed,idakkʷar wawar bra rɣidjet uca yina d inni ittwazarɛen x ṭammurṭ isebḥen aqa yina d inni xmi,no
REC125_SEG0013_PART02,REC125,SPK009,train,vad_v2_spk009,208.432,218.472,10.04,data/processed/segments/REC125/REC125_SEG0013_PART02.wav,reviewed,ɣa sren awar ad t qebren ad wcen rɣidjet ca zzaysen tratin inneɣni settin u inneɣni mya n tseqqar,no
REC125_SEG0014,REC125,SPK009,train,vad_v2_spk009,220.632,223.816,3.184,data/processed/segments/REC125/REC125_SEG0014.wav,reviewed,amedya n rqendir inna asen,no
REC125_SEG0015,REC125,SPK009,train,vad_v2_spk009,224.568,230.152,5.584,data/processed/segments/REC125/REC125_SEG0015.wav,reviewed,ma ad dd asen s rqendir ḥima ad immars sadu rkkʷarbed niɣ sadu qama,no
REC125_SEG0016_PART01,REC125,SPK009,train,vad_v2_spk009,230.744,243.36,12.616,data/processed/segments/REC125/REC125_SEG0016_PART01.wav,reviewed,ma war ittmarsi ca x rmerfeɛ minzi war din min inuffaren war dd ittwassargeb uca war din ura d ict n rḥajjeṭ ḍi tnuffra war tetwasseḍhari mara din ḥed i ɣar,no
REC125_SEG0016_PART02,REC125,SPK009,train,vad_v2_spk009,243.36,255.976,12.616,data/processed/segments/REC125/REC125_SEG0016_PART02.wav,reviewed,idja imezzuɣen i usedji ejj i t ad iser inna asen ḥḍam min ɣa tesrem s reqyas nni zzayes i ɣa teɛbarem zzayes i d awem ɣa ɛbaren ɛawed,no
REC125_SEG0017,REC125,SPK009,train,vad_v2_spk009,256.088,270.824,14.736,data/processed/segments/REC125/REC125_SEG0017.wav,reviewed,uca i kenniw inni ittesran ad asen immarni ɛad minzi wenni ɣar idja ad as immarni u wenni war ɣar idji ura d min ɣares ad as ittwakkes,no
REC125_SEG0018,REC125,SPK009,train,vad_v2_spk009,273.912,277.576,3.664,data/processed/segments/REC125/REC125_SEG0018.wav,reviewed,amedya n zzariɛet d tgeldit n arebbi,no
REC125_SEG0019_PART01,REC125,SPK009,train,vad_v2_spk009,278.072,290.94,12.868,data/processed/segments/REC125/REC125_SEG0019_PART01.wav,reviewed,inna s uyenni ad tiri tageldit n arebbi am yijjen weryaz inettar zzariɛet ḍi ṭammurṭ xenni ad ittes ad dd ikkar djiret d wass,no
REC125_SEG0019_PART02,REC125,SPK009,train,vad_v2_spk009,290.94,303.808,12.868,data/processed/segments/REC125/REC125_SEG0019_PART02.wav,reviewed,uca zzariɛet ad tgeɛɛed ad tegma maca netta war issin mammec minzi ṭammurṭ tettawi dd rɣidjet s yixef nnes amezwar aɣemmuy,no
REC125_SEG0020,REC125,SPK009,train,vad_v2_spk009,303.808,313.96,10.152,data/processed/segments/REC125/REC125_SEG0020.wav,reviewed,xenni tidart awarni as irden ikemmren ḍi tidart rami dd tiweḍ rɣidjet rexdenni issekk amjar minzi tameyra tiweḍ dd,no
REC125_SEG0021,REC125,SPK009,train,vad_v2_spk009,317.496,320.712,3.216,data/processed/segments/REC125/REC125_SEG0021.wav,reviewed,amedya n tḥebbuct n zzariɛet n uxerdel,no
REC125_SEG0022,REC125,SPK009,train,vad_v2_spk009,321.56,329.736,8.176,data/processed/segments/REC125/REC125_SEG0022.wav,reviewed,inna min ḍi i ɣa narwes tageldit n arebbi niɣ s man amedya i zi tt i ɣa narcem,no
REC125_SEG0023,REC125,SPK009,train,vad_v2_spk009,330.424,342.856,12.432,data/processed/segments/REC125/REC125_SEG0023.wav,reviewed,aqa tt am tḥebbuct n zzariɛet n uxerdel tenni rami tettwazarɛ ḍi ṭammurṭ aqa nettat d tamezyant x marra tiḥebba n zzariɛet i idjan ḍi ṭammurṭ,no
REC125_SEG0024,REC125,SPK009,train,vad_v2_spk009,343.736,350.792,7.056,data/processed/segments/REC125/REC125_SEG0024.wav,reviewed,rami tettwazarɛ teɣmi dd temɣar x marra rxudat n tebḥart,no
REC125_SEG0025,REC125,SPK009,train,vad_v2_spk009,351.608,358.952,7.344,data/processed/segments/REC125/REC125_SEG0025.wav,reviewed,ad tegg refruɛ imɣaren arami ijḍaḍ n ujenna zemmaren ad ggen reɛwacc ḍi tiri nnes,no
REC125_SEG0026,REC125,SPK009,train,vad_v2_spk009,359.768,377.352,17.584,data/processed/segments/REC125/REC125_SEG0026.wav,reviewed,tuɣa yasuɛ issawar awar akidsen s imedya attas am yina s imedya ittriqen maḥend ad ten sren iwḍan bra imedya war kisen issiwer ca maca tuɣa issefham kurci i imeḥḍaren nnes weḥḥedsen,no
REC125_SEG0027,REC125,SPK009,train,vad_v2_spk009,380.312,397.416,17.104,data/processed/segments/REC125/REC125_SEG0027.wav,reviewed,yasuɛ d tḥaryaḍt deg wass nni rami d tewḍa tmeddit inna asen ejj aneɣ ad nezwa ɣar ujemmaḍin semḥen ḍi rɣaci iwyen t umi t tuɣa ɛad ḍi tɣarrabut uca tuɣa din akidsen ɛawed tiɣarruba nneɣni,no
REC125_SEG0028,REC125,SPK009,train,vad_v2_spk009,397.944,415.08,17.136,data/processed/segments/REC125/REC125_SEG0028.wav,reviewed,tekkar dd ict n tḥaryaḍt temɣar remwaj ccaten ḍi tɣarrabut arami tebda tettcura maca yasuɛ tuɣa ittes x ict n tsunta ɣar ḍeffar n tɣarrabut niṭni ssfaqen t nnan as a amsermad ma war d ac necqi ca neccin mara nettwahellek,no
REC125_SEG0029_PART01,REC125,SPK009,train,vad_v2_spk009,415.352,426.832,11.48,data/processed/segments/REC125/REC125_SEG0029_PART01.wav,reviewed,xenni ikkar iwebbex asemmiḍ inna i rebḥar ars sqar yarsa usemmiḍ uca iḍwer kurci yarsa xenni inna asen mayemmi teggʷedem ammu,no
REC125_SEG0029_PART02,REC125,SPK009,train,vad_v2_spk009,426.832,438.312,11.48,data/processed/segments/REC125/REC125_SEG0029_PART02.wav,reviewed,min kenniw yuɣin war daywem bu l iman tudef i ten tiggʷudi temɣar nnan i wayawya min iɛna wa aqa ura d asemmiḍ d rebḥar tggen as array,no
REC126_SEG0001,REC126,SPK009,train,vad_v2_spk009,0.6,2.856,2.256,data/processed/segments/REC126/REC126_SEG0001.wav,reviewed,asgenfi n ijjen umeryaḥ,no
REC126_SEG0002,REC126,SPK009,train,vad_v2_spk009,4.344,17.672,13.328,data/processed/segments/REC126/REC126_SEG0002.wav,reviewed,iwden ɣar ujemmaḍin n rebḥar ḍi ṭammurṭ n gadarinis umi dd iffeɣ zi tɣarrabut irqa i t ijjen bnaḍem zeg imeḍran ḍayes ijjen raryaḥ d amengus,no
REC126_SEG0003,REC126,SPK009,train,vad_v2_spk009,18.36,36.232,17.872,data/processed/segments/REC126/REC126_SEG0003.wav,reviewed,tuɣa izeddeɣ deg imeḍran uca war izemmar ḥed ad t icarf ura s ssnaser minzi waxxa tuɣa carfen t attas n twarawin s iceddiyyen d ssnaser aqa netta iqḍu ssnaser nni yarza iceddiyyen u war izemmar ḥed ad t iqemmeɛ,no
REC126_SEG0004,REC126,SPK009,train,vad_v2_spk009,37.112,45.352,8.24,data/processed/segments/REC126/REC126_SEG0004.wav,reviewed,tuɣa t rebda ass d djiret deg idurar u deg imeḍran isɣuyyu iyezzem ixef nnes s izra,no
REC126_SEG0005_PART01,REC126,SPK009,train,vad_v2_spk009,45.816,59.44,13.624,data/processed/segments/REC126/REC126_SEG0005_PART01.wav,reviewed,umi izra netta yasuɛ zi raggʷaj yuzzer uca isjed as isɣuy s jjehd uca inna as min din jar ayi akidek a yasuɛ mmis n arebbi amɛudji x kurci,no
REC126_SEG0005_PART02,REC126,SPK009,train,vad_v2_spk009,59.44,73.064,13.624,data/processed/segments/REC126/REC126_SEG0005_PART02.wav,reviewed,ttzawgeɣ cek s arebbi war d ayi ttmarrat minzi aqa inna as ffeɣ zi bnaḍem a a raryaḥ amengus isseqsa t mammec d ac qqaren,no
REC126_SEG0006_PART01,REC126,SPK009,train,vad_v2_spk009,73.24,86.688,13.448,data/processed/segments/REC126/REC126_SEG0006_PART01.wav,reviewed,yarra dd inna isem inu lixyun man aya ixs ad yini abarru minzi neccin deg wattas izawg i t attas ḥima war t issiggʷej barra i uduwwar nni,no
REC126_SEG0006_PART02,REC126,SPK009,train,vad_v2_spk009,86.688,100.136,13.448,data/processed/segments/REC126/REC126_SEG0006_PART02.wav,reviewed,tuɣa din ɣar wedrar ict n tḥimart temɣar n irfan tetthedda zawgen t ccwaṭen nni nnan sekk aneɣ ɣar irfan ḥima ad ḍaysen nadef,no
REC126_SEG0007,REC126,SPK009,train,vad_v2_spk009,100.568,118.344,17.776,data/processed/segments/REC126/REC126_SEG0007.wav,reviewed,isamḥ asen yasuɛ rexdenni ffɣen raryaḥ imengas zeg weryaz nni udfen deg irfan uca tuzzer tḥimart nni ɣar ijjen jjarf yuɛran uca tewḍa ḍi rebḥar tuɣa ten ɛraḥar deg warfayen zzaysen uca ɣarqen ḍi rebḥar,no
REC126_SEG0008_PART01,REC126,SPK009,train,vad_v2_spk009,118.904,129.248,10.344,data/processed/segments/REC126/REC126_SEG0008_PART01.wav,reviewed,maca imeksawen n irfan arewren xebbaren man aya ḍi tendint u x iyyaren iwḍan ffɣen dd ḥima ad zaren min imsaren,no
REC126_SEG0008_PART02,REC126,SPK009,train,vad_v2_spk009,129.248,139.592,10.344,data/processed/segments/REC126/REC126_SEG0008_PART02.wav,reviewed,usin dd ɣar yasuɛ ttwaran amaryaḥ i ḍayes tuɣa ccwaṭen wenni ḍi tuɣa izeddeɣ lixyun iqqim yarḍ s rbar nnes uca ggʷeden,no
REC126_SEG0009,REC126,SPK009,train,vad_v2_spk009,139.768,148.904,9.136,data/processed/segments/REC126/REC126_SEG0009.wav,reviewed,inni izrin man aya xebbaren ten min imsaren i umaryaḥ i ḍi tuɣa ccwaṭen u ɛawed x yirfan nni,no
REC126_SEG0010_PART01,REC126,SPK009,train,vad_v2_spk009,149.496,160.32,10.824,data/processed/segments/REC126/REC126_SEG0010_PART01.wav,reviewed,uca bdan ttzawgen t maḥend ad iggʷej x ṭammurṭ nsen rami inya netta ḍi tɣarrabut izawg i t umaryaḥ i ḍayes tuɣa ccwa,no
REC126_SEG0010_PART02,REC126,SPK009,train,vad_v2_spk009,160.32,171.144,10.824,data/processed/segments/REC126/REC126_SEG0010_PART02.wav,reviewed,ṭen ḥima ad iqqim akides war t ijji maca inna as ruḥ ɣar ṭaddarṭ nnec d radj nnec xebbar i ten marra min zzayek igga sidi,no
REC126_SEG0011,REC126,SPK009,train,vad_v2_spk009,171.352,181.896,10.544,data/processed/segments/REC126/REC126_SEG0011.wav,reviewed,mammec xak yarḥem uca iruḥ ibda ittbarreḥ ḍi dikapulis marra min d as igga yasuɛ uca marra tbehten,no
REC126_SEG0012,REC126,SPK009,train,vad_v2_spk009,183.768,189.48,5.712,data/processed/segments/REC126/REC126_SEG0012.wav,reviewed,yedjis n yayrus tamɣart tehrec rqedd n ṭenɛac n iseggʷusa,no
REC126_SEG0013_PART01,REC126,SPK009,train,vad_v2_spk009,190.136,202.448,12.312,data/processed/segments/REC126/REC126_SEG0013_PART01.wav,reviewed,awarni rami izwa yasuɛ s tɣarrabut ɣar ujemmaḍ imun dd xas ɛawed attas n rɣaci am tuɣa t x tma n rebḥar yusa dd ijjen zeg imeqqranen n temzida,no
REC126_SEG0013_PART02,REC126,SPK009,train,vad_v2_spk009,202.448,214.76,12.312,data/processed/segments/REC126/REC126_SEG0013_PART02.wav,reviewed,issem ness yayrus umi t izra iwḍa as ɣar iḍaren izawg i t attas inna as idji tmazuzt tḥerc attas ttzawgeɣ cek ad dd tased ad,no
REC126_SEG0014,REC126,SPK009,train,vad_v2_spk009,215.0,225.352,10.352,data/processed/segments/REC126/REC126_SEG0014.wav,reviewed,axas tessarsed ifassen nnec ḥima ad teggenfa ad teddar iruḥ akides uca iḍfar i t i dd wattas n rɣaci deḥḥsen t netta,no
REC126_SEG0015_PART01,REC126,SPK009,train,vad_v2_spk009,225.88,239.776,13.896,data/processed/segments/REC126/REC126_SEG0015_PART01.wav,reviewed,ict n temɣart ttazzren zzayes idammen ṭenɛac n iseggʷusa uca tekka xas tamara attas zeg iḍbiben umi tessuffeɣ marra min ɣares maca war testenfiɛ s walu,no
REC126_SEG0015_PART02,REC126,SPK009,train,vad_v2_spk009,239.776,253.672,13.896,data/processed/segments/REC126/REC126_SEG0015_PART02.wav,reviewed,maca yarni ɛad xas rḥar aqa tesra x yasuɛ uca tusa dd ɣares am tekka x ddḥas n rɣaci zi ḍeffar nnes uca tḥada arruḍ nnes minzi ṭenna,no
REC126_SEG0016_PART01,REC126,SPK009,train,vad_v2_spk009,254.072,267.872,13.8,data/processed/segments/REC126/REC126_SEG0016_PART01.wav,reviewed,mara ḥadiɣ mɣir arruḍ nnes ad qqimeɣ ddareɣ rexdenni yuzeɣ usizzer n idammen tuca ak d arrimet nnes belli teggenfa zi rehrac nnes rexdenni yuca yasuɛ ak d yixef nnes belli,no
REC126_SEG0016_PART02,REC126,SPK009,train,vad_v2_spk009,267.872,281.672,13.8,data/processed/segments/REC126/REC126_SEG0016_PART02.wav,reviewed,iffeɣ zzayes jjehd uca inneqreb ɣar rɣaci inna wi iḥadan arruḍ inu nnan as imeḥḍaren nnes cek twarid rɣaci ideḥḥes i cek u cek tesseqsid,no
REC126_SEG0017,REC126,SPK009,train,vad_v2_spk009,282.2,288.552,6.352,data/processed/segments/REC126/REC126_SEG0017.wav,reviewed,wi d ayi iḥadan maca iqqim ixezzar ḥima ad izar wi yeggin man aya,no
REC126_SEG0018_PART01,REC126,SPK009,train,vad_v2_spk009,288.984,303.008,14.024,data/processed/segments/REC126/REC126_SEG0018_PART01.wav,reviewed,tuɣa tamettut teggʷed tettarjiji am tessen min d as imsaren uca tusa dd tewḍa as ɣar iḍaren uca tɛawed as tidett marra xenni inna as a yedji,no
REC126_SEG0018_PART02,REC126,SPK009,train,vad_v2_spk009,303.008,317.032,14.024,data/processed/segments/REC126/REC126_SEG0018_PART02.wav,reviewed,l iman nnem aqa iwca am ṭudarṭ ruḥ s rehna ad tirid teggenfid zi rehrac nnem am tuɣa ɛad issawar usin dd ca zi ṭaddarṭ n umeqqran n temzida nnan as,no
REC126_SEG0019,REC126,SPK009,train,vad_v2_spk009,317.08,328.68,11.6,data/processed/segments/REC126/REC126_SEG0019.wav,reviewed,idjic temmut mayemmi tseddaɛed ɛad amseɣɣar maca yasuɛ isra awaren i innan uca inna i umeqqran n temzida war tteggʷed ca amen waha,no
REC126_SEG0020,REC126,SPK009,train,vad_v2_spk009,329.56,344.936,15.376,data/processed/segments/REC126/REC126_SEG0020.wav,reviewed,war ismiḥ ura i yijjen ad t yuyur akides mɣir cimɛun buṭrus d yaɛqub d yuḥanna umas n yaɛqub usin dd ɣar ṭaddarṭ n umeqqran n temzida uca izra i ten ccaten agejdur ttrun uca sɣuyyun,no
REC126_SEG0021_PART01,REC126,SPK009,train,vad_v2_spk009,345.56,358.72,13.16,data/processed/segments/REC126/REC126_SEG0021_PART01.wav,reviewed,umi dd yudef inna asen mayemmi teccatem agejdur tettrum taḥenjirt war temmut ca maca aqa tettes niṭni ḍeḥcen zzayes maca netta issuffeɣ i ten kur,no
REC126_SEG0021_PART02,REC126,SPK009,train,vad_v2_spk009,358.72,371.88,13.16,data/processed/segments/REC126/REC126_SEG0021_PART02.wav,reviewed,ci barra uca yiwi akides babas d yemmas n tḥenjirt d yinni tuɣa akides xenni yudef dd mani tuɣa tezzer tḥenjirt ittef deg ufus n tḥenjirt inna as kkar a taḥenjirt,no
REC126_SEG0022,REC126,SPK009,train,vad_v2_spk009,372.248,392.15,19.902,data/processed/segments/REC126/REC126_SEG0022.wav,reviewed,rexdenni tekkar tḥenjirt uca tuyur minzi tuɣa taḥenjirt ɣares ṭenɛac n iseggʷusa tbehten niṭni s yijjen utebhet imɣar uca netta yumur i ten s jjehd ḥima ura d ijjen ad ibarreḥ s man aya xenni iwessa ad as wcen ḥima ad tecc,no
REC127_SEG0001_PART01,REC127,SPK009,train,vad_v2_spk009,1.08,14.016,12.936,data/processed/segments/REC127/REC127_SEG0001_PART01.wav,reviewed,anabi war ɣares bu ccan ḍi ṭammurṭ nnes iffeɣ ssenni yusa dd ɣar tendint nnes uca ḍfaren t i dd imeḥḍaren nnes rami dd tiweḍ ssebt ibda issermad ḍi temzida attas n,no
REC127_SEG0001_PART02,REC127,SPK009,train,vad_v2_spk009,14.016,26.952,12.936,data/processed/segments/REC127/REC127_SEG0001_PART02.wav,reviewed,yinni d as isrin tbehten nnan zi manis dd usint tmesrayin a ɣar wanita mana tiɣit a i d as immewcen arami msarent x ifassen nnes reɛjayeb am tina,no
REC127_SEG0002,REC127,SPK009,train,vad_v2_spk009,27.832,37.928,10.096,data/processed/segments/REC127/REC127_SEG0002.wav,reviewed,ma war idji wa d anejjar mmis n maryam d umas n yaɛqub d yusis d yahuda d cimɛun ma war djint suyetmas da akidneɣ,no
REC127_SEG0003_PART01,REC127,SPK009,train,vad_v2_spk009,38.168,51.968,13.8,data/processed/segments/REC127/REC127_SEG0003_PART01.wav,reviewed,u nderfen ḍayes inna asen yasuɛ war idji anabi bra ccan mɣir ḍi ṭammurṭ nnes jar radj nnes u ḍi ṭaddarṭ nnes uca netta war izemmar ad din igg ura d ijjen,no
REC127_SEG0003_PART02,REC127,SPK009,train,vad_v2_spk009,51.968,65.768,13.8,data/processed/segments/REC127/REC127_SEG0003_PART02.wav,reviewed,reɛjeb illa issars afus nnes x drus n imehrac waha uca issgenfa i ten tuɣa ittebhet zi tikkest n l iman nsen xenni iruḥ ittsara dcurat yudsen issermad,no
REC127_SEG0004,REC127,SPK009,train,vad_v2_spk009,69.24,88.744,19.504,data/processed/segments/REC127/REC127_SEG0004.wav,reviewed,yasuɛ issekk ṭenɛac n rrusul iraɣa dd i ṭenɛac n rrusul ibda issekk i ten tyuya tyuya uca iwca asen ssulṭa x raryaḥ imengas maḥend ad ten ssuffɣen yumur i ten ḥima war kessin walu deg webrid mɣir taɣɣarct waha lla tacyart lla aɣrum,no
REC127_SEG0005,REC127,SPK009,train,vad_v2_spk009,89.304,104.296,14.992,data/processed/segments/REC127/REC127_SEG0005.wav,reviewed,lla tipyisin n nnḥas deg ubyass maca ad qqnen sandaliyat maca war yarrḍen tyuya n tcamirat inna asen mani ma tudfem ɣar ca n ṭaddarṭ qqimem ḍayes ar ssenni i ɣa teffɣem,no
REC127_SEG0006_PART01,REC127,SPK009,train,vad_v2_spk009,104.76,115.104,10.344,data/processed/segments/REC127/REC127_SEG0006_PART01.wav,reviewed,ɣar marra inni war kenniw iqbiren u war ɣarwem ttesrin zzerzem taɛejjajt zeg iḍaren nwem d cchadet i niṭni,no
REC127_SEG0006_PART02,REC127,SPK009,train,vad_v2_spk009,115.104,125.448,10.344,data/processed/segments/REC127/REC127_SEG0006_PART02.wav,reviewed,s tidett necc ad awem iniɣ ad yiri rḥar ihwen i ṭammurṭ n sadum d ɛamurra deg wass n lḥisab zi tendint nni,no
REC127_SEG0007,REC127,SPK009,train,vad_v2_spk009,125.688,135.432,9.744,data/processed/segments/REC127/REC127_SEG0007.wav,reviewed,uca ruḥen barrḥen ḥima ad tuben ssuffɣen attas n ccwaṭen dehnen imehrac attas s zzect uca ssgenfan ten,no
REC127_SEG0008,REC127,SPK009,train,vad_v2_spk009,138.424,141.032,2.608,data/processed/segments/REC127/REC127_SEG0008.wav,reviewed,rmewt n yuḥanna amseɣḍas,no
REC127_SEG0009_PART01,REC127,SPK009,train,vad_v2_spk009,142.04,153.248,11.208,data/processed/segments/REC127/REC127_SEG0009_PART01.wav,reviewed,isra xas ujedjid hirudus minzi isem nnes iḍwer icneɛ inna aqa yuḥanna amseɣḍas ittwassnekkar dd zi ṭaddarṭ n imettinen s uyenni,no
REC127_SEG0009_PART02,REC127,SPK009,train,vad_v2_spk009,153.248,164.456,11.208,data/processed/segments/REC127/REC127_SEG0009_PART02.wav,reviewed,xedmentt ḍayes reɛjayeb nni inneɣni nnan aqa t d iliya u inneɣni nnan ɛawed aqa t d nnabi am yijjen zeg inabiyyen,no
REC127_SEG0010_PART01,REC127,SPK009,train,vad_v2_spk009,165.208,177.76,12.552,data/processed/segments/REC127/REC127_SEG0010_PART01.wav,reviewed,rami isra hirudus man aya inna wa d yuḥanna wenni umi qesseɣ azedjif aqa netta ittwassnekkar dd zi ṭaddarṭ n imettinen minzi hirudus simant nnes tuɣa issekk,no
REC127_SEG0010_PART02,REC127,SPK009,train,vad_v2_spk009,177.76,190.312,12.552,data/processed/segments/REC127/REC127_SEG0010_PART02.wav,reviewed,dd ɣares uca iḥebbes yuḥanna icarf i t ḍi reḥbes x ssibbet n hirudiyya tamɣart n umas filippus tenni i k d imrec hirudus,no
REC127_SEG0011,REC127,SPK009,train,vad_v2_spk009,191.768,194.888,3.12,data/processed/segments/REC127/REC127_SEG0011.wav,reviewed,minzi yuḥanna tuɣa iqqar i hirudus,no
REC127_SEG0012_PART01,REC127,SPK009,train,vad_v2_spk009,195.288,209.616,14.328,data/processed/segments/REC127/REC127_SEG0012_PART01.wav,reviewed,war d ac iḥedjer ad ɣarek tiri temɣart n umac s uyenni tuɣa hirudiyya tenḍar ḍayes tittawin uca tarezzu ad t tneɣ maca war tzemmar minzi hirudus,no
REC127_SEG0012_PART02,REC127,SPK009,train,vad_v2_spk009,209.616,223.944,14.328,data/processed/segments/REC127/REC127_SEG0012_PART02.wav,reviewed,tuɣa itteggʷed zi yuḥanna issen belli netta d aryaz d amseggad d amqeddas u iḥetta xas isra zzayes attas n tmesrayin uca isexxar xas,no
REC127_SEG0014_PART01,REC127,SPK009,train,vad_v2_spk009,241.176,252.896,11.72,data/processed/segments/REC127/REC127_SEG0014_PART01.wav,reviewed,uca tudef dd yedjis n hirudiyya tecḍeḥ teɛjeb as i hirudus d yinni iqqimen akides xenni inna as ujedjid i tḥenjirt ttar zzayi,no
REC127_SEG0014_PART02,REC127,SPK009,train,vad_v2_spk009,252.896,264.616,11.72,data/processed/segments/REC127/REC127_SEG0014_PART02.wav,reviewed,marra min texsed ad am t wceɣ ijjudj as mecḥar ma zzayi i ɣa tettared ad am t wceɣ waxxa ar azyen n tgeldit inu,no
REC127_SEG0015,REC127,SPK009,train,vad_v2_spk009,265.144,274.056,8.912,data/processed/segments/REC127/REC127_SEG0015.wav,reviewed,teffeɣ dd nettat ṭenna i yemmas min d as i ɣa ttareɣ ṭenna as tanita azedjif n yuḥanna amseɣḍas t,no
REC127_SEG0016,REC127,SPK009,train,vad_v2_spk009,274.776,293.32,18.544,data/processed/segments/REC127/REC127_SEG0016.wav,reviewed,deɣya s tazra ɣar ujedjid ṭenna as xseɣ ad ayi dd tessarsed ḍi ṭsaɛɛet a azedjif n yuḥanna x ijjen ttebsi icḍen ujedjid attas maca x ssibbet n tjadjit u x ssibbet n inewjiwen i iqqimen ɣar ttabra war ixs ad tt iqemmeɛ,no
REC127_SEG0017,REC127,SPK009,train,vad_v2_spk009,293.848,310.056,16.208,data/processed/segments/REC127/REC127_SEG0017.wav,reviewed,u rexdenni issekk ujedjid ijjen uɛessas ɣar reḥbes s ssif yumur ḥima ad dd yawi azedjif n yuḥanna wanita iruḥ iqess as azedjif i yuḥanna ḍi reḥbes xas uca yiwi dd azedjif nnes x ttebsi,no
REC127_SEG0018,REC127,SPK009,train,vad_v2_spk009,310.616,323.848,13.232,data/processed/segments/REC127/REC127_SEG0018.wav,reviewed,iwca as t i tḥenjirt u taḥenjirt tewc as t i yemmas rami srin imeḥḍaren nnes man aya usin dd ksin rxecbeṭ̣ nnes ssarsen tt deg wenḍer,no
REC127_SEG0019,REC127,SPK009,train,vad_v2_spk009,326.744,331.24,4.496,data/processed/segments/REC127/REC127_SEG0019.wav,reviewed,lmuɛjiza n usecci n ktar n xems araf n yaryazen,no
REC127_SEG0020_PART01,REC127,SPK009,train,vad_v2_spk009,331.992,342.624,10.632,data/processed/segments/REC127/REC127_SEG0020_PART01.wav,reviewed,munen rrusul ɛawed ɣar yasuɛ xebbaren t x kurci x min ggin d x min tuɣa ssermaden inna asen asem dd,no
REC127_SEG0020_PART02,REC127,SPK009,train,vad_v2_spk009,342.624,353.256,10.632,data/processed/segments/REC127/REC127_SEG0020_PART02.wav,reviewed,ejj aneɣ ad nraḥ ɣar ijjen wemcan ixran ḥima ad tareyyḥem cwayt minzi tuɣa din attas n yinni dd yusin d n yinni iruḥen,no
REC127_SEG0021,REC127,SPK009,train,vad_v2_spk009,353.88,373.128,19.248,data/processed/segments/REC127/REC127_SEG0021.wav,reviewed,arami war iwiḍen ad ccen xenni ruḥen weḥḥedsen ḍi tɣarrabut ɣar ijjen wemcan ixran maca rɣaci izra i ten ffɣen dd ḍi tɣarrabut uca attas i t ɛeqren uca izwaren as am ttazzren x iḍaren ɣar dinni zi marra tineddam,no
REC127_SEG0022,REC127,SPK009,train,vad_v2_spk009,373.976,382.728,8.752,data/processed/segments/REC127/REC127_SEG0022.wav,reviewed,umi dd iḍra yasuɛ izra attas n rɣaci zzidjzen as minzi tuɣa aten am wudji bra ameksaw,no
REC127_SEG0023_PART01,REC127,SPK009,train,vad_v2_spk009,383.32,394.96,11.64,data/processed/segments/REC127/REC127_SEG0023_PART01.wav,reviewed,xenni ibda ad ten issermed attas rami iruḥ wass ad iqḍa qarrben dd ɣares imeḥḍaren nnes nnan as amcan a ixra u rweqt teɛdu,no
REC127_SEG0023_PART02,REC127,SPK009,train,vad_v2_spk009,394.96,406.6,11.64,data/processed/segments/REC127/REC127_SEG0023_PART02.wav,reviewed,sekk i ten ḥima ad raḥen ɣar reɛrasiyyat u ɣar dcurat yudsen ḥima ad sɣen aɣrum i yixef nsen minzi war ɣarsen min ɣa ccen,no
REC127_SEG0024,REC127,SPK009,train,vad_v2_spk009,407.032,423.976,16.944,data/processed/segments/REC127/REC127_SEG0024.wav,reviewed,maca netta inna asen wcem asen kenniw min ɣa ccen nnan as ma ad nraḥ maḥend ad asen nseɣ aɣrum s mitayen dinar uca ad asen newc min ɣa ccen inna asen ruḥem xzarem mecḥar n tecnifin i ɣarwem,no
REC127_SEG0025,REC127,SPK009,train,vad_v2_spk009,424.728,430.952,6.224,data/processed/segments/REC127/REC127_SEG0025.wav,reviewed,umi argben nnan as xemsa n tecnifin n weɣrum d ṭnayen n iserman,no
REC127_SEG0026,REC127,SPK009,train,vad_v2_spk009,431.832,442.824,10.992,data/processed/segments/REC127/REC127_SEG0026.wav,reviewed,yumur i ten ad ten ssɣimen marra ḍi tɛurricin x reḥtic aziza uca qqimen ḍi tɛurricin n mya u ḍi tɛurricin n xemsin,no
REC127_SEG0027_PART01,REC127,SPK009,train,vad_v2_spk009,443.256,457.552,14.296,data/processed/segments/REC127/REC127_SEG0027_PART01.wav,reviewed,umi iksi yeccu xemsa n tecnifin d ṭnayen n iserman nni issgeɛɛed tamuɣri nnes ɣar ujenna ibarek uca yarza ticnifin iwca i tent i imeḥḍaren nnes ḥima ad tent ssarsen zzatsen,no
REC127_SEG0027_PART02,REC127,SPK009,train,vad_v2_spk009,457.552,471.848,14.296,data/processed/segments/REC127/REC127_SEG0027_PART02.wav,reviewed,uca niṭni farqen ɛawed ṭnayen n iserman i marra ccin marra jjiwnen xenni reqḍen ireqqʷaz icetten ccuren ṭenɛac n tsudjatin ura d iserman icetten,no
REC127_SEG0028,REC127,SPK009,train,vad_v2_spk009,472.248,477.8,5.552,data/processed/segments/REC127/REC127_SEG0028.wav,reviewed,inni iccin zi tecnifin tuɣa aten ḍi xemsa araf n yeryazen,no
REC127_SEG0029,REC127,SPK009,train,vad_v2_spk009,481.592,493.448,11.856,data/processed/segments/REC127/REC127_SEG0029.wav,reviewed,yasuɛ iggur x waman n rebḥar rexdenni iziyyar x imeḥḍaren nnes maḥend ad adfen ɣar tɣarrabut ad as izwaren ɣar ujemmaḍ ɣar bayt sayda,no
REC127_SEG0030_PART01,REC127,SPK009,train,vad_v2_spk009,494.264,505.76,11.496,data/processed/segments/REC127/REC127_SEG0030_PART01.wav,reviewed,ad isqad netta rɣaci awarni rami ten isqad iruḥ ɣar wedrar ḥima ad izzadj rami dd tewḍa tmeddit tuɣa taɣarrabut ḍi rbuɣaz,no
REC127_SEG0030_PART02,REC127,SPK009,train,vad_v2_spk009,505.76,517.256,11.496,data/processed/segments/REC127/REC127_SEG0030_PART02.wav,reviewed,uca netta tuɣa weḥḥdes x rbarr izra belli niṭni ttemqetmaren s uqeddef n tɣarrabut minzi asemmiḍ yusa asen dd deg uɣembub,no
REC127_SEG0031_PART01,REC127,SPK009,train,vad_v2_spk009,517.528,530.144,12.616,data/processed/segments/REC127/REC127_SEG0031_PART01.wav,reviewed,ɣar ḥettu wiss arebɛa n djiret yusa dd ɣarsen yasuɛ iggur x wawan n rebḥar uca tuɣa ixs ad ten iɛdu umi t zrin iggur ḍi rebḥar ittɣir asen d rexy,no
REC127_SEG0031_PART02,REC127,SPK009,train,vad_v2_spk009,530.144,542.76,12.616,data/processed/segments/REC127/REC127_SEG0031_PART02.wav,reviewed,ar aɣeddar uca sɣuyen minzi marra zrin t uca nnxerɛen rexdenni issiwer akidsen inna asen ggem ur aqa d necc war teggʷedem ca,no
REC127_SEG0032,REC127,SPK009,train,vad_v2_spk009,543.0,560.232,17.232,data/processed/segments/REC127/REC127_SEG0032.wav,reviewed,inyi dd ɣarsen ḍi tɣarrabut uca yarsa usemmiḍ tuɣa niṭni ttbehten arewwɛen attas deg yixef nsen minzi war fhimen walu i lmuɛjiza n tecnifin minzi ur nsen tuɣa iqseḥ,no
REC127_SEG0033,REC127,SPK009,train,vad_v2_spk009,562.84,567.304,4.464,data/processed/segments/REC127/REC127_SEG0033.wav,reviewed,asgenfi n wattas n iwḍan ḍi jinisaret,no
REC127_SEG0034,REC127,SPK009,train,vad_v2_spk009,568.184,586.728,18.544,data/processed/segments/REC127/REC127_SEG0034.wav,reviewed,umi zwan ɣar ujemmaḍ usin dd ɣar ṭammurṭ n jinnisaret umi dd ffɣen zi tɣarrabut ɛeqren t iwḍan deɣya uzzren ɣar marra jjwayeh nni uca bdan ad dd awyen inni tuɣa ihercen attas ḍi tassut ɣar wemcan mani srin aqa t netta,no
REC127_SEG0035,REC127,SPK009,train,vad_v2_spk009,587.256,605.672,18.416,data/processed/segments/REC127/REC127_SEG0035.wav,reviewed,mani ma dd yusa ḍi tendint niɣ ḍi redcur niɣ ḍi reɛrasiyyat ssrusan as dd imehrac deg ibriden uca ttzawagen t ad asen ismeḥ ad ḥadan mɣir abeḥrur n ujedjab nnes u marra inni t iḥadan ggenfan,no
REC128_SEG0002_PART01,REC128,SPK009,train,vad_v2_spk009,6.488,20.128,13.64,data/processed/segments/REC128/REC128_SEG0002_PART01.wav,reviewed,munen ɣares ifarisiyyen d imsermaden n idlisen i dd yusin zi urcalim umi zrin belli ca n imeḥḍaren nnes ccin aɣrum bra ma ad ssirden,no
REC128_SEG0002_PART02,REC128,SPK009,train,vad_v2_spk009,20.128,33.768,13.64,data/processed/segments/REC128/REC128_SEG0002_PART02.wav,reviewed,ifassen nsen d amezwaru ɛeyyben xasen minzi marra ifarisiyyen d wudayen war ttetten mɣir awarni rami ssirden ifassen s yijjen ruḍu mliḥ minzi ttettfen ḍi tubbart n rejdud u rami dd usin zi ssuq,no
REC128_SEG0003_PART01,REC128,SPK009,train,vad_v2_spk009,33.848,47.392,13.544,data/processed/segments/REC128/REC128_SEG0003_PART01.wav,reviewed,war ttetten mara war ssɣeḍsen ifassen nsen ḍi tbanyut d amezwaru u aqa din attas n tmesrayin nneɣni qebren tent maḥend ad zzaysent ttfen ɛlaḥsab tubbart nsen am useɣḍas n rkisan d,no
REC128_SEG0003_PART02,REC128,SPK009,train,vad_v2_spk009,47.392,60.936,13.544,data/processed/segments/REC128/REC128_SEG0003_PART02.wav,reviewed,iɣarrafen d tebriqin n nnḥas d dduri n rectawat deg ict n tbanyut xenni sseqsan t ifarisiyyen d imsermaden n idlisen mayemmi war ḍfaren imeḥḍaren nnec tubbart n rejdud,no
REC128_SEG0004,REC128,SPK009,train,vad_v2_spk009,61.24,80.2,18.96,data/processed/segments/REC128/REC128_SEG0004.wav,reviewed,maca ttetten aɣrum am war ssiriden ifassen yarra dd inna asen nican inebba icaɛya xawem a imnafqen am mammec tura rgens a iweqqar ayi s iyencicen nnes maca ur nsen iggʷej xafi,no
REC128_SEG0005,REC128,SPK009,train,vad_v2_spk009,80.568,100.232,19.664,data/processed/segments/REC128/REC128_SEG0005.wav,reviewed,maca niṭni cennɛen ayi baṭer minzi ssermaden tiɣuriwin tinni d tiwessa n iwḍan minzi tejjim tawseyyet n arebbi tettfem ḍi tubbart n iwḍan am useɣḍas n rkisan d teydurin deg ict n tbanyut u attas n tmesrayin nneɣni am tina inna asen nican,no
REC128_SEG0006,REC128,SPK009,train,vad_v2_spk009,100.664,115.56,14.896,data/processed/segments/REC128/REC128_SEG0006.wav,reviewed,aqa tnettarem tawseyyet n arebbi ḥima ad ṭeqqimem tettettfem ḍi tubbart nwem minzi musa inna weqqar babac d yemmac u wenni i ɣa ineɛren babas niɣ yemmas ittxessa as ad immet,no
REC128_SEG0007_PART01,REC128,SPK009,train,vad_v2_spk009,115.8,127.68,11.88,data/processed/segments/REC128/REC128_SEG0007_PART01.wav,reviewed,maca kenniw teqqarem mara ijjen weryaz inna i babas niɣ i yemmas min ma tzemmarem ad zzayi testenfɛem aqa ggiɣ t d ssedqet i arebbi war t,no
REC128_SEG0007_PART02,REC128,SPK009,train,vad_v2_spk009,127.68,139.56,11.88,data/processed/segments/REC128/REC128_SEG0007_PART02.wav,reviewed,tettejjim qaɛ ad igg ca i babas d yemmas ammu i tesseḥqaram awar n arebbi s tubbart nwem i tettsellamem u tetteggem attas n tmesrayin am tina,no
REC128_SEG0008,REC128,SPK009,train,vad_v2_spk009,141.72,143.144,1.424,data/processed/segments/REC128/REC128_SEG0008.wav,reviewed,tazdugi n wur,no
REC128_SEG0009_PART01,REC128,SPK009,train,vad_v2_spk009,143.672,158.58,14.908,data/processed/segments/REC128/REC128_SEG0009_PART01.wav,reviewed,umi idas d iraɣa marra rɣaci inna asen srem dd ɣari marra uca fehmem war din ura d ijjen n rḥajjeṭ i dd ittadfen ɣar bnaḍem zi barra tzemmar ad t tessexmej maca,no
REC128_SEG0009_PART02,REC128,SPK009,train,vad_v2_spk009,158.58,173.488,14.908,data/processed/segments/REC128/REC128_SEG0009_PART02.wav,reviewed,min i dd itteffɣen zi bnaḍem aqa man aya issexmaj bnaḍem wenni ɣar djan imezzuɣen i usedji ejj i t ad iser umi dd yudef ɣar ṭaddarṭ zi rɣaci sseqsan t imeḥḍaren nnes x umedya nni,no
REC128_SEG0010,REC128,SPK009,train,vad_v2_spk009,173.488,177.48,3.992,data/processed/segments/REC128/REC128_SEG0010.wav,reviewed,inna asen ma kenniw ɛad bra refhamet,no
REC128_SEG0011_PART01,REC128,SPK009,train,vad_v2_spk009,178.2,188.384,10.184,data/processed/segments/REC128/REC128_SEG0011_PART01.wav,reviewed,ma war tefhimem ca belli marra min ɣa yadfen bnaḍem zi barra war izemmar ad t issexmej minzi man aya war dd ittidef ca,no
REC128_SEG0011_PART02,REC128,SPK009,train,vad_v2_spk009,188.384,198.568,10.184,data/processed/segments/REC128/REC128_SEG0011_PART02.wav,reviewed,ɣar wur nnes maca ɣar uɛeddis xenni ad iffeɣ ɣar wemcan nnes am issizdeg marra macca xenni inna,no
REC128_SEG0012_PART01,REC128,SPK009,train,vad_v2_spk009,199.128,211.792,12.664,data/processed/segments/REC128/REC128_SEG0012_PART01.wav,reviewed,min i dd itteffɣen zi bnaḍem d man aya issxemmaj bnaḍem minzi zi daxer zeg wurawen n iwḍan i dd itteffɣen inwayen iɛeffanen zzina farq ccɣer,no
REC128_SEG0012_PART02,REC128,SPK009,train,vad_v2_spk009,211.792,224.456,12.664,data/processed/segments/REC128/REC128_SEG0012_PART02.wav,reviewed,tukkarḍa anɣay ttmeɛ rɣar taḥraymect afucceḥ titt taɛeffant aceqqef tuffet d tubbuherya,no
REC128_SEG0013,REC128,SPK009,train,vad_v2_spk009,224.792,231.336,6.544,data/processed/segments/REC128/REC128_SEG0013.wav,reviewed,marra timesrayin a tiɛeffanin tteffɣent i dd zi daxer uca ssxemmajent bnaḍem,no
REC128_SEG0014,REC128,SPK009,train,vad_v2_spk009,233.176,242.632,9.456,data/processed/segments/REC128/REC128_SEG0014.wav,reviewed,l iman n temɣart ḍi ṭammurṭ n tisur d saydun ikkar ssenni uca iruḥ ɣar ṭammurṭ n sur d saydun,no
REC128_SEG0015_PART01,REC128,SPK009,train,vad_v2_spk009,242.936,254.848,11.912,data/processed/segments/REC128/REC128_SEG0015_PART01.wav,reviewed,rami dd yudef ɣar ijjen ṭaddarṭ war ixs ad t issen ḥed waxxa amenni war izemmar ad innuffar minzi ict n tmettut ɣares yedjis ḍayes ijjen raryaḥ,no
REC128_SEG0015_PART02,REC128,SPK009,train,vad_v2_spk009,254.848,266.76,11.912,data/processed/segments/REC128/REC128_SEG0015_PART02.wav,reviewed,d amengus tesra xas deɣya uca tusa dd ɣares tewḍa as ɣar iḍaren nnes tuɣa tamɣart a d ijjen tabarranit zi ṭammurṭ n suriya d finiqiya,no
REC128_SEG0016_PART01,REC128,SPK009,train,vad_v2_spk009,266.968,281.216,14.248,data/processed/segments/REC128/REC128_SEG0016_PART01.wav,reviewed,uca tzawg i t maḥend ad issuffeɣ cciṭan zeg yedjis maca yasuɛ inna as ejj iḥenjiren amezwar ad jjiwnen minzi war ittriq ad ittwakkes weɣrum n iḥenjiren ḥima ad immenḍar i yiṭan,no
REC128_SEG0016_PART02,REC128,SPK009,train,vad_v2_spk009,281.216,295.464,14.248,data/processed/segments/REC128/REC128_SEG0016_PART02.wav,reviewed,maca nettat tarra dd ṭenna as wah a sidi ura d iṭan ttetten ireqqʷaz n iḥenjiren sadu ttabra inna as yasuɛ uyur x ssibbet n wawar a i tennid aqa iffeɣ cciṭan zeg yedjim,no
REC128_SEG0017,REC128,SPK009,train,vad_v2_spk009,295.832,303.592,7.76,data/processed/segments/REC128/REC128_SEG0017.wav,reviewed,uca a rami dd tusa ɣar ṭaddarṭ nnes tufa yedjis tezzer ḍi qama u cciṭan ittwassuffeɣ zzayes,no
REC128_SEG0018_PART01,REC128,SPK009,train,vad_v2_spk009,306.456,317.376,10.92,data/processed/segments/REC128/REC128_SEG0018_PART01.wav,reviewed,asgenfi n ijjenn bnaḍem azizun iffeɣ dd yasuɛ ɛawed zi ṭammurṭ n sur d saydun,no
REC128_SEG0018_PART02,REC128,SPK009,train,vad_v2_spk009,317.376,328.296,10.92,data/processed/segments/REC128/REC128_SEG0018_PART02.wav,reviewed,yiweḍ ɣar rebḥar n ljalil ɣar ttarf n ṭammurṭ n dikapulis iwyen dd ɣares ijjen udehcur itewtaw uca ttaren zzayes ad xas issars afus nnes,no
REC128_SEG0019,REC128,SPK009,train,vad_v2_spk009,328.952,340.968,12.016,data/processed/segments/REC128/REC128_SEG0019.wav,reviewed,issiggʷej i t zi rɣaci ɣar uɣezdis uca igga as iḍewḍan deg imezzuɣen nnes issusef uca iḥada ires nnes xenni ixzar ɣar ujenna,no
REC128_SEG0020_PART01,REC128,SPK009,train,vad_v2_spk009,341.336,351.408,10.072,data/processed/segments/REC128/REC128_SEG0020_PART01.wav,reviewed,isqinf ed inna as nurzem rexdenni nnurzmen imezzuɣen nnes uca tefsi tesɣunt n yires nnes ibda issawar nican,no
REC128_SEG0020_PART02,REC128,SPK009,train,vad_v2_spk009,351.408,361.48,10.072,data/processed/segments/REC128/REC128_SEG0020_PART02.wav,reviewed,iɛrem asen war t qqaren i ḥed maca mecḥar ma ten yumur waxxa amenni tuɣa ssuffuɣen xas rexbar mah,no
REC128_SEG0021,REC128,SPK009,train,vad_v2_spk009,361.912,371.912,10.0,data/processed/segments/REC128/REC128_SEG0021.wav,reviewed,uca tbehten s unexriɛ arami nnan marra igga i t mliḥ yarra idehcar ttesran d ignawen ssawaren,no
REC129_SEG0002,REC129,SPK009,train,vad_v2_spk009,6.136,20.104,13.968,data/processed/segments/REC129/REC129_SEG0002.wav,reviewed,deg wussan nni am tuɣa din ɛawed attas n rɣaci uca war tuɣi ɣarsen min ɣa ccen iraɣa yasuɛ x imeḥḍaren nnes inna asen aqa zzidjzen ayi rɣaci minzi qqimen akidi ɛad ṭraṭa n wussan,no
REC129_SEG0003,REC129,SPK009,train,vad_v2_spk009,20.44,37.16,16.72,data/processed/segments/REC129/REC129_SEG0003.wav,reviewed,war ɣarsen min ɣa ccen mara ssekkeɣ ten ɣar tudrin nsen am ɛad djuzen ad ttwaheyyfen deg webrid minzi ca zzaysen usin dd zi raggʷaj nnan as imeḥḍaren nnes zi manis izemmar ḥed ad yaf aɣrum ḍi rexra ya,no
REC129_SEG0004,REC129,SPK009,train,vad_v2_spk009,37.4,56.616,19.216,data/processed/segments/REC129/REC129_SEG0004.wav,reviewed,isseqsa ten mecḥar n tecnifin i ɣarwem nnan sebɛa xenni yumur rɣaci ad iqqim ḍi ṭammurṭ uca iksi sebɛa nni n tecnifin u awarni rami ibarek yarza i tent iwca i tent i imeḥḍaren nnes ḥima ad tent qeddmen uca xenni qeddmen tent i rɣaci,no
REC129_SEG0005_PART01,REC129,SPK009,train,vad_v2_spk009,57.24,70.224,12.984,data/processed/segments/REC129/REC129_SEG0005_PART01.wav,reviewed,tuɣa ɣarsen cwayt n iserman d imezyanen ibark i ten ɛawed inna ad qeddmen ina ccin jjiwnen uca yarwen min icetten aqa sebɛa n tsudjatin,no
REC129_SEG0005_PART02,REC129,SPK009,train,vad_v2_spk009,70.224,83.208,12.984,data/processed/segments/REC129/REC129_SEG0005_PART02.wav,reviewed,inni iccen tuɣa aten ɛraḥar ḍi arebɛa araf xenni issekk i ten uca rexdenni inya ḍi tɣarrabut ak d imeḥḍaren nnes yiweḍ ɣar jjwayeh n dalmanuta,no
REC129_SEG0006_PART01,REC129,SPK009,train,vad_v2_spk009,86.456,100.896,14.44,data/processed/segments/REC129/REC129_SEG0006_PART01.wav,reviewed,ifarisiyyen ttarenijjen reɛramet ffɣen ifarisiyyen bdan ttqacaḥen ḍayes ttaren zzayes ict n reɛramet zeg ujenna ḥima ad t jarrben izehhar ḍi arruḥ nnes inna,no
REC129_SEG0006_PART02,REC129,SPK009,train,vad_v2_spk009,100.896,115.336,14.44,data/processed/segments/REC129/REC129_SEG0006_PART02.wav,reviewed,mayemmi ittettar jjir a ijjen reɛramet s tidett necc ad awem iniɣ ɛemmas war d as temmewc i jjir a ict n reɛramet xenni ismeḥ ḍaysen uca inya ḍi tɣarrabut uca ruḥen niṭni ɣar ujemmaḍ,no
REC129_SEG0008,REC129,SPK009,train,vad_v2_spk009,121.24,129.384,8.144,data/processed/segments/REC129/REC129_SEG0008.wav,reviewed,maca imeḥḍaren nnes ttun ad kisen ksin aɣrum uca war tuɣi ɣarsen walu ḍi tɣarrabut mɣir ict n tecnift n weɣrum waha,no
REC129_SEG0009_PART01,REC129,SPK009,train,vad_v2_spk009,130.072,142.768,12.696,data/processed/segments/REC129/REC129_SEG0009_PART01.wav,reviewed,uca netta iɛermasen i xzarem ḥḍam zeg wentun n ifarisiyyen d wentun n hirudus mcawaren jar asen nnan d man aya minzi war ɣarneɣ bu tecnifin n weɣrum,no
REC129_SEG0009_PART02,REC129,SPK009,train,vad_v2_spk009,142.768,155.464,12.696,data/processed/segments/REC129/REC129_SEG0009_PART02.wav,reviewed,uca yargeb yasuɛ inna asen mayemmi temcawarem belli war ɣarwem bu tecnifin n weɣrum ma war tucim ma war tefhimem ma ɛad urawen nwem qesḥen ma ɣarwem tittawin maca war tettwirim,no
REC129_SEG0010_PART01,REC129,SPK009,train,vad_v2_spk009,155.736,168.432,12.696,data/processed/segments/REC129/REC129_SEG0010_PART01.wav,reviewed,ma ɣarwem imezzuɣen maca war tettesrim ma war tɛeqqirem ɛad umi arziɣ xemsa n tecnifin n weɣrum i xemsa araf mecḥar n tsudjatin i iccuren s ireqqʷaz i tyarwem nnan as,no
REC129_SEG0010_PART02,REC129,SPK009,train,vad_v2_spk009,168.432,181.128,12.696,data/processed/segments/REC129/REC129_SEG0010_PART02.wav,reviewed,ṭenɛac u ɣar sebɛa n tecnifin n weɣrum i arebɛa araf mecḥar n tsudjatin iccuren s ireqqʷaz i tyarwem nnan sebɛa xenni inna asen mammec ɛad war tefhimem ar rexxu,no
REC129_SEG0011,REC129,SPK009,train,vad_v2_spk009,184.376,193.384,9.008,data/processed/segments/REC129/REC129_SEG0011.wav,reviewed,asgenfi n ijjen udarɣar ḍi baytsayḍa yusa dd ɣar bayt sayda uca niṭni iwyen as dd ijjen udarɣar zawgen t ad iḥada wanita,no
REC129_SEG0012_PART01,REC129,SPK009,train,vad_v2_spk009,193.976,207.2,13.224,data/processed/segments/REC129/REC129_SEG0012_PART01.wav,reviewed,netta imneɛ adarɣar zeg ufus indeh i t barra i dcar uca issusef ḍi tittawin nnes issars xas afus nnes isseqsa min ittwara isewḍ inna ttwariɣ iwḍan gguren am ticejjura,no
REC129_SEG0012_PART02,REC129,SPK009,train,vad_v2_spk009,207.2,220.424,13.224,data/processed/segments/REC129/REC129_SEG0012_PART02.wav,reviewed,xenni issars ɛawed afus nnes x tittawin nnes xenni iggenfa iḍwer ittwara marra mliḥ issekk i t ɣar ṭaddarṭ nnes inna war d ttidef dcar war t qqar i ḥed ḍi dcar,no
REC129_SEG0013,REC129,SPK009,train,vad_v2_spk009,223.16,241.928,18.768,data/processed/segments/REC129/REC129_SEG0013.wav,reviewed,cchadet n buṭrus x yasuɛ xenni yuyur yasuɛ ak d imeḥḍaren nnes ɣar redcur n qaysariya filippus deg webrid isseqsa imeḥḍaren nnes inna asen min qqaren iwḍan min ɛniɣ necc arrin dd yuḥanna amseɣḍas ca nneɣni nnan iliya,no
REC129_SEG0014,REC129,SPK009,train,vad_v2_spk009,242.36,258.184,15.824,data/processed/segments/REC129/REC129_SEG0014.wav,reviewed,inneɣni qqaren ijjen zeg inabiyyen inna asen i kenniw min teqqarem xafi yarra dd cimɛun inna as cek d lmasiḥ mmis n arebbi iddaren yumur i ten mliḥ maḥend war tt xas qqaren ura i yijj,no
REC129_SEG0015,REC129,SPK009,train,vad_v2_spk009,260.056,263.624,3.568,data/processed/segments/REC129/REC129_SEG0015.wav,reviewed,yasuɛ izwar issawar x rmewt d tnukra nnes,no
REC129_SEG0016,REC129,SPK009,train,vad_v2_spk009,264.728,276.232,11.504,data/processed/segments/REC129/REC129_SEG0016.wav,reviewed,ibda issermad aqa mmis n bnaḍem ittxessa ad iweddeb attas uca ad ittwasseḥqar zeg imɣaren n rgens d imeqqranen n ikehhanen d imsermaden n idlisen,no
REC129_SEG0017,REC129,SPK009,train,vad_v2_spk009,277.048,295.752,18.704,data/processed/segments/REC129/REC129_SEG0017.wav,reviewed,ad t nɣen uca deg wass wiss ṭraṭa ad dd ikkar inna awar a s bṭayṭay maca iksi t buṭrus ɣares ɣar uɣezdis uca ibda ittwebbex i t xas uca inneqreb ixzar deg imeḥḍaren nnes uca iwebbex i cimɛun iqqar,no
REC129_SEG0018_PART01,REC129,SPK009,train,vad_v2_spk009,296.312,306.496,10.184,data/processed/segments/REC129/REC129_SEG0018_PART01.wav,reviewed,aggʷej xafi awarni ayi a cciṭan minzi cek war d ac icqi min idjan n arebbi maca min idjan n iwḍan iraɣa dd yasuɛ i rɣaci,no
REC129_SEG0018_PART02,REC129,SPK009,train,vad_v2_spk009,306.496,316.68,10.184,data/processed/segments/REC129/REC129_SEG0018_PART02.wav,reviewed,ak d imeḥḍaren nnes ɣares inna asen wenni ixsen ad ayi iḍfar ad inkar ixef nnes ad iksi ssalib nnes uca ad ayi iḍfar,no
REC129_SEG0019,REC129,SPK009,train,vad_v2_spk009,317.304,328.68,11.376,data/processed/segments/REC129/REC129_SEG0019.wav,reviewed,minzi wenni ixsen ad issenjem ṭudarṭ nnes ad tt ixsar maca wenni i ɣa ixsaren ṭudarṭ nnes ḍi ttweɛ inu u ḍi ttweɛ n rexbar asebḥan ad tt issenjem,no
REC129_SEG0020_PART01,REC129,SPK009,train,vad_v2_spk009,329.08,341.664,12.584,data/processed/segments/REC129/REC129_SEG0020_PART01.wav,reviewed,minzi man refḍer n bnaḍem mara yarbeḥ ddunect marra maca ad ixsar reɛmar nnes minzi min ɣa iwc bnaḍem deg wemcan n reɛmar nnes minzi wenni,no
REC129_SEG0020_PART02,REC129,SPK009,train,vad_v2_spk009,341.664,354.248,12.584,data/processed/segments/REC129/REC129_SEG0020_PART02.wav,reviewed,zzayi i ɣa iseḍḥan u zeg wawaren inu ḍi jjir a izennan ixḍan aqa ura d mmis n bnaḍem ad zzayes iseḍḥa xmi dd ɣa yas s uɛudji n babas ak d lmalakat iqeddsen,no
REC130_SEG0001,REC130,SPK009,train,vad_v2_spk009,0.76,4.744,3.984,data/processed/segments/REC130/REC130_SEG0001.wav,reviewed,asɛudji n yasuɛ x wedrar ak d musa d iliya,no
REC130_SEG0002_PART01,REC130,SPK009,train,vad_v2_spk009,5.304,18.832,13.528,data/processed/segments/REC130/REC130_SEG0002_PART01.wav,reviewed,uca inna asen s tidett necc ad awem iniɣ aqa ca zeg inni da ibedden war ttqasin ca rmewt ar ɣa zaren tageldit n arebbi tenni ad ɣayasen s jjehd awarni setta n wussan yasuɛ yiwi dd,no
REC130_SEG0002_PART02,REC130,SPK009,train,vad_v2_spk009,18.832,32.36,13.528,data/processed/segments/REC130/REC130_SEG0002_PART02.wav,reviewed,akides buṭrus d yaɛqub d yuḥanna weḥḥedsen ɣar ijjen wedrar yuɛran uca ibedder abdur nsen arruḍ nnes iḍwer yareqq d acemrar attas am acnaw adfer,no
REC130_SEG0003_PART01,REC130,SPK009,train,vad_v2_spk009,32.504,46.272,13.768,data/processed/segments/REC130/REC130_SEG0003_PART01.wav,reviewed,n wedrar yuɛran uca ibedder abdur nsen arruḍ nnes iḍwer yareqq d acemrar attas am acnaw adfer war izemmar ura d ijjen bnaḍem x ṭammurṭ ad issemrer amenni iḍhar asen dd iliya ak d musa am tuɣa ssawaren ak d yasuɛ inna as buṭrus a amsermad inu,no
REC130_SEG0003_PART02,REC130,SPK009,train,vad_v2_spk009,46.272,60.04,13.768,data/processed/segments/REC130/REC130_SEG0003_PART02.wav,reviewed,aqa mliḥ umi da nedja ejj aneɣ ad newwet ṭraṭa n iɛuccuten n tsetta ijjen i cek ijjen i musa u ijjen i iliya maca tuɣa iweddar as min ɣa yini minzi niṭni ggʷeden attas,no
REC130_SEG0004,REC130,SPK009,train,vad_v2_spk009,60.664,78.472,17.808,data/processed/segments/REC130/REC130_SEG0004.wav,reviewed,ikka dd useynu issduriy i ten s tiri nnes uca traɣa dd ict n tmijja zeg useynu teqqar wa d mmi iɛizzen srem ɣares umi ssgeɛɛden niṭni tittawin nsen deg ict n tecti war qqimen ttwaran ɛad ḥed akidsen mɣir yasuɛ weḥḥdes,no
REC130_SEG0005,REC130,SPK009,train,vad_v2_spk009,79.544,89.224,9.68,data/processed/segments/REC130/REC130_SEG0005.wav,reviewed,arami dd hwan zeg wedrar yumur i ten ḥima war ttɛiwiden i ḥed walu zi min zrin ar dd ɣa ikkar mmis n bnaḍem jar imettinen,no
REC130_SEG0006_PART01,REC130,SPK009,train,vad_v2_spk009,89.592,100.288,10.696,data/processed/segments/REC130/REC130_SEG0006_PART01.wav,reviewed,xemmren awar a deg yixef nsen am tuɣa ttseqsan ixef nsen min ixs ad yini wawar a ar dd ɣa ikkar zi ṭaddarṭ n imettinen sseqsan t nnan as maye,no
REC130_SEG0006_PART02,REC130,SPK009,train,vad_v2_spk009,100.288,110.984,10.696,data/processed/segments/REC130/REC130_SEG0006_PART02.wav,reviewed,mmi qqaren imsermaden n idlisen belli ittxessa ad dd yas iliya d amezwaru yarra dd inna asen aqa iliya ad dd yas d amezwaru uca ad yarr kurci,no
REC130_SEG0007,REC130,SPK009,train,vad_v2_spk009,111.256,124.2,12.944,data/processed/segments/REC130/REC130_SEG0007.wav,reviewed,uca ad tiri am mammec tura x mmis n bnaḍem aqa ad iweddeb attas uca ad t sseḥqaren maca necc ad awem iniɣ iliya aqa yusa dd uca ggin zzayes min xsen am mammec xas tura,no
REC130_SEG0008,REC130,SPK009,train,vad_v2_spk009,126.68,130.056,3.376,data/processed/segments/REC130/REC130_SEG0008.wav,reviewed,asgenfi n ijjen abriɣ ḍayes raryaḥ amengus,no
REC130_SEG0009_PART01,REC130,SPK009,train,vad_v2_spk009,130.872,145.008,14.136,data/processed/segments/REC130/REC130_SEG0009_PART01.wav,reviewed,rami dd yusa ɣar imeḥḍaren izra ijjen rɣaci d ameqqran ittenneḍ asen dd u imsermaden n idlisen ttqacaḥen ten deɣya izra i t marra rɣaci tbehten attas uca uzzren dd ɣares,no
REC130_SEG0009_PART02,REC130,SPK009,train,vad_v2_spk009,145.008,159.144,14.136,data/processed/segments/REC130/REC130_SEG0009_PART02.wav,reviewed,sedjmen xas xenni isseqsa imsermaden n idlisen min xef kidsen tettqacaḥem yarra dd ijjen zi rɣaci inna a amseɣɣar iwyeɣ dd mmi ɣarek aqa ḍayes raryaḥ nni t yarrin d agnaw,no
REC130_SEG0010,REC130,SPK009,train,vad_v2_spk009,159.896,168.328,8.432,data/processed/segments/REC130/REC130_SEG0010.wav,reviewed,xmi t ittettef inettar i t ɣar ṭammurṭ itteffeɣ as dd ukuffu zeg uqemmum ittɣezza tiɣmas nnes uca ittazeɣ,no
REC130_SEG0011_PART01,REC130,SPK009,train,vad_v2_spk009,168.76,181.936,13.176,data/processed/segments/REC130/REC130_SEG0011_PART01.wav,reviewed,nniɣ i imeḥḍaren nnec ad t ssuffɣen maca war d as zemmaren yasuɛ yarra dd inna asen a jjir war yuminen mecḥar kidwem i ɣa qqimeɣ mecḥar i kenniw i ɣa yarbuɣ ɛad awyem t i dd ɣari,no
REC130_SEG0011_PART02,REC130,SPK009,train,vad_v2_spk009,181.936,195.112,13.176,data/processed/segments/REC130/REC130_SEG0011_PART02.wav,reviewed,uca iwyen t i dd ɣares umi t izra rexdenni immenḍar i t raryaḥ ammu d wammu arami iwḍa ɣar ṭammurṭ ibda ittbarkikkiḍ ittekk as dd ukuffu zeg uqemmum yasuɛ isseqsa babas,no
REC130_SEG0012_PART01,REC130,SPK009,train,vad_v2_spk009,195.384,209.36,13.976,data/processed/segments/REC130/REC130_SEG0012_PART01.wav,reviewed,mecḥar zeg wami t i dd iḥkem uya inna as zi temzi nnes attas n imuren inettar i t ḍi ṭmessi u deg waman ḥima ad t isshellek maca mara tzemmared x ca,no
REC130_SEG0012_PART02,REC130,SPK009,train,vad_v2_spk009,209.36,223.336,13.976,data/processed/segments/REC130/REC130_SEG0012_PART02.wav,reviewed,ɛawen ayi u ḥinn xafi inna as yasuɛ mara tzemmared ad tamned aqa kurci izemmar i wenni yumnen rexdenni isɣuy babas n uḥenjir s imettawen inna umneɣ a sidi,no
REC130_SEG0013,REC130,SPK009,train,vad_v2_spk009,223.672,237.288,13.616,data/processed/segments/REC130/REC130_SEG0013.wav,reviewed,ɛawen l iman ineqsen inu umi izra yasuɛ rɣaci ittazzer uca ssmunen dd ɣares niṭni iwebbex raryaḥ amengus inna as a raryaḥ agnaw necc umureɣ cek ffeɣ zzayes,no
REC130_SEG0014_PART01,REC130,SPK009,train,vad_v2_spk009,237.592,249.504,11.912,data/processed/segments/REC130/REC130_SEG0014_PART01.wav,reviewed,war ttdekkwir ḍayes ɛemmas isɣuy cciṭan nni attas ijebbed i t attas ammu d wammu uca iffeɣ zzayes xenni iḍwer uḥenjir am yijjen umettin,no
REC130_SEG0014_PART02,REC130,SPK009,train,vad_v2_spk009,249.504,261.416,11.912,data/processed/segments/REC130/REC130_SEG0014_PART02.wav,reviewed,arami tuɣa nnan attas aqa immut ittef i t yasuɛ zeg ufus nnes issbedd i t umi dd yudef ɣar ṭaddarṭ sseqsan t imeḥḍaren nnes weḥḥedsen,no
REC130_SEG0015,REC130,SPK009,train,vad_v2_spk009,261.72,272.904,11.184,data/processed/segments/REC130/REC130_SEG0015.wav,reviewed,mayemmi war nzemmar neccin ad t nessuffeɣ inna asen ddegg a war izemmar ad ittwassuffeɣ ura s ict n rḥajjeṭ mɣir s uzummi d tzadjit waha,no
REC130_SEG0016,REC130,SPK009,train,vad_v2_spk009,276.28,280.968,4.688,data/processed/segments/REC130/REC130_SEG0016.wav,reviewed,yasuɛ issawar x rmewt d tnukra nnes i ṭwara wiss ṭnayen,no
REC130_SEG0017_PART01,REC130,SPK009,train,vad_v2_spk009,281.688,293.184,11.496,data/processed/segments/REC130/REC130_SEG0017_PART01.wav,reviewed,ffɣen dd ssenni uca cuqen ḍi ljalil netta tuɣa war ixs ad t iɛqer ura d ijjen maɣar tuɣa issermad imeḥḍaren nnes iqqar asen aqa mmis n bnaḍem ad immewc,no
REC130_SEG0017_PART02,REC130,SPK009,train,vad_v2_spk009,293.184,304.68,11.496,data/processed/segments/REC130/REC130_SEG0017_PART02.wav,reviewed,deg ifassen n iwḍan ad t nɣen uca awarni rami t ɣa nɣen ad dd ikkar deg wass wiss ṭraṭa maca niṭni war fhimen i wawar a uca ggʷeden ad t sseqsan ɛad x uya,no
REC130_SEG0018,REC130,SPK009,train,vad_v2_spk009,309.336,321.064,11.728,data/processed/segments/REC130/REC130_SEG0018.wav,reviewed,man wen idjan d ameqqran usin dd ɣar kafarnaḥum u awarni rami udfen ɣar ṭaddarṭ isseqsa ten ḍi min ḍi tuɣa tḥarrḍem ak d wayawya deg webrid,no
REC130_SEG0019_PART01,REC130,SPK009,train,vad_v2_spk009,321.432,332.256,10.824,data/processed/segments/REC130/REC130_SEG0019_PART01.wav,reviewed,maca sqaren minzi tuɣa ttemqacaḥen deg webrid ḍi win idjan d ameqqran zzaysen iqqim iraɣa dd i ṭenɛac inna asen mara ixs ḥed ad yiri d amez,no
REC130_SEG0019_PART02,REC130,SPK009,train,vad_v2_spk009,332.256,343.08,10.824,data/processed/segments/REC130/REC130_SEG0019_PART02.wav,reviewed,war ad yiri d aneggar ura d amsexxar i marra iksi aḥenjir issbedd i t ḍi rwesṭ nsen idarreɛ as uca inna asen,no
REC130_SEG0020,REC130,SPK009,train,vad_v2_spk009,343.416,353.512,10.096,data/processed/segments/REC130/REC130_SEG0020.wav,reviewed,wi ɣa iqebren mɣir ijjen uḥenjir am uḥenjir a s yisem inu aqa iqber ayi u wi d ayi ɣa iqebren war d ayi iqebber maca iqebber wi d ayi dd issekken,no
REC130_SEG0021,REC130,SPK009,train,vad_v2_spk009,357.08,376.552,19.472,data/processed/segments/REC130/REC130_SEG0021.wav,reviewed,wi war idjin ḍidd nneɣ aqa t akidneɣ yarra dd xas yuḥanna inna as a amsermad inu nezra ijjen issuffuɣ ccwaṭen s yisem nnec u nemneɛ i t minzi netta war dd aneɣ iḍeffar inna yasuɛ war t mennɛem ca minzi war din ura d ijj i ɣa yeggen timegga ijehden s yisem inu,no
REC130_SEG0022,REC130,SPK009,train,vad_v2_spk009,376.984,394.76,17.776,data/processed/segments/REC130/REC130_SEG0022.wav,reviewed,uca rexdenni deɣya ad xafi issiwer s rɣar minzi wi war idjin ḍidd nwem aqa t akidwem wi kenniw i ɣa isseswen s yijjen rkas n waman waha minzi aqa kenniw n lmasiḥ i tedjam aqa s tidett necc ad awem iniɣ netta war ixessar ca rmunet nnes,no
REC130_SEG0023,REC130,SPK009,train,vad_v2_spk009,397.464,401.416,3.952,data/processed/segments/REC130/REC130_SEG0023.wav,reviewed,yasuɛ iɛrem iwḍan x min iɣekkʷan i ddnub,no
REC130_SEG0024_PART01,REC130,SPK009,train,vad_v2_spk009,402.648,415.616,12.968,data/processed/segments/REC130/REC130_SEG0024_PART01.wav,reviewed,wi ɣa issenqraḍen ijjen zeg imezyanen a i dayi yumnen iḥra as ad as tettwagg ict n tesḍart n tsirt tedqer deg iri nnes ad immenḍar ḍi rebḥar mara issenqarḍ cek ufus,no
REC130_SEG0024_PART02,REC130,SPK009,train,vad_v2_spk009,415.616,428.584,12.968,data/processed/segments/REC130/REC130_SEG0024_PART02.wav,reviewed,nnec qess i t iḥra ac ad tadfed ɣar ṭudarṭ d ameɛḍur x wadaf s ṭnayen n ifassen ḍi jehennama mani tikecca nsen war tettmetti u timessi nsen war txessi,no
REC130_SEG0025,REC130,SPK009,train,vad_v2_spk009,429.112,443.88,14.768,data/processed/segments/REC130/REC130_SEG0025.wav,reviewed,mara isseɣwacek cek uḍar nnec qess i t iḥra ac ad tadfed ɣar ṭudarṭ d aqejdaḥ x uwettu s ṭnayen n iḍaren ḍi jehennama mani tikecca nsen war tettmetti u timessi nsen war txessi,no
REC130_SEG0026_PART01,REC130,SPK009,train,vad_v2_spk009,444.28,455.904,11.624,data/processed/segments/REC130/REC130_SEG0026_PART01.wav,reviewed,mara tesseɣwacek cek titt nnec qerɛ i tt iḥra ac ad tadfed ɣar tgeldit n arebbi s ict n titt x uwettu s ṭnayen n tittawin ḍi ṭmessi n jehennama,no
REC130_SEG0026_PART02,REC130,SPK009,train,vad_v2_spk009,455.904,467.528,11.624,data/processed/segments/REC130/REC130_SEG0026_PART02.wav,reviewed,mani tikecca nsent war tettmetti u timessi nsent war txessi minzi kur ijjen ad ittwamedjeḥ s ṭmessi u kur taɣarst ad tettwamedjeḥ s tmedjaḥt,no
REC130_SEG0027,REC130,SPK009,train,vad_v2_spk009,468.184,479.368,11.184,data/processed/segments/REC130/REC130_SEG0027.wav,reviewed,tamedjaḥt tesbeḥ maca mara tamedjaḥt ixsar ureddi nnes s min zi tt i ɣa ɛedren ad tiri tmedjaḥt daywem uca ḥḍam rehna jar awem,no
REC131_SEG0001,REC131,SPK009,train,vad_v2_spk009,1.304,3.976,2.672,data/processed/segments/REC131/REC131_SEG0001.wav,reviewed,yasuɛ issiwer x remrac d wadjaf,no
REC131_SEG0002_PART01,REC131,SPK009,train,vad_v2_spk009,4.376,18.368,13.992,data/processed/segments/REC131/REC131_SEG0002_PART01.wav,reviewed,ikkar yuyur ssenni uca yiweḍ ɣar ṭammurṭ n yahudiyya ɣar wemcan n uzekkwi n l urdun munen dd xas rɣaci attas u ɛawed tuɣa issermad i ten am mammec tuɣa innum usin dd ɣares ifarisiyyen sseqsan t,no
REC131_SEG0002_PART02,REC131,SPK009,train,vad_v2_spk009,18.368,32.36,13.992,data/processed/segments/REC131/REC131_SEG0002_PART02.wav,reviewed,ḥima ad t jarrben ma iḥedjer i weryaz ad idjef i temɣart nnes yarra dd inna asen min xef tuɣa kenniw yumur musa nnan musa iwca ttesriḥ ad tettwari tebrat n wadjaf maḥend aryaz ad as idjef,no
REC131_SEG0003,REC131,SPK009,train,vad_v2_spk009,32.728,39.144,6.416,data/processed/segments/REC131/REC131_SEG0003.wav,reviewed,yarra dd yasuɛ inna asen x ssibbet n reqsaḥet n wurawen nwem aqa yura awem tawseyyet a,no
REC131_SEG0004_PART01,REC131,SPK009,train,vad_v2_spk009,39.512,51.312,11.8,data/processed/segments/REC131/REC131_SEG0004_PART01.wav,reviewed,maca zi beddu zi mani tettwagg ddunect ixreq i ten dd arebbi d awtem d tewtemt s uyenni ad ismeḥ weryaz ḍi babas d yemmas ad iqqen ɣar temɣart nnes,no
REC131_SEG0004_PART02,REC131,SPK009,train,vad_v2_spk009,51.312,63.112,11.8,data/processed/segments/REC131/REC131_SEG0004_PART02.wav,reviewed,uca ṭnayen idsen xenni ad irin d ict n ddat uca ammu war ttirin ɛad d ṭnayen maca ad irin d ict n arrimet s uya min issmun arebbi war t ibetti bnaḍem,no
REC131_SEG0005,REC131,SPK009,train,vad_v2_spk009,63.576,80.584,17.008,data/processed/segments/REC131/REC131_SEG0005.wav,reviewed,ḍi ṭaddarṭ sseqsan t imeḥḍaren nnes ɛawed x man aya inna asen wi ɣa idjfen i temɣart nnes uca ad yawi tenneɣnit aqa netta izna u mara tamɣart tedjef i weryaz nnes uca xenni ad tiri i weryaz nneɣni aqa nettat tezna,no
REC131_SEG0006,REC131,SPK009,train,vad_v2_spk009,82.552,91.496,8.944,data/processed/segments/REC131/REC131_SEG0006.wav,reviewed,yasuɛ ibarek iḥenjiren iwyen as dd iḥenjiren ḥima ad ten iḥada maca imeḥḍaren webbxen inni ten dd yiwyen ɣares,no
REC131_SEG0007_PART01,REC131,SPK009,train,vad_v2_spk009,92.184,103.76,11.576,data/processed/segments/REC131/REC131_SEG0007_PART01.wav,reviewed,umi izra yasuɛ man aya ixeyyeq inna asen jjem iḥenjiren ad ɣari dd asen war ten mennɛem minzi tageldit n arebbi n yinni idjan am niṭni s tidett necc ad,no
REC131_SEG0007_PART02,REC131,SPK009,train,vad_v2_spk009,103.76,115.336,11.576,data/processed/segments/REC131/REC131_SEG0007_PART02.wav,reviewed,awem iniɣ wi war iqebbren tageldit n arebbi am yijjen uḥenjir aqa ɛemmas war ɣares ittidef idarreɛ asen uca am xasen issars ifassen nnes ibark i ten,no
REC131_SEG0008,REC131,SPK009,train,vad_v2_spk009,118.584,120.808,2.224,data/processed/segments/REC131/REC131_SEG0008.wav,reviewed,yasuɛ d weryaz bu wagra,no
REC131_SEG0009_PART01,REC131,SPK009,train,vad_v2_spk009,121.272,135.46,14.188,data/processed/segments/REC131/REC131_SEG0009_PART01.wav,reviewed,umi iffeɣ maḥend ad yuyur deg webrid yuzzer dd ɣares ijjen iwḍa as ɣar ifadden uca isseqsa t inna a amseɣɣar asebḥan min ɣa ggeɣ ḥima ad warteɣ ṭudarṭ ittduman inna as yasuɛ mayemmi d ayi,no
REC131_SEG0009_PART02,REC131,SPK009,train,vad_v2_spk009,135.46,149.648,14.188,data/processed/segments/REC131/REC131_SEG0009_PART02.wav,reviewed,tettraɣid asebḥan ura d ijj war idji d asebḥan mɣir ijjen waha arebbi cek tessned tiwessa war zenni war neqq war tticar war cehhed s zur war ttɣecca,no
REC131_SEG0010,REC131,SPK009,train,vad_v2_spk009,149.648,157.704,8.056,data/processed/segments/REC131/REC131_SEG0010.wav,reviewed,weqqar babac d yemmac yarra dd inna as wah a amseɣɣar aqa marra tina tuɣa ḍeffareɣ tent zi temzi inu,no
REC131_SEG0011_PART01,REC131,SPK009,train,vad_v2_spk009,158.168,168.896,10.728,data/processed/segments/REC131/REC131_SEG0011_PART01.wav,reviewed,ixzar ḍayes yasuɛ uca issɛizz i t inna as teqqim icten ɛad uyur zenz marra min ɣarek ewc i t i imezraḍ uca ad ɣarek yiri ijjen rkenz deg ujenna,no
REC131_SEG0011_PART02,REC131,SPK009,train,vad_v2_spk009,168.896,179.624,10.728,data/processed/segments/REC131/REC131_SEG0011_PART02.wav,reviewed,xenni assed ḍḍa ksi ssalib nnec ḍfar ayi dd maca netta tuɣa iḥzen s wawar nni uca iruḥ icḍen minzi tuɣa ɣares attas n wagra,no
REC131_SEG0012,REC131,SPK009,train,vad_v2_spk009,179.704,190.144,10.44,data/processed/segments/REC131/REC131_SEG0012.wav,reviewed,ixzar yasuɛ ɣar inni idass dyenden inna asen i imeḥḍaren nnes mecḥar iwɛar x yinni ɣar idja attas n wagra ḥima ad adfen ɣar tgeldit n arebbi,no
REC131_SEG0013_PART01,REC131,SPK009,train,vad_v2_spk009,190.144,202.708,12.564,data/processed/segments/REC131/REC131_SEG0013_PART01.wav,reviewed,tbehten imeḥḍaren zeg wawaren nnes maca yasuɛ iɛawed ittef deg wawar inna asen a tarwa inu mecḥar iwɛar x yinni ittcaran x wagra nsen maḥend ad dd adfen ɣar,no
REC131_SEG0013_PART02,REC131,SPK009,train,vad_v2_spk009,202.708,215.272,12.564,data/processed/segments/REC131/REC131_SEG0013_PART02.wav,reviewed,tgeldit n arebbi ihwen ad yadef werɣem zi titt n tsineft zeg wadaf n bu wagra ɣar tgeldit n arebbi immarni ḍaysen ɛad unexriɛ nnan i wayawya,no
REC131_SEG0014,REC131,SPK009,train,vad_v2_spk009,215.48,229.16,13.68,data/processed/segments/REC131/REC131_SEG0014.wav,reviewed,wi izemmaren xenni ad ittwassenjem ixzar ḍaysen yasuɛ inna ɣar iwḍan war izemmar maca ɣar arebbi war idji amenni minzi aqa ɣar arebbi kurci ḍi tzemmar nnes,no
REC131_SEG0015,REC131,SPK009,train,vad_v2_spk009,231.992,234.504,2.512,data/processed/segments/REC131/REC131_SEG0015.wav,reviewed,rmunet n weḍfar n yasuɛ,no
REC131_SEG0016,REC131,SPK009,train,vad_v2_spk009,235.256,241.096,5.84,data/processed/segments/REC131/REC131_SEG0016.wav,reviewed,ibda buṭrus ad yini xzar aqa neccin nejja kurci neḍfar i cek dd,no
REC131_SEG0017_PART01,REC131,SPK009,train,vad_v2_spk009,241.336,254.62,13.284,data/processed/segments/REC131/REC131_SEG0017_PART01.wav,reviewed,yarra dd xas yasuɛ inna s tidett necc ad awem iniɣ war din idji ura d ijjen wenni isemḥen ḍi ṭaddarṭ niɣ deg aytmas niɣ ḍi yessmas niɣ ḍi babas niɣ ḍi yemmas niɣ ḍi,no
REC131_SEG0017_PART02,REC131,SPK009,train,vad_v2_spk009,254.62,267.904,13.284,data/processed/segments/REC131/REC131_SEG0017_PART02.wav,reviewed,temɣart niɣ ḍi tarrawt ura deg iyyaren ḍi ttweɛ inu u ḍi ttweɛ n rexbar asebḥan i war ikessin mya n tseqqar rexxu ḍi zzman a ad iksi tudrin niɣ aytmas niɣ yessmas,no
REC131_SEG0018,REC131,SPK009,train,vad_v2_spk009,267.904,287.72,19.816,data/processed/segments/REC131/REC131_SEG0018.wav,reviewed,niɣ tyemmatin niɣ tarrawt d yeyyaren ak d umarret uca ḍi zzman i dd ɣa yasen ad iksi ṭudarṭ ittduman maca attas n yinni idjan d imezwura ad irin d ineggura uca inni idjan d ineggura ad irin d imezwura,no
REC131_SEG0019,REC131,SPK009,train,vad_v2_spk009,291.416,297.096,5.68,data/processed/segments/REC131/REC131_SEG0019.wav,reviewed,yasuɛ issawar x rmewt d tnukra nnes i ṭwara wiss ṭraṭa,no
REC131_SEG0020_PART01,REC131,SPK009,train,vad_v2_spk009,297.592,311.36,13.768,data/processed/segments/REC131/REC131_SEG0020_PART01.wav,reviewed,tuɣa ten deg webrid maḥend ad geɛɛden ɣar urcalim u yasuɛ tuɣa izwar asen niṭni tuɣa ttbehten uca ggʷeden umi t i dd ḍeffaren iksi ṭenɛac ɣar uɣezdis uca ibda iqqar asen x,no
REC131_SEG0020_PART02,REC131,SPK009,train,vad_v2_spk009,311.36,325.128,13.768,data/processed/segments/REC131/REC131_SEG0020_PART02.wav,reviewed,min d as ɣa imsaren inna xzar neccin ad ngeɛɛed ɣar urcalim u mmis n bnaḍem ad immewc deg ifassen n imeqqranen n ikehhanen d imsermaden n idlisen u niṭni ad xas ḥekmen s rmewt,no
REC131_SEG0021,REC131,SPK009,train,vad_v2_spk009,325.336,336.488,11.152,data/processed/segments/REC131/REC131_SEG0021.wav,reviewed,ad t sellmen i regnus ad t sseḥqaren ad t hettken s urekkuḍ ad xas ssusfen ad t nɣen uca deg wass wiss ṭraṭa ad ikkar,no
REC131_SEG0022_PART01,REC131,SPK009,train,vad_v2_spk009,339.832,350.704,10.872,data/processed/segments/REC131/REC131_SEG0022_PART01.wav,reviewed,tutra n yaɛqub d yuḥanna yusa dd ɣares yaɛqub d yuḥanna tarwa n zabdi nnan as a amseɣɣar nexs ad aneɣ tegged marra min,no
REC131_SEG0022_PART02,REC131,SPK009,train,vad_v2_spk009,350.704,361.576,10.872,data/processed/segments/REC131/REC131_SEG0022_PART02.wav,reviewed,zzayek ɣa nettar inna asen min texsem ad awem ggeɣ nnan as ewc aneɣ ad neqqim ijjen ɣar ufusi nnec u wenneɣni ɣar uzermaḍ nnec deg uɛudji nnec,no
REC131_SEG0023,REC131,SPK009,train,vad_v2_spk009,362.008,370.184,8.176,data/processed/segments/REC131/REC131_SEG0023.wav,reviewed,maca yasuɛ inna asen aqa war tessinem ca min tettarem ma tzemmarem ad teswem rkas i zi ɣa sweɣ necc,no
REC131_SEG0024_PART01,REC131,SPK009,train,vad_v2_spk009,370.328,382.624,12.296,data/processed/segments/REC131/REC131_SEG0024_PART01.wav,reviewed,niɣ ad tettwassɣeḍsem s useɣḍes i zi ɣa ttwassɣeḍseɣ necc nnan as nzemmar inna asen yasuɛ rkas i ɣa sweɣ necc ad t teswem u aseɣḍes i zi ttwassɣeḍseɣ,no
REC131_SEG0024_PART02,REC131,SPK009,train,vad_v2_spk009,382.624,394.92,12.296,data/processed/segments/REC131/REC131_SEG0024_PART02.wav,reviewed,necc ad zzayes ttwassɣeḍsem maca aɣimi x yefus inu niɣ x uzermaḍ inu war ɣari idji deg ufus inu maḥend ad t wceɣ maca ad immewc i yinni umi ittwassewjed,no
REC131_SEG0025_PART01,REC131,SPK009,train,vad_v2_spk009,395.512,408.48,12.968,data/processed/segments/REC131/REC131_SEG0025_PART01.wav,reviewed,rami srin ɛecra n imeḥḍaren man aya xeyyqen x yaɛqub d yuḥanna xenni iraɣa asen dd yasuɛ ɣares inna asen kenniw tessnem belli inni ittwaḥesben d rḥukkam n regnus,no
REC131_SEG0025_PART02,REC131,SPK009,train,vad_v2_spk009,408.48,421.448,12.968,data/processed/segments/REC131/REC131_SEG0025_PART02.wav,reviewed,aqa ḥekkmen xasen u imeqqranen nsen aqa ttsedjaḍen ten war ittiri ammu jar awem maca wenni ixsen ad iḍwer d ameqqran jar awem aqa netta ad yiri d amsexxar nwem,no
REC131_SEG0026,REC131,SPK009,train,vad_v2_spk009,421.656,438.216,16.56,data/processed/segments/REC131/REC131_SEG0026.wav,reviewed,u wenni ixsen ad yiri d amezwaru jar awem aqa netta ad yiri d amsexxar i marra minzi ɛawed mmis n bnaḍem war dd yusi ḥima ad xas sexxaren maca ḥima ad ixdem ad iwc ṭudarṭ nnes d rehdyet i wattas n iwḍan,no
REC131_SEG0027,REC131,SPK009,train,vad_v2_spk009,440.6,443.56,2.96,data/processed/segments/REC131/REC131_SEG0027.wav,reviewed,asgenfi n mmis n timawus adarɣar,no
REC131_SEG0028_PART01,REC131,SPK009,train,vad_v2_spk009,444.088,458.688,14.6,data/processed/segments/REC131/REC131_SEG0028_PART01.wav,reviewed,iwḍen dd ɣar ariḥa rami dd iffeɣ zi ariḥa ak d imeḥḍaren nnes d wattas n rɣaci tuɣa timawus mmis n timawuswenni tuɛa d adarɣar iqqim deg webrid ittettar umi isra belli yasuɛ,no
REC131_SEG0028_PART02,REC131,SPK009,train,vad_v2_spk009,458.688,473.288,14.6,data/processed/segments/REC131/REC131_SEG0028_PART02.wav,reviewed,nnasiri aqa t din ibda isɣuyyu iqqar a mmis n dawud arḥem ayi webbxen t attas ḥima ad isqar maca netta iqqim isɣuyyu ktar a mmis n dawud arḥem ayi,no
REC131_SEG0029,REC131,SPK009,train,vad_v2_spk009,473.56,477.224,3.664,data/processed/segments/REC131/REC131_SEG0029.wav,reviewed,ibedd yasuɛ uca yumur ad xas dd raɣan,no
REC131_SEG0030_PART01,REC131,SPK009,train,vad_v2_spk009,477.336,490.553,13.217,data/processed/segments/REC131/REC131_SEG0030_PART01.wav,reviewed,raɣan dd i udarɣar nnan as egg ur kkar aqa ittraɣa dd xak inḍar udarɣar ajedjab nnes ikkar uca yusa dd ɣar yasuɛ yarra dd yasuɛ inna as min texsed ad ac t ggeɣ,no
REC131_SEG0030_PART02,REC131,SPK009,train,vad_v2_spk009,490.553,503.771,13.217,data/processed/segments/REC131/REC131_SEG0030_PART02.wav,reviewed,inna as udarɣar a amsermad ḥima ad twariɣ inna as yasuɛ xzar l iman nnec isgenfi ccek rexdenni iḍwer ittwara uca iḍfar i t deg webrid,no
REC132_SEG0001,REC132,SPK009,train,vad_v2_spk009,1.08,3.976,2.896,data/processed/segments/REC132/REC132_SEG0001.wav,reviewed,adaf n yasuɛ ɣar urcalim am ujedjid,no
REC132_SEG0002_PART01,REC132,SPK009,train,vad_v2_spk009,4.952,16.848,11.896,data/processed/segments/REC132/REC132_SEG0002_PART01.wav,reviewed,umi dd qarrben ɣar urcalim ɣar bayt faji d bayt ɛanya zzat i wedrar n zzitun issekk ṭnayen n imeḥḍaren nnes inna asen ruḥem ɣar dcar nni qibac nwem xmi ɣares i,no
REC132_SEG0002_PART02,REC132,SPK009,train,vad_v2_spk009,16.848,28.744,11.896,data/processed/segments/REC132/REC132_SEG0002_PART02.wav,reviewed,ɣa tadfem rexdenni ad tafem ijjen wesnus iqqen war xas inyi ura d ijjen bnaḍem fesyem as dd uca awyem t i dd ɣari mara inna awem ḥed mayemmi i tetteggem aya,no
REC132_SEG0003,REC132,SPK009,train,vad_v2_spk009,29.208,39.016,9.808,data/processed/segments/REC132/REC132_SEG0003.wav,reviewed,xenni inim aqa sidi iḥdaj i t uca rexdenni ad t i dd issekk da ɛawed niṭni ruḥen ufin asnus nni iqqen ɣar tewwart barra x webrid,no
REC132_SEG0004_PART01,REC132,SPK009,train,vad_v2_spk009,39.352,52.016,12.664,data/processed/segments/REC132/REC132_SEG0004_PART01.wav,reviewed,rami d as dd arxun nnan asen ca n yinni tuɣa din ibedden min tetteggem tfessyem i wesnus nnan asen am mammec ten iwessa yasuɛ uca jjin ten iwyen dd asnus ɣar yasuɛ,no
REC132_SEG0004_PART02,REC132,SPK009,train,vad_v2_spk009,52.016,64.68,12.664,data/processed/segments/REC132/REC132_SEG0004_PART02.wav,reviewed,ssarsen xas arruḍ nsen uca inya xas netta attas ssun arruḍ nsen x webrid ca nneɣni qessen dd refruɛ s wafriwen zi tcejjura uca ssun ten x webrid,no
REC132_SEG0005_PART01,REC132,SPK009,train,vad_v2_spk009,64.92,79.328,14.408,data/processed/segments/REC132/REC132_SEG0005_PART01.wav,reviewed,inni t izwaren d yinni t i dd iḍfaren tuɣa sɣuyyun s jjehd qqaren usanna lbaraka i wenni dd yusin s yisem n sidi ad tettwabarek tgeldit tenni i dd ɣa yasen s ufus n babatneɣ dawud usan,no
REC132_SEG0005_PART02,REC132,SPK009,train,vad_v2_spk009,79.328,93.736,14.408,data/processed/segments/REC132/REC132_SEG0005_PART02.wav,reviewed,na ḍi ruɛra x ruɛra n ijenwan yusa dd yasuɛ ɣar urcalim yudef ɣar zzawect tameqqrant uca izra marra min din imsaren rami tuɣa issutem rḥar iffeɣ ɣar bayt ɛanya ak d ṭenɛac,no
REC132_SEG0006,REC132,SPK009,train,vad_v2_spk009,96.536,98.024,1.488,data/processed/segments/REC132/REC132_SEG0006.wav,reviewed,anɛar n wartu,no
REC132_SEG0007_PART01,REC132,SPK009,train,vad_v2_spk009,98.296,112.372,14.076,data/processed/segments/REC132/REC132_SEG0007_PART01.wav,reviewed,tiwecca nnes rami dd iffeɣ zi bayt ɛanya ittef i t i dd raz umi izra zi raggʷaj ijjen wartu n tazart ɣares tifray yuyur din ḥima ad yarzu ma ad taɣ ad ḍayes yaf ca umi ɣares dd yiweḍ war,no
REC132_SEG0007_PART02,REC132,SPK009,train,vad_v2_spk009,112.372,126.448,14.076,data/processed/segments/REC132/REC132_SEG0007_PART02.wav,reviewed,yufi walu mɣir tifray minzi war tuɣi bu rweqt n tazart ittef deg wawar inna as i wartu zi rexxu d tsawent war zzayem ittett ura d ijj ɛad rɣidjet tuɣa imeḥḍaren nnes ttesran,no
REC132_SEG0008,REC132,SPK009,train,vad_v2_spk009,126.448,128.296,1.848,data/processed/segments/REC132/REC132_SEG0008.wav,reviewed,min iqqar,no
REC132_SEG0009,REC132,SPK009,train,vad_v2_spk009,130.584,133.64,3.056,data/processed/segments/REC132/REC132_SEG0009.wav,reviewed,yasuɛ d isebbaben ḍi ṭaddarṭ iqeddsen,no
REC132_SEG0010_PART01,REC132,SPK009,train,vad_v2_spk009,134.648,149.104,14.456,data/processed/segments/REC132/REC132_SEG0010_PART01.wav,reviewed,ussind ɣar urcalim u umi yudef yasuɛ ɣar zawect temeqrant ibda issuffuɣ isebbaben d imsewwaqen nni idjan ḍi zzawect tameqqrant uca ibda issneqrab ttwaber n isarrafen,no
REC132_SEG0010_PART02,REC132,SPK009,train,vad_v2_spk009,149.104,163.56,14.456,data/processed/segments/REC132/REC132_SEG0010_PART02.wav,reviewed,n tmenyat d rekrasi n yinni tuɣa iznuzan idbiren uca war ijji ḥed ad iɛdu zzawect tameqqrant ura s ict n rqecɛet tuɣa issermad inna asen ma war turi,no
REC132_SEG0011,REC132,SPK009,train,vad_v2_spk009,164.248,174.312,10.064,data/processed/segments/REC132/REC132_SEG0011.wav,reviewed,ṭaddarṭ inu ad as raɣan ṭaddarṭ n tzadjit i marra regnus maca kenniw tarrim tt d ifri n iceffaren,no
REC132_SEG0012,REC132,SPK009,train,vad_v2_spk009,175.32,193.16,17.84,data/processed/segments/REC132/REC132_SEG0012.wav,reviewed,imsermaden n idlisen d imeqqranen n ikehhanen srin man aya kkaren uca arezzun mammec ɣa ggen ad t nɣen minzi ggʷeden zzayes minzi rɣaci marra tuɣa ittebhet s usermed nnes rami dd tewḍa tmeddit ffɣen ɣar barra n tendint,no
REC132_SEG0013,REC132,SPK009,train,vad_v2_spk009,195.672,197.192,1.52,data/processed/segments/REC132/REC132_SEG0013.wav,reviewed,artu israw,no
REC132_SEG0014_PART01,REC132,SPK009,train,vad_v2_spk009,198.52,211.328,12.808,data/processed/segments/REC132/REC132_SEG0014_PART01.wav,reviewed,ḍi ssbeḥ zic rami dinni ɛdun zrin belli wartu nni israw zeg izewran cimɛun iften xenni inna as a amsermad inu xzar artu i tneɛred aqa israw,no
REC132_SEG0014_PART02,REC132,SPK009,train,vad_v2_spk009,211.328,224.136,12.808,data/processed/segments/REC132/REC132_SEG0014_PART02.wav,reviewed,yarra dd yasuɛ inna asen maɛlik ad daywem yiri l iman n arebbi s tidett necc ad awem iniɣ mara ḥed ad yini i wedrar a meksi wḍa ḍi rebḥar,no
REC132_SEG0015,REC132,SPK009,train,vad_v2_spk009,224.376,241.8,17.424,data/processed/segments/REC132/REC132_SEG0015.wav,reviewed,war ittcekki deg wur nnes maca ad yamen belli min inna ad iffeɣ iwa aqa ad iffeɣ i netta am mammec inna netta s uyenni necc ad awem iniɣ marra min ɣa tettarem am tettzadjam amnen belli ad t tkesbem uca ad ɣarwem yiri,no
REC132_SEG0016,REC132,SPK009,train,vad_v2_spk009,242.264,259.368,17.104,data/processed/segments/REC132/REC132_SEG0016.wav,reviewed,u xmi ɣa tbeddem tettzzadjam ɣfarem min ɣarwem x ca n ijjen ḥima ad awem iɣfar ɛawed babatwem i idjan deg ijenwan ddnub nwem mara war tɣeffarem kenniw war d awem iɣeffar ura d babatwem i idjan deg ijenwan i ddnub nwem,no
REC132_SEG0017,REC132,SPK009,train,vad_v2_spk009,262.168,264.392,2.224,data/processed/segments/REC132/REC132_SEG0017.wav,reviewed,aseqsi x ttesriḥ n yasuɛ,no
REC132_SEG0018_PART01,REC132,SPK009,train,vad_v2_spk009,264.888,279.796,14.908,data/processed/segments/REC132/REC132_SEG0018_PART01.wav,reviewed,usin dd ɛawed ɣar urcalim am tuɣa iggur ḍi zzawect tameqqrant qarrben dd ɣares imeqqranen n ikehhanen d imsermaden n idlisen d imɣaren n rgens nnan as s man ttesriḥ i zi tettegged timesrayin a,no
REC132_SEG0018_PART02,REC132,SPK009,train,vad_v2_spk009,279.796,294.704,14.908,data/processed/segments/REC132/REC132_SEG0018_PART02.wav,reviewed,wi d ac iwcin ssulṭa ya ḥima ad tegged timesrayin a yarra dd yasuɛ inna asen ura d necc ad kenniw sseqsiɣ ijjen useqsi ḥima kenniw ad xafi tarrim uca xenni ura d necc ad awem iniɣ s man ttesriḥ i zi,no
REC132_SEG0019,REC132,SPK009,train,vad_v2_spk009,294.704,295.72,1.016,data/processed/segments/REC132/REC132_SEG0019.wav,reviewed,tteggeɣ aya,no
REC132_SEG0020_PART01,REC132,SPK009,train,vad_v2_spk009,296.184,311.092,14.908,data/processed/segments/REC132/REC132_SEG0020_PART01.wav,reviewed,aseɣḍas n yuḥanna ma ikka dd zeg ujenna niɣ zeg iwḍan arrem dd xafi mcawaren jar asen nnan mara nenna zeg ujenna ad yini mayemmi war zzayes tuminem maca mara nenna,no
REC132_SEG0020_PART02,REC132,SPK009,train,vad_v2_spk009,311.092,326.0,14.908,data/processed/segments/REC132/REC132_SEG0020_PART02.wav,reviewed,zeg iwḍan xenni ittxessa ad neggʷed zi rgens minzi marra ḥesben yuḥanna d anabi s tidett arrin dd nnan i yasuɛ war nessin yarred xasen yasuɛ inna xenni ura d necc war d awem,no
REC132_SEG0021,REC132,SPK009,train,vad_v2_spk009,326.0,330.655,4.655,data/processed/segments/REC132/REC132_SEG0021.wav,reviewed,qqareɣ zi man ttesriḥ i zi tteggeɣ timesrayin a,no
REC133_SEG0001_PART01,REC133,SPK009,train,vad_v2_spk009,1.304,12.416,11.112,data/processed/segments/REC133/REC133_SEG0001_PART01.wav,reviewed,amedya n umarjuɛ n tzayart d ixemmasen iɛeffanen ibda issawar akidsen s imedya ijjen bnaḍem igga ijjen umarjeɛ n uḍir izzu ḍayes tizayarin,no
REC133_SEG0001_PART02,REC133,SPK009,train,vad_v2_spk009,12.416,23.528,11.112,data/processed/segments/REC133/REC133_SEG0001_PART02.wav,reviewed,iqewwar as dd s ijjen wefray iɣza tasirt n uḍir ibna ḍayes ssumɛet uca iwekker amarjuɛ nni i ixemmasen uca isafa,no
REC133_SEG0002,REC133,SPK009,train,vad_v2_spk009,23.96,37.992,14.032,data/processed/segments/REC133/REC133_SEG0002.wav,reviewed,rami dd yiweḍ rḥar issekk amsexxar nnes ɣar ixemmasen ḥima ad iksi tasɣart nnes zeg werqaḍ n umarjeɛ n uḍir maca niṭni wtin t uca ssekken t ixwa,no
REC133_SEG0003,REC133,SPK009,train,vad_v2_spk009,38.552,58.472,19.92,data/processed/segments/REC133/REC133_SEG0003.wav,reviewed,ɛawed issekk ɣarsen ijjen umsexxar nneɣni arejmen t marzen as uca rami t ssbeḥtren uzzren xas ɛawed issekk dd ɣarsen wenneɣni uca nɣin t ura d netta ammu i issekk ɛad attas n inneɣni hettken ca zzaysen s urekkuḍ d ca nneɣni zzaysen nɣin ten,no
REC133_SEG0004,REC133,SPK009,train,vad_v2_spk009,58.744,75.624,16.88,data/processed/segments/REC133/REC133_SEG0004.wav,reviewed,ɣar uneggar issekk ɣarsen ayenni n mmis i ɣares i xas iɛizzen inna nican ad weqqaren mmi maca ixemmasen nni nnan jar asen aqa d wa d awrit zidem ad t neneɣ uca ad ɣarneɣ yiri rwart,no
REC133_SEG0005,REC133,SPK009,train,vad_v2_spk009,75.896,90.664,14.768,data/processed/segments/REC133/REC133_SEG0005.wav,reviewed,ksin t nɣin t uca nḍaren t barra i umarjeɛ n uḍir min ɣa yegg bab n umarjeɛ n uḍir ad dd yas ad ineɣ ixemmasen uca ad iwc amarjeɛ n uḍir i inneɣni ma war teɣrim tira ya,no
REC133_SEG0006,REC133,SPK009,train,vad_v2_spk009,91.032,110.376,19.344,data/processed/segments/REC133/REC133_SEG0006.wav,reviewed,azru i tuɣa immenḍaren ibennayen aqa iḍwer d azru d azedjif n teɣmart wa yusa dd zi sidi u man aya is tebhaḍ ḍi tittawin nneɣ xsen ad t ttfen maca niṭni ggʷeden zi rɣaci minzi fehmen belli tuɣa issawar xasen s umedya nni niṭni jjin t uca uyuren,no
REC133_SEG0007,REC133,SPK009,train,vad_v2_spk009,112.888,115.112,2.224,data/processed/segments/REC133/REC133_SEG0007.wav,reviewed,axedjes n ḍḍariba i qaysar,no
REC133_SEG0008_PART01,REC133,SPK009,train,vad_v2_spk009,116.12,129.392,13.272,data/processed/segments/REC133/REC133_SEG0008_PART01.wav,reviewed,xenni ssekken ɣares ca n yeryazen zeg ifarisiyyen u ca zi ṭaddarṭ n hirudus ḥima ad as ttfen s wawaren nnes umi dd usin nnan as a amseɣɣar neccin nessen aqa cek d,no
REC133_SEG0008_PART02,REC133,SPK009,train,vad_v2_spk009,129.392,142.664,13.272,data/processed/segments/REC133/REC133_SEG0008_PART02.wav,reviewed,tidett war teggʷided zeg iwḍan u war txezzared ca ɣar wudem n iwḍan maca tessermaded abrid n arebbi s tidett ma iḥedjer ad newc ddariba i kur ijjen zzayneɣ i qaysar niɣ lla,no
REC133_SEG0009_PART01,REC133,SPK009,train,vad_v2_spk009,143.096,157.056,13.96,data/processed/segments/REC133/REC133_SEG0009_PART01.wav,reviewed,ma ittxessa aneɣ ad nxedjes ḍḍariba niɣ lla rami netta yargeb x nnifaq nsen inna asen mayemmi d ayi tettjarrabem awyem ayi dd ijjen dinar ḥima ad t zareɣ iwyen as dd ijjen dinar,no
REC133_SEG0009_PART02,REC133,SPK009,train,vad_v2_spk009,157.056,171.016,13.96,data/processed/segments/REC133/REC133_SEG0009_PART02.wav,reviewed,xenni inna asen wi yiran taswirt a d tira ya nnan as n qaysar yarra dd yasuɛ inna asen wcem xenni i qaysar min idjan i qaysar u min idjan i arebbi i arebbi uca ttɛejben ḍayes,no
REC133_SEG0010_PART01,REC133,SPK009,train,vad_v2_spk009,172.632,184.368,11.736,data/processed/segments/REC133/REC133_SEG0010_PART01.wav,reviewed,aseqsi n isaduqiyyen x tnukra usin dd ɣares ɛawed isaduqiyyen nni iqqaren belli war din bu tnukra sseqsan t nnan a amseɣɣar aqa yura aneɣ musa,no
REC133_SEG0010_PART02,REC133,SPK009,train,vad_v2_spk009,184.368,196.104,11.736,data/processed/segments/REC133/REC133_SEG0010_PART02.wav,reviewed,mara immut i ḥed umas uca ijja tamɣart maca war dd ijji bu tarrawt ad yawi umas tamɣart nni uca ad as isggaɛed dduriyet i umas,no
REC133_SEG0011,REC133,SPK009,train,vad_v2_spk009,196.952,198.952,2.0,data/processed/segments/REC133/REC133_SEG0011.wav,reviewed,tuɣa din sebɛa n wawmaten,no
REC133_SEG0012,REC133,SPK009,train,vad_v2_spk009,199.64,205.736,6.096,data/processed/segments/REC133/REC133_SEG0012.wav,reviewed,amezwaru yiwi ict n temɣart uca awarni rami immut war dd ijji bu dduriyet,no
REC133_SEG0013,REC133,SPK009,train,vad_v2_spk009,206.456,209.832,3.376,data/processed/segments/REC133/REC133_SEG0013.wav,reviewed,xenni yiwyi i tt wenni wiss ṭnayen uca immut,no
REC133_SEG0014,REC133,SPK009,train,vad_v2_spk009,210.68,213.48,2.8,data/processed/segments/REC133/REC133_SEG0014.wav,reviewed,war dd ijji bu dduriyet ura d netta,no
REC133_SEG0015_PART01,REC133,SPK009,train,vad_v2_spk009,213.88,228.144,14.264,data/processed/segments/REC133/REC133_SEG0015_PART01.wav,reviewed,uca ammu ura d wenni wiss ṭraṭa marra sebɛa nni iwyen tt war dd jjin bu dduriyet aneggar nsen marra temmut temɣart nni ɛawed iwa ḍi tnukra xmi dd ɣa kkaren umi ɣa tiri temɣart,no
REC133_SEG0015_PART02,REC133,SPK009,train,vad_v2_spk009,228.144,242.408,14.264,data/processed/segments/REC133/REC133_SEG0015_PART02.wav,reviewed,nni minzi nettat tuɣa tamɣart n sebɛa nni marra yarra dd yasuɛ inna asen ma war txettim ca minzi war tessinem ca tira iqeddsen d jjehd n arebbi maɣar xmi dd ɣa kkaren jar imettinen war tent ttiwyen d tamɣart,no
REC133_SEG0016_PART01,REC133,SPK009,train,vad_v2_spk009,242.584,256.832,14.248,data/processed/segments/REC133/REC133_SEG0016_PART01.wav,reviewed,u war ssmidjicen timɣarin i yeryazen maca ad irin am lmalakat i idjan deg ujenna maca zi jjihet n imettinen aqa ttwassnekkaren ma war teɣrim deg wedlis n musa rami tuɣa ɣa tabɣa,no
REC133_SEG0016_PART02,REC133,SPK009,train,vad_v2_spk009,256.832,271.08,14.248,data/processed/segments/REC133/REC133_SEG0016_PART02.wav,reviewed,issiwer arebb inna necc arebbi n ibrahim d arebbi n isḥaq d arebbi n yaɛqub netta maci d arebbi n imettinen maca d arebbi n yinni iddaren s uyenni aqa kenniw txettam attas,no
REC133_SEG0017,REC133,SPK009,train,vad_v2_spk009,274.648,276.68,2.032,data/processed/segments/REC133/REC133_SEG0017.wav,reviewed,tawseyyet tameqqrant,no
REC133_SEG0018,REC133,SPK009,train,vad_v2_spk009,277.88,290.408,12.528,data/processed/segments/REC133/REC133_SEG0018.wav,reviewed,umi isra ijjen zeg imsermaden n idlisen belli tuɣa ttemharwaḍen jar asen uca issen belli netta aqa yarra dd xasen mliḥ xenni yused ɣares isseqsa t,no
REC133_SEG0019_PART01,REC133,SPK009,train,vad_v2_spk009,290.712,301.84,11.128,data/processed/segments/REC133/REC133_SEG0019_PART01.wav,reviewed,man tent idjan d tawseyyet tamezwarut x kurci yarra dd xas yasuɛ aqa tamezwarut x marra tiwessa ser a israil sidi arebbi nneɣ,no
REC133_SEG0019_PART02,REC133,SPK009,train,vad_v2_spk009,301.84,312.968,11.128,data/processed/segments/REC133/REC133_SEG0019_PART02.wav,reviewed,sidi d ijj ad texsed sidi arebbi nnec s marra wur nnec s marra reɛmar nnec s marra reɛqer nnec s marra jjehd nnec ta d tawseyyet tamezwarut,no
REC133_SEG0020,REC133,SPK009,train,vad_v2_spk009,313.176,324.456,11.28,data/processed/segments/REC133/REC133_SEG0020.wav,reviewed,u tawseyyet wiss ṭnayen amecnaw tanita aqa d ta ad texsed jjar nnec amecnaw ixef nnec war din bu tewseyyet nneɣnit d tameqqrant x tina s ṭnayen,no
REC133_SEG0021_PART01,REC133,SPK009,train,vad_v2_spk009,325.016,338.944,13.928,data/processed/segments/REC133/REC133_SEG0021_PART01.wav,reviewed,inna as umsermad n idlisen nican a amsermad inu s tidett tennid belli netta d ijjen war din ura d ijjenneɣni mɣir netta u belli mara ijjen bnaḍem ad t ixs s wur,no
REC133_SEG0021_PART02,REC133,SPK009,train,vad_v2_spk009,338.944,352.872,13.928,data/processed/segments/REC133/REC133_SEG0021_PART02.wav,reviewed,marra s reɛqer marra s reɛmar marra u s jjehd marra uca ad ixs jjar nnes amecnaw ixef nnes aqa d man aya ḥsen zi marra tiɣarsin n wecmaḍ d marra tiɣarsin nneɣnit,no
REC133_SEG0022,REC133,SPK009,train,vad_v2_spk009,353.048,364.584,11.536,data/processed/segments/REC133/REC133_SEG0022.wav,reviewed,umi izra yasuɛ belli yarra dd s reɛqer inna as aqa cek war tiggʷijed ca x tgeldit n arebbi xenni war iɛewwer ḥed ad t isseqsa ura deg ict n tmesract,no
REC133_SEG0023,REC133,SPK009,train,vad_v2_spk009,367.032,369.416,2.384,data/processed/segments/REC133/REC133_SEG0023.wav,reviewed,man wen idjan d mmis n dawud,no
REC133_SEG0024,REC133,SPK009,train,vad_v2_spk009,370.872,380.456,9.584,data/processed/segments/REC133/REC133_SEG0024.wav,reviewed,rami tuɣa issermad ḍi zzawect tameqqrant ittef yasuɛ deg wawar inna mammec qqaren imsermaden n idlisen belli lmasiḥ d mmis n dawud,no
REC133_SEG0025_PART01,REC133,SPK009,train,vad_v2_spk009,380.632,391.136,10.504,data/processed/segments/REC133/REC133_SEG0025_PART01.wav,reviewed,minzi dawud s yixef nnes inna s arruḥ iqeddsen inna sidi i sidi inu qqim dd x ufusi inu ar dd ɣa ggeɣ rɛedyan nnec d,no
REC133_SEG0025_PART02,REC133,SPK009,train,vad_v2_spk009,391.136,401.64,10.504,data/processed/segments/REC133/REC133_SEG0025_PART02.wav,reviewed,tanebdat sadu iḍaren nnec s uya ittraɣa as dd dawud sidi inu manis dd ikka d mmis marra rɣaci tuɣa isra as s refraḥet,no
REC133_SEG0026,REC133,SPK009,train,vad_v2_spk009,404.152,407.432,3.28,data/processed/segments/REC133/REC133_SEG0026.wav,reviewed,aɛram n yasuɛ i imsermaden n idlisen,no
REC133_SEG0027_PART01,REC133,SPK009,train,vad_v2_spk009,407.736,422.128,14.392,data/processed/segments/REC133/REC133_SEG0027_PART01.wav,reviewed,inna asen deg usermad nnes ḥḍam ixef nwem zeg imsermaden n idlisen inni umi itteɛjib asen rḥar xmi ɣa uyuren s reɛbayat tizirarin u xmi xasen i ɣa sedjmen iwḍan ḍi reswaq inni,no
REC133_SEG0027_PART02,REC133,SPK009,train,vad_v2_spk009,422.128,436.52,14.392,data/processed/segments/REC133/REC133_SEG0027_PART02.wav,reviewed,umi itteɛjib asen rekrasi n zzat ḍi temzidawin ura d imucan imezwura ɣar imensiwen n wuraren inni ittetten tudrin n tijjar am ttettaren tiwhibin,no
REC133_SEG0028,REC133,SPK009,train,vad_v2_spk009,436.952,440.104,3.152,data/processed/segments/REC133/REC133_SEG0028.wav,reviewed,aqa ina ad ksin rḥukm d ameqqran,no
REC133_SEG0029,REC133,SPK009,train,vad_v2_spk009,443.128,445.064,1.936,data/processed/segments/REC133/REC133_SEG0029.wav,reviewed,ssedqet n tajjac,no
REC133_SEG0030,REC133,SPK009,train,vad_v2_spk009,446.392,456.68,10.288,data/processed/segments/REC133/REC133_SEG0030.wav,reviewed,am iqqim yasuɛ qibac i ssenduq n ssedqet izra mammec inettar rɣaci tinɛacin ḍi ssenduq attas n aytbab n wagra tuɣa nettaren ḍayes attas,no
REC133_SEG0031_PART01,REC133,SPK009,train,vad_v2_spk009,457.112,467.348,10.236,data/processed/segments/REC133/REC133_SEG0031_PART01.wav,reviewed,usa dd ict n tajjac d rmeskina tenḍar ḍayes ṭnayen n uqiyyat semman tent camunat xenni iraɣa yasuɛ i imeḥḍaren nnes,no
REC133_SEG0031_PART02,REC133,SPK009,train,vad_v2_spk009,467.348,477.584,10.236,data/processed/segments/REC133/REC133_SEG0031_PART02.wav,reviewed,inna asen s tidett necc ad awem iniɣ tajjac a rmeskina aqa tenḍar ḍayes ktar x marra inni inḍaren ḍi ssenduq n ssedqet,no
REC133_SEG0032,REC133,SPK009,train,vad_v2_spk009,477.584,487.033,9.449,data/processed/segments/REC133/REC133_SEG0032.wav,reviewed,minzi marra nḍaren ḍayes zi min ɣarsen attas maca ta zi drus nnes tenḍar ḍayes kurci min ɣares marra rɛutc nnes,no
REC134_SEG0001,REC134,SPK009,train,vad_v2_spk009,0.792,3.304,2.512,data/processed/segments/REC134/REC134_SEG0001.wav,reviewed,abarreḥ n yasuɛ x qettu n ddunect,no
REC134_SEG0002,REC134,SPK009,train,vad_v2_spk009,4.216,17.096,12.88,data/processed/segments/REC134/REC134_SEG0002.wav,reviewed,arami dd iffeɣ zi zzawect tameqqrant inna as ijjen zeg imeḥḍaren nnes a amseɣɣar xzar mammec djan izra ya d rebni ya yarra dd yasuɛ inna as ma tezrid rebni ya imɣaren,no
REC134_SEG0003,REC134,SPK009,train,vad_v2_spk009,17.848,22.984,5.136,data/processed/segments/REC134/REC134_SEG0003.wav,reviewed,war da ittɣimi ura d ijjen wezru x wezru nneɣni i war ittnehdim,no
REC134_SEG0004,REC134,SPK009,train,vad_v2_spk009,23.704,39.24,15.536,data/processed/segments/REC134/REC134_SEG0004.wav,reviewed,rami tuɣa iqqim x wedrar n zzitun qibac i zzawect tameqqrant sseqsan t buṭrus d yaɛqub d yuḥanna d andrawus rami ten tuɣa weḥḥedsen ini aneɣ mermi i ɣa yiri man aya u man ad tiri reɛramet aqa marra aya,no
REC134_SEG0005_PART01,REC134,SPK009,train,vad_v2_spk009,39.672,52.224,12.552,data/processed/segments/REC134/REC134_SEG0005_PART01.wav,reviewed,ibda yasuɛ iqqar asen xzarem ḥima war kenniw iɣekkwi ḥed aqa attas ad dd asen s yisem inu qqaren aqa d necc uca ad ɣarren attas mara tesrim x imenɣan d,no
REC134_SEG0005_PART02,REC134,SPK009,train,vad_v2_spk009,52.224,64.776,12.552,data/processed/segments/REC134/REC134_SEG0005_PART02.wav,reviewed,rexbar n rbaruḍ war ttnexriɛem ca minzi s uɣir ad yiri man aya maca war ittiri ɛad d aneggar minzi rgens ad ikkar ḍidd i rgens nneɣni u tageldit ḍidd i tgeldit nneɣni,no
REC134_SEG0006,REC134,SPK009,train,vad_v2_spk009,65.112,73.896,8.784,data/processed/segments/REC134/REC134_SEG0006.wav,reviewed,ad irin inhezzan n ṭammurṭ zeg wemcan ɣar wemcan nneɣni uca ad yiri raz d uɣewwuɣ timesrayin a d beddu n rewjeɛ n tarwa,no
REC134_SEG0007_PART01,REC134,SPK009,train,vad_v2_spk009,74.232,87.776,13.544,data/processed/segments/REC134/REC134_SEG0007_PART01.wav,reviewed,xzarem ixef nwem minzi ad kenniw sellmen i tudrin n ccreɛ ad kenniw hettken s urekkuḍ ḍi temzidawin nsen uca ad kenniw ssiwḍen ɣar ijedjiden d rḥukkam ḍi ssibbet inu d cch,no
REC134_SEG0007_PART02,REC134,SPK009,train,vad_v2_spk009,87.776,101.32,13.544,data/processed/segments/REC134/REC134_SEG0007_PART02.wav,reviewed,adet i niṭni maca ɣar umezwar ittxessa ad ittwabarreḥ s rexbar asebḥan ḍi marra regnus xmi kenniw i ɣa gewwden ḥima ad kenniw sellmen war kessim s wemnus qber zi min ɣa tinim,no
REC134_SEG0008,REC134,SPK009,train,vad_v2_spk009,101.528,115.08,13.552,data/processed/segments/REC134/REC134_SEG0008.wav,reviewed,war ḍayes txarrisem ca maca min ma d awem i ɣa immewcen ḍi ṭsaɛɛet nni siwrem zzayes minzi war tedjim d kenniw i issawaren maca d arruḥ iqeddsen,no
REC134_SEG0009_PART01,REC134,SPK009,train,vad_v2_spk009,115.32,128.96,13.64,data/processed/segments/REC134/REC134_SEG0009_PART01.wav,reviewed,umas ad isellem umas maḥend ad t nɣen u babas ad isellem mmis uca ad tekkar tarwa x lwalidin nnes uca ad ten nɣen ad kenniw carhen marra ḍi ssibbet n yise,no
REC134_SEG0009_PART02,REC134,SPK009,train,vad_v2_spk009,128.96,142.6,13.64,data/processed/segments/REC134/REC134_SEG0009_PART02.wav,reviewed,m inu maca wenni i ɣa isbaren ar aneggar ad ittwassenjem xmi ɣa tzarem nnɛi n wareyyeb min xef tuɣa issawar unabi daniyal ittbedda mani war ittxessa ad ibedd,no
REC134_SEG0010,REC134,SPK009,train,vad_v2_spk009,143.0,150.28,7.28,data/processed/segments/REC134/REC134_SEG0010.wav,reviewed,wenni iɣrin ad ifhem rexdenni ittxessa i yinni idjan ḍi yahudiyya ad arewren ɣar idurar,no
REC134_SEG0011_PART01,REC134,SPK009,train,vad_v2_spk009,150.744,162.228,11.484,data/processed/segments/REC134/REC134_SEG0011_PART01.wav,reviewed,u wenni idjan x tzeqqa war dd ihekkwi ca ɣar ṭaddarṭ u war ittidef ca ḥima ad iksi ca zi ṭaddarṭ nnes u wenni idjan deg iyyar war dd ittɛiqqib ca ḥima ad,no
REC134_SEG0011_PART02,REC134,SPK009,train,vad_v2_spk009,162.228,173.712,11.484,data/processed/segments/REC134/REC134_SEG0011_PART02.wav,reviewed,iksi arud nnes uct x tinni idjan s ddeyset d tinni issuṭuḍen deg wussan nni zadjem ḥima war tettiri tarewra nwem ḍi rmecta,no
REC134_SEG0012_PART01,REC134,SPK009,train,vad_v2_spk009,173.712,184.22,10.508,data/processed/segments/REC134/REC134_SEG0012_PART01.wav,reviewed,minzi deg wussan nni ad din tiri ict n reḥsaret i war tuɣi am nettat zeg wami dd ixreq arebbi ddunect ar rexxu uca war tettiri ɛemmas ɛawed,no
REC134_SEG0012_PART02,REC134,SPK009,train,vad_v2_spk009,184.22,194.728,10.508,data/processed/segments/REC134/REC134_SEG0012_PART02.wav,reviewed,mara sidi war issemzi ussan nni war tnejjem ura d ict n ddat maca ḍi ttweɛ n yinni ittwafarzen inni i ixḍar netta aqa issemzi ussan nni,no
REC134_SEG0013,REC134,SPK009,train,vad_v2_spk009,195.192,214.28,19.088,data/processed/segments/REC134/REC134_SEG0013.wav,reviewed,xenni mara inna awem ijjen aqa lmasiḥ da niɣ aqa t diha war t ttamnem minzi ad kkaren imasiḥen ifalsuten d inabiyyen issxarriqen ad ggen reɛramat d reɛjayeb ḥima mara izemmar ad ɣarren ɛad imextaren,no
REC134_SEG0014_PART01,REC134,SPK009,train,vad_v2_spk009,214.52,227.248,12.728,data/processed/segments/REC134/REC134_SEG0014_PART01.wav,reviewed,kenniw maca ḥḍam aqa marra nniɣ awem t qber maca deg wussan nni awarni rmeḥnet nni ad tebbarcen tfuct uca taziri war tettic ɛad tafawt nnes itran ad dd wḍan zeg ujen,no
REC134_SEG0014_PART02,REC134,SPK009,train,vad_v2_spk009,227.248,239.976,12.728,data/processed/segments/REC134/REC134_SEG0014_PART02.wav,reviewed,na uca ssulaṭat i idjan deg ijenwan ad ttwanhezzent xenni ad zaren mmis n bnaḍem itased deg iseynuten s jjehd d uɛudji ameqqran,no
REC134_SEG0015_PART01,REC134,SPK009,train,vad_v2_spk009,240.312,252.288,11.976,data/processed/segments/REC134/REC134_SEG0015_PART01.wav,reviewed,rexdenni ad issekk lmalakat nnes uca ad iyru inni zzayes ittwafarzen zi arebɛa n tɣemmura n usemmiḍ zi ttarf aneggaru n ṭammurṭ ar ttarf aneggaru n ujenna,no
REC134_SEG0015_PART02,REC134,SPK009,train,vad_v2_spk009,252.288,264.264,11.976,data/processed/segments/REC134/REC134_SEG0015_PART02.wav,reviewed,remdem zeg wartu n tazart amettir a xmi ɣa dewren refruɛ nnes ad dd areḍben uca tifray ad dd ffɣent xenni ad tessnem aqa anebdu yiweḍ dd,no
REC134_SEG0016_PART01,REC134,SPK009,train,vad_v2_spk009,264.696,278.944,14.248,data/processed/segments/REC134/REC134_SEG0016_PART01.wav,reviewed,ammu ittxessa ura d kenniw xmi ɣa tzarem timesrayin a ttemsarant ad tessnem aqa man aya yudes dd x tewwart s tidett ad awem iniɣ jjir a war iɛeddu ca ar d ɣa yiri,no
REC134_SEG0016_PART02,REC134,SPK009,train,vad_v2_spk009,278.944,293.192,14.248,data/processed/segments/REC134/REC134_SEG0016_PART02.wav,reviewed,man aya marra ajenna d ṭammurṭ ad ɛdun maca awaren inu war ɛeddun ɛemmas maca ass nni d ṭsaɛɛet nni ura d ijj war t issin ura d lmalakat nni idjan deg ujenna,no
REC134_SEG0017,REC134,SPK009,train,vad_v2_spk009,293.496,297.576,4.08,data/processed/segments/REC134/REC134_SEG0017.wav,reviewed,ura d tamemmit mɣir tbabat ḥdam,no
REC134_SEG0018_PART01,REC134,SPK009,train,vad_v2_spk009,297.784,312.532,14.748,data/processed/segments/REC134/REC134_SEG0018_PART01.wav,reviewed,ɛssem zzadjem minzi war tessinem ca mermi dd ɣa taweḍ rweqt nni aqa t am yijjen bnaḍem ittxessa as ad isafar ijja ṭaddarṭ nnes iwekker imsexxaren nnes s,no
REC134_SEG0018_PART02,REC134,SPK009,train,vad_v2_spk009,312.532,327.28,14.748,data/processed/segments/REC134/REC134_SEG0018_PART02.wav,reviewed,ssulṭa iwca i kur ijj zzaysen rxedmet nnes uca iɛrem as i uɛessas n tewwart maḥend ad iqqim ad iḥḍa iwa ḥḍam xenni minzi war tessinem ca mermi i dd ɣa yas bab n ṭaddarṭ,no
REC134_SEG0019,REC134,SPK009,train,vad_v2_spk009,327.28,343.51,16.23,data/processed/segments/REC134/REC134_SEG0019.wav,reviewed,ɣar uɛecci niɣ ɣar wezyen n djiret niɣ ɣar usquqeɛ n uyaziḍ niɣ ɣar ssbeḥ zic ḥima mara dd ittis deɣya war kenniw ittif tettettsem min d awem qqareɣ rexxu qqareɣ t i marra qimem faqem,no
REC135_SEG0001_PART01,REC135,SPK009,train,vad_v2_spk009,1.4,13.216,11.816,data/processed/segments/REC135/REC135_SEG0001_PART01.wav,reviewed,udayen arezzun ad nɣen yasuɛ iqqimas ṭnayen n wussan i rɛid n tɣarst n useɛdun rɛid n weɣrum bra antun u tuɣa imeqqranen n ikehhanen d imser,no
REC135_SEG0001_PART02,REC135,SPK009,train,vad_v2_spk009,13.216,25.032,11.816,data/processed/segments/REC135/REC135_SEG0001_PART02.wav,reviewed,maden n idlisen arezzun ict n tewwart maḥend ad t ttfen s teḥraymect uca ad t nɣen maca niṭni nnan war ittiri ḍi rɛid ḥima war ittiri uɣewwuɣ ḍi rgens,no
REC135_SEG0002,REC135,SPK009,train,vad_v2_spk009,26.264,29.16,2.896,data/processed/segments/REC135/REC135_SEG0002.wav,reviewed,adhan n yasuɛ ḍi bayt ɛanya,no
REC135_SEG0003_PART01,REC135,SPK009,train,vad_v2_spk009,30.232,42.112,11.88,data/processed/segments/REC135/REC135_SEG0003_PART01.wav,reviewed,rami tuɣa iqqim ɣar ttabra ḍi bayt ɛanya ḍi ṭaddarṭ n cimɛun wenni ḍi idja rbars tusa dd ict n temɣart aqa t ɣares ijjen uɣarraf n alabaster,no
REC135_SEG0003_PART02,REC135,SPK009,train,vad_v2_spk009,42.112,53.992,11.88,data/processed/segments/REC135/REC135_SEG0003_PART02.wav,reviewed,ḍayes reɛṭur n ssenbel tesbeḥ tiɣra tarzem taziyyat n alabaster uca tfarreɣ i tt x uzedjif n yasuɛ,no
REC135_SEG0004,REC135,SPK009,train,vad_v2_spk009,54.584,60.616,6.032,data/processed/segments/REC135/REC135_SEG0004.wav,reviewed,tuɣa din ca n imeḥḍaren xeyyqen attas deg ixef nsen x man aya nnan,no
REC135_SEG0005_PART01,REC135,SPK009,train,vad_v2_spk009,61.016,73.152,12.136,data/processed/segments/REC135/REC135_SEG0005_PART01.wav,reviewed,mayemmi aḍeyyeɛ nreɛṭur n ssenbel minzi iri ad tettwammenz reɛṭur a s ktar zi tert mya dinar uca xenni ad immewc i imezraḍ,no
REC135_SEG0005_PART02,REC135,SPK009,train,vad_v2_spk009,73.152,85.288,12.136,data/processed/segments/REC135/REC135_SEG0005_PART02.wav,reviewed,uca xeyyqen xas attas maca yasuɛ inna jjem tt mayemmi xas tettɛeddam aqa tegga dayi ijjen cɣer icna minzi imezraḍ aqa aten rebda akidwem,no
REC135_SEG0006_PART01,REC135,SPK009,train,vad_v2_spk009,85.336,98.176,12.84,data/processed/segments/REC135/REC135_SEG0006_PART01.wav,reviewed,tzemmarem ad kisen teggem rxar mermi ma texsem maca necc war kidwem ttɣimiɣ rebda nettat tegga min umi tzemmar aqa tizzar temseḥ arrimet inu s reɛṭur i wenḍer,no
REC135_SEG0006_PART02,REC135,SPK009,train,vad_v2_spk009,98.176,111.016,12.84,data/processed/segments/REC135/REC135_SEG0006_PART02.wav,reviewed,s tidett necc ad awem iniɣ mani ma i ɣa ittwabarreḥ s rexbar a asebḥan zzayi ḍi marra ddunect ad xebbaren ɛawed x min tegga d ridaret i nettat,no
REC135_SEG0007,REC135,SPK009,train,vad_v2_spk009,113.048,117.416,4.368,data/processed/segments/REC135/REC135_SEG0007.wav,reviewed,yahuda izzenz ixef nnes maḥend ad isellem l masiḥ,no
REC135_SEG0008_PART01,REC135,SPK009,train,vad_v2_spk009,118.36,128.432,10.072,data/processed/segments/REC135/REC135_SEG0008_PART01.wav,reviewed,xenni iruḥ yahuda isxariyuṭi ijjen zi ṭenɛac ɣar imeqqranen n ikehhanen ḥima ad asen isellem yasuɛ umi srin man aya,no
REC135_SEG0008_PART02,REC135,SPK009,train,vad_v2_spk009,128.432,138.504,10.072,data/processed/segments/REC135/REC135_SEG0008_PART02.wav,reviewed,farḥen uca waɛden ad as wcen tmenyat u netta tuɣa yarezzu ict n tewwart ḥima ad asen t isellem,no
REC135_SEG0009,REC135,SPK009,train,vad_v2_spk009,141.912,145.832,3.92,data/processed/segments/REC135/REC135_SEG0009.wav,reviewed,asewjed n amensi rɛid n tɣarst n useɛdu,no
REC135_SEG0010_PART01,REC135,SPK009,train,vad_v2_spk009,146.456,160.4,13.944,data/processed/segments/REC135/REC135_SEG0010_PART01.wav,reviewed,deg wass amezwar n weɣrum bra antun umi ttnuman wudayen ad ɣarsen i tɣarst n useɛdu nnan as imeḥḍaren nnes mani texsed ad nraḥ ḥima ad nessewjed,no
REC135_SEG0010_PART02,REC135,SPK009,train,vad_v2_spk009,160.4,174.344,13.944,data/processed/segments/REC135/REC135_SEG0010_PART02.wav,reviewed,maḥend ad tecced amensi n useɛdu issekk ṭnayen zeg imeḥḍaren nnes inna asen ruḥem ɣar tendint u xzar ad temsagarem ak d ijjen weryaz yarbu ict n teqbuct n waman ḍfarem t,no
REC135_SEG0011_PART01,REC135,SPK009,train,vad_v2_spk009,174.36,184.48,10.12,data/processed/segments/REC135/REC135_SEG0011_PART01.wav,reviewed,u mani ɣa yadef inim i bab n ṭaddarṭ amsermad nneɣ iqqar mani tedja tɣurfet ḥima ad cceɣ amensi n useɛdu,no
REC135_SEG0011_PART02,REC135,SPK009,train,vad_v2_spk009,184.48,194.6,10.12,data/processed/segments/REC135/REC135_SEG0011_PART02.wav,reviewed,ak d imeḥḍaren inu xenni netta ad awem immer ijjen arwa imɣar sennej issu iɛder dinni i d aneɣ ɣa tesswejdem,no
REC135_SEG0012,REC135,SPK009,train,vad_v2_spk009,195.256,204.36,9.104,data/processed/segments/REC135/REC135_SEG0012.wav,reviewed,ffɣen imeḥḍaren usin dd ɣar tendint uca ufin marra am mammec tuɣa d asen inna xenni sswejden taɣarst n useɛdu,no
REC135_SEG0014_PART01,REC135,SPK009,train,vad_v2_spk009,211.128,223.952,12.824,data/processed/segments/REC135/REC135_SEG0014_PART01.wav,reviewed,ɣar uɛecci yusa dd ak d ṭenɛac n rrusul nnes rami tuɣa qqimen ɣar ttabra ttetten inna yasuɛ s tidett necc ad awem iniɣ aqa ijjen zzaywem wenni kidi ittetten,no
REC135_SEG0014_PART02,REC135,SPK009,train,vad_v2_spk009,223.952,236.776,12.824,data/processed/segments/REC135/REC135_SEG0014_PART02.wav,reviewed,ad ayi iɣdar bdan ttecḍinen nnan as ijjen awarni wenneɣni ma d necc inna asen aqa t d ijjen zi ṭenɛac i issisnen akidi aɣrum ḍi ttebsi,no
REC135_SEG0015,REC135,SPK009,train,vad_v2_spk009,236.92,248.264,11.344,data/processed/segments/REC135/REC135_SEG0015.wav,reviewed,aqa mmis n bnaḍem ad iraḥ mammec d as tura maca uct x weryaz nni zi ɣa ittwaɣdar mmis n bnaḍem iḥra as i weryaz nni mri war dd ixriq,no
REC135_SEG0017,REC135,SPK009,train,vad_v2_spk009,255.384,271.304,15.92,data/processed/segments/REC135/REC135_SEG0017.wav,reviewed,rami tuɣa ttetten iksi yasuɛ aɣrum ibarek i t yarza i t uca iwca asen t inna ksim ccem aqa ta d arrimet inu xenni iksi aɣarraf iqada ibarek uca iwca asen t,no
REC135_SEG0018_PART01,REC135,SPK009,train,vad_v2_spk009,271.8,285.488,13.688,data/processed/segments/REC135/REC135_SEG0018_PART01.wav,reviewed,u marra idsen swin zzayes inna asen aqa ina d idammen inu n rɛahd n jdid i ɣa ittwassizren i wattas n iwḍan s tidett necc ad awem iniɣ necc war sesseɣ ɛemmar,no
REC135_SEG0018_PART02,REC135,SPK009,train,vad_v2_spk009,285.488,299.176,13.688,data/processed/segments/REC135/REC135_SEG0018_PART02.wav,reviewed,s ɛad zi rɣidjet n tzayart ar ass i ḍi i tt ɣa sweɣ jdid ḍi tgeldit n arebbi xenni awarni rami ɣennjen niṭni izri n ttesbiḥ ffɣen ɣar wedrar n zzitun,no
REC135_SEG0019,REC135,SPK009,train,vad_v2_spk009,302.584,306.504,3.92,data/processed/segments/REC135/REC135_SEG0019.wav,reviewed,yasuɛ izwar issiwer x wenkar n buṭrus,no
REC135_SEG0020,REC135,SPK009,train,vad_v2_spk009,307.96,322.888,14.928,data/processed/segments/REC135/REC135_SEG0020.wav,reviewed,inna asen yasuɛ aqa marra kenniw ad dayi tenderfem ḍi djiret a minzi tura s ufus n nnabi zakarya aqa ad wteɣ ameksaw uca ad ttwazedjaɛ wedjdji,no
REC135_SEG0021_PART01,REC135,SPK009,train,vad_v2_spk009,323.416,334.608,11.192,data/processed/segments/REC135/REC135_SEG0021_PART01.wav,reviewed,maca awarni rami ttwassnekkareɣ ad awem izwareɣ ɣar ljalil inna as buṭrus waxxa ad dayek nderfen marra necc war dayek ttnedrifeɣ ca,no
REC135_SEG0021_PART02,REC135,SPK009,train,vad_v2_spk009,334.608,345.8,11.192,data/processed/segments/REC135/REC135_SEG0021_PART02.wav,reviewed,inna as yasuɛ s tidett necc ad ac iniɣ aqa ass a ḍi djiret a qber i ɣa issquqeɛ uyaziḍ ṭnayen n twarawin ad ayi tenkared ṭraṭa n twarawin,no
REC135_SEG0022,REC135,SPK009,train,vad_v2_spk009,346.2,359.496,13.296,data/processed/segments/REC135/REC135_SEG0022.wav,reviewed,maca netta tuɣa iqqar s tmijja ijehden ɛad attas mara ittxessa ad mmteɣ akidek war cek nekkareɣ a sidi inu uca am netta ammu i nnan ura d niṭni marra,no
REC135_SEG0023,REC135,SPK009,train,vad_v2_spk009,364.12,367.304,3.184,data/processed/segments/REC135/REC135_SEG0023.wav,reviewed,tazadjit n yasuɛ ḍi xitsimaniy,no
REC135_SEG0024,REC135,SPK009,train,vad_v2_spk009,368.856,372.456,3.6,data/processed/segments/REC135/REC135_SEG0024.wav,reviewed,usin dd ɣar wemcan umi qqaren xitsimaniy,no
REC135_SEG0025_PART01,REC135,SPK009,train,vad_v2_spk009,373.016,387.216,14.2,data/processed/segments/REC135/REC135_SEG0025_PART01.wav,reviewed,inna i imeḥḍaren nnes qqimem da arami zudjeɣ necc xenni iksi akides buṭrus d yaɛqub d yuḥanna uca ibda ittnexraɛ iggʷed attas inna asen aqa reɛmar inu,no
REC135_SEG0025_PART02,REC135,SPK009,train,vad_v2_spk009,387.216,401.416,14.2,data/processed/segments/REC135/REC135_SEG0025_PART02.wav,reviewed,icḍen ar rmewt qqimem da teḥḍam yuyur cwayt ɣar zzat uca iwḍa ɣar ṭammurṭ izzudj ḥima mara iɛedder ad xas teɛdu ṭsaɛɛet nni inna baba baba inu,no
REC135_SEG0026,REC135,SPK009,train,vad_v2_spk009,401.592,416.168,14.576,data/processed/segments/REC135/REC135_SEG0026.wav,reviewed,kurci tzemmared xas ksi xafi rkas a maca war ittiri min xseɣ necc maca min texsed cek uca iḍwer dd yufa i ten ttsen inna as i buṭrus a cimɛun ma aqa cek tettettsed,no
REC135_SEG0027,REC135,SPK009,train,vad_v2_spk009,416.568,431.592,15.024,data/processed/segments/REC135/REC135_SEG0027.wav,reviewed,ma war tzemmared ad teḥḍid ura d ict n ṭsaɛɛet ḥḍam zadjem ḥima war tettidfem deg ujarreb arruḥ aqa iwjed maca ddat aqa teḍɛef uca yuyur ɛawed izzudj iɛawed i wawaren nni d ijjen,no
REC135_SEG0028,REC135,SPK009,train,vad_v2_spk009,432.28,441.672,9.392,data/processed/segments/REC135/REC135_SEG0028.wav,reviewed,iḍwer dd ɛawed yusa dd ɣarsen ṭwara nneɣni yufa i ten ttsen maɣar tuɣa tittawin nsen deqrent u niṭni war ssinen mammec xas dd ɣa yarren,no
REC135_SEG0029_PART01,REC135,SPK009,train,vad_v2_spk009,442.136,452.208,10.072,data/processed/segments/REC135/REC135_SEG0029_PART01.wav,reviewed,uca iḍwer dd netta ɣarsen ṭwara wiss ṭraṭa inna asen ttsem rexxu tareyyḥem aqa yudes dd uneggar tiweḍ dd ṭsaɛɛet xza,no
REC135_SEG0029_PART02,REC135,SPK009,train,vad_v2_spk009,452.208,462.28,10.072,data/processed/segments/REC135/REC135_SEG0029_PART02.wav,reviewed,rem aqa mmis n bnaḍem ad immewc deg ifassen n imednab kkarem ad nraḥ xzarem aqa da wenni d ayi ɣa isellmen aqa yudes dd,no
REC135_SEG0030,REC135,SPK009,train,vad_v2_spk009,465.208,466.888,1.68,data/processed/segments/REC135/REC135_SEG0030.wav,reviewed,aḥebbes n yasuɛ,no
REC135_SEG0031_PART01,REC135,SPK009,train,vad_v2_spk009,468.12,481.632,13.512,data/processed/segments/REC135/REC135_SEG0031_PART01.wav,reviewed,am tuɣa ɛad issawar yusa dd yahuda ijjen zi ṭenɛac tuɣa akides iryazen attas s resyuf d iɛumad usin dd niṭni zeg imeqqranen n ikehhanen d,no
REC135_SEG0031_PART02,REC135,SPK009,train,vad_v2_spk009,481.632,495.144,13.512,data/processed/segments/REC135/REC135_SEG0031_PART02.wav,reviewed,imsermaden n idlisen d imɣaren n rgens uca wenni t i ɣa iɣdaren tuɣa ittegg asen ict n reɛramet iqqar wenni i ɣa ssudmeɣ d wenni netta ttfem t uca awyem t i dd,no
REC135_SEG0032_PART01,REC135,SPK009,train,vad_v2_spk009,496.056,509.04,12.984,data/processed/segments/REC135/REC135_SEG0032_PART01.wav,reviewed,deɣya yuyur ɣares inna a amsermad inu a amsermad inu uca issudem i t ssarsen xas ifassen uca ttfen t ijjen zeg inni din ibedden ijbed ssif nnes,no
REC135_SEG0032_PART02,REC135,SPK009,train,vad_v2_spk009,509.04,522.024,12.984,data/processed/segments/REC135/REC135_SEG0032_PART02.wav,reviewed,iwta amsexxar n arrays n ikehhanen iqess as amezzuɣ yarra dd yasuɛ inna asen ma axmi x ijjen uqṭaṭɛiy i teffɣem xafi s resyuf d iɛumad ḥima ad ayi tettfem,no
REC135_SEG0033_PART01,REC135,SPK009,train,vad_v2_spk009,522.808,535.664,12.856,data/processed/segments/REC135/REC135_SEG0033_PART01.wav,reviewed,kur ass tuɣa ayi akidwem ḍi zzawect tameqqrant ssermadeɣ war d ayi tettifem maca man aya imsar ḥima ad ttwakemmrent tira iqeddsen xenni jjin t imeḥḍaren nnes,no
REC135_SEG0033_PART02,REC135,SPK009,train,vad_v2_spk009,535.664,548.52,12.856,data/processed/segments/REC135/REC135_SEG0033_PART02.wav,reviewed,uca arewren iḍfar i t ijjen uɛezri tuɣa yarḍ ict n tecḍaḍt n reqṭen waha x tqeddit nnes uca ttfen t i dd maca netta ijja tacḍaḍt uca yarwer zzaysen d aɛaryan,no
REC135_SEG0034,REC135,SPK009,train,vad_v2_spk009,551.576,555.112,3.536,data/processed/segments/REC135/REC135_SEG0034.wav,reviewed,l masiḥ zzat i lmeḥkama tameqqrant n wudayen,no
REC135_SEG0035,REC135,SPK009,train,vad_v2_spk009,556.76,567.144,10.384,data/processed/segments/REC135/REC135_SEG0035.wav,reviewed,iwyen yasuɛ ɣar qayafa arrays n ikehhanen uca munen dd ɣares marra imeqqranen n ikehhanen d imɣaren n rgens d imsermaden n idlisen,no
REC135_SEG0036_PART01,REC135,SPK009,train,vad_v2_spk009,567.48,581.552,14.072,data/processed/segments/REC135/REC135_SEG0036_PART01.wav,reviewed,tuɣa cimɛun iḍfar i t i dd zi raggʷaj ɣar daxer n remraḥ n arrays n ikehhanen uca tuɣa iqqim jar iɛessasen ittweqqaḥ ixef nnes ɣar ṭmessi tuɣa imeqqranen n ikehhanen d marra,no
REC135_SEG0036_PART02,REC135,SPK009,train,vad_v2_spk009,581.552,595.624,14.072,data/processed/segments/REC135/REC135_SEG0036_PART02.wav,reviewed,l meḥkama tameqqrant arezzun cchadet ḍidd i yasuɛ ḥima ad t nɣen maca war tt ufin minzi attas tuɣa xas cehhden s zur,no
REC135_SEG0037,REC135,SPK009,train,vad_v2_spk009,595.864,615.336,19.472,data/processed/segments/REC135/REC135_SEG0037.wav,reviewed,maca cchadat nsen war ttmerqint xenni kkaren ca uca cehden xas s zur nnan neccin nesra as umi inna ad hedmeɣ zzawect tameqqrant i ittwaggen s ifassen uca ḍi ṭraṭa n wussan ad bniɣ icten nneɣnit i war ittwaggen s ifassen,no
REC135_SEG0038,REC135,SPK009,train,vad_v2_spk009,615.544,629.672,14.128,data/processed/segments/REC135/REC135_SEG0038.wav,reviewed,maca ura ammu war ttmerqint ca cchadat nsen xenni ikkar arrays n ikehhanen ḍi rwesṭ nsen uca isseqsa yasuɛ inna as ma war dd tarrid s ca min xak cehhden yina,no
REC135_SEG0039,REC135,SPK009,train,vad_v2_spk009,630.296,646.568,16.272,data/processed/segments/REC135/REC135_SEG0039.wav,reviewed,maca netta isqar war dd yarri s ca isseqsa t arrays n ikehhanen ɛawed inna as ma cek d lmasiḥ mmis n lmubarek inna as yasuɛ aqa d necc u kenniw ad tzarem mmis n bnaḍem ittɣima x ufusi n jjehd,no
REC135_SEG0040_PART01,REC135,SPK009,train,vad_v2_spk009,646.968,659.92,12.952,data/processed/segments/REC135/REC135_SEG0040_PART01.wav,reviewed,ad dd yas s iseynuten n ujenna icarreg arrays n ikehhanen tcamir nnes inna mayemmi neḥdaj ɛad rechud aqa tesrim aceqqef nni min dd awem iḍharen uca marra ḥekmen xas,no
REC135_SEG0040_PART02,REC135,SPK009,train,vad_v2_spk009,659.92,672.872,12.952,data/processed/segments/REC135/REC135_SEG0040_PART02.wav,reviewed,belli isdahedj rmewt ca zzaysen bdan ssusufen xas ttreḥḥafen i uɣembub nnes ccaten t s rpuniyyat qqaren as nabb uca wtin t imxaznyen ar uɣembub,no
REC135_SEG0041,REC135,SPK009,train,vad_v2_spk009,676.568,678.408,1.84,data/processed/segments/REC135/REC135_SEG0041.wav,reviewed,ankar n buṭrus,no
REC135_SEG0042_PART01,REC135,SPK009,train,vad_v2_spk009,679.96,690.176,10.216,data/processed/segments/REC135/REC135_SEG0042_PART01.wav,reviewed,rami tuɣa cimɛun ḍi remraḥ swadday tusa dd din icten zi tiyya n arrays n ikehhanen umi t tezra ittweqqaḥ texzar ḍayes ṭenna,no
REC135_SEG0042_PART02,REC135,SPK009,train,vad_v2_spk009,690.176,700.392,10.216,data/processed/segments/REC135/REC135_SEG0042_PART02.wav,reviewed,aqa tuɣa cek ak d yasuɛ nnasiri maca netta inkar inna war t ssineɣ war fhimeɣ min teqqared,no
REC135_SEG0043,REC135,SPK009,train,vad_v2_spk009,700.984,717.416,16.432,data/processed/segments/REC135/REC135_SEG0043.wav,reviewed,iffeɣ barra ɣar tesqift n tewwart uca rexdenni issquqeɛ uyaziḍ umi t tezra tayya ijjen umur nneɣni tebda teqqar i yinni din ibedden aqa wa d ijjen zzaysen maca netta inkar i umur nneɣni,no
REC135_SEG0044,REC135,SPK009,train,vad_v2_spk009,717.784,732.296,14.512,data/processed/segments/REC135/REC135_SEG0044.wav,reviewed,cwayt xenni nnan inni tuɣa din ibedden i buṭrus s tidett cek zzaysen nican minzi cek ɛawed d ajalili rḥarḍ nnec am wenni nsen ibda ineɛɛer ixef nnes ittjjadja,no
REC135_SEG0045,REC135,SPK009,train,vad_v2_spk009,732.44,750.12,17.68,data/processed/segments/REC135/REC135_SEG0045.wav,reviewed,war ssineɣ bnaḍem a mixef tessawarem rexdenni issquqeɛ uyaziḍ wiss martayen ifekkar cimɛun deg wawar i inna yasuɛ qber i ɣa issquqeɛ uyaziḍ wiss martayen ad ayi tenkared ṭraṭa n twarawin xenni ibda ittru attas,no
REC136_SEG0001,REC136,SPK009,train,vad_v2_spk009,0.728,3.336,2.608,data/processed/segments/REC136/REC136_SEG0001.wav,reviewed,yasuɛ zzat i pilaṭus,no
REC136_SEG0002,REC136,SPK009,train,vad_v2_spk009,6.04,23.336,17.296,data/processed/segments/REC136/REC136_SEG0002.wav,reviewed,deɣya ɣar ssbeḥ zic mcawaren imeqqranen n ikehhanen ak d imɣaren n rgens d imsermaden n idlisen d marra jmaɛet tameqqrant niṭni carfen yasuɛ iwyen t uca sellmen t i pilaṭus,no
REC136_SEG0003,REC136,SPK009,train,vad_v2_spk009,24.088,33.096,9.008,data/processed/segments/REC136/REC136_SEG0003.wav,reviewed,isseqsa i t pilaṭus ma cek d ajedjid n wudayen yarra dd xas inna as cek tennid t simant nnec,no
REC136_SEG0004,REC136,SPK009,train,vad_v2_spk009,33.816,48.936,15.12,data/processed/segments/REC136/REC136_SEG0004.wav,reviewed,tuɣa imeqqranen n ikehhanen ttcetcan zzayes zeg wattas n tmesrayin isseqsa t pilaṭus ɛawed inna as ma war dd tettarid s ca xzar attas n yinni xak ittcetcan,no
REC136_SEG0005,REC136,SPK009,train,vad_v2_spk009,49.656,53.96,4.304,data/processed/segments/REC136/REC136_SEG0005.wav,reviewed,war dd yarri yasuɛ s walu arami itebhet pilaṭus,no
REC136_SEG0006,REC136,SPK009,train,vad_v2_spk009,57.688,59.784,2.096,data/processed/segments/REC136/REC136_SEG0006.wav,reviewed,yasuɛ d bar abbas,no
REC136_SEG0007,REC136,SPK009,train,vad_v2_spk009,61.72,74.632,12.912,data/processed/segments/REC136/REC136_SEG0007.wav,reviewed,innum iḍedjeq i ijjen umeḥbus ḍi kur rɛid wenni ixsen niṭni tuɣa din ijjen umi qqaren bar abbas ḥebbsen t ak d imɣewwɣen inni inɣin ijjen deg uɣewweɣ,no
REC136_SEG0008,REC136,SPK009,train,vad_v2_spk009,75.0,94.184,19.184,data/processed/segments/REC136/REC136_SEG0008.wav,reviewed,isɣuyy rɣaci uca niṭni bdan ttettarren zzayes ḥima ad igg am mammec tuɣa innum ittegg i niṭni yarra dd pilaṭus inna ma texsem ad awem dd arxuɣ i ujedjid n wudayen minzi tuɣa issen belli imeqqranen n ikehhanen aqa sellmen t zi reḥsed,no
REC136_SEG0009_PART01,REC136,SPK009,train,vad_v2_spk009,95.224,105.36,10.136,data/processed/segments/REC136/REC136_SEG0009_PART01.wav,reviewed,maca imeqqranen n ikehhanen ɛarnen rɣaci maḥend ad ttaren ad asen dd iḍreq i bar abbas pilaṭus inna asen min texsem,no
REC136_SEG0009_PART02,REC136,SPK009,train,vad_v2_spk009,105.36,115.496,10.136,data/processed/segments/REC136/REC136_SEG0009_PART02.wav,reviewed,ad ggeɣ s wenni umi tettraɣam ajedjid n wudayen sɣuyyen ɛawed sellb i t inna asen pilaṭus man tuɛeffna i igga,no
REC136_SEG0010,REC136,SPK009,train,vad_v2_spk009,116.216,132.744,16.528,data/processed/segments/REC136/REC136_SEG0010.wav,reviewed,xenni arnin ḍi tɣuyyit ɛad ktar sellb i t am tuɣa ixs pilaṭus ad issarḍa rɣaci iḍreq i bar abbas maca isellem asen yasuɛ awarni rami t hettken s urekkuḍ ḥima ad t sellben,no
REC136_SEG0011,REC136,SPK009,train,vad_v2_spk009,136.824,139.432,2.608,data/processed/segments/REC136/REC136_SEG0011.wav,reviewed,iɛeskariyyen sseḥqaran yasuɛ,no
REC136_SEG0012,REC136,SPK009,train,vad_v2_spk009,141.528,148.488,6.96,data/processed/segments/REC136/REC136_SEG0012.wav,reviewed,gewwden t iɛeskariyyen ɣar daxer n remraḥ n ṭaddarṭ n ccraɛ umi qqaren prituriyum,no
REC136_SEG0013_PART01,REC136,SPK009,train,vad_v2_spk009,149.016,163.584,14.568,data/processed/segments/REC136/REC136_SEG0013_PART01.wav,reviewed,uca ssmunen marra rkumpaniyyet n rɛeskar ssyarḍen as ijjen werruḍ d azeggʷaɣ muden as ijjen ttaj s isennanen uca qqnen as t bdan ttsedjamen xas qqaren as azul xak a ajedjid n wudayen,no
REC136_SEG0013_PART02,REC136,SPK009,train,vad_v2_spk009,163.584,178.152,14.568,data/processed/segments/REC136/REC136_SEG0013_PART02.wav,reviewed,tuɣa ccaten t ɣar uzedjif s yijjen weɛmud n uɣanim ssusufen xas uca uḍaren x ifadden nsen ɛebden t awarni rami t sseḥqaren kksen as aserham azeggʷaɣ uca ssyarḍen as arruḍ nnes,no
REC136_SEG0014,REC136,SPK009,train,vad_v2_spk009,178.616,182.216,3.6,data/processed/segments/REC136/REC136_SEG0014.wav,reviewed,xenni ssuffɣen t ḥima ad t sellben,no
REC136_SEG0015,REC136,SPK009,train,vad_v2_spk009,186.296,188.136,1.84,data/processed/segments/REC136/REC136_SEG0015.wav,reviewed,abrid ɣar ssalib,no
REC136_SEG0016,REC136,SPK009,train,vad_v2_spk009,189.016,194.504,5.488,data/processed/segments/REC136/REC136_SEG0016.wav,reviewed,ḥsaren ijjen wenni dd ikkin ssenni am dd yusa zeg iyyar,no
REC136_SEG0017,REC136,SPK009,train,vad_v2_spk009,195.32,211.176,15.856,data/processed/segments/REC136/REC136_SEG0017.wav,reviewed,cimɛun zi qayrawan babas n aliksandir d rufus ḥima ad as yarbu ssalib iwyen yeccu ɣar wemcan umi qqaren juljuta min ixs ad yini amcan n tceqquft,no
REC136_SEG0018_PART01,REC136,SPK009,train,vad_v2_spk009,212.184,225.568,13.384,data/processed/segments/REC136/REC136_SEG0018_PART01.wav,reviewed,wcin as binu ixedjḍen s mirru d amarzag ḥima ad t isuw maca netta war ixs ad t isuw umi t sellben bḍan arruḍ nnes ggin xas akeccuḍ x min ɣa iksi kur,no
REC136_SEG0018_PART02,REC136,SPK009,train,vad_v2_spk009,225.568,238.952,13.384,data/processed/segments/REC136/REC136_SEG0018_PART02.wav,reviewed,ijj zzaysen tuɣa tasaɛɛet d ṭraṭa aqa tt d tesɛa n ssbeḥ umi t sellben ssibbet n rmewt nnes aqa tt ḍi tira ya sennej nnes wa d ajedjid n wudayen,no
REC136_SEG0019,REC136,SPK009,train,vad_v2_spk009,239.416,252.616,13.2,data/processed/segments/REC136/REC136_SEG0019.wav,reviewed,sellben akides ṭnayen n ixewwanen ijjen x ufusi nnes wenneɣni x uzermaḍ nnes ammu i ttwakemmrent tira iqqaren ittwaḥseb ak d inni itɛeddan,no
REC136_SEG0020,REC136,SPK009,train,vad_v2_spk009,253.56,269.864,16.304,data/processed/segments/REC136/REC136_SEG0020.wav,reviewed,inni ssenni dd ittekken tuɣa ttceqqafen ḍayes tthezzan izedjifen nsen nnan a cek wenni i ɣa ihedmen zzawect tameqqrant uca ad tt tebnid ɛawed ḍi ṭraṭa n wussan senjem ixef nnec hwa dd zi ssalib,no
REC136_SEG0021_PART01,REC136,SPK009,train,vad_v2_spk009,271.32,282.304,10.984,data/processed/segments/REC136/REC136_SEG0021_PART01.wav,reviewed,ammu i t sseḥqaren ɛawed imeqqranen n ikehhanen ak d imsermaden n idlisen nnan tuɣa issenjem inneɣni maca war izemmar ad issenjem ixef nnes,no
REC136_SEG0021_PART02,REC136,SPK009,train,vad_v2_spk009,282.304,293.288,10.984,data/processed/segments/REC136/REC136_SEG0021_PART02.wav,reviewed,ejj lmasiḥ ajedjid n israil ad dd ihwa rexxu zi ssalib ḥima ad nzar uca ad ḍayes namen ura d yinni ittwasellben akides kkwaren t,no
REC136_SEG0022,REC136,SPK009,train,vad_v2_spk009,296.696,298.152,1.456,data/processed/segments/REC136/REC136_SEG0022.wav,reviewed,rmewt n yasuɛ,no
REC136_SEG0023,REC136,SPK009,train,vad_v2_spk009,299.448,312.52,13.072,data/processed/segments/REC136/REC136_SEG0023.wav,reviewed,umi dd tiweḍ ṭsaɛɛet setta aqa tt d ḍḍhur tewḍa dd tadjest x ṭammurṭ marra ar tesɛa aqa tt d ṭraṭa n uɛecci ḍi ṭsaɛɛet tesɛa isɣuy yasuɛ s tmijja tejhed,no
REC136_SEG0024_PART01,REC136,SPK009,train,vad_v2_spk009,312.792,326.464,13.672,data/processed/segments/REC136/REC136_SEG0024_PART01.wav,reviewed,inna s ires n tramit il il lmana cabaqtani min ixs ad yini a arebbi inu a arebbi inu mayemmi dayi tejjid ca zeg inni din ibedden umi srin aya nnan aqa ne,no
REC136_SEG0024_PART02,REC136,SPK009,train,vad_v2_spk009,326.464,340.136,13.672,data/processed/segments/REC136/REC136_SEG0024_PART02.wav,reviewed,tta iraɣa i iliya yuzzer dd ɣares ijjen issuff ict n spunxa s rxedj igga i tt x uɣanim iwca as ḥima ad isuw inna raja ejj aneɣ ad nzar ma ad dd yas iliya ḥima ad t i dd issehwa,no
REC136_SEG0025,REC136,SPK009,train,vad_v2_spk009,340.92,354.024,13.104,data/processed/segments/REC136/REC136_SEG0025.wav,reviewed,xenni isɣuy yasuɛ s ict n tmijja tejhed uca isellem arruḥ nnes areḥḥaf n wadaf ɣar zzawect tameqqrant ittwacarreg x ṭnayen zi sennej ɣar swadday,no
REC136_SEG0026,REC136,SPK009,train,vad_v2_spk009,355.224,363.432,8.208,data/processed/segments/REC136/REC136_SEG0026.wav,reviewed,umi izra rqebṭan n mya i din ibedden zzates isɣuyyu ammu s jjehd uca xenni ibedd usuffeɣ n nnefs,no
REC136_SEG0027_PART01,REC136,SPK009,train,vad_v2_spk009,363.608,377.36,13.752,data/processed/segments/REC136/REC136_SEG0027_PART01.wav,reviewed,inna s tidett tuɣa bnaḍem a d mmis n arebbi tuɣa din ɛawed timɣarin xezzarent i dd zi raggʷaj jar asent ɛawed maryam n majdala d maryam yemmas n,no
REC136_SEG0027_PART02,REC136,SPK009,train,vad_v2_spk009,377.36,391.112,13.752,data/processed/segments/REC136/REC136_SEG0027_PART02.wav,reviewed,yaɛqub amazuz u rad yemmas n yusis d salumi tinni t i dd iḍfaren sexxarent xas umi t tuɣa ḍi ljalil tuɣa din ura d attas n timɣarin nneɣnit tinni tuɣa akides i dd igeɛɛden ɣar urcalim,no
REC136_SEG0028,REC136,SPK009,train,vad_v2_spk009,394.232,395.848,1.616,data/processed/segments/REC136/REC136_SEG0028.wav,reviewed,anḍer n yasuɛ,no
REC136_SEG0029_PART01,REC136,SPK009,train,vad_v2_spk009,396.248,411.18,14.932,data/processed/segments/REC136/REC136_SEG0029_PART01.wav,reviewed,rami dd tiweḍ tmeddit n usewjed tameddit nni idjan qber i ass n ssebt yusa dd yusuf zi ramta ijjen umcawar icennɛen n meḥkama tameqqrant n udayyen wenni tuɣa ittrajan,no
REC136_SEG0029_PART02,REC136,SPK009,train,vad_v2_spk009,411.18,426.112,14.932,data/processed/segments/REC136/REC136_SEG0029_PART02.wav,reviewed,tageldit n arebbi uca netta izɛem ad yadef ɣar pilaṭus maḥend ad as ittar rxecbeṭ̣ n yasuɛ itebhet pilaṭus umi immut ammu deɣya iraɣa dd i rqebṭan n mya isseqsa t,no
REC136_SEG0030,REC136,SPK009,train,vad_v2_spk009,426.112,427.912,1.8,data/processed/segments/REC136/REC136_SEG0030.wav,reviewed,ma immut ma ɛad,no
REC136_SEG0031_PART01,REC136,SPK009,train,vad_v2_spk009,428.536,442.199,13.663,data/processed/segments/REC136/REC136_SEG0031_PART01.wav,reviewed,umi ifhem man aya zi rqebṭan n mya iwca arrimet i yusuf isɣa yusuf recfen n reqṭen azdad iksi t zi ssalib icfen i t ḍi recfen nni issars i t deg wenḍer,no
REC136_SEG0031_PART02,REC136,SPK009,train,vad_v2_spk009,442.199,455.863,13.663,data/processed/segments/REC136/REC136_SEG0031_PART02.wav,reviewed,i tuɣa it waxebcen ḍi ssedjaḥ uca isseqnunni ict n tesḍart x tewwart n wenḍer tuɣa maryam n majdala d maryam yemmas n yusi zrint mani t ssarsen,no
REC137_SEG0001,REC137,SPK009,train,vad_v2_spk009,0.856,1.96,1.104,data/processed/segments/REC137/REC137_SEG0001.wav,reviewed,tanukra,no
REC137_SEG0002,REC137,SPK009,train,vad_v2_spk009,3.608,12.872,9.264,data/processed/segments/REC137/REC137_SEG0002.wav,reviewed,umi iɛdu ssebt tesɣa maryam n majdala d maryam yemmas n yaɛqub d salumi reɛṭur ḥima ad t dehnent,no
REC137_SEG0003,REC137,SPK009,train,vad_v2_spk009,13.816,27.944,14.128,data/processed/segments/REC137/REC137_SEG0003.wav,reviewed,ɣar ssbeḥ zic deg wass amezwar n ssimana iwḍent i dd ɣar wenḍer arami dd tenqar tfuct nnant jar asent wi d aneɣ i ɣa isseqnunnyen tasḍart nni idjan x wadaf n wenḍer,no
REC137_SEG0004,REC137,SPK009,train,vad_v2_spk009,28.664,35.24,6.576,data/processed/segments/REC137/REC137_SEG0004.wav,reviewed,rami xzarent zrint aqa tasḍart tettwasseqnunni zeg wenḍer waxxa tuɣa temɣar attas,no
REC137_SEG0005_PART01,REC137,SPK009,train,vad_v2_spk009,35.832,49.152,13.32,data/processed/segments/REC137/REC137_SEG0005_PART01.wav,reviewed,rami udfent ɣar yifri n wenḍer zrint ijjen ubriɣ iqqim ɣar uɣezdis afusi yarḍ arruḍ d acemrar dazirar uca nitenti nnxerɛent maca netta inna asent war ttnexriɛent ca,no
REC137_SEG0005_PART02,REC137,SPK009,train,vad_v2_spk009,49.152,62.472,13.32,data/processed/segments/REC137/REC137_SEG0005_PART02.wav,reviewed,kennint tarezzunt x yasuɛ nnasiri wenni ittwasellben aqa netta ikkar war da idji xzarent aqa amcan mani t ssarsen maca ruḥent inint i imeḥḍaren nnes ura i buṭrus,no
REC137_SEG0006,REC137,SPK009,train,vad_v2_spk009,62.872,79.048,16.176,data/processed/segments/REC137/REC137_SEG0006.wav,reviewed,aqa ad awem izwar ɣar ljalil dinni ad t tzarem am mammec tuɣa i d awem inna ffɣent deɣya uca arewrent zeg wenḍer minzi tqebs i tent tarjijit d ddehcan uca war t nnint i ḥed minzi tuɣa ggʷedent,no
REC137_SEG0007,REC137,SPK009,train,vad_v2_spk009,82.552,85.96,3.408,data/processed/segments/REC137/REC137_SEG0007.wav,reviewed,aḍḥar n yasuɛ awarni i tnukra nnes,no
REC137_SEG0008,REC137,SPK009,train,vad_v2_spk009,87.32,104.872,17.552,data/processed/segments/REC137/REC137_SEG0008.wav,reviewed,rami ed ikkar netta zic deg wass amezwar n ssimana ikkar dd uca iḍhar dd d amezwaru i maryam n majdala tenni zi tuɣa issuffeɣ sebɛa n ccwaṭen tanita truḥ uca txebbar aya i yinni tuɣa akides idjan inni tuɣa iceḍnen u ttrun,no
REC137_SEG0009_PART01,REC137,SPK009,train,vad_v2_spk009,105.464,116.288,10.824,data/processed/segments/REC137/REC137_SEG0009_PART01.wav,reviewed,rami ina srin belli netta aqa iddar uca iban asent war zzaysent uminen awarni aya iban dd s yijjen waddud nneɣni i,no
REC137_SEG0009_PART02,REC137,SPK009,train,vad_v2_spk009,116.288,127.112,10.824,data/processed/segments/REC137/REC137_SEG0009_PART02.wav,reviewed,ṭnayen zzaysen umi tuɣa gguren niṭni ɣar ijjen dcar ura d ina ruḥen ɛawed uca xebbaren inneɣni maca war t uminen,no
REC137_SEG0011,REC137,SPK009,train,vad_v2_spk009,133.88,149.96,16.08,data/processed/segments/REC137/REC137_SEG0011.wav,reviewed,rexdenni iban dd i ḥiṭac arami tuɣa qqimen ɣar ttabra uca iɛayar i ten zi ssibbet n tikkest n l iman nsen u zi ssibbet n reqsaḥet n wurawen nsen minzi war uminen zeg inni t izrin awarni rami dd ittwassnekkar netta,no
REC137_SEG0012,REC137,SPK009,train,vad_v2_spk009,150.264,165.896,15.632,data/processed/segments/REC137/REC137_SEG0012.wav,reviewed,inna asen ruḥem ɣar ddunect marra barrḥem s rexbar asebḥan ḍi marra min dd ittwaxerqen wenni yuminen u ittwasseɣḍes aqa iddar maca wenni war yuminen aqa ittwaḥaseb,no
REC137_SEG0013_PART01,REC137,SPK009,train,vad_v2_spk009,166.328,177.984,11.656,data/processed/segments/REC137/REC137_SEG0013_PART01.wav,reviewed,tina d reɛramat i ɣa iḍfaren inni yuminen aqa niṭni ad ssuffɣen ccwaṭen s yisem inu ad ssiwren s irsawen n jdid ad ksin ifiɣ,no
REC137_SEG0013_PART02,REC137,SPK009,train,vad_v2_spk009,177.984,189.64,11.656,data/processed/segments/REC137/REC137_SEG0013_PART02.wav,reviewed,ran s ifassen nsen u mara swin min ineqqen war ten iḍḍarri ca man aya uca ad ssarsen ifassen nsen x imehrac xenni ad ggenfan,no
REC137_SEG0014,REC137,SPK009,train,vad_v2_spk009,192.824,195.464,2.64,data/processed/segments/REC137/REC137_SEG0014.wav,reviewed,tameksit n yasuɛ ɣar ujenna,no
REC137_SEG0015_PART01,REC137,SPK009,train,vad_v2_spk009,196.728,207.712,10.984,data/processed/segments/REC137/REC137_SEG0015_PART01.wav,reviewed,awarni rami kidsen issiwer immeksi siditneɣ yasuɛ ɣar ujenna uca issɣim ixef nnes x ufusi n arebbi maca niṭni ffɣen uca barrḥen,no
REC137_SEG0015_PART02,REC137,SPK009,train,vad_v2_spk009,207.712,218.696,10.984,data/processed/segments/REC137/REC137_SEG0015_PART02.wav,reviewed,kur amcan u siditneɣ tuɣa ixddem akidsen uca issars rxeṭ nnes x wawaren nsen s reɛramat i yeggin amin,no
REC137_SEG0016,REC137,SPK009,train,vad_v2_spk009,219.928,225.192,5.264,data/processed/segments/REC137/REC137_SEG0016.wav,reviewed,aneggar n l rexbar asebḥan iqedssen am mammec t ibarreḥ markus,no
REC138_SEG0001,REC138,SPK010,validation,awal_original_v1,3.0,6.0,3.0,data/processed/segments/REC138/REC138_SEG0001.wav,reviewed,ffɣent ijjen ṭraṭa n tḥenjirin ɣar reɛrassi,yes
REC138_SEG0002,REC138,SPK010,validation,awal_original_v1,6.0,9.0,3.0,data/processed/segments/REC138/REC138_SEG0002.wav,reviewed,beddent ttarf i ijjen ufeddan n yirden,yes
REC138_SEG0003,REC138,SPK010,validation,awal_original_v1,9.0,14.0,5.0,data/processed/segments/REC138/REC138_SEG0003.wav,reviewed,beddent ttarf i ufeddan nni n yirden,yes
REC138_SEG0004,REC138,SPK010,validation,awal_original_v1,14.0,19.0,5.0,data/processed/segments/REC138/REC138_SEG0004.wav,reviewed,u ca ṭenna as icten ṭenna as afeddan ittsemma bayen illa bab nnes labas xas,yes
REC138_SEG0005,REC138,SPK010,validation,awal_original_v1,19.0,22.0,3.0,data/processed/segments/REC138/REC138_SEG0005.wav,reviewed,iḍehhar dd ṭammurṭ d tameqqrant ijjen ufeddan n yirden ila axirih,yes
REC138_SEG0006,REC138,SPK010,validation,awal_original_v1,22.0,26.0,4.0,data/processed/segments/REC138/REC138_SEG0006.wav,reviewed,tuɣa deg ijjen rweqt xmi dd ɣa taweḍ ssabeyt ittɛawad remrak,yes
REC138_SEG0007,REC138,SPK010,validation,awal_original_v1,26.0,29.0,3.0,data/processed/segments/REC138/REC138_SEG0007.wav,reviewed,ijjen teḥrant icten zzaysent tennas mara yiwey ayi bab n ufeddan a,yes
REC138_SEG0008,REC138,SPK010,validation,awal_original_v1,29.0,34.0,5.0,data/processed/segments/REC138/REC138_SEG0008.wav,reviewed,ad as ggeɣ tamarraqt s ijjen tḥebbuyt n ubaw,yes
REC138_SEG0009,REC138,SPK010,validation,awal_original_v1,34.0,39.0,5.0,data/processed/segments/REC138/REC138_SEG0009.wav,reviewed,tenn n iḍen tennas aweddi necc mara yiwey ayi bab n winat a eh bab n ufeddan a,yes
REC138_SEG0010,REC138,SPK010,validation,awal_original_v1,39.0,45.0,6.0,data/processed/segments/REC138/REC138_SEG0010.wav,reviewed,ad as ggeɣ ijjen winat ittsemma ijjen teknift s ijjen tḥebbuyt n irden,yes
REC138_SEG0011,REC138,SPK010,validation,awal_original_v1,45.0,49.0,4.0,data/processed/segments/REC138/REC138_SEG0011.wav,reviewed,ten n nneḍni wis ṭraṭa ṭenna as mara yiwey ayi ad as jjeɣ aḥenjir ḍayes duru ḍi tenyart,yes
REC138_SEG0012,REC138,SPK010,validation,awal_original_v1,49.0,51.0,2.0,data/processed/segments/REC138/REC138_SEG0012.wav,reviewed,duru ḍi tenyart ixs ad yinni bi annahu ḍayes zzin niɣ ḍayes ittecceɣ dd zzayes zzin,yes
REC138_SEG0013,REC138,SPK010,validation,awal_original_v1,51.0,53.0,2.0,data/processed/segments/REC138/REC138_SEG0013.wav,reviewed,qqarn as ma ɣars duru ḍi tneyart,yes
REC138_SEG0014,REC138,SPK010,validation,awal_original_v1,54.0,55.0,1.0,data/processed/segments/REC138/REC138_SEG0014.wav,reviewed,xenni bab nni n ufeddan tuɣa ittesra yasent,yes
REC138_SEG0015,REC138,SPK010,validation,awal_original_v1,56.0,67.0,11.0,data/processed/segments/REC138/REC138_SEG0015.wav,reviewed,yiwey itent s ṭraṭa,yes
REC138_SEG0016,REC138,SPK010,validation,awal_original_v1,68.0,75.0,7.0,data/processed/segments/REC138/REC138_SEG0016.wav,reviewed,lmuhim arami tent yiwey ila axirih inna as i tenni d as innan ad as ggeɣ ijjen teknift s ijjen rḥebbet n irden inna as iwa egg ayi taknift ijjen teknift nni egg ayi tt s ijjen tḥebbuyt n irden teɛjez war tzemmar,yes
REC138_SEG0017,REC138,SPK010,validation,awal_original_v1,76.0,81.0,5.0,data/processed/segments/REC138/REC138_SEG0017.wav,reviewed,inna as i ten nneḍni i d as innan ad as ggeɣ tamarraqt s ijjen tḥebbuyt n ubaw inna as iwa egg dd tamarraqt s ijjen tḥebbuyt n ubaw,yes
REC138_SEG0018,REC138,SPK010,validation,awal_original_v1,81.0,84.0,3.0,data/processed/segments/REC138/REC138_SEG0018.wav,reviewed,ttɣir as ɛala ayyin ten nneḍni ha ɛejzent s ṭnayen idsent,yes
REC138_SEG0019,REC138,SPK010,validation,awal_original_v1,84.0,94.0,10.0,data/processed/segments/REC138/REC138_SEG0019.wav,reviewed,ten nnezḍni i d as innan ad as dd jjeɣ aḥenjir ɣars duru ḍi tenyart,yes
REC138_SEG0020,REC138,SPK010,validation,awal_original_v1,95.0,99.0,4.0,data/processed/segments/REC138/REC138_SEG0020.wav,reviewed,ad rajan ar ɣa taru li annahu war ssinen ca mamek dd ɣa ixreq uḥenjir nni fiɛlan armi dd ixreq uḥenjir nni ixreq dd ɣars duru ḍi tenyart,yes
REC138_SEG0021,REC138,SPK010,validation,awal_original_v1,99.0,101.0,2.0,data/processed/segments/REC138/REC138_SEG0021.wav,reviewed,xenni u t izrin amezwaru d ṭnayen nni n teḥramin ṭnayenni n temɣarin nni,yes
REC138_SEG0022,REC138,SPK010,validation,awal_original_v1,101.0,103.0,2.0,data/processed/segments/REC138/REC138_SEG0022.wav,reviewed,ɣirnt zzayes li annahu,yes
REC138_SEG0023,REC138,SPK010,validation,awal_original_v1,103.0,107.0,4.0,data/processed/segments/REC138/REC138_SEG0023.wav,reviewed,mya ḍi mya ad xasent yazzer,yes
REC138_SEG0024,REC138,SPK010,validation,awal_original_v1,107.0,116.0,9.0,data/processed/segments/REC138/REC138_SEG0024.wav,reviewed,arami tenni tkemmer awar nnes tejja dd aḥram ɣars duru ḍi tenyart,yes
REC138_SEG0025,REC138,SPK010,validation,awal_original_v1,117.0,119.0,2.0,data/processed/segments/REC138/REC138_SEG0025.wav,reviewed,walakin tin nnedni ɛejzent idan fekkarnt nitenti biannahu xminni ɣa xmi dd ɣa yas ad yaf nican nitenti ad xasent yazzer ad ijj illa tenni ikemmren awar,yes
REC138_SEG0026,REC138,SPK010,validation,awal_original_v1,120.0,126.0,6.0,data/processed/segments/REC138/REC138_SEG0026.wav,reviewed,min xedment fekkarent xarrasent jarrasent,yes
REC138_SEG0027,REC138,SPK010,validation,awal_original_v1,126.0,129.0,3.0,data/processed/segments/REC138/REC138_SEG0027.wav,reviewed,ksint aḥenjir nni ittsemma wyen net ɣar ijjen twessart beɛɛdent yeɛni ukarn t,yes
REC138_SEG0028,REC138,SPK010,validation,awal_original_v1,129.0,132.0,3.0,data/processed/segments/REC138/REC138_SEG0028.wav,reviewed,qessent cway n winat tirett nnes,yes
REC138_SEG0029,REC138,SPK010,validation,awal_original_v1,133.0,142.0,9.0,data/processed/segments/REC138/REC138_SEG0029.wav,reviewed,ggin t as deg uqemmum i temɣart nni yurwen,yes
REC138_SEG0030,REC138,SPK010,validation,awal_original_v1,143.0,154.0,11.0,data/processed/segments/REC138/REC138_SEG0030.wav,reviewed,ar ami d as ɣa ggent ggint as cwayt n idammen deg uqemmum ammu min das nnant nnant as aqa turu it aqa tecca mmis amenni i d as nnant i wargaz nni nnant as aqa turu aqa tecci t,yes
REC138_SEG0032,REC138,SPK010,validation,awal_original_v1,158.0,184.0,26.0,data/processed/segments/REC138/REC138_SEG0032.wav,reviewed,ttettes ḍi deg winat ttettes ḍi mamek d as qqarn ḍi tɣaɣart,yes
REC138_SEG0033,REC138,SPK010,validation,awal_original_v1,184.0,190.0,6.0,data/processed/segments/REC138/REC138_SEG0033.wav,reviewed,ttrass ttɛic ijjen lḥayat cwat teqseḥ lmuhimm igga as ɛuquba aḥenjir nni ittsemma imɣar dd tuɣa ddcar nni awmi tenni umi tewcin t imɣar dd imɣar ila axirih ibda ittirar ag iqqrinen nnes nnan as a weddi aqa cek qa yinni i ɣa ttɛiced aqa war llint ca d yemmak d babak lmuhimm kur marra iqqar as i tenni t yarbban iqqar as ixess ad ayi tinid manwen illan d baba aqa qaɛ iḥramen i ked ttirarɣ qqarn ayi aqa wenni yinni war illi ca war illi ca d yemmak d babak u labudda li anna bnaḍem yarzzu x l asl,yes
REC138_SEG0034,REC138,SPK010,validation,awal_original_v1,190.0,194.0,4.0,data/processed/segments/REC138/REC138_SEG0034.wav,reviewed,ittsemma tufa kur nnhar kur nnhar kur nnhar ṭenna as lḥaqiqa ṭenna as ha min iweqɛen ha min iweqɛen ha min iweqɛen,yes
REC138_SEG0035,REC138,SPK010,validation,awal_original_v1,194.0,197.0,3.0,data/processed/segments/REC138/REC138_SEG0035.wav,reviewed,lmuhimm ittsemma iqerrer bac ad iraḥ ad yarzu x yemmas d babas,yes
REC138_SEG0036,REC138,SPK010,validation,awal_original_v1,197.0,201.0,4.0,data/processed/segments/REC138/REC138_SEG0036.wav,reviewed,min kides yiwi yiwey akides tɣaṭ,yes
REC138_SEG0037,REC138,SPK010,validation,awal_original_v1,202.0,205.0,3.0,data/processed/segments/REC138/REC138_SEG0037.wav,reviewed,iwey akides sslugi yiwey akides ḥacakum aqzin,yes
REC138_SEG0038,REC138,SPK010,validation,awal_original_v1,206.0,208.0,2.0,data/processed/segments/REC138/REC138_SEG0038.wav,reviewed,u ca iruḥ ttsemma ḍi arriḥla bac ad yarzu x babas d yemmas,yes
REC138_SEG0039,REC138,SPK010,validation,awal_original_v1,209.0,210.0,1.0,data/processed/segments/REC138/REC138_SEG0039.wav,reviewed,i xenni jjmaɛet i xef ɣa ikk niɣ ddcar,yes
REC138_SEG0040,REC138,SPK010,validation,awal_original_v1,210.0,223.0,13.0,data/processed/segments/REC138/REC138_SEG0040.wav,reviewed,qqarn as subḥanllah,yes
REC138_SEG0041,REC138,SPK010,validation,awal_original_v1,224.0,228.0,4.0,data/processed/segments/REC138/REC138_SEG0041.wav,reviewed,li anna tɣaṭ war ttmun tɣaṭ war ttmun ag wuccen uccen war ittmun ag weqzin lmuhimm ddegg a ca n rḥajet aqa tt ḍayes xenni qqarn as subḥanallah netta ittarra dd xasen iqqar asen tamɣart tecca mmis idan mara yina war ttmunen mamek tegga tamɣart a i ɣa yeccen mmis,yes
REC138_SEG0042,REC138,SPK010,validation,awal_original_v1,229.0,231.0,2.0,data/processed/segments/REC138/REC138_SEG0042.wav,reviewed,lmuhimm yallah zid zid ad awem xtasarɣ yallah yallah ḥetta arami yiweḍ ddcar nni i ḍi ittɛic,yes
REC138_SEG0043,REC138,SPK010,validation,awal_original_v1,231.0,251.0,20.0,data/processed/segments/REC138/REC138_SEG0043.wav,reviewed,ittsemma babas d yemmas ḥaqiqiyyin,yes
REC138_SEG0044,REC138,SPK010,validation,awal_original_v1,251.0,274.0,23.0,data/processed/segments/REC138/REC138_SEG0044.wav,reviewed,lmuhimm iruḥ ɣars ɣar babas nni ittar as ḍifllah issidef it ila axirih inna as aqa necc aqa igga axmi d anewji waha inna as qa xseɣ tamɣart nni ittrassen ittettsen ḍi tɣaɣart xseɣ ad kidneɣ t ad kidneɣ teqqim rami teqqim temɣart nni ikkes tcacciyt ammu tezri t ḍayes mamek d as qqarn duru ḍi tenyart,yes
REC138_SEG0045,REC138,SPK010,validation,awal_original_v1,275.0,276.0,1.0,data/processed/segments/REC138/REC138_SEG0045.wav,reviewed,i xenni issnen ittsemma illa d mmis illa netta d mmis i d as iɛawed i babas lḥikaya amek mamek tewqeɛ i xenni inna as i temɣart nni i rexxu ḥkem xasent s ṭnayen i d am iggin ittsemma danita teḥkem xasent ad qqiment lmudda nni i teqqim nettat tkarfes marra ttrass ḍi tɣaɣart ila axirih lmudda nni xmi ɣa tekemmer lmudda nni ad dd awyen iksan ad tent ssekken x winat x uɣanim iqess,yes
REC138_SEG0046,REC138,SPK010,validation,awal_original_v1,276.0,285.0,9.0,data/processed/segments/REC138/REC138_SEG0046.wav,reviewed,ɣanim d aziza ad t qessen,yes
REC138_SEG0047,REC138,SPK010,validation,awal_original_v1,276.0,285.0,9.0,data/processed/segments/REC138/REC138_SEG0047.wav,reviewed,ad tent ssekkent sennej nsent ittsemma teḥkem xasent s l iɛdam ittsemma d wa d lɛuquba i d asent tegga temɣart nni u ca iqqim lmatal iqqar as sebḥanallah tamɣart tecca mmis,yes
