segment_id,recording_id,speaker_group_id,audio_path,duration_seconds,transcription,absolute_audio_path
REC094_SEG0001,REC094,SPK009,data/processed/segments/REC094/REC094_SEG0001.wav,3.76,rexbar asbḥan n yasuɛ lmasiḥ sufuss n matta,/Users/mac/masterAI/tarifit_asr_tfm/data/processed/segments/REC094/REC094_SEG0001.wav
REC094_SEG0002,REC094,SPK009,data/processed/segments/REC094/REC094_SEG0002.wav,3.376,adlis n umezruy n wexraq n yasuɛ lmasiḥ,/Users/mac/masterAI/tarifit_asr_tfm/data/processed/segments/REC094/REC094_SEG0002.wav
REC094_SEG0003,REC094,SPK009,data/processed/segments/REC094/REC094_SEG0003.wav,12.432,adlis n umezruy n wexraq n yasuɛ lmasiḥ mmis n dawud mmis n ibrahim ibrahim ijja dd isḥaq isḥaq ijja dd yaɛqub yaɛqub ijja dd yahuda d aytmas,/Users/mac/masterAI/tarifit_asr_tfm/data/processed/segments/REC094/REC094_SEG0003.wav
REC094_SEG0004,REC094,SPK009,data/processed/segments/REC094/REC094_SEG0004.wav,18.032,yahuda ijja dd fariṣ d zaraḥ ak d tamar fariṣ ijja dd ḥaṣrun ḥaṣrun ijja dd aram aram ijja dd ɛamminadab ɛamminadab ijja dd naḥcun naḥcun ijja dd salmun salmun ijja dd buɛaz zi raḥab,/Users/mac/masterAI/tarifit_asr_tfm/data/processed/segments/REC094/REC094_SEG0004.wav
REC094_SEG0005,REC094,SPK009,data/processed/segments/REC094/REC094_SEG0005.wav,12.744,buɛaz ijja dd ɛubid ak d raɛut ɛubid ijja dd yassa yassa ijja dd dawud ajeǧid uca dawud ijja dd suliman ak d temɣart n uriya,/Users/mac/masterAI/tarifit_asr_tfm/data/processed/segments/REC094/REC094_SEG0005.wav
REC094_SEG0006_PART01,REC094,SPK009,data/processed/segments/REC094/REC094_SEG0006_PART01.wav,11.732,suliman ijja dd raḥabɛam raḥabɛam ijja dd abiya abiya ijja dd asa asa ijja dd yahucafaṭ yahucafaṭ ijja dd yuram,/Users/mac/masterAI/tarifit_asr_tfm/data/processed/segments/REC094/REC094_SEG0006_PART01.wav
REC094_SEG0006_PART02,REC094,SPK009,data/processed/segments/REC094/REC094_SEG0006_PART02.wav,11.732,yuram ijja dd ɛuzziya ɛuzziya ijja dd yutam yutam ijja dd aḥaz aḥaz ijja dd ḥizqiya ḥizqiya ijja dd manassa manassa ijja dd amun,/Users/mac/masterAI/tarifit_asr_tfm/data/processed/segments/REC094/REC094_SEG0006_PART02.wav
REC094_SEG0007,REC094,SPK009,data/processed/segments/REC094/REC094_SEG0007.wav,7.76,amun ijja dd yuciya yuciya ijja dd yakunya d aytmas deg wussan n nehbast di babil,/Users/mac/masterAI/tarifit_asr_tfm/data/processed/segments/REC094/REC094_SEG0007.wav
REC094_SEG0008_PART01,REC094,SPK009,data/processed/segments/REC094/REC094_SEG0008_PART01.wav,11.988,awarni awmi xsan uzren ɣar di babil yakunya ijja dd caɛaltiyil caɛaltiyil ijja dd zarubbabil zarubbabil ijja dd abihud abihud,/Users/mac/masterAI/tarifit_asr_tfm/data/processed/segments/REC094/REC094_SEG0008_PART01.wav
REC094_SEG0008_PART02,REC094,SPK009,data/processed/segments/REC094/REC094_SEG0008_PART02.wav,11.988,ijja dd alyaqim alyaqim ijja dd ɛazur ɛazur ijja dd ṣaduq ṣaduq ijja dd axim axim ijja dd aliyud aliyud ijja dd aliɛazar,/Users/mac/masterAI/tarifit_asr_tfm/data/processed/segments/REC094/REC094_SEG0008_PART02.wav
REC094_SEG0009_PART01,REC094,SPK009,data/processed/segments/REC094/REC094_SEG0009_PART01.wav,14.212,aliɛazar ijja dd mattan mattan ijja dd yaɛqub yaɛqub ijja dd yusuf aryaz n maryam tenni i dd ijjin yasuɛ umi qqaren lmasiḥ s uyenni marra arrawen zi ibrahim ar dawud,/Users/mac/masterAI/tarifit_asr_tfm/data/processed/segments/REC094/REC094_SEG0009_PART01.wav
REC094_SEG0009_PART02,REC094,SPK009,data/processed/segments/REC094/REC094_SEG0009_PART02.wav,14.212,iwḍen arbeɛṭac n warrawen zi dawud ar lmenfa di babil arbeɛtac n warrawen uca zi tmeḥbast di babil ar lmasiḥ arbeɛtac n warrawen,/Users/mac/masterAI/tarifit_asr_tfm/data/processed/segments/REC094/REC094_SEG0009_PART02.wav
REC094_SEG0010,REC094,SPK009,data/processed/segments/REC094/REC094_SEG0010.wav,2.032,axraq n yasuɛ lmasiḥ,/Users/mac/masterAI/tarifit_asr_tfm/data/processed/segments/REC094/REC094_SEG0010.wav
REC094_SEG0011,REC094,SPK009,data/processed/segments/REC094/REC094_SEG0011.wav,12.656,ammu i yemsar wexraq n yasuɛ lmasiḥ umi yemmas maryam tuɣa tt d tanexḍebt n yusuf iḍhar dd belli nettat teksi aɛeddis zi arruḥ iqeddsen qber i ɣa mercen,/Users/mac/masterAI/tarifit_asr_tfm/data/processed/segments/REC094/REC094_SEG0011.wav
REC094_SEG0012_PART01,REC094,SPK009,data/processed/segments/REC094/REC094_SEG0012_PART01.wav,11.528,umi aryaz nnes yusuf tuɣa iggur nican war ixs ca ad tt issbehder tuɣa yarezzu ad as iǧef s tnuffra am tuɣa ittxarraṣ di man,/Users/mac/masterAI/tarifit_asr_tfm/data/processed/segments/REC094/REC094_SEG0012_PART01.wav
REC094_SEG0012_PART02,REC094,SPK009,data/processed/segments/REC094/REC094_SEG0012_PART02.wav,11.528,aya iḍhar as dd lmalak n sidi di tarjit inna a yusuf a mmis n dawud war tteggʷed ad dd tawyed maryam d tamɣart nnec,/Users/mac/masterAI/tarifit_asr_tfm/data/processed/segments/REC094/REC094_SEG0012_PART02.wav
REC094_SEG0013,REC094,SPK009,data/processed/segments/REC094/REC094_SEG0013.wav,13.584,minzi wenni i dayes dd ixerqen aqa netta zi arruḥ iqeddsen nettat ad dd taruw aḥenjir nettat ad t tsemma yasuɛ minzi netta ad issenjem rgens nnes zi ddnub nsen,/Users/mac/masterAI/tarifit_asr_tfm/data/processed/segments/REC094/REC094_SEG0013.wav
REC094_SEG0014,REC094,SPK009,data/processed/segments/REC094/REC094_SEG0014.wav,17.68,marra aya imsar ḥima ad ittwakemmer min inna sidi s uqemmum n unabi umi inna xẓar taɛzarect ad teksi ddeyset uca ad dd taruw aḥenjir ad as ggen ɛimmanu il min ixs ad yini arebbi nneɣ aqa t akidneɣ,/Users/mac/masterAI/tarifit_asr_tfm/data/processed/segments/REC094/REC094_SEG0014.wav
REC094_SEG0015,REC094,SPK009,data/processed/segments/REC094/REC094_SEG0015.wav,18.352,rami dd ifaq yusuf zeg iḍeṣ igga am mammec tt yumur lmalak n sidi uca yiwyi dd tamɣart nnes ɣares uca netta war ɣares dd iqarreb ca arami dd turuw mmis amenzu uca tsemma t yeccu,/Users/mac/masterAI/tarifit_asr_tfm/data/processed/segments/REC094/REC094_SEG0015.wav
REC095_SEG0001_PART01,REC095,SPK009,data/processed/segments/REC095/REC095_SEG0001_PART01.wav,13.16,imusnawen n itran zi ccarq rami dd ixreq yasuɛ di bayt laḥm di yahudiyya deg wussan n ujeǧid hirudus usin dd ca n imusnawen n itran,/Users/mac/masterAI/tarifit_asr_tfm/data/processed/segments/REC095/REC095_SEG0001_PART01.wav
REC095_SEG0001_PART02,REC095,SPK009,data/processed/segments/REC095/REC095_SEG0001_PART02.wav,13.16,zi manis d tneqqar tfuct ɣar urcalim nnan mani iǧa wenni dd ixerqen d ajeǧid n wudayen aqa neẓra itri nnes di ccarq nusa dd ad as nesjed,/Users/mac/masterAI/tarifit_asr_tfm/data/processed/segments/REC095/REC095_SEG0001_PART02.wav
REC095_SEG0002,REC095,SPK009,data/processed/segments/REC095/REC095_SEG0002.wav,7.248,rami isra ujeǧid hirudus man aya inneḥwer netta d qaɛ urcalim akides,/Users/mac/masterAI/tarifit_asr_tfm/data/processed/segments/REC095/REC095_SEG0002.wav
REC095_SEG0003_PART01,REC095,SPK009,data/processed/segments/REC095/REC095_SEG0003_PART01.wav,11.4,hirudus issmun dd zi rgens marra imeqqranen n ikehhanen d imsermaden n idlisen uca isseqsa ten x mani ɣa ixreq lmasiḥ,/Users/mac/masterAI/tarifit_asr_tfm/data/processed/segments/REC095/REC095_SEG0003_PART01.wav
REC095_SEG0003_PART02,REC095,SPK009,data/processed/segments/REC095/REC095_SEG0003_PART02.wav,11.4,nnan di bayt laḥm di yahudiyya minzi d man aya i yuran s ufus n unabi ura d cem bayt laḥm di temmurt n yahuda,/Users/mac/masterAI/tarifit_asr_tfm/data/processed/segments/REC095/REC095_SEG0003_PART02.wav
REC095_SEG0004,REC095,SPK009,data/processed/segments/REC095/REC095_SEG0004.wav,11.824,cem war teǧid ca d tameẓyant jar rhukam n yahuda minzi zzayem dd ɣa iffeɣ ujeǧid wenni i ɣa yarewsen rgens inu israil,/Users/mac/masterAI/tarifit_asr_tfm/data/processed/segments/REC095/REC095_SEG0004.wav
REC095_SEG0005_PART01,REC095,SPK009,data/processed/segments/REC095/REC095_SEG0005_PART01.wav,10.696,xenni iraɣa hirudus x imusnawen n itran s tnuffra uca yiweḍ ad zzaysen issen rweqt i di tuɣa d asen dd iffeɣ,/Users/mac/masterAI/tarifit_asr_tfm/data/processed/segments/REC095/REC095_SEG0005_PART01.wav
REC095_SEG0005_PART02,REC095,SPK009,data/processed/segments/REC095/REC095_SEG0005_PART02.wav,10.696,itri xenni issekk i ten ɣar bayt laḥm inna ruḥem dinni tarzum mliḥ x uḥenjir mara tufim t asem dd xebbarem ayi,/Users/mac/masterAI/tarifit_asr_tfm/data/processed/segments/REC095/REC095_SEG0005_PART02.wav
REC095_SEG0006,REC095,SPK009,data/processed/segments/REC095/REC095_SEG0006.wav,16.56,ḥima ura d necc ad dd aseɣ ad as sejdeɣ awarni rami srin i wawar n ujeǧid ruḥen uca xzar itri i ẓrin di ccarq iggur zzatsen arami dd yiweḍ uca ibedd sennej i wemcan mani iǧa uḥenjir,/Users/mac/masterAI/tarifit_asr_tfm/data/processed/segments/REC095/REC095_SEG0006.wav
REC095_SEG0007_PART01,REC095,SPK009,data/processed/segments/REC095/REC095_SEG0007_PART01.wav,10.936,rami ẓrin itri farḥen s refraḥet tameqqrant aṭṭas udfen ɣar taddart ẓrin aḥenjir ak d maryam yemmas wḍan ɣar temmurt uca,/Users/mac/masterAI/tarifit_asr_tfm/data/processed/segments/REC095/REC095_SEG0007_PART01.wav
REC095_SEG0007_PART02,REC095,SPK009,data/processed/segments/REC095/REC095_SEG0007_PART02.wav,10.936,sejden as xenni arezmen reknuz nsen uca qeddmen as tirzifin ureɣ mirru d refwaḥet n rebxur,/Users/mac/masterAI/tarifit_asr_tfm/data/processed/segments/REC095/REC095_SEG0007_PART02.wav
REC095_SEG0008,REC095,SPK009,data/processed/segments/REC095/REC095_SEG0008.wav,10.0,umi d asen dd iweḥḥa di tarjit ḥima war ttɛiqqiben ɣar hirudus ɛeqben ɣar temmurt nsen zeg ijj n webrid nneɣni,/Users/mac/masterAI/tarifit_asr_tfm/data/processed/segments/REC095/REC095_SEG0008.wav
REC095_SEG0009,REC095,SPK009,data/processed/segments/REC095/REC095_SEG0009.wav,8.944,tarewra ɣar miṣra umi ruḥen iḍhar dd lmalak n sidi ɣar yusuf di tarjit inna kkar,/Users/mac/masterAI/tarifit_asr_tfm/data/processed/segments/REC095/REC095_SEG0009.wav
REC095_SEG0010_PART01,REC095,SPK009,data/processed/segments/REC095/REC095_SEG0010_PART01.wav,10.888,awi dd aḥenjir d yemmas arwer ɣar miṣra u qqim din ar cek i ɣa xebbareɣ minzi hirudus yarezzu x uḥenjir ḥima,/Users/mac/masterAI/tarifit_asr_tfm/data/processed/segments/REC095/REC095_SEG0010_PART01.wav
REC095_SEG0010_PART02,REC095,SPK009,data/processed/segments/REC095/REC095_SEG0010_PART02.wav,10.888,ad t isshellek uca ikkar dd yusuf yiwi aḥenjir d yemmas s ǧiret uca yarwer ɣar miṣra iqqim dinni arami immut hirudus,/Users/mac/masterAI/tarifit_asr_tfm/data/processed/segments/REC095/REC095_SEG0010_PART02.wav
REC095_SEG0011,REC095,SPK009,data/processed/segments/REC095/REC095_SEG0011.wav,10.16,ḥima ad ittwakemmer min ittwannan zi sidi zeg unabi i innan raɣiɣ dd x mmi ḥima ad iffeɣ zi miṣra,/Users/mac/masterAI/tarifit_asr_tfm/data/processed/segments/REC095/REC095_SEG0011.wav
REC095_SEG0012,REC095,SPK009,data/processed/segments/REC095/REC095_SEG0012.wav,2.928,anɣay n iḥenjiren di bayt laḥm,/Users/mac/masterAI/tarifit_asr_tfm/data/processed/segments/REC095/REC095_SEG0012.wav
REC095_SEG0013_PART01,REC095,SPK009,data/processed/segments/REC095/REC095_SEG0013_PART01.wav,12.52,rami iẓra hirudus belli imusnawen cemten t ixeyyeq aṭṭas uca issekk inɣa marra iḥenjiren n bayt laḥm d qaɛ jjwayeh i d as dd yudsen marra iḥ,/Users/mac/masterAI/tarifit_asr_tfm/data/processed/segments/REC095/REC095_SEG0013_PART01.wav
REC095_SEG0013_PART02,REC095,SPK009,data/processed/segments/REC095/REC095_SEG0013_PART02.wav,12.52,enjiren zi tnayen n iseggʷusa swadday ɛlaḥsab rweqt i yiweḍ ad issen zeg imusnawen rexdenni ittwakemmer min ittwannan zeg unabi irmiya umi inna,/Users/mac/masterAI/tarifit_asr_tfm/data/processed/segments/REC095/REC095_SEG0013_PART02.wav
REC095_SEG0014,REC095,SPK009,data/processed/segments/REC095/REC095_SEG0014.wav,13.616,tmijja tettwaser di rama imeṭṭawen d tɣuyyit n wecḍan aṭṭas rahil tettru x iḥenjiren nnes war tettexs ad tettwaɛezza minzi nitni war qqimen ɛad,/Users/mac/masterAI/tarifit_asr_tfm/data/processed/segments/REC095/REC095_SEG0014.wav
REC095_SEG0015,REC095,SPK009,data/processed/segments/REC095/REC095_SEG0015.wav,2.672,adwar zi miṣra ɣar nasera,/Users/mac/masterAI/tarifit_asr_tfm/data/processed/segments/REC095/REC095_SEG0015.wav
REC095_SEG0016_PART01,REC095,SPK009,data/processed/segments/REC095/REC095_SEG0016_PART01.wav,13.356,rami immut hirudus iḍhar dd lmalak n sidi di tarjit i yusuf di miṣra inna kkar awi dd aḥenjir d yemmas uca ruḥ ɣar temmurt n israil,/Users/mac/masterAI/tarifit_asr_tfm/data/processed/segments/REC095/REC095_SEG0016_PART01.wav
REC095_SEG0016_PART02,REC095,SPK009,data/processed/segments/REC095/REC095_SEG0016_PART02.wav,13.356,minzi inni tuɣa yarezzun ad nɣen aḥenjir aqa mmuten rexdenni ikkar yiwi dd aḥenjir d yemmas uca yusa dd ɣar temmurt n israil maca arami isra belli,/Users/mac/masterAI/tarifit_asr_tfm/data/processed/segments/REC095/REC095_SEG0016_PART02.wav
REC095_SEG0017_PART01,REC095,SPK009,data/processed/segments/REC095/REC095_SEG0017_PART01.wav,12.46,arxilawus idwer d ajeǧid di yahudiyya deg wemcan n babas hirudus iggʷed ad iraḥ dinni xenni iweḥḥa as dd arebbi di tarjit maḥend ad iraḥ ɣar jjwayeh,/Users/mac/masterAI/tarifit_asr_tfm/data/processed/segments/REC095/REC095_SEG0017_PART01.wav
REC095_SEG0017_PART02,REC095,SPK009,data/processed/segments/REC095/REC095_SEG0017_PART02.wav,12.46,n ljalil rami dd yiweḍ izdeɣ di tendint qqaren as nnaṣira ḥima ad ittwakemmer min ittwannan zeg unabi i innan ad t semman nnaṣiri,/Users/mac/masterAI/tarifit_asr_tfm/data/processed/segments/REC095/REC095_SEG0017_PART02.wav
REC096_SEG0001,REC096,SPK009,data/processed/segments/REC096/REC096_SEG0001.wav,2.896,abarreḥ n yuḥanna amseɣḍaṣ,/Users/mac/masterAI/tarifit_asr_tfm/data/processed/segments/REC096/REC096_SEG0001.wav
REC096_SEG0002,REC096,SPK009,data/processed/segments/REC096/REC096_SEG0002.wav,16.976,deg wussan nni yusa dd yuḥanna amseɣḍaṣ tuɣa ittbarreḥ di rexra n yahudiyya inna tubem minzi tageldit n ijenwan aqa tudes dd minzi netta d wenni xef ittwannan zeg unabi icaɛya am inna,/Users/mac/masterAI/tarifit_asr_tfm/data/processed/segments/REC096/REC096_SEG0002.wav
REC096_SEG0003_PART01,REC096,SPK009,data/processed/segments/REC096/REC096_SEG0003_PART01.wav,10.92,tmijja i ittraɣan di rexra swejdem abrid n sidi seggem imesraq nnes yuḥanna wanita tuɣa yarreḍ arruḍ n ta,/Users/mac/masterAI/tarifit_asr_tfm/data/processed/segments/REC096/REC096_SEG0003_PART01.wav
REC096_SEG0003_PART02,REC096,SPK009,data/processed/segments/REC096/REC096_SEG0003_PART02.wav,10.92,ḍuft n ireɣman ibekkes ijj n webyas n yirem uca macca nnes tuɣa d iburexsen d tamment taḥurrect,/Users/mac/masterAI/tarifit_asr_tfm/data/processed/segments/REC096/REC096_SEG0003_PART02.wav
REC096_SEG0004_PART01,REC096,SPK009,data/processed/segments/REC096/REC096_SEG0004_PART01.wav,10.616,rexdenni teffeɣ dd ɣares urcalim d qaɛ yahudiyya d marra jjwayeh i d as dd innḍen i l urdun uca ttwassɣeḍṣen zzayes,/Users/mac/masterAI/tarifit_asr_tfm/data/processed/segments/REC096/REC096_SEG0004_PART01.wav
REC096_SEG0004_PART02,REC096,SPK009,data/processed/segments/REC096/REC096_SEG0004_PART02.wav,10.616,deg iɣzar n l urdun neɛmen s ddnub nsen rami iẓra aṭṭas n ifarisiyyen d iṣaduqiyyen ttasen dd maḥend ad ttwassɣeḍṣen inna asen,/Users/mac/masterAI/tarifit_asr_tfm/data/processed/segments/REC096/REC096_SEG0004_PART02.wav
REC096_SEG0005,REC096,SPK009,data/processed/segments/REC096/REC096_SEG0005.wav,15.248,a tarwa n ifiɣran wi d awem imren aqa tzemmarem ad tarewrem zeg weɣḍab i dd ɣa yasen ggem rɣiǧet i ɣa iriqqen i ttubet war ttɣirem ca ad tinim deg ixef nwem ibrahim d jedditneɣ,/Users/mac/masterAI/tarifit_asr_tfm/data/processed/segments/REC096/REC096_SEG0005.wav
REC096_SEG0006_PART01,REC096,SPK009,data/processed/segments/REC096/REC096_SEG0006_PART01.wav,14.024,minzi necc ad awem iniɣ belli arebbi izemmar ad issnekkar zeg iẓra ya tarwa i ibrahim xzar tacaqurt tettwassars ɣar iẓewran n tcejjura,/Users/mac/masterAI/tarifit_asr_tfm/data/processed/segments/REC096/REC096_SEG0006_PART01.wav
REC096_SEG0006_PART02,REC096,SPK009,data/processed/segments/REC096/REC096_SEG0006_PART02.wav,14.024,s uya kur tacejjart i war itticen rɣiǧet tecna ad tettwaqess uca ad tewḍa di tmessi necc ad kenniw ssɣeḍṣeɣ deg waman i ttubet maca wenni i dd ɣa yasen awarni ayi netta ijhed xafi,/Users/mac/masterAI/tarifit_asr_tfm/data/processed/segments/REC096/REC096_SEG0006_PART02.wav
REC096_SEG0007_PART01,REC096,SPK009,data/processed/segments/REC096/REC096_SEG0007_PART01.wav,11.752,necc war sdihiǧeɣ ad ksiɣ sandaliyat nnes aqa netta ad kenniw isseɣḍeṣ di arruḥ iqeddsen d tmessi tazzart nnes deg ufus nnes ad izzu,/Users/mac/masterAI/tarifit_asr_tfm/data/processed/segments/REC096/REC096_SEG0007_PART01.wav
REC096_SEG0007_PART02,REC096,SPK009,data/processed/segments/REC096/REC096_SEG0007_PART02.wav,11.752,zar andrar nnes qaɛ ad iyru irden ɣar remrasi nnes maca icarfa ad ten issecmeḍ s tmessi i war ixessyen,/Users/mac/masterAI/tarifit_asr_tfm/data/processed/segments/REC096/REC096_SEG0007_PART02.wav
REC096_SEG0008,REC096,SPK009,data/processed/segments/REC096/REC096_SEG0008.wav,5.232,aseɣḍeṣ n yasuɛ s waman sufus n yuḥanna amseɣḍas,/Users/mac/masterAI/tarifit_asr_tfm/data/processed/segments/REC096/REC096_SEG0008.wav
REC096_SEG0009,REC096,SPK009,data/processed/segments/REC096/REC096_SEG0009.wav,17.424,rexdenni yusa dd yasuɛ zi ljalil ɣar l urdun ɣar yuḥanna ḥima ad ittwaseɣḍeṣ zzayes maca yuḥanna yugi as inna necc ḥdajeɣ ad ttwassɣeḍṣeɣ zzayek ma aqa d cek i ɣari i dd ɣa yasen,/Users/mac/masterAI/tarifit_asr_tfm/data/processed/segments/REC096/REC096_SEG0009.wav
REC096_SEG0010,REC096,SPK009,data/processed/segments/REC096/REC096_SEG0010.wav,9.232,maca yasuɛ yarra dd inna as ewc rexxu ttesriḥ minzi ammu i d aneɣ ittriq ḥima ad nkemmer marra tasegda,/Users/mac/masterAI/tarifit_asr_tfm/data/processed/segments/REC096/REC096_SEG0010.wav
REC096_SEG0011_PART01,REC096,SPK009,data/processed/segments/REC096/REC096_SEG0011_PART01.wav,12.699,rexdenni isamḥ as awarni rami ittwasseɣḍeṣ yasuɛ yuri dd zeg waman deɣya u ttwarzmen as ijenwan uca iẓra arruḥ n are,/Users/mac/masterAI/tarifit_asr_tfm/data/processed/segments/REC096/REC096_SEG0011_PART01.wav
REC096_SEG0011_PART02,REC096,SPK009,data/processed/segments/REC096/REC096_SEG0011_PART02.wav,12.699,bbi ihwa dd am tadbirt tarsa xas xzar tusa dd ict n tmijja zeg ijenwan tenna d wa d mmi iɛizzen dayes ufiɣ arḍa inu xariṭa n temmurt n israil di rweqt n yeccu lmasiḥ mt,/Users/mac/masterAI/tarifit_asr_tfm/data/processed/segments/REC096/REC096_SEG0011_PART02.wav
REC097_SEG0001,REC097,SPK009,data/processed/segments/REC097/REC097_SEG0001.wav,3.472,ibris ittjarreb yasuɛ di rexra,/Users/mac/masterAI/tarifit_asr_tfm/data/processed/segments/REC097/REC097_SEG0001.wav
REC097_SEG0002_PART01,REC097,SPK009,data/processed/segments/REC097/REC097_SEG0002_PART01.wav,11.96,rexdenni ittwandeh yasuɛ ɣar rexra zi arruḥ iqeddsen ḥima ad ittwajarreb zeg ibris awarni rami tuɣa iẓumm arebɛin n wussan d arebɛin n ǧyari yusedd,/Users/mac/masterAI/tarifit_asr_tfm/data/processed/segments/REC097/REC097_SEG0002_PART01.wav
REC097_SEG0002_PART02,REC097,SPK009,data/processed/segments/REC097/REC097_SEG0002_PART02.wav,11.96,jjuɛ ɣar uneggar yusa dd ɣares umjarrab inna as mara cek d mmis n arebbi ini i iẓra ya ad dewren d aɣrum yarra dd xas inna aqa tura,/Users/mac/masterAI/tarifit_asr_tfm/data/processed/segments/REC097/REC097_SEG0002_PART02.wav
REC097_SEG0003,REC097,SPK009,data/processed/segments/REC097/REC097_SEG0003.wav,7.504,bnadem war iddar s weɣrum waha maca zi kur awar i dd ittekken zeg uqemmum n arebbi,/Users/mac/masterAI/tarifit_asr_tfm/data/processed/segments/REC097/REC097_SEG0003.wav
REC097_SEG0004_PART01,REC097,SPK009,data/processed/segments/REC097/REC097_SEG0004_PART01.wav,13.032,rexdenni yiwyi t ibris ɣar tendint iqeddsen uca isgeɛḍ i t ɣar ṭṭarf n tzeqqa n zzawect tameqqrant inna as mara cek d mmis n arebbi iwa nḍar ixef nnec,/Users/mac/masterAI/tarifit_asr_tfm/data/processed/segments/REC097/REC097_SEG0004_PART01.wav
REC097_SEG0004_PART02,REC097,SPK009,data/processed/segments/REC097/REC097_SEG0004_PART02.wav,13.032,ɣar wadday minzi aqa tura ad yumur lmalakat nnes xak ad cek ksint x ifassen nsent ḥima aḍar nnec war ineggeḥ ca aẓru,/Users/mac/masterAI/tarifit_asr_tfm/data/processed/segments/REC097/REC097_SEG0004_PART02.wav
REC097_SEG0005,REC097,SPK009,data/processed/segments/REC097/REC097_SEG0005.wav,16.624,yasuɛ inna as tura ɛawed war ttjarrab sidi arebbi nnec yiwyi t ɛawed ibris ɣar wedrar yuɛran aṭṭas isscen as marra tigeldiwin n ddunect d uɛuǧi nsent inna as,/Users/mac/masterAI/tarifit_asr_tfm/data/processed/segments/REC097/REC097_SEG0005.wav
REC097_SEG0006,REC097,SPK009,data/processed/segments/REC097/REC097_SEG0006.wav,18.0,ad ac wceɣ marra man aya mara tewḍid ayi ɣar iḍaren ad ayi tsejded inna as yasuɛ ruḥ a cciṭan minzi tura sidi arebbi nnec umi ɣa tsejded u i netta weḥḥdes umi ɣa tsexxared,/Users/mac/masterAI/tarifit_asr_tfm/data/processed/segments/REC097/REC097_SEG0006.wav
REC097_SEG0007,REC097,SPK009,data/processed/segments/REC097/REC097_SEG0007.wav,7.184,rexdenni ijja i t ibris u xzar lmalakat usint i dd tuɣa sexxarent as,/Users/mac/masterAI/tarifit_asr_tfm/data/processed/segments/REC097/REC097_SEG0007.wav
REC097_SEG0008,REC097,SPK009,data/processed/segments/REC097/REC097_SEG0008.wav,3.76,amezwaru n tsexxart n yasuɛ di ljalil,/Users/mac/masterAI/tarifit_asr_tfm/data/processed/segments/REC097/REC097_SEG0008.wav
REC097_SEG0009_PART01,REC097,SPK009,data/processed/segments/REC097/REC097_SEG0009_PART01.wav,11.24,rami isra yasuɛ belli yuḥanna tuɣa ittwasellem iruḥ ɣar ljalil ijja nnaṣira uca yusa dd ɣar kafarnaḥum tenni ɣar ṭṭarf n rebḥ,/Users/mac/masterAI/tarifit_asr_tfm/data/processed/segments/REC097/REC097_SEG0009_PART01.wav
REC097_SEG0009_PART02,REC097,SPK009,data/processed/segments/REC097/REC097_SEG0009_PART02.wav,11.24,ar di temmurt n zibulun d naftali uca izdeɣ din ḥima ad ittwakemmer min ittwannan zeg unabi icaɛya umi inna,/Users/mac/masterAI/tarifit_asr_tfm/data/processed/segments/REC097/REC097_SEG0009_PART02.wav
REC097_SEG0010,REC097,SPK009,data/processed/segments/REC097/REC097_SEG0010.wav,9.68,tammurt n zibulun d temmurt n naftali deg webrid n rebḥar ɣar ujemmaḍ n l urdun ljalil n regnus,/Users/mac/masterAI/tarifit_asr_tfm/data/processed/segments/REC097/REC097_SEG0010.wav
REC097_SEG0011_PART01,REC097,SPK009,data/processed/segments/REC097/REC097_SEG0011_PART01.wav,10.12,rgens i iqqimen di taǧest iẓra tafawt tameqqrant u x yinni izedɣen di temmurt d tiri n rmewt aqa tenqar dd,/Users/mac/masterAI/tarifit_asr_tfm/data/processed/segments/REC097/REC097_SEG0011_PART01.wav
REC097_SEG0011_PART02,REC097,SPK009,data/processed/segments/REC097/REC097_SEG0011_PART02.wav,10.12,xasen tfawt zi ssin ibda yasuɛ ittbarreḥ inna tubem minzi tageldit n ijenwan aqa tudes dd,/Users/mac/masterAI/tarifit_asr_tfm/data/processed/segments/REC097/REC097_SEG0011_PART02.wav
REC097_SEG0013,REC097,SPK009,data/processed/segments/REC097/REC097_SEG0013.wav,18.896,rami tuɣa netta iggur x tma n rebḥar n ljalil iẓra tnayen n wawmaten cimɛun umi qqaren buṭrus isem wanita ixs ad yini d aẓru d andrawus umas tuɣa neṭṭaren traccawin di rebḥar minzi nitni d ineymaren n iserman,/Users/mac/masterAI/tarifit_asr_tfm/data/processed/segments/REC097/REC097_SEG0013.wav
REC097_SEG0014,REC097,SPK009,data/processed/segments/REC097/REC097_SEG0014.wav,6.0,inna asen yasuɛ ḍfarem ayi dd ad kenniw arreɣ d ineymaren n iwdan,/Users/mac/masterAI/tarifit_asr_tfm/data/processed/segments/REC097/REC097_SEG0014.wav
REC097_SEG0015_PART01,REC097,SPK009,data/processed/segments/REC097/REC097_SEG0015_PART01.wav,14.152,ssarsen deɣya tiracciwin nsen ḍfaren t rami yeɛdu ssenni iẓra tnayen n wawmaten nneɣni yaɛqub mmis n zabdi d umas yuḥanna tuɣa aten,/Users/mac/masterAI/tarifit_asr_tfm/data/processed/segments/REC097/REC097_SEG0015_PART01.wav
REC097_SEG0015_PART02,REC097,SPK009,data/processed/segments/REC097/REC097_SEG0015_PART02.wav,14.152,ak d babatsen zabdi deg uɣarrabu ɛeddren tiracciwin nsen uca netta iraɣa xasen deɣya semḥen deg uɣarrabu u di babatsen ḍfaren t,/Users/mac/masterAI/tarifit_asr_tfm/data/processed/segments/REC097/REC097_SEG0015_PART02.wav
REC097_SEG0017_PART01,REC097,SPK009,data/processed/segments/REC097/REC097_SEG0017_PART01.wav,13.592,tuɣa ittenneḍ di temmurt n ljalil marra issermad di temzidawin nsen ittbarreḥ s rexbar aṣebḥan n tgeldit uca issgenfa kur rehrac d kur,/Users/mac/masterAI/tarifit_asr_tfm/data/processed/segments/REC097/REC097_SEG0017_PART01.wav
REC097_SEG0017_PART02,REC097,SPK009,data/processed/segments/REC097/REC097_SEG0017_PART02.wav,13.592,reɛyubat i iǧan di rgens iffeɣ rexbar xas di suriya marra uca iwyen dd ɣares marra imehrac inni ɣar iǧa ɛram kur rehrac d reḥriq,/Users/mac/masterAI/tarifit_asr_tfm/data/processed/segments/REC097/REC097_SEG0017_PART02.wav
REC097_SEG0018,REC097,SPK009,data/processed/segments/REC097/REC097_SEG0018.wav,19.073,maryaḥen d yinni ittbarkikkiḍen ura d ineɛḍaben uca issgenfa i ten ḍfaren t i dd aṭṭas n rɣaci zi ljalil zi dikapulis zi urcalim zi yahudiyya u zeg ujemmaḍ n l urdun,/Users/mac/masterAI/tarifit_asr_tfm/data/processed/segments/REC097/REC097_SEG0018.wav
REC098_SEG0001,REC098,SPK009,data/processed/segments/REC098/REC098_SEG0001.wav,3.664,abarreḥ d g wedrar awaren n lbaraka,/Users/mac/masterAI/tarifit_asr_tfm/data/processed/segments/REC098/REC098_SEG0001.wav
REC098_SEG0002,REC098,SPK009,data/processed/segments/REC098/REC098_SEG0002.wav,15.504,rami iẓra yasuɛ rɣaci yuri ɣar wedrar uca awarni rami din iqqim usin dd ɣares imeḥḍaren nnes uca yarzem aqemmum nnes issermed i ten inna sseɛd n yinni arruḥ nsen izreḍ,/Users/mac/masterAI/tarifit_asr_tfm/data/processed/segments/REC098/REC098_SEG0002.wav
REC098_SEG0003_PART01,REC098,SPK009,data/processed/segments/REC098/REC098_SEG0003_PART01.wav,10.824,minzi tageldit n ijenwan aqa tt i nitni sseɛd n yinni ittecḍinen minzi nitni ad ttwaɛezzan sseɛd n imwaḍɛen,/Users/mac/masterAI/tarifit_asr_tfm/data/processed/segments/REC098/REC098_SEG0003_PART01.wav
REC098_SEG0003_PART02,REC098,SPK009,data/processed/segments/REC098/REC098_SEG0003_PART02.wav,10.824,minzi nitni ad warten tammurt sseɛd n yinni ittraẓan d yinni ittfaden ɣar tsegda minzi nitni ad jjiwnen,/Users/mac/masterAI/tarifit_asr_tfm/data/processed/segments/REC098/REC098_SEG0003_PART02.wav
REC098_SEG0004,REC098,SPK009,data/processed/segments/REC098/REC098_SEG0004.wav,2.32,sseɛd n yinni yareḥḥmen,/Users/mac/masterAI/tarifit_asr_tfm/data/processed/segments/REC098/REC098_SEG0004.wav
REC098_SEG0005_PART01,REC098,SPK009,data/processed/segments/REC098/REC098_SEG0005_PART01.wav,13.56,minzi ad ɣarsen tiri arreḥmet sseɛd n yinni i ɣar iǧa ur izdig minzi nitni ad ẓaren arebbi sseɛd n yinni itteggen rehna,/Users/mac/masterAI/tarifit_asr_tfm/data/processed/segments/REC098/REC098_SEG0005_PART01.wav
REC098_SEG0005_PART02,REC098,SPK009,data/processed/segments/REC098/REC098_SEG0005_PART02.wav,13.56,minzi nitni ad ttwasemman arrawen n arebbi sseɛd n yinni inneḥṣaren x ssibbet n tsegda minzi tageldit n ijenwan ad ɣarsen tiri,/Users/mac/masterAI/tarifit_asr_tfm/data/processed/segments/REC098/REC098_SEG0005_PART02.wav
REC098_SEG0006_PART01,REC098,SPK009,data/processed/segments/REC098/REC098_SEG0006_PART01.wav,12.184,sseɛd i kenniw mara ttɛayaren u ttdarracen xawem uca ad xawem inin ɛram kur awaren iɛeffanen x ssibbet inu waxxa ssxarriqen farḥem,/Users/mac/masterAI/tarifit_asr_tfm/data/processed/segments/REC098/REC098_SEG0006_PART01.wav
REC098_SEG0006_PART02,REC098,SPK009,data/processed/segments/REC098/REC098_SEG0006_PART02.wav,12.184,sriwerwem minzi rmunet nwem d tameqqrant deg ijenwan minzi ammu i tuɣa ttdarracen inabiyyen inni qber nwem,/Users/mac/masterAI/tarifit_asr_tfm/data/processed/segments/REC098/REC098_SEG0006_PART02.wav
REC098_SEG0008,REC098,SPK009,data/processed/segments/REC098/REC098_SEG0008.wav,15.536,kenniw d tameǧaḥt n temmurt maca mara tameǧaḥt ixsar ureddi nnes mammec ɣa negg ad tt narr d tameǧaḥt war tneffeɛ ɛad i walu ḥaca ad temmenḍar ɣar barra ad xas ɛefsen iwdan,/Users/mac/masterAI/tarifit_asr_tfm/data/processed/segments/REC098/REC098_SEG0008.wav
REC098_SEG0009_PART01,REC098,SPK009,data/processed/segments/REC098/REC098_SEG0009_PART01.wav,13.656,kenniw d tafawt n ddunect tandint i ittwabnan x wedrar war tzemmar ad tennuffar war ssreqqin refnar uca ad t ssarsen sadu rmud maca ad t ssarsen x rmerfeɛ,/Users/mac/masterAI/tarifit_asr_tfm/data/processed/segments/REC098/REC098_SEG0009_PART01.wav
REC098_SEG0009_PART02,REC098,SPK009,data/processed/segments/REC098/REC098_SEG0009_PART02.wav,13.656,maḥend ad yarɣ i marra inni iǧan di taddart jjem tafawt nwem ad tarɣ i iwdan ḥima ad ẓaren rexdayem nwem icnan ad ssuɛran babatwem i iǧan deg ijenwan,/Users/mac/masterAI/tarifit_asr_tfm/data/processed/segments/REC098/REC098_SEG0009_PART02.wav
REC098_SEG0011,REC098,SPK009,data/processed/segments/REC098/REC098_SEG0011.wav,12.624,aqa ad awem ittɣir aqa usiɣ dd ḥima ad ssbeṭṭreɣ ccariɛa niɣ inabiyyen necc war dd usiɣ ca ḥima ad ssbeṭṭreɣ maca ḥima ad kemmreɣ,/Users/mac/masterAI/tarifit_asr_tfm/data/processed/segments/REC098/REC098_SEG0011.wav
REC098_SEG0012_PART01,REC098,SPK009,data/processed/segments/REC098/REC098_SEG0012_PART01.wav,11.768,s tidett necc ad awem iniɣ ar i ɣa iɛdu ujenna d temmurt war ibeṭṭer ura d ijjen rḥarf niɣ d taneqqiṭ zi ccariɛa ar ɣa yiri kurci,/Users/mac/masterAI/tarifit_asr_tfm/data/processed/segments/REC098/REC098_SEG0012_PART01.wav
REC098_SEG0012_PART02,REC098,SPK009,data/processed/segments/REC098/REC098_SEG0012_PART02.wav,11.768,s uya wenni i ɣa issbeṭṭren zi tweṣṣa ya icten waxxa d tameẓyant uca issermad iwdan ammu ad ittwasemma d ameẓyan di tgeldit n ijenwan,/Users/mac/masterAI/tarifit_asr_tfm/data/processed/segments/REC098/REC098_SEG0012_PART02.wav
REC098_SEG0013_PART01,REC098,SPK009,data/processed/segments/REC098/REC098_SEG0013_PART01.wav,10.536,maca wenni zzaysent iggin u issermad i tent netta ad ittwasemma d ameqqran di tgeldit n ijenwan minzi necc ad awem iniɣ mara,/Users/mac/masterAI/tarifit_asr_tfm/data/processed/segments/REC098/REC098_SEG0013_PART01.wav
REC098_SEG0013_PART02,REC098,SPK009,data/processed/segments/REC098/REC098_SEG0013_PART02.wav,10.536,tasegda nwem war tmeqqar ca x tenni n imsermaden n idlisen d tenni n ifarisiyyen s tidett war tettidfem ca ɣar tgeldit n ijenwan,/Users/mac/masterAI/tarifit_asr_tfm/data/processed/segments/REC098/REC098_SEG0013_PART02.wav
REC098_SEG0014,REC098,SPK009,data/processed/segments/REC098/REC098_SEG0014.wav,2.192,axyeq d wenɣay,/Users/mac/masterAI/tarifit_asr_tfm/data/processed/segments/REC098/REC098_SEG0014.wav
REC098_SEG0015_PART01,REC098,SPK009,data/processed/segments/REC098/REC098_SEG0015_PART01.wav,10.488,aqa tesrim belli ittwanna i rejdud war neqq u wenni ineqqen ad ittwaḥaseb maca necc ad awem iniɣ marra wenni,/Users/mac/masterAI/tarifit_asr_tfm/data/processed/segments/REC098/REC098_SEG0015_PART01.wav
REC098_SEG0015_PART02,REC098,SPK009,data/processed/segments/REC098/REC098_SEG0015_PART02.wav,10.488,ittxeyyaqen x umas bra ssibbet nhra ma ad xas ittwaḥakem u marra wenni iqqaren i umas ad xak ssusfeɣ,/Users/mac/masterAI/tarifit_asr_tfm/data/processed/segments/REC098/REC098_SEG0015_PART02.wav
REC098_SEG0016,REC098,SPK009,data/processed/segments/REC098/REC098_SEG0016.wav,11.888,axas ṭaḥkem lmeḥkama tameqqrant n wuḍayen u wenni iqqaren a abuhari ad ittwaḥakem ad yadef ɣar tmessi n jehennama,/Users/mac/masterAI/tarifit_asr_tfm/data/processed/segments/REC098/REC098_SEG0016.wav
REC098_SEG0017,REC098,SPK009,data/processed/segments/REC098/REC098_SEG0017.wav,19.984,mara tqeddmed tawhibt nnec x uɛalṭar min xef ssarsen tiɣarṣa d tewhibin uca dinni tɛeqred belli umac aqa t ca xak ejj tawhibt nnec din zzat i uɛalṭar ruḥ amezwaru tṣerḥed ak d umac xenni dwer dd uca ewc tawhibt nnec,/Users/mac/masterAI/tarifit_asr_tfm/data/processed/segments/REC098/REC098_SEG0017.wav
REC098_SEG0018_PART01,REC098,SPK009,data/processed/segments/REC098/REC098_SEG0018_PART01.wav,11.304,eg deɣya ṭaḍuklit ak d weɣrim nnec umi cek ɛad akides deg webrid ḥima aɣrim nnec war cek ittiwi ɣar rqaḍi xenni,/Users/mac/masterAI/tarifit_asr_tfm/data/processed/segments/REC098/REC098_SEG0018_PART01.wav
REC098_SEG0018_PART02,REC098,SPK009,data/processed/segments/REC098/REC098_SEG0018_PART02.wav,11.304,rqaḍi ad cek yawi ɣar umxazni uca ad temmenḍared di reḥbes s tidett necc ad ac iniɣ war dd teffɣed ssenni ar ɣa txeǧṣed aṣuldi aneggaru,/Users/mac/masterAI/tarifit_asr_tfm/data/processed/segments/REC098/REC098_SEG0018_PART02.wav
REC098_SEG0020_PART01,REC098,SPK009,data/processed/segments/REC098/REC098_SEG0020_PART01.wav,13.944,aqa tesrim belli ittwanna war zenni ca maca necc ad awem iniɣ marra wenni i ɣa ixzaren ɣar temɣart s nnecwet aqa izna deɣya akides deg wur nnes,/Users/mac/masterAI/tarifit_asr_tfm/data/processed/segments/REC098/REC098_SEG0020_PART01.wav
REC098_SEG0020_PART02,REC098,SPK009,data/processed/segments/REC098/REC098_SEG0020_PART02.wav,13.944,mara tessenqarḍ cek tiṭṭ nnec tafusect qess i tt nḍar i tt xak iḥra ac mara iweddar ijj n ṭṭarf n arrimet nnec x uweṭṭu n arrimet nnec marra di jehennama,/Users/mac/masterAI/tarifit_asr_tfm/data/processed/segments/REC098/REC098_SEG0020_PART02.wav
REC098_SEG0021,REC098,SPK009,data/processed/segments/REC098/REC098_SEG0021.wav,14.928,mara tessenqarḍ cek afus nnec afusi qess i t nḍar i t xak minzi iḥra ac mara iweddar ijj n ṭṭarf n arrimet nnec waha x uweṭṭu n arrimet nnec marra di jehennama,/Users/mac/masterAI/tarifit_asr_tfm/data/processed/segments/REC098/REC098_SEG0021.wav
REC098_SEG0022,REC098,SPK009,data/processed/segments/REC098/REC098_SEG0022.wav,1.072,aǧaf,/Users/mac/masterAI/tarifit_asr_tfm/data/processed/segments/REC098/REC098_SEG0022.wav
REC098_SEG0023_PART01,REC098,SPK009,data/processed/segments/REC098/REC098_SEG0023_PART01.wav,10.664,aqa ittwanna ɛawed wenni i ɣa iǧfen i temɣart nnes ad as iwc tabrat n waǧaf maca necc ad awem iniɣ marra wenni i ɣa iǧfen,/Users/mac/masterAI/tarifit_asr_tfm/data/processed/segments/REC098/REC098_SEG0023_PART01.wav
REC098_SEG0023_PART02,REC098,SPK009,data/processed/segments/REC098/REC098_SEG0023_PART02.wav,10.664,i temɣart nnes war iǧi zi ssibbet n farq ccɣer ittarra i tt ad tezna uca wenni i ɣa imercen tenni umi iǧfen aqa netta izna,/Users/mac/masterAI/tarifit_asr_tfm/data/processed/segments/REC098/REC098_SEG0023_PART02.wav
REC098_SEG0025,REC098,SPK009,data/processed/segments/REC098/REC098_SEG0025.wav,19.248,aqa tesrim ɛawed belli ittwanna i rejdud war tejjaǧid ẓur maca egg min tejjuǧed i sidi maca necc ad awem iniɣ war tejjaǧam ɛemmarṣ ura ɣar ujenna minzi netta d rɛarc n arebbi,/Users/mac/masterAI/tarifit_asr_tfm/data/processed/segments/REC098/REC098_SEG0025.wav
REC098_SEG0026,REC098,SPK009,data/processed/segments/REC098/REC098_SEG0026.wav,5.392,ura ɣar temmurt minzi nettat d tanebdat sadu iḍaren nnes,/Users/mac/masterAI/tarifit_asr_tfm/data/processed/segments/REC098/REC098_SEG0026.wav
REC098_SEG0027_PART01,REC098,SPK009,data/processed/segments/REC098/REC098_SEG0027_PART01.wav,12.888,ura ɣar tendint n urcalim minzi nettat d tandint n ujeǧid d ameqqran war tejjaǧam ura ɣar uzeǧif nnec minzi war tzemmared ad tarred ura d ijj n uẓeṭṭu,/Users/mac/masterAI/tarifit_asr_tfm/data/processed/segments/REC098/REC098_SEG0027_PART01.wav
REC098_SEG0027_PART02,REC098,SPK009,data/processed/segments/REC098/REC098_SEG0027_PART02.wav,12.888,n ucuwwaf d acemrar niɣ d abarcan ad iqqim wawar nwem wah d wah lla d lla mana ktar zi man aya aqa netta zeg umɛeffan,/Users/mac/masterAI/tarifit_asr_tfm/data/processed/segments/REC098/REC098_SEG0027_PART02.wav
REC098_SEG0029,REC098,SPK009,data/processed/segments/REC098/REC098_SEG0029.wav,5.872,aqa tesrim belli ittwanna tiṭṭ s tiṭṭ d tiɣmest s teɣmest,/Users/mac/masterAI/tarifit_asr_tfm/data/processed/segments/REC098/REC098_SEG0029.wav
REC098_SEG0030_PART01,REC098,SPK009,data/processed/segments/REC098/REC098_SEG0030_PART01.wav,14.664,maca necc ad awem iniɣ war tettemɛaram ca ak d ijj n uɛeffan maca wenni i ɣa isseqqren ameggiz nnec afusi serqa yas ura d wnneɣni mara din ḥed ixs ad kik igg ccreɛ,/Users/mac/masterAI/tarifit_asr_tfm/data/processed/segments/REC098/REC098_SEG0030_PART01.wav
REC098_SEG0030_PART02,REC098,SPK009,data/processed/segments/REC098/REC098_SEG0030_PART02.wav,14.664,uca netta ad xak ikkes tcamir nnec ejj i t ad iksi ura d ajeǧab wenni xak iggin bezzez ḥima ad kides tuyured ijj n kilumitr uyur akides tnayen,/Users/mac/masterAI/tarifit_asr_tfm/data/processed/segments/REC098/REC098_SEG0030_PART02.wav
REC098_SEG0031,REC098,SPK009,data/processed/segments/REC098/REC098_SEG0031.wav,6.8,man wen d ac i ɣa ittaren ca n rḥajjet ewc as tt u wenni yarezzun ad xak yarḍer war d t ttarra amenni,/Users/mac/masterAI/tarifit_asr_tfm/data/processed/segments/REC098/REC098_SEG0031.wav
REC098_SEG0033_PART01,REC098,SPK009,data/processed/segments/REC098/REC098_SEG0033_PART01.wav,11.64,aqa tesrim belli ittwanna ad texsed jjar nnec ad tcarhed reɛdu nnec maca necc ad awem iniɣ xsem rɛedyan nwem u barkem inni kenniw ineɛɛren,/Users/mac/masterAI/tarifit_asr_tfm/data/processed/segments/REC098/REC098_SEG0033_PART01.wav
REC098_SEG0033_PART02,REC098,SPK009,data/processed/segments/REC098/REC098_SEG0033_PART02.wav,11.64,ggem tcuni i yinni kenniw icarrhen ẓaǧem i yinni kenniw ittawyen d imeḥbas d yinni xawem ittdarracen ḥima ad tirim d tarwa n babatwem i iǧan deg ijenwan,/Users/mac/masterAI/tarifit_asr_tfm/data/processed/segments/REC098/REC098_SEG0033_PART02.wav
REC098_SEG0034_PART01,REC098,SPK009,data/processed/segments/REC098/REC098_SEG0034_PART01.wav,13.78,minzi netta issneqqar tafuct nnes x iɛeffanen d iṣebḥanen uca netta yarexxu dd i wenẓar ḥima ad iwwet x imseggaden u x yinni war iseggden minzi mara texsem,/Users/mac/masterAI/tarifit_asr_tfm/data/processed/segments/REC098/REC098_SEG0034_PART01.wav
REC098_SEG0034_PART02,REC098,SPK009,data/processed/segments/REC098/REC098_SEG0034_PART02.wav,13.78,inni kenniw ittexsen man arbeḥ i ɣarwem ma war tteggen ayt n ḍḍariba ura ammu mara tseǧmem x wawmaten nwem waha min i tetteggem ktar x wenneɣni ma war tteggen ayt n ḍḍariba ura ammu,/Users/mac/masterAI/tarifit_asr_tfm/data/processed/segments/REC098/REC098_SEG0034_PART02.wav
REC098_SEG0035,REC098,SPK009,data/processed/segments/REC098/REC098_SEG0035.wav,5.494,irim nican qaɛ am mammec ura d babatwem i iǧan deg ijenwan,/Users/mac/masterAI/tarifit_asr_tfm/data/processed/segments/REC098/REC098_SEG0035.wav
REC099_SEG0002_PART01,REC099,SPK009,data/processed/segments/REC099/REC099_SEG0002_PART01.wav,14.476,ḥḍam war tṣeddaqem zzat i iwdan ḥima ad kenniw ẓaren mara amya war ɣarwem ittiri bu rajar zi babatwem i iǧan deg ijenwan mara tṣeddqed war tt ttegg di rbu,/Users/mac/masterAI/tarifit_asr_tfm/data/processed/segments/REC099/REC099_SEG0002_PART01.wav
REC099_SEG0002_PART02,REC099,SPK009,data/processed/segments/REC099/REC099_SEG0002_PART02.wav,14.476,uq am mammec t tteggen imnafqen di temzidawin u di zznaqi ḥima ad ten cennɛen iwdan s tidett necc ad awem iniɣ nitni aqa ufin rajar nsen zi beɛda maca cek,/Users/mac/masterAI/tarifit_asr_tfm/data/processed/segments/REC099/REC099_SEG0002_PART02.wav
REC099_SEG0003,REC099,SPK009,data/processed/segments/REC099/REC099_SEG0003.wav,16.344,xmi ɣa tṣeddqed ittxeṣṣa afus nnec azermaḍ war issin min ittegg ufusi nnec ḥima ṣṣedqet nnec ad tiri s tnuffra uca babac wenni ittwaran di tnuffra ad cek ixeǧeṣ s bṭayṭay,/Users/mac/masterAI/tarifit_asr_tfm/data/processed/segments/REC099/REC099_SEG0003.wav
REC099_SEG0004,REC099,SPK009,data/processed/segments/REC099/REC099_SEG0004.wav,1.104,tazaǧit,/Users/mac/masterAI/tarifit_asr_tfm/data/processed/segments/REC099/REC099_SEG0004.wav
REC099_SEG0005_PART01,REC099,SPK009,data/processed/segments/REC099/REC099_SEG0005_PART01.wav,10.248,mara teẓẓuǧed war ttiri ca am yimnafqen inni umi iɛjeb asen rḥar ad ẓẓaǧen am bedden di temzidawin d tɣemmu,/Users/mac/masterAI/tarifit_asr_tfm/data/processed/segments/REC099/REC099_SEG0005_PART01.wav
REC099_SEG0005_PART02,REC099,SPK009,data/processed/segments/REC099/REC099_SEG0005_PART02.wav,10.248,ra n zznaqi ḥima ad ten ẓaren iwdan s tidett necc ad awem iniɣ aqa nitni ufin rajar nsen zi beɛda maca cek,/Users/mac/masterAI/tarifit_asr_tfm/data/processed/segments/REC099/REC099_SEG0005_PART02.wav
REC099_SEG0006_PART01,REC099,SPK009,data/processed/segments/REC099/REC099_SEG0006_PART01.wav,13.704,mara teẓẓuǧed adef ɣar wexxam nnec belleɛ tawwart ẓẓaǧ i babac wenni iǧan di tnuffra uca babac i ittwaran di tnuffra d netta i cek i ɣa ixeǧṣen s,/Users/mac/masterAI/tarifit_asr_tfm/data/processed/segments/REC099/REC099_SEG0006_PART01.wav
REC099_SEG0006_PART02,REC099,SPK009,data/processed/segments/REC099/REC099_SEG0006_PART02.wav,13.704,bṭayṭay mara teẓẓuǧem war ttɛawadem i wawar am mammec ttẓaǧan lkuffar minzi ittɣir asen s wawaren nsen aṭṭas ad asen ittwaser,/Users/mac/masterAI/tarifit_asr_tfm/data/processed/segments/REC099/REC099_SEG0006_PART02.wav
REC099_SEG0007_PART01,REC099,SPK009,data/processed/segments/REC099/REC099_SEG0007_PART01.wav,12.12,war ttirim xenni am nitni minzi babatwem issen min teḥdajem qber d as i ɣa tettarem ca ammu i ɣa teẓẓaǧem kenniw a babatneɣ i iǧan deg ijenwan,/Users/mac/masterAI/tarifit_asr_tfm/data/processed/segments/REC099/REC099_SEG0007_PART01.wav
REC099_SEG0007_PART02,REC099,SPK009,data/processed/segments/REC099/REC099_SEG0007_PART02.wav,12.12,isem nnec ad yiri ittwaqeddes ejj ad dd tas tgeldit nnec ad yiri rxaḍar nnec am deg ujenna ammu ɛawed di temmurt ewc aneɣ ass a aɣrum n kur ass,/Users/mac/masterAI/tarifit_asr_tfm/data/processed/segments/REC099/REC099_SEG0007_PART02.wav
REC099_SEG0008,REC099,SPK009,data/processed/segments/REC099/REC099_SEG0008.wav,17.712,ɣfar aneɣ imarwusa nneɣ am mammec nsameḥ ɛawed i yinni dd aneɣ ittursen u war d aneɣ sidif ca deg ujarreb maca fekk aneɣ zeg umɛeffan minzi tageldit d jjehd d uɛuǧi ad irin i cek i rebda qaɛ amin,/Users/mac/masterAI/tarifit_asr_tfm/data/processed/segments/REC099/REC099_SEG0008.wav
REC099_SEG0009_PART01,REC099,SPK009,data/processed/segments/REC099/REC099_SEG0009_PART01.wav,10.152,maɣar mara kenniw tsamḥem i iwdan i iɛeddiyen nsen ura d babatwem i iǧan deg ijenwan ad awem iɣfar,/Users/mac/masterAI/tarifit_asr_tfm/data/processed/segments/REC099/REC099_SEG0009_PART01.wav
REC099_SEG0009_PART02,REC099,SPK009,data/processed/segments/REC099/REC099_SEG0009_PART02.wav,10.152,maca mara kenniw war tettsimiḥem i iwdan aqa ura d babatwem war iɣeffar ca iɛeddiyen nwem,/Users/mac/masterAI/tarifit_asr_tfm/data/processed/segments/REC099/REC099_SEG0009_PART02.wav
REC099_SEG0010,REC099,SPK009,data/processed/segments/REC099/REC099_SEG0010.wav,18.864,azummi mara tẓummem war tteggem aɣembub abarcan am yimnafqen inni issneqraben aɣembub nsen ḥima ad ten ẓaren iwdan belli aqa ẓummen s tidett necc ad awem iniɣ aqa nitni ufin rajar nsen zi beɛda,/Users/mac/masterAI/tarifit_asr_tfm/data/processed/segments/REC099/REC099_SEG0010.wav
REC099_SEG0011,REC099,SPK009,data/processed/segments/REC099/REC099_SEG0011.wav,18.768,maca cek mara tẓummed dhen azeǧif nnec uca sired aɣembub nnec ḥima war tbinid ca i iwdan belli tettẓummed maca i babac wenni iǧan di tnuffra uca babac i ittwaran di tnuffra aqa netta i cek i ɣa ixeǧṣen,/Users/mac/masterAI/tarifit_asr_tfm/data/processed/segments/REC099/REC099_SEG0011.wav
REC099_SEG0012,REC099,SPK009,data/processed/segments/REC099/REC099_SEG0012.wav,2.0,reknuz d gjunna,/Users/mac/masterAI/tarifit_asr_tfm/data/processed/segments/REC099/REC099_SEG0012.wav
REC099_SEG0013,REC099,SPK009,data/processed/segments/REC099/REC099_SEG0013.wav,6.384,war smunam ca reknuz da di ddunect mani i ten ɣa tecc tcinda d ddra,/Users/mac/masterAI/tarifit_asr_tfm/data/processed/segments/REC099/REC099_SEG0013.wav
REC099_SEG0014_PART01,REC099,SPK009,data/processed/segments/REC099/REC099_SEG0014_PART01.wav,11.64,u mani ɣa ssnuqqben ixewwanen ad ten acaren maca smunem i yixef nwem reknuz deg ujenna mani war ten tettett ca tcinda,/Users/mac/masterAI/tarifit_asr_tfm/data/processed/segments/REC099/REC099_SEG0014_PART01.wav
REC099_SEG0014_PART02,REC099,SPK009,data/processed/segments/REC099/REC099_SEG0014_PART02.wav,11.64,d ddra u mani war ssnuqquben ixewwanen war ten ttacaren minzi mani ɣa yiri rkenz nnec aqa ad din yiri ura d ur nnec,/Users/mac/masterAI/tarifit_asr_tfm/data/processed/segments/REC099/REC099_SEG0014_PART02.wav
REC099_SEG0015,REC099,SPK009,data/processed/segments/REC099/REC099_SEG0015.wav,1.872,refnar n arrimet,/Users/mac/masterAI/tarifit_asr_tfm/data/processed/segments/REC099/REC099_SEG0015.wav
REC099_SEG0016,REC099,SPK009,data/processed/segments/REC099/REC099_SEG0016.wav,8.56,refnar n arrimet netta d tiṭṭ mara xenni tiṭṭ nnec aqa teṣfa ad tiri arrimet nnec marra d tafawt,/Users/mac/masterAI/tarifit_asr_tfm/data/processed/segments/REC099/REC099_SEG0016.wav
REC099_SEG0017,REC099,SPK009,data/processed/segments/REC099/REC099_SEG0017.wav,6.288,mara tiṭṭ nnec d taɛeffant xenni ad tiri arrimet nnec marra d taǧest,/Users/mac/masterAI/tarifit_asr_tfm/data/processed/segments/REC099/REC099_SEG0017.wav
REC099_SEG0018_PART01,REC099,SPK009,data/processed/segments/REC099/REC099_SEG0018_PART01.wav,10.232,mara tafawt tenni dayek d taǧest mecḥar temɣar taǧest ura d ijj war izemmar ad ixdem i tnayen n isiditen minzi xenni,/Users/mac/masterAI/tarifit_asr_tfm/data/processed/segments/REC099/REC099_SEG0018_PART01.wav
REC099_SEG0018_PART02,REC099,SPK009,data/processed/segments/REC099/REC099_SEG0018_PART02.wav,10.232,netta ad icarh ijjen ad ixs wenneɣni niɣ ad iweqqar ijjen ad isseḥqar wenneɣni kenniw war tzemmarem ad tsexxarem i arebbi d tenɛacin,/Users/mac/masterAI/tarifit_asr_tfm/data/processed/segments/REC099/REC099_SEG0018_PART02.wav
REC099_SEG0019,REC099,SPK009,data/processed/segments/REC099/REC099_SEG0019.wav,1.168,imunas,/Users/mac/masterAI/tarifit_asr_tfm/data/processed/segments/REC099/REC099_SEG0019.wav
REC099_SEG0020,REC099,SPK009,data/processed/segments/REC099/REC099_SEG0020.wav,10.84,s uyani necc ad awem iniɣ war kessim amnus di tudart nwem min ɣa teccem niɣ min ɣa teswem ura i arrimet nwem mammec tt i ɣa tessyarḍem,/Users/mac/masterAI/tarifit_asr_tfm/data/processed/segments/REC099/REC099_SEG0020.wav
REC099_SEG0021_PART01,REC099,SPK009,data/processed/segments/REC099/REC099_SEG0021_PART01.wav,12.952,ma war teḥri tudart x macca niɣ arrimet x warruḍ xzarem ɣar ijḍaḍ n ujenna aqa nitni war zarrɛen war mejjaren uca war ttxemmiren di remrasi waxxa amenni,/Users/mac/masterAI/tarifit_asr_tfm/data/processed/segments/REC099/REC099_SEG0021_PART01.wav
REC099_SEG0021_PART02,REC099,SPK009,data/processed/segments/REC099/REC099_SEG0021_PART02.wav,12.952,babatwem i iǧan deg ijenwan i ten isseccan xzarem ma kenniw war tessekkwim ca ktar aṭṭas xasen man wen zzaywem izemmar s wemnus nnes ad yarni mɣir ijj n uɣir di tuzzeggart nnes,/Users/mac/masterAI/tarifit_asr_tfm/data/processed/segments/REC099/REC099_SEG0021_PART02.wav
REC099_SEG0022,REC099,SPK009,data/processed/segments/REC099/REC099_SEG0022.wav,8.744,u mayemmi tkessim amnus i warruḍ xzarem mammec ɣemmyent tlillicin deg iyyar nitenti war xeddment war ttqarḍcent,/Users/mac/masterAI/tarifit_asr_tfm/data/processed/segments/REC099/REC099_SEG0022.wav
REC099_SEG0023_PART01,REC099,SPK009,data/processed/segments/REC099/REC099_SEG0023_PART01.wav,10.644,maca necc ad awem iniɣ ura d suliman di marra aɛuǧi nnes war yarḍ ca am yijjen zzaysen mara arebbi issyarḍ ammu arbiɛ n iyyar i i,/Users/mac/masterAI/tarifit_asr_tfm/data/processed/segments/REC099/REC099_SEG0023_PART01.wav
REC099_SEG0023_PART02,REC099,SPK009,data/processed/segments/REC099/REC099_SEG0023_PART02.wav,10.644,ǧan ass a uca tiwecca ad immenḍar di tefqunt ma xenni war kenniw issyirreḍ aṭṭas ḥsen zzayes a kenniw i di iǧa drus n l iman,/Users/mac/masterAI/tarifit_asr_tfm/data/processed/segments/REC099/REC099_SEG0023_PART02.wav
REC099_SEG0024_PART01,REC099,SPK009,data/processed/segments/REC099/REC099_SEG0024_PART01.wav,11.136,s uyani war kessim ca amnus war qqarem min ɣa necc u min ɣa nsu niɣ min ɣa nyarḍ maɣar regnus n ddunect arezzun man aya marra maca babatwem i iǧan deg ijenwan,/Users/mac/masterAI/tarifit_asr_tfm/data/processed/segments/REC099/REC099_SEG0024_PART01.wav
REC099_SEG0024_PART02,REC099,SPK009,data/processed/segments/REC099/REC099_SEG0024_PART02.wav,11.136,issen blli teḥdajem man aya marra arzum amezwaru x tgeldit n arebbi d tsegda nnes uca man aya marra ad ɣarwem immarni ɛawed,/Users/mac/masterAI/tarifit_asr_tfm/data/processed/segments/REC099/REC099_SEG0024_PART02.wav
REC099_SEG0025,REC099,SPK009,data/processed/segments/REC099/REC099_SEG0025.wav,8.968,xni war kessim amnus i min i ɣa yiri tiwecca minzi tiwecca ad teksi amnus i yixef nnes icfa i kur ass tuɛeffna nnes,/Users/mac/masterAI/tarifit_asr_tfm/data/processed/segments/REC099/REC099_SEG0025.wav
REC100_SEG0002,REC100,SPK009,data/processed/segments/REC100/REC100_SEG0002.wav,7.568,war ḥekkmem ḥima war tettwaḥakamem minzi ɛlaḥsab rḥukm i zi ɣa tḥekmem ad tettwaḥakmem,/Users/mac/masterAI/tarifit_asr_tfm/data/processed/segments/REC100/REC100_SEG0002.wav
REC100_SEG0003_PART01,REC100,SPK009,data/processed/segments/REC100/REC100_SEG0003_PART01.wav,11.076,u ɛlaḥsab reɛbar i zi ɣa teɛbarem ad tettwaɛbarem ɛawed mayemmi txezzared ɣar uxecciw di tiṭṭ n umac maca war tḥekkared ca i teḥnact ten,/Users/mac/masterAI/tarifit_asr_tfm/data/processed/segments/REC100/REC100_SEG0003_PART01.wav
REC100_SEG0003_PART02,REC100,SPK009,data/processed/segments/REC100/REC100_SEG0003_PART02.wav,11.076,ni di tiṭṭ nnec xenni mammec ɣa tegged ad tinid i umac ejj ayi ad ac dd ssuffɣeɣ axecciw zi tiṭṭ nnec uca xzar aqa cek ɣarek taḥnact di tiṭṭ nnec,/Users/mac/masterAI/tarifit_asr_tfm/data/processed/segments/REC100/REC100_SEG0003_PART02.wav
REC100_SEG0004_PART01,REC100,SPK009,data/processed/segments/REC100/REC100_SEG0004_PART01.wav,11.38,cek a amnafeq suffeɣ dd amezwaru taḥnact zi tiṭṭ nnec xenni tzemmared ad texzared mliḥ ḥima ad tessuffɣed axecciw zi tiṭṭ n umac war tticem min iqedd,/Users/mac/masterAI/tarifit_asr_tfm/data/processed/segments/REC100/REC100_SEG0004_PART01.wav
REC100_SEG0004_PART02,REC100,SPK009,data/processed/segments/REC100/REC100_SEG0004_PART02.wav,11.38,sen i yiṭan war neṭṭarem ca tiyaqutin nwem i irfan ḥima war xasent ɛeffsen s iḍaren nsen uca ad ɣarwem dd nqerben ad kenniw mezzqen,/Users/mac/masterAI/tarifit_asr_tfm/data/processed/segments/REC100/REC100_SEG0004_PART02.wav
REC100_SEG0005,REC100,SPK009,data/processed/segments/REC100/REC100_SEG0005.wav,1.904,acejjeɛ i tẓaǧit,/Users/mac/masterAI/tarifit_asr_tfm/data/processed/segments/REC100/REC100_SEG0005.wav
REC100_SEG0006_PART01,REC100,SPK009,data/processed/segments/REC100/REC100_SEG0006_PART01.wav,12.264,ttarem ad awem immewc arzum ad tafem sqarqbem ad awem ittwarzem maɣar marra wenni i ɣa ittaren ad iṭṭef u wenni i ɣa yarzun ad yaf u,/Users/mac/masterAI/tarifit_asr_tfm/data/processed/segments/REC100/REC100_SEG0006_PART01.wav
REC100_SEG0006_PART02,REC100,SPK009,data/processed/segments/REC100/REC100_SEG0006_PART02.wav,12.264,wenni i ɣa issqarqben ad as ittwarzem niɣ man bnadem jar awem mara mmis ittar as aɣrum ad as iwc aẓru niɣ mara ittar as tasremt ad as iwc afiɣar,/Users/mac/masterAI/tarifit_asr_tfm/data/processed/segments/REC100/REC100_SEG0006_PART02.wav
REC100_SEG0007_PART01,REC100,SPK009,data/processed/segments/REC100/REC100_SEG0007_PART01.wav,11.672,mara kenniw waxxa kenniw d iɛeffanen aqa tessnem mammec ɣa tewcem min iṣebḥen i tarwa nwem mecḥar ɛad babatwem i iǧan deg ijenwan ad yewc min iṣebḥen i yinni,/Users/mac/masterAI/tarifit_asr_tfm/data/processed/segments/REC100/REC100_SEG0007_PART01.wav
REC100_SEG0007_PART02,REC100,SPK009,data/processed/segments/REC100/REC100_SEG0007_PART02.wav,11.672,d as i ɣa ittaren qaɛ am mammec texsem ad awem ggen iwdan ggem amya kenniw i nitni minzi man aya d ccariɛa d inabiyyen,/Users/mac/masterAI/tarifit_asr_tfm/data/processed/segments/REC100/REC100_SEG0007_PART02.wav
REC100_SEG0008,REC100,SPK009,data/processed/segments/REC100/REC100_SEG0008.wav,1.296,tnayn ibriḍen,/Users/mac/masterAI/tarifit_asr_tfm/data/processed/segments/REC100/REC100_SEG0008.wav
REC100_SEG0009,REC100,SPK009,data/processed/segments/REC100/REC100_SEG0009.wav,17.904,adfem zi tewwart iḥṣaren minzi tawwart temɣar ura d abrid i ittawyen ɣar uhellek d miriw uca aṭṭas i zzayes ittadfen mammec teḥṣar tewwart u mammec imẓi webrid i ittawyen ɣar tudart mɣir drus n yinni t ittafen,/Users/mac/masterAI/tarifit_asr_tfm/data/processed/segments/REC100/REC100_SEG0009.wav
REC100_SEG0011,REC100,SPK009,data/processed/segments/REC100/REC100_SEG0011.wav,11.152,ḥḍam ixef nwem zeg inabiyyen issxarriqen i dd ittasen ɣarwem s thiḍurt n izmaren maca deg iɛeddisen nsen aqa nitni d uccanen itteṭṭfen,/Users/mac/masterAI/tarifit_asr_tfm/data/processed/segments/REC100/REC100_SEG0011.wav
REC100_SEG0012_PART01,REC100,SPK009,data/processed/segments/REC100/REC100_SEG0012_PART01.wav,11.576,zi rɣiǧet nsen ad ten tessnem ma ad reqḍen aḍir zeg isennanen niɣ tazart zi tzeggʷart ammu kur tacejjart taṣebḥant,/Users/mac/masterAI/tarifit_asr_tfm/data/processed/segments/REC100/REC100_SEG0012_PART01.wav
REC100_SEG0012_PART02,REC100,SPK009,data/processed/segments/REC100/REC100_SEG0012_PART02.wav,11.576,tettawi dd rɣiǧet teṣbeḥ uca tacejjart taɛeffant tettawi dd rɣiǧet taɛeffant tacejjart taṣebḥant war tzemmar ad tewc rɣiǧet taɛeffant,/Users/mac/masterAI/tarifit_asr_tfm/data/processed/segments/REC100/REC100_SEG0012_PART02.wav
REC100_SEG0013,REC100,SPK009,data/processed/segments/REC100/REC100_SEG0013.wav,15.92,uca tacejjart taɛeffant war tzemmar ad tewc rɣiǧet taṣebḥant kur tacejjart tenni war itticen rɣiǧet teṣbeḥ ad tettwaqess uca ad temmenḍar di tmessi s uyenni ad ten tessnem zi rɣiǧet nsen,/Users/mac/masterAI/tarifit_asr_tfm/data/processed/segments/REC100/REC100_SEG0013.wav
REC100_SEG0015,REC100,SPK009,data/processed/segments/REC100/REC100_SEG0015.wav,12.144,war iǧi ca kur ijjen wenni d ayi ɣa inin a sidi a sidi ad yadef ɣar tgeldit n ijenwan maca d wenni itteggen min ixs baba i iǧan deg ijenwan,/Users/mac/masterAI/tarifit_asr_tfm/data/processed/segments/REC100/REC100_SEG0015.wav
REC100_SEG0016_PART01,REC100,SPK009,data/processed/segments/REC100/REC100_SEG0016_PART01.wav,10.984,aṭṭas i d ayi ɣa inin deg wass nni a sidi a sidi ma war nettnabb ca s yisem nnec ma war nuẓẓir x ccwaṭen s yisem nnec u s yisem nnec,/Users/mac/masterAI/tarifit_asr_tfm/data/processed/segments/REC100/REC100_SEG0016_PART01.wav
REC100_SEG0016_PART02,REC100,SPK009,data/processed/segments/REC100/REC100_SEG0016_PART02.wav,10.984,ma war neggi aṭṭas n reɛjayeb xenni necc ad asen iniɣ nican ɛemmarṣ war kenniw ssineɣ beɛɛdem xafi a kenniw inni itteggen min iǧan daɛffan,/Users/mac/masterAI/tarifit_asr_tfm/data/processed/segments/REC100/REC100_SEG0016_PART02.wav
REC100_SEG0018,REC100,SPK009,data/processed/segments/REC100/REC100_SEG0018.wav,18.0,marra wenni ittesran i wawaren inu ittegg zzaysen ad ittwamqudda ak d ijj n bnadem d amiɣis wenni ibnan taddart nnes x sseǧaḥ xenni iwta wenẓar ḥemren dd iɣezran suḍen dd isemmiḍen uca reqfen taddart nni,/Users/mac/masterAI/tarifit_asr_tfm/data/processed/segments/REC100/REC100_SEG0018.wav
REC100_SEG0019,REC100,SPK009,data/processed/segments/REC100/REC100_SEG0019.wav,14.352,waxxa amenni war dd tewḍi ca minzi dsas nnes immars x sseǧaḥ maca marra wenni ittesran i wawaren inu war zzaysen ittegg ad yiri am yijj n bnadem d afɣur,/Users/mac/masterAI/tarifit_asr_tfm/data/processed/segments/REC100/REC100_SEG0019.wav
REC100_SEG0020,REC100,SPK009,data/processed/segments/REC100/REC100_SEG0020.wav,19.504,i ibna taddart nnes x ijdi xenni iwta wenẓar ḥemren dd iɣezran suḍen dd isemmiḍen reqfen taddart nni uca tewḍa tuɣa aweṭṭu nnes d ameqqran awarni rami ikemmer yasuɛ awaren a aqa imsar belli rɣaci iqqim ittebhet s tɣuri nnes,/Users/mac/masterAI/tarifit_asr_tfm/data/processed/segments/REC100/REC100_SEG0020.wav
REC100_SEG0021,REC100,SPK009,data/processed/segments/REC100/REC100_SEG0021.wav,10.202,minzi tuɣa issermad i ten amecnaw wenni ɣar teǧa ṣṣulṭa war iǧi ca am yimsermaden n idlisen d ifarisiyyen,/Users/mac/masterAI/tarifit_asr_tfm/data/processed/segments/REC100/REC100_SEG0021.wav
REC101_SEG0001,REC101,SPK009,data/processed/segments/REC101/REC101_SEG0001.wav,2.352,asgenfi n ijj n bu rbarṣ,/Users/mac/masterAI/tarifit_asr_tfm/data/processed/segments/REC101/REC101_SEG0001.wav
REC101_SEG0002,REC101,SPK009,data/processed/segments/REC101/REC101_SEG0002.wav,14.224,rami dd ihwa zeg wedrar ḍfaren t i dd aṭṭas n rɣaci xzar yusa dd ɣares ijjen i di iǧa rbarṣ isjed as inna a sidi mara texsed tzemmared ad ayi tessizdeged,/Users/mac/masterAI/tarifit_asr_tfm/data/processed/segments/REC101/REC101_SEG0002.wav
REC101_SEG0003_PART01,REC101,SPK009,data/processed/segments/REC101/REC101_SEG0003_PART01.wav,12.712,yasuɛ isswiẓẓeḍ afus nnes uca iḥada t inna necc xseɣ zdeg uca ittwassizdeg zi rbarṣ nnes rexdenni xenni inna as yasuɛ xzar,/Users/mac/masterAI/tarifit_asr_tfm/data/processed/segments/REC101/REC101_SEG0003_PART01.wav
REC101_SEG0003_PART02,REC101,SPK009,data/processed/segments/REC101/REC101_SEG0003_PART02.wav,12.712,war tteqqar i ḥed maca ruḥ scen ixef nnec i ukehhan uca ewc taɣarṣt i arebbi ɛlaḥsab min zzayes iweṣṣa musa aqa tt d cchadet i nitni,/Users/mac/masterAI/tarifit_asr_tfm/data/processed/segments/REC101/REC101_SEG0003_PART02.wav
REC101_SEG0004,REC101,SPK009,data/processed/segments/REC101/REC101_SEG0004.wav,2.8,amsexxar n rqebṭan arumani,/Users/mac/masterAI/tarifit_asr_tfm/data/processed/segments/REC101/REC101_SEG0004.wav
REC101_SEG0005,REC101,SPK009,data/processed/segments/REC101/REC101_SEG0005.wav,18.256,rami yudef yasuɛ ɣar kafarnaḥum yusa dd ɣares ijj n rqebṭan x mya ittar zzayes ammu inna a sidi amsexxar ameẓyan inu izzer di taddart d aneɛḍab aqa dayes reḥriq aṭṭas inna as yasuɛ necc ad dd aseɣ ad t ssgenfiɣ,/Users/mac/masterAI/tarifit_asr_tfm/data/processed/segments/REC101/REC101_SEG0005.wav
REC101_SEG0006_PART01,REC101,SPK009,data/processed/segments/REC101/REC101_SEG0006_PART01.wav,12.552,uca rqebṭan x mya yarra dd inna a sidi necc war sdiheǧeɣ ad tadfed swadday i tzeqqa inu maca ini ijj n wawar waha xenni ad iggenfa uḥenjar inu minzi,/Users/mac/masterAI/tarifit_asr_tfm/data/processed/segments/REC101/REC101_SEG0006_PART01.wav
REC101_SEG0006_PART02,REC101,SPK009,data/processed/segments/REC101/REC101_SEG0006_PART02.wav,12.552,ura d necc ɛawed d bnadem sadu ifassen uca ɣari iɛeskariyyen sadu ufus inu qqareɣ i wa ruḥ xenni ad iraḥ u i wenneɣni as dd xenni ad dd yas,/Users/mac/masterAI/tarifit_asr_tfm/data/processed/segments/REC101/REC101_SEG0006_PART02.wav
REC101_SEG0007,REC101,SPK009,data/processed/segments/REC101/REC101_SEG0007.wav,5.456,u i umsexxar inu qqareɣ as egg man aya uca ad t igg,/Users/mac/masterAI/tarifit_asr_tfm/data/processed/segments/REC101/REC101_SEG0007.wav
REC101_SEG0008_PART01,REC101,SPK009,data/processed/segments/REC101/REC101_SEG0008_PART01.wav,12.008,rami isra yasuɛ man aya ittebhet inna i yinni akides iǧan s tidett necc ad awem iniɣ war ufiɣ ura di israil l iman am wanita,/Users/mac/masterAI/tarifit_asr_tfm/data/processed/segments/REC101/REC101_SEG0008_PART01.wav
REC101_SEG0008_PART02,REC101,SPK009,data/processed/segments/REC101/REC101_SEG0008_PART02.wav,12.008,necc ad awem iniɣ belli aṭṭas i dd ɣa yasen zi ccarq u zi rɣarb ad qqimen ɣar ṭṭabra ak d ibrahim d isḥaq d yaɛqub di tgeldit n ijenwan,/Users/mac/masterAI/tarifit_asr_tfm/data/processed/segments/REC101/REC101_SEG0008_PART02.wav
REC101_SEG0009,REC101,SPK009,data/processed/segments/REC101/REC101_SEG0009.wav,18.864,maca tarwa n tgeldit ad mmenḍaren barra ɣar ṭṭarf aneggaru n taǧest dinni ad irin imeṭṭawen d uɣezzi n teɣmas yasuɛ inna i rqebṭan x mya ruḥ ad imsar am mammec tumned uca iggenfa uḥenjir nnes di tsaɛɛet nni,/Users/mac/masterAI/tarifit_asr_tfm/data/processed/segments/REC101/REC101_SEG0009.wav
REC101_SEG0010,REC101,SPK009,data/processed/segments/REC101/REC101_SEG0010.wav,2.512,asgenfi n tḍekkwac n buṭrus,/Users/mac/masterAI/tarifit_asr_tfm/data/processed/segments/REC101/REC101_SEG0010.wav
REC101_SEG0011,REC101,SPK009,data/processed/segments/REC101/REC101_SEG0011.wav,13.2,rexdenni yusa dd yasuɛ ɣar taddart n cimɛun iẓra taḍekkwac nnes tezzer dayes timessi iḥada afus nnes uca truḥ as tmessi rexdenni tekkar tsexxar xas,/Users/mac/masterAI/tarifit_asr_tfm/data/processed/segments/REC101/REC101_SEG0011.wav
REC101_SEG0012,REC101,SPK009,data/processed/segments/REC101/REC101_SEG0012.wav,18.512,ɣar uɛecci iwyen dd ɣares aṭṭas n imaryaḥen i daysen ccwaṭen issuffeɣ ccwaṭen nsen s yijj n wawar waha uca issgenfa marra imehrac ḥima ad ittwakemmer min ittwannan zeg unabi icaɛya ad iksi reḥriq nneɣ u ad yarbu rehrac nneɣ,/Users/mac/masterAI/tarifit_asr_tfm/data/processed/segments/REC101/REC101_SEG0012.wav
REC101_SEG0013,REC101,SPK009,data/processed/segments/REC101/REC101_SEG0013.wav,8.336,aḍfar n yasuɛ rami iẓra yasuɛ rɣaci ameqqran i d as dd innḍen yumur i ten ad ẓwan ɣar ujemmaḍ,/Users/mac/masterAI/tarifit_asr_tfm/data/processed/segments/REC101/REC101_SEG0013.wav
REC101_SEG0014_PART01,REC101,SPK009,data/processed/segments/REC101/REC101_SEG0014_PART01.wav,13.352,uca yusa dd ɣares ijj n umsermad n idlisen inna as a amsermad inu ad cek ḍfareɣ mani ma i ɣa traḥed inna as yasuɛ iceɛban ɣarsen ifran u ijḍaḍ n ujenna ɣarse,/Users/mac/masterAI/tarifit_asr_tfm/data/processed/segments/REC101/REC101_SEG0014_PART01.wav
REC101_SEG0014_PART02,REC101,SPK009,data/processed/segments/REC101/REC101_SEG0014_PART02.wav,13.352,n reɛwacc maca mmis n bnadem war yufi ca mani ɣa isenned azeǧif nnes inna as ijjen nneɣni zeg imeḥḍaren nnes a sidi ejj ayi d amezwar ad uyureɣ ad neḍreɣ baba,/Users/mac/masterAI/tarifit_asr_tfm/data/processed/segments/REC101/REC101_SEG0014_PART02.wav
REC101_SEG0015,REC101,SPK009,data/processed/segments/REC101/REC101_SEG0015.wav,5.744,inna as yasuɛ ḍfar ayi dd ejj imettinen ad neḍren imettinen nsen,/Users/mac/masterAI/tarifit_asr_tfm/data/processed/segments/REC101/REC101_SEG0015.wav
REC101_SEG0016,REC101,SPK009,data/processed/segments/REC101/REC101_SEG0016.wav,1.904,yasuɛ d tḥaryaḍt,/Users/mac/masterAI/tarifit_asr_tfm/data/processed/segments/REC101/REC101_SEG0016.wav
REC101_SEG0017_PART01,REC101,SPK009,data/processed/segments/REC101/REC101_SEG0017_PART01.wav,10.232,rami inya di tɣarrabut nyin imeḥḍaren nnes akides uca xzar tekkar dd ict n tḥaryaḍt di rebḥar ar mani drint remwaj aɣarrabu,/Users/mac/masterAI/tarifit_asr_tfm/data/processed/segments/REC101/REC101_SEG0017_PART01.wav
REC101_SEG0017_PART02,REC101,SPK009,data/processed/segments/REC101/REC101_SEG0017_PART02.wav,10.232,maca yasuɛ tuɣa iṭṭeṣ usin dd ɣares imeḥḍaren nnes uca ssfaqen t i d nnan as a siditneɣ senjem aneɣ aqa ad nettwahellek,/Users/mac/masterAI/tarifit_asr_tfm/data/processed/segments/REC101/REC101_SEG0017_PART02.wav
REC101_SEG0018,REC101,SPK009,data/processed/segments/REC101/REC101_SEG0018.wav,18.672,inna asen mayemmi tetteggʷedem a kenniw i di iǧa drus n l iman xenni ikkar iwebbex asemmiḍ d rebḥar uca tusa dd rhudnet tameqqrant tbehten iwdan nnan min iɛna wa umi isemmiḍen d rebḥar tteṭṭaɛen as,/Users/mac/masterAI/tarifit_asr_tfm/data/processed/segments/REC101/REC101_SEG0018.wav
REC101_SEG0019,REC101,SPK009,data/processed/segments/REC101/REC101_SEG0019.wav,2.608,asgenfi n tnayen n imeryaḥen,/Users/mac/masterAI/tarifit_asr_tfm/data/processed/segments/REC101/REC101_SEG0019.wav
REC101_SEG0020_PART01,REC101,SPK009,data/processed/segments/REC101/REC101_SEG0020_PART01.wav,12.6,rami yiweḍ ɣar ujemmaḍ ɣar temmurt n gadarinis rqan t i dd tnayen n imaryaḥen ffɣen dd zeg imeḍran tuɣa mmuzzaren aṭṭas ar mani ura d ijj war izemm,/Users/mac/masterAI/tarifit_asr_tfm/data/processed/segments/REC101/REC101_SEG0020_PART01.wav
REC101_SEG0020_PART02,REC101,SPK009,data/processed/segments/REC101/REC101_SEG0020_PART02.wav,12.6,ar ad yekk abrid nni sɣuyyen nnan min din jar aneɣ d cek a yasuɛ mmis n arebbi ma tusid dd danita ḥima ad aneɣ tɛeddbed qber rweqt,/Users/mac/masterAI/tarifit_asr_tfm/data/processed/segments/REC101/REC101_SEG0020_PART02.wav
REC101_SEG0021_PART01,REC101,SPK009,data/processed/segments/REC101/REC101_SEG0021_PART01.wav,13.768,tuɣa din ict n tḥimart n irfan tameqqrant tiggʷej xasen thedda din uca ccwaṭen ttaren zzayes nnan mara tessuffɣed aneɣ ejj aneɣ ad nadef ɣar tḥimart n yerfan inna a,/Users/mac/masterAI/tarifit_asr_tfm/data/processed/segments/REC101/REC101_SEG0021_PART01.wav
REC101_SEG0021_PART02,REC101,SPK009,data/processed/segments/REC101/REC101_SEG0021_PART02.wav,13.768,sen ruḥem rexdenni ffɣen dd udfen deg irfan uca xzar taḥimart n irfan amen tmun teḥduddar zi teysart uca irfan wḍan di rebḥar ṭmmuṭ deg waman,/Users/mac/masterAI/tarifit_asr_tfm/data/processed/segments/REC101/REC101_SEG0021_PART02.wav
REC101_SEG0022,REC101,SPK009,data/processed/segments/REC101/REC101_SEG0022.wav,19.184,imeksawen uca rami iwḍen ɣar tendint xebbaren x kurci min imsaren ura x imaryaḥen uca xzar ffɣen dd aytbab n tendint marra i umsagar ak d yasuɛ umi t ẓrin ttaren zzayes maḥend ad iffeɣ zi temmurt nsen,/Users/mac/masterAI/tarifit_asr_tfm/data/processed/segments/REC101/REC101_SEG0022.wav
REC102_SEG0001,REC102,SPK009,data/processed/segments/REC102/REC102_SEG0001.wav,2.128,asgenfi n ijj n uneɛḍab,/Users/mac/masterAI/tarifit_asr_tfm/data/processed/segments/REC102/REC102_SEG0001.wav
REC102_SEG0002,REC102,SPK009,data/processed/segments/REC102/REC102_SEG0002.wav,18.448,awarni rami inya deg uɣarrabu iẓwa rebḥar yiweḍ ɣar tendint nnes uca iwyen as dd ijj n uneɛḍab i tuɣa izzren di tassut rami iẓra yasuɛ l iman nsen inna i uneɛḍab egg ur a mmi ddnub nnec ttwaɣfaren,/Users/mac/masterAI/tarifit_asr_tfm/data/processed/segments/REC102/REC102_SEG0002.wav
REC102_SEG0003,REC102,SPK009,data/processed/segments/REC102/REC102_SEG0003.wav,1.136,uca xzar,/Users/mac/masterAI/tarifit_asr_tfm/data/processed/segments/REC102/REC102_SEG0003.wav
REC102_SEG0004_PART01,REC102,SPK009,data/processed/segments/REC102/REC102_SEG0004_PART01.wav,14.172,ca n imsermaden n idlisen nnan deg yixef nsen wanita ittceqqaf di arebbi yasuɛ umi issen min di tuɣa ttfekkaren inna asen mayemmi tettxemmamem di min war iḥrin deg wurawen nwem maɣar min ihewnen,/Users/mac/masterAI/tarifit_asr_tfm/data/processed/segments/REC102/REC102_SEG0004_PART01.wav
REC102_SEG0004_PART02,REC102,SPK009,data/processed/segments/REC102/REC102_SEG0004_PART02.wav,14.172,ad iniɣ i wanita ddnub nnec ttwaɣfaren niɣ ad iniɣ kkar uyur maca ḥima ad tessnem belli mmis n bnadem ɣares ṣṣulṭa di temmurt ḥima ad iɣfar ddnub ad iniɣ i uneɛḍab a kkar,/Users/mac/masterAI/tarifit_asr_tfm/data/processed/segments/REC102/REC102_SEG0004_PART02.wav
REC102_SEG0005,REC102,SPK009,data/processed/segments/REC102/REC102_SEG0005.wav,14.264,ksi tassut nnec tarekkweḥed ɣar taddart nnec xenni ikkar iruḥ ɣar taddart nnes rami iẓra rɣaci man aya tbehten ssɛuǧen arebbi wenni iwcin ṣṣulṭa am tanita i iwdan,/Users/mac/masterAI/tarifit_asr_tfm/data/processed/segments/REC102/REC102_SEG0005.wav
REC102_SEG0006,REC102,SPK009,data/processed/segments/REC102/REC102_SEG0006.wav,1.584,araɣi n yasuɛ x matta,/Users/mac/masterAI/tarifit_asr_tfm/data/processed/segments/REC102/REC102_SEG0006.wav
REC102_SEG0007,REC102,SPK009,data/processed/segments/REC102/REC102_SEG0007.wav,17.392,rami ssenni ikka yasuɛ iẓra aryaz wenni umi qqaren matta iqqim ɣar taddart n ḍḍariba inna as ḍfar ayi dd uca ikkar iḍfar i t rami qqimen nitni ɣar ṭṭabra di taddart usin dd waṭṭas n ayt n ḍḍariba d imednab,/Users/mac/masterAI/tarifit_asr_tfm/data/processed/segments/REC102/REC102_SEG0007.wav
REC102_SEG0008,REC102,SPK009,data/processed/segments/REC102/REC102_SEG0008.wav,17.136,qqimen ɣar ṭṭabra ak d yasuɛ d imeḥḍaren nnes rami ẓrin ifarisiyyen man aya nnan i imeḥḍaren nnes mayemmi ittett umsermad nwem ak d ayt n ḍḍariba d imednab umi isra yasuɛ man aya inna asen inni iṣeḥḥen war ḥdijen ca aḍbib maca imehrac,/Users/mac/masterAI/tarifit_asr_tfm/data/processed/segments/REC102/REC102_SEG0008.wav
REC102_SEG0009,REC102,SPK009,data/processed/segments/REC102/REC102_SEG0009.wav,12.336,ruḥem ad tremdem min ixs ad yini wawar a xseɣ arreḥmet war xseɣ ca taɣarṣt minzi necc war dd usiɣ ḥima ad raɣiɣ x imseggaden maca x imednab,/Users/mac/masterAI/tarifit_asr_tfm/data/processed/segments/REC102/REC102_SEG0009.wav
REC102_SEG0010,REC102,SPK009,data/processed/segments/REC102/REC102_SEG0010.wav,1.808,aseqsi x uẓummi,/Users/mac/masterAI/tarifit_asr_tfm/data/processed/segments/REC102/REC102_SEG0010.wav
REC102_SEG0011_PART01,REC102,SPK009,data/processed/segments/REC102/REC102_SEG0011_PART01.wav,11.848,xenni usin dd ɣares imeḥḍaren n yuḥanna nnan as mayemmi nettẓumma neccin d ifarisiyyen aṭṭas maca imeḥḍaren nnec war ttẓummin ca yasuɛ inna asen ma,/Users/mac/masterAI/tarifit_asr_tfm/data/processed/segments/REC102/REC102_SEG0011_PART01.wav
REC102_SEG0011_PART02,REC102,SPK009,data/processed/segments/REC102/REC102_SEG0011_PART02.wav,11.848,izemmar ad ceḍnen reḥbab n umuray umi amuray ɛad akidsen ad dd asen wussan ad xasen immeksi umuray xenni ad ẓummen,/Users/mac/masterAI/tarifit_asr_tfm/data/processed/segments/REC102/REC102_SEG0011_PART02.wav
REC102_SEG0012,REC102,SPK009,data/processed/segments/REC102/REC102_SEG0012.wav,11.6,ura d ijj war ittegg taneqqic n tcuqqet n jdid x warruḍ aqdim ḥima war tqeǧiɛ tneqqic zeg warruḍ uca ad iqqarṣ warruḍ ktar,/Users/mac/masterAI/tarifit_asr_tfm/data/processed/segments/REC102/REC102_SEG0012.wav
REC102_SEG0013,REC102,SPK009,data/processed/segments/REC102/REC102_SEG0013.wav,18.0,ura d binu n jdid war ittwagg ca di txuncay tiburay ḥima war dduqquzent txuncay ad izeǧeɛ binu uca tixuncay ad ḍeyyɛent ittxeṣṣa ad tteggen binu n jdid di txuncay n jdid ḥima ad ttwaxemmren nitni s tnayen,/Users/mac/masterAI/tarifit_asr_tfm/data/processed/segments/REC102/REC102_SEG0013.wav
REC102_SEG0015_PART01,REC102,SPK009,data/processed/segments/REC102/REC102_SEG0015_PART01.wav,13.848,am tuɣa issawar akidsen x tmesrayin a yusa dd ijj n umeqqran isjed as inna rexxu yeǧi bḥra temmut maca as dd sars xas afus nnec uca ad teddar ɛawed yasuɛ ikk,/Users/mac/masterAI/tarifit_asr_tfm/data/processed/segments/REC102/REC102_SEG0015_PART01.wav
REC102_SEG0015_PART02,REC102,SPK009,data/processed/segments/REC102/REC102_SEG0015_PART02.wav,13.848,ar iḍfar i t ak d imeḥḍaren nnes uca xzar ict n temɣart tuɣa ttazzren zzayes idammen rmijar n tenɛac n iseggʷusa tekka as dd ɣar ḍeffar uca tḥada abeḥrur n ujeǧab nnes,/Users/mac/masterAI/tarifit_asr_tfm/data/processed/segments/REC102/REC102_SEG0015_PART02.wav
REC102_SEG0016,REC102,SPK009,data/processed/segments/REC102/REC102_SEG0016.wav,6.448,minzi nettat tuɣa tenna deg ixef nnes icfa mɣir ad ḥadiɣ ajeǧab nnes ad ggenfiɣ,/Users/mac/masterAI/tarifit_asr_tfm/data/processed/segments/REC102/REC102_SEG0016.wav
REC102_SEG0017_PART01,REC102,SPK009,data/processed/segments/REC102/REC102_SEG0017_PART01.wav,11.528,maca inneqreb dd yasuɛ iẓra i tt inna egg ur a yeǧi aqa l iman nnem i cem issnejmen uca tettwassggenfa temɣart nni di tsaɛɛet nni,/Users/mac/masterAI/tarifit_asr_tfm/data/processed/segments/REC102/REC102_SEG0017_PART01.wav
REC102_SEG0017_PART02,REC102,SPK009,data/processed/segments/REC102/REC102_SEG0017_PART02.wav,11.528,xenni yusa dd yasuɛ ɣar taddart n umeqqran iẓra iɣeyyaḍen d rɣaci sɣuyyun inna asen ffɣem ssa taḥenjirt war temmut ca aqa teṭṭeṣ,/Users/mac/masterAI/tarifit_asr_tfm/data/processed/segments/REC102/REC102_SEG0017_PART02.wav
REC102_SEG0018,REC102,SPK009,data/processed/segments/REC102/REC102_SEG0018.wav,12.432,maca nitni ḍeḥcen dayes arami issuffeɣ rɣaci yudef ɣar daxer uca iṭṭef i tt zeg ufus nnes xenni tekkar tḥenjirt uca iffeɣ rexbar ɣar temmurt nni marra,/Users/mac/masterAI/tarifit_asr_tfm/data/processed/segments/REC102/REC102_SEG0018.wav
REC102_SEG0020_PART01,REC102,SPK009,data/processed/segments/REC102/REC102_SEG0020_PART01.wav,13.176,rami ssenni ikka yasuɛ ḍfaren t tnayen n idarɣaren ttraɣan qqaren arḥem aneɣ a mmis n dawud arami yudef ɣar taddart usin dd ɣares idarɣaren nni yasuɛ inna asen ma,/Users/mac/masterAI/tarifit_asr_tfm/data/processed/segments/REC102/REC102_SEG0020_PART01.wav
REC102_SEG0020_PART02,REC102,SPK009,data/processed/segments/REC102/REC102_SEG0020_PART02.wav,13.176,tumnem belli zemmareɣ ad ggeɣ man aya nnan as wah a siditneɣ rexdenni iḥada tiṭṭawin nsen inna ad ɣarwem yiri ɛlaḥsab l iman nwem rexdenni ttwarezment tiṭṭawin nsen,/Users/mac/masterAI/tarifit_asr_tfm/data/processed/segments/REC102/REC102_SEG0020_PART02.wav
REC102_SEG0021,REC102,SPK009,data/processed/segments/REC102/REC102_SEG0021.wav,9.936,xenni iḥarrem i ten yasuɛ inna ɣarwem war ssargabem ḥed maca nitni arami ruḥen ssuffɣen xas rexbar di marra tammurt,/Users/mac/masterAI/tarifit_asr_tfm/data/processed/segments/REC102/REC102_SEG0021.wav
REC102_SEG0022_PART01,REC102,SPK009,data/processed/segments/REC102/REC102_SEG0022_PART01.wav,11.112,rami dd ffɣen nitni iwyen as dd ijj n weryaz aynaw n rami iffeɣ raryaḥ aɛfffan nni issiwer weynaw tuɣa ittebhet rɣaci nnan,/Users/mac/masterAI/tarifit_asr_tfm/data/processed/segments/REC102/REC102_SEG0022_PART01.wav
REC102_SEG0022_PART02,REC102,SPK009,data/processed/segments/REC102/REC102_SEG0022_PART02.wav,11.112,ɛemmarṣ war neẓri am wanita di israil maca ifarisiyyen nnan s umeqqran n aryaḥ iɛfffanen issuffuɣ raryaḥ iɛfffanen,/Users/mac/masterAI/tarifit_asr_tfm/data/processed/segments/REC102/REC102_SEG0022_PART02.wav
REC102_SEG0024_PART01,REC102,SPK009,data/processed/segments/REC102/REC102_SEG0024_PART01.wav,12.072,yasuɛ tuɣa ittenneḍ x marra tineddam d dcurat issermad i ten di temzidawin nsen tuɣa ittbarreḥ s rexbar aṣebḥan n tgeldit uca issgenfa marra,/Users/mac/masterAI/tarifit_asr_tfm/data/processed/segments/REC102/REC102_SEG0024_PART01.wav
REC102_SEG0024_PART02,REC102,SPK009,data/processed/segments/REC102/REC102_SEG0024_PART02.wav,12.072,rehracat d reɛyub n rgens rami iẓra yasuɛ rɣaci iḥinn xasen minzi uḥren nnhewren am wuǧi i war ɣar iǧi umeksaw,/Users/mac/masterAI/tarifit_asr_tfm/data/processed/segments/REC102/REC102_SEG0024_PART02.wav
REC102_SEG0025,REC102,SPK009,data/processed/segments/REC102/REC102_SEG0025.wav,14.134,xenni inna i imeḥḍaren nnes tameyra temɣar aṭṭas maca aqa din drus n icewwaren s uyenni ttarem i bab n tmeyra ad dd issekk icewwaren i tmeyra nnes,/Users/mac/masterAI/tarifit_asr_tfm/data/processed/segments/REC102/REC102_SEG0025.wav
REC103_SEG0001,REC103,SPK009,data/processed/segments/REC103/REC103_SEG0001.wav,3.152,araɣi d usseki n tenɛac n rrusul,/Users/mac/masterAI/tarifit_asr_tfm/data/processed/segments/REC103/REC103_SEG0001.wav
REC103_SEG0002,REC103,SPK009,data/processed/segments/REC103/REC103_SEG0002.wav,11.408,iraɣa yasuɛ x tenɛac n imeḥḍaren nnes iwca asen ṣṣulṭa ḥima ad ssuffɣen raryaḥ imengas u ḥima ad ssgenfan marra rehracat d reɛyubat,/Users/mac/masterAI/tarifit_asr_tfm/data/processed/segments/REC103/REC103_SEG0002.wav
REC103_SEG0003_PART01,REC103,SPK009,data/processed/segments/REC103/REC103_SEG0003_PART01.wav,10.04,ismawen n tenɛac n rrusul d yina amezwaru nsen cimɛun umi qqaren buṭrus ixs ad yini aẓru d umas andrawus,/Users/mac/masterAI/tarifit_asr_tfm/data/processed/segments/REC103/REC103_SEG0003_PART01.wav
REC103_SEG0003_PART02,REC103,SPK009,data/processed/segments/REC103/REC103_SEG0003_PART02.wav,10.04,d yaɛqub mmis n zabdi d umas yuḥanna d filippus d bar tulumawus tuma d matta,/Users/mac/masterAI/tarifit_asr_tfm/data/processed/segments/REC103/REC103_SEG0003_PART02.wav
REC103_SEG0004_PART01,REC103,SPK009,data/processed/segments/REC103/REC103_SEG0004_PART01.wav,14.408,wenni d bu ḍḍariba d yaɛqub mmis n ḥalfa d labbawus umi qqaren tadday d cimɛun wenni d amɛessab d yahuda isxariyuṭi wenni t isellmen,/Users/mac/masterAI/tarifit_asr_tfm/data/processed/segments/REC103/REC103_SEG0004_PART01.wav
REC103_SEG0004_PART02,REC103,SPK009,data/processed/segments/REC103/REC103_SEG0004_PART02.wav,14.408,yasuɛ issekk tenɛac a yumur i ten inna war ttruḥem ca x webrid n regnuss war ttadfem ca ɣar tendint n isamariyyen maca ḥsen ad traḥem ɣar wuǧi iweddaren n taddart n israil,/Users/mac/masterAI/tarifit_asr_tfm/data/processed/segments/REC103/REC103_SEG0004_PART02.wav
REC103_SEG0005,REC103,SPK009,data/processed/segments/REC103/REC103_SEG0005.wav,16.752,xmi ɣa traḥem barrḥem am teqqarem tageldit n ijenwan aqa tiweḍ dd sgenfam imehrac sizdgem inni di iǧa rbarṣ suffɣem ccwaṭen kenniw teksim bra ca xenni wcem tt bra ca,/Users/mac/masterAI/tarifit_asr_tfm/data/processed/segments/REC103/REC103_SEG0005.wav
REC103_SEG0006,REC103,SPK009,data/processed/segments/REC103/REC103_SEG0006.wav,16.784,war kessim ca wureɣ ura d nnuqart ura d nnḥas deg ibuyas nwem war kessim ca ttesṭim i webrid ra d tnayen n tcamirat ra d sandaliyat ura d taɣɣarct nneɣni minzi axeddam isdaheǧ macca nnes,/Users/mac/masterAI/tarifit_asr_tfm/data/processed/segments/REC103/REC103_SEG0006.wav
REC103_SEG0007,REC103,SPK009,data/processed/segments/REC103/REC103_SEG0007.wav,8.304,man tandint niɣ dcar i ɣa tadfem arzum wi dayes isdaheǧ uca qqimem din ar d traḥem,/Users/mac/masterAI/tarifit_asr_tfm/data/processed/segments/REC103/REC103_SEG0007.wav
REC103_SEG0008_PART01,REC103,SPK009,data/processed/segments/REC103/REC103_SEG0008_PART01.wav,11.144,mara tudfem ɣar taddart seǧmem x aytbab n taddart s rehna mara taddart tesdaheǧ jjem xas rehna nwem mara war t tesdiheǧ,/Users/mac/masterAI/tarifit_asr_tfm/data/processed/segments/REC103/REC103_SEG0008_PART01.wav
REC103_SEG0008_PART02,REC103,SPK009,data/processed/segments/REC103/REC103_SEG0008_PART02.wav,11.144,xenni rehna nwem ad ɣarwem dd iɛqeb mara tufim ca n yijjen war kenniw iqebber u war ittesri i wawaren nwem ffɣem zi taddart nni niɣ zi ṭendint nni,/Users/mac/masterAI/tarifit_asr_tfm/data/processed/segments/REC103/REC103_SEG0008_PART02.wav
REC103_SEG0009,REC103,SPK009,data/processed/segments/REC103/REC103_SEG0009.wav,13.424,zzerzem taɛejjajt zeg iḍaren nwem s tidett necc ad awem iniɣ ad yiri rḥar i temmurt n sadum d ɛamurra ihwen zi tendint nni deg wass n lḥisab,/Users/mac/masterAI/tarifit_asr_tfm/data/processed/segments/REC103/REC103_SEG0009.wav
REC103_SEG0010,REC103,SPK009,data/processed/segments/REC103/REC103_SEG0010.wav,3.888,yasuɛ issawar x reḥṣaret d udarrec,/Users/mac/masterAI/tarifit_asr_tfm/data/processed/segments/REC103/REC103_SEG0010.wav
REC103_SEG0011,REC103,SPK009,data/processed/segments/REC103/REC103_SEG0011.wav,9.904,xzarem rexxu ad kenniw ssekkeɣ am uǧi di rwesṭ n wuccanen irim tfettnem amecnaw ifiɣran u ɣeffrem am idbiren,/Users/mac/masterAI/tarifit_asr_tfm/data/processed/segments/REC103/REC103_SEG0011.wav
REC103_SEG0012,REC103,SPK009,data/processed/segments/REC103/REC103_SEG0012.wav,6.96,maca ḥḍam ixef nwem zeg iwdan minzi nitni ad kenniw sellmen i taddart n ccreɛ,/Users/mac/masterAI/tarifit_asr_tfm/data/processed/segments/REC103/REC103_SEG0012.wav
REC103_SEG0013_PART01,REC103,SPK009,data/processed/segments/REC103/REC103_SEG0013_PART01.wav,12.872,ad kenniw hettken s urekkuḍ di temzidawin nsen ad kenniw nedhen zzat i rḥukkam d zzat i ijeǧiden di ssibbet inu ḥima ad tirim d cchadet i nitni u,/Users/mac/masterAI/tarifit_asr_tfm/data/processed/segments/REC103/REC103_SEG0013_PART01.wav
REC103_SEG0013_PART02,REC103,SPK009,data/processed/segments/REC103/REC103_SEG0013_PART02.wav,12.872,ra i regnus mara sellmen kenniw war kessim ca s wemnus mammec d min ɣa tessiwrem minzi ad awem immewc di tsaɛɛet nni min ittxeṣṣa ad tinim,/Users/mac/masterAI/tarifit_asr_tfm/data/processed/segments/REC103/REC103_SEG0013_PART02.wav
REC103_SEG0014_PART01,REC103,SPK009,data/processed/segments/REC103/REC103_SEG0014_PART01.wav,10.968,maɣar war iǧi d kenniw inni issawaren maca d arruḥ n babatwem d netta i daywem issawaren umas ad isellem umas ɣar el,/Users/mac/masterAI/tarifit_asr_tfm/data/processed/segments/REC103/REC103_SEG0014_PART01.wav
REC103_SEG0014_PART02,REC103,SPK009,data/processed/segments/REC103/REC103_SEG0014_PART02.wav,10.968,muṭ u babas mmis uca ad kkaren tarwa d aɣezdis i lwalidin nsen ad ten nɣen ad kenniw carhen marra idsen x ssibbet n yisem inu,/Users/mac/masterAI/tarifit_asr_tfm/data/processed/segments/REC103/REC103_SEG0014_PART02.wav
REC103_SEG0015,REC103,SPK009,data/processed/segments/REC103/REC103_SEG0015.wav,17.488,maca wenni i ɣa iṣbaren ar aneggaru ad ittwassenjem mara darrcen xawem di tendint a arewrem ɣar tenneɣnit s tidett necc ad awem iniɣ kenniw war tettekkem ca x marra tineddam n israil ar dd ɣa yas mmis n bnadem,/Users/mac/masterAI/tarifit_asr_tfm/data/processed/segments/REC103/REC103_SEG0015.wav
REC103_SEG0016,REC103,SPK009,data/processed/segments/REC103/REC103_SEG0016.wav,13.136,war iǧi umeḥḍar yuɛra x umsermad nnes ura d amsexxar x bab nnes ikfa i umeḥḍar ad yiri am umsermad nnes u amsexxar am bab nnes,/Users/mac/masterAI/tarifit_asr_tfm/data/processed/segments/REC103/REC103_SEG0016.wav
REC103_SEG0017_PART01,REC103,SPK009,data/processed/segments/REC103/REC103_SEG0017_PART01.wav,14.664,mara raɣan as i bab n taddart beɛalzabul ixs ad yini ibris mecḥar ɛad i aytbab n taddart nnes war tteggʷedem ca zzaysen minzi war din min idrin ad iqqim war,/Users/mac/masterAI/tarifit_asr_tfm/data/processed/segments/REC103/REC103_SEG0017_PART01.wav
REC103_SEG0017_PART02,REC103,SPK009,data/processed/segments/REC103/REC103_SEG0017_PART02.wav,14.664,ittwaɛarri ura war din min inuffaren ad iqqim war ittwissen min d awem qqareɣ di taǧest inim t di tfawt min tesrim qqaren t deg imezzuɣen nwem barrḥem zzayes x tzeɣwin,/Users/mac/masterAI/tarifit_asr_tfm/data/processed/segments/REC103/REC103_SEG0017_PART02.wav
REC103_SEG0018,REC103,SPK009,data/processed/segments/REC103/REC103_SEG0018.wav,18.064,war tteggʷedem ca zeg inni ineqqen arrimet maca war zemmaren ad nɣen reɛmar ggʷedem d amezwaru zeg wenni izemmaren ad isshellek reɛmar d arrimet di jehennama ma war ttmenzin tnayen n ẓẓawec s yijj n uṣuldi n nnḥas,/Users/mac/masterAI/tarifit_asr_tfm/data/processed/segments/REC103/REC103_SEG0018.wav
REC103_SEG0019_PART01,REC103,SPK009,data/processed/segments/REC103/REC103_SEG0019_PART01.wav,12.184,ura d ijj zzaysen war dd iweṭṭi ca x temmurt bra babatwem maca ura d iẓuṭṭan n ucuwwaf n uzeǧif nwem ttwaḥessben marra s uyenni war tteggʷedem,/Users/mac/masterAI/tarifit_asr_tfm/data/processed/segments/REC103/REC103_SEG0019_PART01.wav
REC103_SEG0019_PART02,REC103,SPK009,data/processed/segments/REC103/REC103_SEG0019_PART02.wav,12.184,ca aqa kenniw teɛdum ẓẓawec aṭṭas s uya kur ijjen wenni zzayi i ɣa icehden zzat i iwdan ura d necc ad zzayes cehdeɣ zzat i baba i iǧan deg ijenwan,/Users/mac/masterAI/tarifit_asr_tfm/data/processed/segments/REC103/REC103_SEG0019_PART02.wav
REC103_SEG0020,REC103,SPK009,data/processed/segments/REC103/REC103_SEG0020.wav,17.36,maca wenni d ayi ɣa inkaren zzat i iwdan ura d necc ad t nkareɣ zzat i baba i iǧan deg ijenwan war ttɣirem ca belli usiɣ dd ḥima ad awyeɣ rehna i ddunect necc war dd usiɣ ca ḥima ad awyeɣ rehna maca ssif,/Users/mac/masterAI/tarifit_asr_tfm/data/processed/segments/REC103/REC103_SEG0020.wav
REC103_SEG0021,REC103,SPK009,data/processed/segments/REC103/REC103_SEG0021.wav,12.464,usiɣ dd ḥima ad bḍiɣ aryaz x babas d yeǧis x yemmas d tesrit x rallas aytbab n taddart n bnadem ad irin d rɛedyan nnes,/Users/mac/masterAI/tarifit_asr_tfm/data/processed/segments/REC103/REC103_SEG0021.wav
REC103_SEG0022_PART01,REC103,SPK009,data/processed/segments/REC103/REC103_SEG0022_PART01.wav,10.84,wenni ittexsen babas niɣ d yemmas xafi war d ayi isdiheǧ ca uca wenni ittexsen mmis niɣ d yeǧis xafi war d ayi isdihe,/Users/mac/masterAI/tarifit_asr_tfm/data/processed/segments/REC103/REC103_SEG0022_PART01.wav
REC103_SEG0022_PART02,REC103,SPK009,data/processed/segments/REC103/REC103_SEG0022_PART02.wav,10.84,ǧ ca wenni war ikessin ṣṣalib nnes uca ad ayi dd iḍfar aqa netta war d ayi isdiheǧ ca wenni i ɣa yafen tudart nnes ad tt ixsar,/Users/mac/masterAI/tarifit_asr_tfm/data/processed/segments/REC103/REC103_SEG0022_PART02.wav
REC103_SEG0023_PART01,REC103,SPK009,data/processed/segments/REC103/REC103_SEG0023_PART01.wav,12.76,d wenni i ɣa ixsaren tudart nnes di ṭṭweɛ inu ad tt yaf wenni kenniw i ɣa iqebren iqebber ayi u wenni d ayi ɣa iqebren iqebber wenni d ayi dd issekken,/Users/mac/masterAI/tarifit_asr_tfm/data/processed/segments/REC103/REC103_SEG0023_PART01.wav
REC103_SEG0023_PART02,REC103,SPK009,data/processed/segments/REC103/REC103_SEG0023_PART02.wav,12.76,wenni i ɣa iqebren anabi s isem n nnabi ad iṭṭef rmunet n unabi d wenni i ɣa iqebren amseggad s isem n umseggad,/Users/mac/masterAI/tarifit_asr_tfm/data/processed/segments/REC103/REC103_SEG0023_PART02.wav
REC103_SEG0024,REC103,SPK009,data/processed/segments/REC103/REC103_SEG0024.wav,19.117,ad iṭṭef rmunet n umseggad wenni i ɣa iwcen i yijjen zeg ina imeẓyanen ijj n rkas n waman d asemmaḍ mɣir minzi netta d ameḥḍar inu s tidett necc ad awem iniɣ war d as tettriḥ rmunet nnes ɛemmarṣ,/Users/mac/masterAI/tarifit_asr_tfm/data/processed/segments/REC103/REC103_SEG0024.wav
REC104_SEG0001,REC104,SPK009,data/processed/segments/REC104/REC104_SEG0001.wav,2.576,yasuɛ d yuḥanna amseɣḍaṣ,/Users/mac/masterAI/tarifit_asr_tfm/data/processed/segments/REC104/REC104_SEG0001.wav
REC104_SEG0002,REC104,SPK009,data/processed/segments/REC104/REC104_SEG0002.wav,10.16,awarni rami ikemmer yasuɛ rumur nnes i tenɛac n imeḥḍaren nnes yuyur ssenni ḥima ad issermed u ad ibarreḥ di tneddam nsen,/Users/mac/masterAI/tarifit_asr_tfm/data/processed/segments/REC104/REC104_SEG0002.wav
REC104_SEG0003_PART01,REC104,SPK009,data/processed/segments/REC104/REC104_SEG0003_PART01.wav,13.016,rami tuɣa yuḥanna ittesra di reḥbes x rexdayem n lmasiḥ issekk ca zeg imeḥḍaren nnes inna as ma d cek d wenni dd ɣa yasen niɣ ittxeṣṣa ad nraja ijjen nneɣni yarra dd,/Users/mac/masterAI/tarifit_asr_tfm/data/processed/segments/REC104/REC104_SEG0003_PART01.wav
REC104_SEG0003_PART02,REC104,SPK009,data/processed/segments/REC104/REC104_SEG0003_PART02.wav,13.016,yasuɛ inna asen ruḥem tɛawdem i yuḥanna min tesram d min teẓrim aqa idarɣaren ttwaran ineɛḍaben gguren d yinni di iǧa rbarṣ ttwassizdigen,/Users/mac/masterAI/tarifit_asr_tfm/data/processed/segments/REC104/REC104_SEG0003_PART02.wav
REC104_SEG0004,REC104,SPK009,data/processed/segments/REC104/REC104_SEG0004.wav,7.44,idehcar dewren ttesran imettinen ttwassnekkaren dd u rexbar aṣebḥan ittwabarraḥ i imezraḍ,/Users/mac/masterAI/tarifit_asr_tfm/data/processed/segments/REC104/REC104_SEG0004.wav
REC104_SEG0005,REC104,SPK009,data/processed/segments/REC104/REC104_SEG0005.wav,13.296,sseɛd n wenni war dayi ittendrifen rami uyuren ina ibda yasuɛ issawar ak d rɣaci x yuḥanna inna min ɣar dd teffɣem ɣar rexra maḥend ad t tẓarem,/Users/mac/masterAI/tarifit_asr_tfm/data/processed/segments/REC104/REC104_SEG0005.wav
REC104_SEG0006_PART01,REC104,SPK009,data/processed/segments/REC104/REC104_SEG0006_PART01.wav,14.632,ma ɣar ijj n uɣanim issenhezza t usemmiḍ mara lla min ɣar dd teffɣem ad t tẓarem ma ɣar ijj n bnadem s warruḍ yarḍeb xzar inni yarrḍen arruḍ iɣran yarḍeb a,/Users/mac/masterAI/tarifit_asr_tfm/data/processed/segments/REC104/REC104_SEG0006_PART01.wav
REC104_SEG0006_PART02,REC104,SPK009,data/processed/segments/REC104/REC104_SEG0006_PART02.wav,14.632,qa aten di tudrin n ujeǧid min ɣar dd teffɣem xenni maḥend ad t tẓarem ijj n unabi wah necc ad awem iniɣ aqa d ameqqran ɛad x unabi maɣar aqa d wa d wenni i xef ittwari wawar a xẓar,/Users/mac/masterAI/tarifit_asr_tfm/data/processed/segments/REC104/REC104_SEG0006_PART02.wav
REC104_SEG0007,REC104,SPK009,data/processed/segments/REC104/REC104_SEG0007.wav,8.208,ad dd ssekkeɣ lmalak inu zzat i wudem nnec wenni i ɣa isswejden abrid nnec zzatek s tidett necc ad awem iniɣ,/Users/mac/masterAI/tarifit_asr_tfm/data/processed/segments/REC104/REC104_SEG0007.wav
REC104_SEG0008_PART01,REC104,SPK009,data/processed/segments/REC104/REC104_SEG0008_PART01.wav,10.68,jar inni dd ittwaxerqen zi temɣarin war dd iffiɣ ura d ijj d ameqqran x yuḥanna amseɣḍaṣ waxxa amenni ameẓyan di tgeldit n ijenwan d ameqqran xas ze,/Users/mac/masterAI/tarifit_asr_tfm/data/processed/segments/REC104/REC104_SEG0008_PART01.wav
REC104_SEG0008_PART02,REC104,SPK009,data/processed/segments/REC104/REC104_SEG0008_PART02.wav,10.68,g wussan n yuḥanna amseɣḍaṣ ar iḍa temmars tgeldit n ijenwan i lɛunf uca ayt n bu rexcunet arezzun tteṭṭfen tt,/Users/mac/masterAI/tarifit_asr_tfm/data/processed/segments/REC104/REC104_SEG0008_PART02.wav
REC104_SEG0009,REC104,SPK009,data/processed/segments/REC104/REC104_SEG0009.wav,17.936,minzi marra inabiyyen d ccariɛa tuɣa ttnabban ar dd yas yuḥanna mara texsem qebrem aqa wanita d iliya wenni ad dd yas wenni ɣar iǧa imezzuɣen i useǧi ad iser,/Users/mac/masterAI/tarifit_asr_tfm/data/processed/segments/REC104/REC104_SEG0009.wav
REC104_SEG0010,REC104,SPK009,data/processed/segments/REC104/REC104_SEG0010.wav,2.864,wi ak d i ɣa ssemquddeɣ jjir a,/Users/mac/masterAI/tarifit_asr_tfm/data/processed/segments/REC104/REC104_SEG0010.wav
REC104_SEG0011_PART01,REC104,SPK009,data/processed/segments/REC104/REC104_SEG0011_PART01.wav,13.82,aqa t amecnaw iḥenjiren iqqimen di reswaq ttraɣan x imeddukkar nsen qqaren aqa nɣennej i kenniw kenniw war tecḍiḥem aqa newta awem agejdur,/Users/mac/masterAI/tarifit_asr_tfm/data/processed/segments/REC104/REC104_SEG0011_PART01.wav
REC104_SEG0011_PART02,REC104,SPK009,data/processed/segments/REC104/REC104_SEG0011_PART02.wav,13.82,uca war tecḍinem maɣar yusa dd yuḥanna war ittett war isess uca qqaren nitni dayes ijj n aryaḥ aɛfan aqa mmis n bnadem yusa dd,/Users/mac/masterAI/tarifit_asr_tfm/data/processed/segments/REC104/REC104_SEG0011_PART02.wav
REC104_SEG0012,REC104,SPK009,data/processed/segments/REC104/REC104_SEG0012.wav,13.432,ittett isess uca nitni qqaren aqa din bnadem irhef x macca d binu netta d ameddukker n ayt n ḍḍariba d imednab maca tiɣit tettwasegged s rexdayem nnes,/Users/mac/masterAI/tarifit_asr_tfm/data/processed/segments/REC104/REC104_SEG0012.wav
REC104_SEG0013,REC104,SPK009,data/processed/segments/REC104/REC104_SEG0013.wav,3.248,rḥukm x tneddam i war yuminen,/Users/mac/masterAI/tarifit_asr_tfm/data/processed/segments/REC104/REC104_SEG0013.wav
REC104_SEG0014_PART01,REC104,SPK009,data/processed/segments/REC104/REC104_SEG0014_PART01.wav,12.552,rexdenni ibda ittwebbex tineddam i di igga aṭṭas n reɛjayeb nnes minzi nitenti war tubent ca uct xam a xurazin,/Users/mac/masterAI/tarifit_asr_tfm/data/processed/segments/REC104/REC104_SEG0014_PART01.wav
REC104_SEG0014_PART02,REC104,SPK009,data/processed/segments/REC104/REC104_SEG0014_PART02.wav,12.552,uct xam a bayt ṣayda mri tuɣa ttwaggent di ṣur d ṣaydun reɛjayeb ijehden tinni ittwaggen daykent iri aqa tubent aṭṭas zeg wami,/Users/mac/masterAI/tarifit_asr_tfm/data/processed/segments/REC104/REC104_SEG0014_PART02.wav
REC104_SEG0015,REC104,SPK009,data/processed/segments/REC104/REC104_SEG0015.wav,4.816,s txancet n wecḍan d yiɣɣeḍ x izeǧifen nsent,/Users/mac/masterAI/tarifit_asr_tfm/data/processed/segments/REC104/REC104_SEG0015.wav
REC104_SEG0016_PART01,REC104,SPK009,data/processed/segments/REC104/REC104_SEG0016_PART01.wav,13.048,maca necc ad awem iniɣ ad yiri rḥar i tendint n ṣur d ṣaydun ihwen zi rḥar nwem deg wass n lḥisab i cem a tandint n kafarnaḥum tenni ittwassgeɛɛden,/Users/mac/masterAI/tarifit_asr_tfm/data/processed/segments/REC104/REC104_SEG0016_PART01.wav
REC104_SEG0016_PART02,REC104,SPK009,data/processed/segments/REC104/REC104_SEG0016_PART02.wav,13.048,ar ajenna ɣar raxart i ɣar dd ɣa tehwid minzi mara ttwaggent di sadum reɛjayeb ijehden i dayem ittwaggen iri aqa teqqim ar ass n yiḍa maca necc ad am iniɣ,/Users/mac/masterAI/tarifit_asr_tfm/data/processed/segments/REC104/REC104_SEG0016_PART02.wav
REC104_SEG0017,REC104,SPK009,data/processed/segments/REC104/REC104_SEG0017.wav,6.576,ad yiri rḥar i temmurt n sadum ihwen zi rḥar nnem deg wass n lḥisab,/Users/mac/masterAI/tarifit_asr_tfm/data/processed/segments/REC104/REC104_SEG0017.wav
REC104_SEG0018,REC104,SPK009,data/processed/segments/REC104/REC104_SEG0018.wav,2.064,taẓaǧit n yasuɛ,/Users/mac/masterAI/tarifit_asr_tfm/data/processed/segments/REC104/REC104_SEG0018.wav
REC104_SEG0019_PART01,REC104,SPK009,data/processed/segments/REC104/REC104_SEG0019_PART01.wav,10.92,di tsaɛet nni ibda yasuɛ ad yini ḥemdeɣ cek a baba sidi n ujenna d temmurt minzi tessnuffared aya x imiɣisen d imusna,/Users/mac/masterAI/tarifit_asr_tfm/data/processed/segments/REC104/REC104_SEG0019_PART01.wav
REC104_SEG0019_PART02,REC104,SPK009,data/processed/segments/REC104/REC104_SEG0019_PART02.wav,10.92,wen maca tessaregbed aya i iḥenjiren wah a baba minzi d wa d arḍa i cek marra min iǧan immewc ayi dd zi baba,/Users/mac/masterAI/tarifit_asr_tfm/data/processed/segments/REC104/REC104_SEG0019_PART02.wav
REC104_SEG0020_PART01,REC104,SPK009,data/processed/segments/REC104/REC104_SEG0020_PART01.wav,10.408,uca ura d ijj war issin tammemmit mɣir tababbat uca ura d ijj war issin tababbat mɣir tammemmit u wi umi ixs,/Users/mac/masterAI/tarifit_asr_tfm/data/processed/segments/REC104/REC104_SEG0020_PART01.wav
REC104_SEG0020_PART02,REC104,SPK009,data/processed/segments/REC104/REC104_SEG0020_PART02.wav,10.408,tammemmit ad t issargeb asem dd ɣari marra kenniw inni yuḥren d yinni yarbun ddqer uca necc ad awem wceɣ arraḥet,/Users/mac/masterAI/tarifit_asr_tfm/data/processed/segments/REC104/REC104_SEG0020_PART02.wav
REC104_SEG0021,REC104,SPK009,data/processed/segments/REC104/REC104_SEG0021.wav,14.035,ksim dd azayru inu xawem remdem zzayi minzi necc d amhin d amwaḍeɛ n wur uca ad tafem arraḥet i reɛmur nwem minzi azayru d reḥmer inu fsusen,/Users/mac/masterAI/tarifit_asr_tfm/data/processed/segments/REC104/REC104_SEG0021.wav
REC105_SEG0001,REC105,SPK009,data/processed/segments/REC105/REC105_SEG0001.wav,2.736,yasuɛ d bab n wass n ssebt,/Users/mac/masterAI/tarifit_asr_tfm/data/processed/segments/REC105/REC105_SEG0001.wav
REC105_SEG0002_PART01,REC105,SPK009,data/processed/segments/REC105/REC105_SEG0002_PART01.wav,13.236,di rweqt nni icuq yasuɛ deg iyyaren n zzariɛet n imendi di ssebt tuɣa imeḥḍaren nnes ǧuẓen uca bdan reqqḍen tidrin ccin zzaysent arami ten ẓrin ifarisiyyen,/Users/mac/masterAI/tarifit_asr_tfm/data/processed/segments/REC105/REC105_SEG0002_PART01.wav
REC105_SEG0002_PART02,REC105,SPK009,data/processed/segments/REC105/REC105_SEG0002_PART02.wav,13.236,nnan as xzar imeḥḍaren nnec tteggen min war iɛeddren di ssebt yarra dd xasen ma war teɣrim ca min igga dawud umi iǧuẓ netta d yinni akides,/Users/mac/masterAI/tarifit_asr_tfm/data/processed/segments/REC105/REC105_SEG0002_PART02.wav
REC105_SEG0003_PART01,REC105,SPK009,data/processed/segments/REC105/REC105_SEG0003_PART01.wav,12.676,mammec yudef ɣar taddart n arebbi icca aɣrum n wescan zi tzewḍa n sidi i war iḥeǧren macca nnes i netta ura i yinni akides maca mɣir i ikehhanen,/Users/mac/masterAI/tarifit_asr_tfm/data/processed/segments/REC105/REC105_SEG0003_PART01.wav
REC105_SEG0003_PART02,REC105,SPK009,data/processed/segments/REC105/REC105_SEG0003_PART02.wav,12.676,waha niɣ war teɣrim ca di ccariɛa belli ikehhanen inni iǧan di zzawect tameqqrant di ssebt xeṭṭan di tewṣiyyet n ssebt waxxa amenni war xasen ibin rɛib,/Users/mac/masterAI/tarifit_asr_tfm/data/processed/segments/REC105/REC105_SEG0003_PART02.wav
REC105_SEG0004,REC105,SPK009,data/processed/segments/REC105/REC105_SEG0004.wav,17.616,necc ad awem iniɣ wenni iǧan d ameqqran x zzawect tameqqrant aqa t danita maca mara tuɣa tfehmen min ixs ad yini necc xseɣ arreḥmet war iǧi d taɣarṣt xenni ad tiri war tettḥasabem ca x imezdagen minzi mmis n bnadem d bab n ssebt,/Users/mac/masterAI/tarifit_asr_tfm/data/processed/segments/REC105/REC105_SEG0004.wav
REC105_SEG0006,REC105,SPK009,data/processed/segments/REC105/REC105_SEG0006.wav,11.248,yasuɛ yuyur ssenni yudef ɣar temzida nsen xzar tuɣa din ijj n weryaz afus nnes iqucceḥ sseqsan t maḥend adas ggan taxceft nnan,/Users/mac/masterAI/tarifit_asr_tfm/data/processed/segments/REC105/REC105_SEG0006.wav
REC105_SEG0007_PART01,REC105,SPK009,data/processed/segments/REC105/REC105_SEG0007_PART01.wav,10.344,ma iɛedder usgenfi di ssebt inna asen man bnadem i dinni jar awem wenni ɣar iǧa izmar i iwḍan di tesraft di,/Users/mac/masterAI/tarifit_asr_tfm/data/processed/segments/REC105/REC105_SEG0007_PART01.wav
REC105_SEG0007_PART02,REC105,SPK009,data/processed/segments/REC105/REC105_SEG0007_PART02.wav,10.344,ssebt war t itteṭṭef ḥima ad t i dd issuffeɣ mecḥar iɛdu bnadem x izmar s uyenni iɛedder ad ittwagg min iṣebḥen di ssebt,/Users/mac/masterAI/tarifit_asr_tfm/data/processed/segments/REC105/REC105_SEG0007_PART02.wav
REC105_SEG0008,REC105,SPK009,data/processed/segments/REC105/REC105_SEG0008.wav,14.448,rexdenni inna as i bnadem nni swiẓẓeḍ afus nnec isswiẓẓeḍ afus nnes uca idwer iggenfa am wenneɣni ifarisiyyen ffɣen dd ɣar barra mcawaren xas mammec ɣa ggen ad t nɣen,/Users/mac/masterAI/tarifit_asr_tfm/data/processed/segments/REC105/REC105_SEG0008.wav
REC105_SEG0010,REC105,SPK009,data/processed/segments/REC105/REC105_SEG0010.wav,10.32,maca yasuɛ issen aya uca yuyur ssenni iḍfar i t i dd ijj n rɣaci d ameqqran issgenfa i ten marra,/Users/mac/masterAI/tarifit_asr_tfm/data/processed/segments/REC105/REC105_SEG0010.wav
REC105_SEG0011,REC105,SPK009,data/processed/segments/REC105/REC105_SEG0011.wav,9.648,yumur i ten s jjehd maḥend war xas ssuffuɣen rexbar ḥima ad ittwakemmer wawar i innan unabi icaɛya,/Users/mac/masterAI/tarifit_asr_tfm/data/processed/segments/REC105/REC105_SEG0011.wav
REC105_SEG0012,REC105,SPK009,data/processed/segments/REC105/REC105_SEG0012.wav,3.856,xzar amsexxar inu wenni farrzeɣ,/Users/mac/masterAI/tarifit_asr_tfm/data/processed/segments/REC105/REC105_SEG0012.wav
REC105_SEG0013,REC105,SPK009,data/processed/segments/REC105/REC105_SEG0013.wav,3.856,amɛizz inu wenni di ufiɣ arḍa inu,/Users/mac/masterAI/tarifit_asr_tfm/data/processed/segments/REC105/REC105_SEG0013.wav
REC105_SEG0014,REC105,SPK009,data/processed/segments/REC105/REC105_SEG0014.wav,2.384,ad xas ssarseɣ arruḥ inu,/Users/mac/masterAI/tarifit_asr_tfm/data/processed/segments/REC105/REC105_SEG0014.wav
REC105_SEG0015,REC105,SPK009,data/processed/segments/REC105/REC105_SEG0015.wav,3.76,u netta ad ibarreḥ s rḥukm i regnus,/Users/mac/masterAI/tarifit_asr_tfm/data/processed/segments/REC105/REC105_SEG0015.wav
REC105_SEG0016_PART01,REC105,SPK009,data/processed/segments/REC105/REC105_SEG0016_PART01.wav,10.36,war ittemcubbuc war isɣuyyu ura d ijj war ittesri tmijja nnes deg ibriden aɣanim yarẓen war t yareẓẓi,/Users/mac/masterAI/tarifit_asr_tfm/data/processed/segments/REC105/REC105_SEG0016_PART01.wav
REC105_SEG0016_PART02,REC105,SPK009,data/processed/segments/REC105/REC105_SEG0016_PART02.wav,10.36,ura d taftic idduxxunen war tt issxessi ar dd ɣa issuffeɣ reḥkam i ɣa inedhen i uɣelleb uca ad ssitmen regnus deg yisem nnes,/Users/mac/masterAI/tarifit_asr_tfm/data/processed/segments/REC105/REC105_SEG0016_PART02.wav
REC105_SEG0017,REC105,SPK009,data/processed/segments/REC105/REC105_SEG0017.wav,2.768,awar n yasuɛ x arruḥ iqeddsen,/Users/mac/masterAI/tarifit_asr_tfm/data/processed/segments/REC105/REC105_SEG0017.wav
REC105_SEG0018,REC105,SPK009,data/processed/segments/REC105/REC105_SEG0018.wav,7.408,rexdenni iwyen as dd ijj n umeryaḥ tuɣa t d adarɣar d aynaw uca netta issgenfa i t,/Users/mac/masterAI/tarifit_asr_tfm/data/processed/segments/REC105/REC105_SEG0018.wav
REC105_SEG0019,REC105,SPK009,data/processed/segments/REC105/REC105_SEG0019.wav,10.256,arami wenni tuɣa iǧan d aynaw d adarɣar idwer issawar u ittwara itebhet rɣaci marra nnan ma wanita war iǧi d mmis n dawud,/Users/mac/masterAI/tarifit_asr_tfm/data/processed/segments/REC105/REC105_SEG0019.wav
REC105_SEG0020,REC105,SPK009,data/processed/segments/REC105/REC105_SEG0020.wav,10.0,maca srin ifarisiyyen man aya nnan wanita issuffuɣ ccwaṭen mɣir s webrid n beɛalzabub ameqqran n ccwaṭen,/Users/mac/masterAI/tarifit_asr_tfm/data/processed/segments/REC105/REC105_SEG0020.wav
REC105_SEG0021_PART01,REC105,SPK009,data/processed/segments/REC105/REC105_SEG0021_PART01.wav,12.68,maca yasuɛ issen ixarriṣen nsen inna asen kur tageldit ittemsebḍan x yixef nnes ad tettwahellek u kur tandint niɣ taddart ittemsebḍan x,/Users/mac/masterAI/tarifit_asr_tfm/data/processed/segments/REC105/REC105_SEG0021_PART01.wav
REC105_SEG0021_PART02,REC105,SPK009,data/processed/segments/REC105/REC105_SEG0021_PART02.wav,12.68,yixef nnes war tettɣimi ca mara aqa t d cciṭan issuffuɣ cciṭan aqa netta ittemsebḍa x yixef nnes xenni mammec ɣa teqqim tgeldit nnes,/Users/mac/masterAI/tarifit_asr_tfm/data/processed/segments/REC105/REC105_SEG0021_PART02.wav
REC105_SEG0022,REC105,SPK009,data/processed/segments/REC105/REC105_SEG0022.wav,13.264,mara necc ssuffuɣeɣ ccwaṭen s webrid n beɛalzabub s min zi ten i ɣa ssuffɣen tarwa nwem s uyenni nitni ad irin d rquḍat xawem,/Users/mac/masterAI/tarifit_asr_tfm/data/processed/segments/REC105/REC105_SEG0022.wav
REC105_SEG0023,REC105,SPK009,data/processed/segments/REC105/REC105_SEG0023.wav,18.416,maca mara necc ssuffuɣeɣ ccwaṭen s arruḥ n arebbi aqa tudes awem dd tgeldit n arebbi niɣ mammec izemmar ḥed ad yadef ɣar taddart n wenni ijehden maḥend ad ikecceḍ reqcuɛ nnes mara war icarf wenni ijehden amezwaru,/Users/mac/masterAI/tarifit_asr_tfm/data/processed/segments/REC105/REC105_SEG0023.wav
REC105_SEG0024_PART01,REC105,SPK009,data/processed/segments/REC105/REC105_SEG0024_PART01.wav,10.424,awarnas ad ikecceḍ taddart nnes wenni war iǧin akidi aqa t ḍidd inu wenni war kidi issmunan aqa ittzeǧaɛ waha,/Users/mac/masterAI/tarifit_asr_tfm/data/processed/segments/REC105/REC105_SEG0024_PART01.wav
REC105_SEG0025,REC105,SPK009,data/processed/segments/REC105/REC105_SEG0025.wav,9.232,wenni i ɣa inin awar d aɛeffan x mmis n bnadem ad as ittwaɣfar maca wenni i ɣa inin awar d aɛeffan x arruḥ iqeddsen,/Users/mac/masterAI/tarifit_asr_tfm/data/processed/segments/REC105/REC105_SEG0025.wav
REC105_SEG0026_PART01,REC105,SPK009,data/processed/segments/REC105/REC105_SEG0026_PART01.wav,10.216,war d as ittwaɣfar ca ura di rweqt a ura di rweqt i dd ɣa yasen ḥesbem tacejjart d taṣebḥant ura d rɣiǧet nnes d taṣebḥant,/Users/mac/masterAI/tarifit_asr_tfm/data/processed/segments/REC105/REC105_SEG0026_PART01.wav
REC105_SEG0026_PART02,REC105,SPK009,data/processed/segments/REC105/REC105_SEG0026_PART02.wav,10.216,niɣ ḥesbem tacejjart texsar ura d rɣiǧet nnes texsar minzi tacejjart tettwassen zi rɣiǧet nnes,/Users/mac/masterAI/tarifit_asr_tfm/data/processed/segments/REC105/REC105_SEG0026_PART02.wav
REC105_SEG0027,REC105,SPK009,data/processed/segments/REC105/REC105_SEG0027.wav,1.584,ur d uqemmum,/Users/mac/masterAI/tarifit_asr_tfm/data/processed/segments/REC105/REC105_SEG0027.wav
REC105_SEG0028,REC105,SPK009,data/processed/segments/REC105/REC105_SEG0028.wav,6.8,a tarwa n ifiɣran mammec ɣa teggem ad tessiwrem x min iṣebḥen waxxa kenniw d iɛeffanen,/Users/mac/masterAI/tarifit_asr_tfm/data/processed/segments/REC105/REC105_SEG0028.wav
REC105_SEG0029_PART01,REC105,SPK009,data/processed/segments/REC105/REC105_SEG0029_PART01.wav,13.7,minzi zeg uɛemmar n wur ad issiwer uqemmum bnadem aṣebḥan issuffuɣ dd min iṣebḥen zi rkenz aṣebḥan n wur nnes uca bnadem aɛeffan issuffuɣ dd zi rkenz aɛeffan nn,/Users/mac/masterAI/tarifit_asr_tfm/data/processed/segments/REC105/REC105_SEG0029_PART01.wav
REC105_SEG0029_PART02,REC105,SPK009,data/processed/segments/REC105/REC105_SEG0029_PART02.wav,13.7,es min iɛeffnen maca necc ad awem iniɣ belli kur awar ixwan ad zzayes ssiwren iwdan ad zzayes ttwaḥasben deg wass n lḥisab minzi s wawaren nnec ad tettwaseggded,/Users/mac/masterAI/tarifit_asr_tfm/data/processed/segments/REC105/REC105_SEG0029_PART02.wav
REC105_SEG0030,REC105,SPK009,data/processed/segments/REC105/REC105_SEG0030.wav,3.144,uca s wawaren nnec ad tettwaḥasbed,/Users/mac/masterAI/tarifit_asr_tfm/data/processed/segments/REC105/REC105_SEG0030.wav
REC105_SEG0031,REC105,SPK009,data/processed/segments/REC105/REC105_SEG0031.wav,1.936,reɛramet n yunus,/Users/mac/masterAI/tarifit_asr_tfm/data/processed/segments/REC105/REC105_SEG0031.wav
REC105_SEG0032,REC105,SPK009,data/processed/segments/REC105/REC105_SEG0032.wav,15.28,ca n imsermaden n idlisen d ifarisiyyen arrin dd xas a amseɣɣar neccin nexs ad nẓar ict n reɛramet zzayek maca netta yarra dd xasen jjir aɛeffan izennan ittettar ijjen reɛramet,/Users/mac/masterAI/tarifit_asr_tfm/data/processed/segments/REC105/REC105_SEG0032.wav
REC105_SEG0033_PART01,REC105,SPK009,data/processed/segments/REC105/REC105_SEG0033_PART01.wav,14.056,war d as ittmewci ura d ict n reɛramet mɣir reɛramet n yunus minzi am mammec tuɣa yunus trata n wussan jar ǧyari d wussan deg uɛeddis n wesrem,/Users/mac/masterAI/tarifit_asr_tfm/data/processed/segments/REC105/REC105_SEG0033_PART01.wav
REC105_SEG0033_PART02,REC105,SPK009,data/processed/segments/REC105/REC105_SEG0033_PART02.wav,14.056,ammu i ɣa yiri ura d mmis n bnadem deg wur n temmurt trata n wussan jar ǧyari d wussan iryazen n ninwa ad dd kkaren deg wass n lḥisab ak d jjir a ad t ḥasben,/Users/mac/masterAI/tarifit_asr_tfm/data/processed/segments/REC105/REC105_SEG0033_PART02.wav
REC105_SEG0034,REC105,SPK009,data/processed/segments/REC105/REC105_SEG0034.wav,13.968,minzi nitni tuben s tbarreḥt n yunus uca xzarem aqa da wenni iǧan d ameqqran x yunus tajeǧidt n ljanub ad tekkar deg wass n lḥisab ak d jjir a,/Users/mac/masterAI/tarifit_asr_tfm/data/processed/segments/REC105/REC105_SEG0034.wav
REC105_SEG0035,REC105,SPK009,data/processed/segments/REC105/REC105_SEG0035.wav,11.344,ad xas teḥkem minzi nettat tusa dd zeg uneggaru n ddunect ḥima ad tser i tiɣit n suliman uca xzarem aqa da wenni iǧan d ameqqran x suliman,/Users/mac/masterAI/tarifit_asr_tfm/data/processed/segments/REC105/REC105_SEG0035.wav
REC105_SEG0036,REC105,SPK009,data/processed/segments/REC105/REC105_SEG0036.wav,4.368,awar n yasuɛ x rxedmet n raryaḥ amengus,/Users/mac/masterAI/tarifit_asr_tfm/data/processed/segments/REC105/REC105_SEG0036.wav
REC105_SEG0037,REC105,SPK009,data/processed/segments/REC105/REC105_SEG0037.wav,9.68,arami iffeɣ raryaḥ amengus zi bnadem ibda ittsara deg imucan war daysen bu waman yarezzu arraḥet war tt ittif,/Users/mac/masterAI/tarifit_asr_tfm/data/processed/segments/REC105/REC105_SEG0037.wav
REC105_SEG0038_PART01,REC105,SPK009,data/processed/segments/REC105/REC105_SEG0038_PART01.wav,10.616,rexdenni ad yini ad dewreɣ ɣar taddart inu manis dd ffɣeɣ uca iruḥ yufa i tt texwa tfarḍ tsettef rexden,/Users/mac/masterAI/tarifit_asr_tfm/data/processed/segments/REC105/REC105_SEG0038_PART01.wav
REC105_SEG0038_PART02,REC105,SPK009,data/processed/segments/REC105/REC105_SEG0038_PART02.wav,10.616,ni yuyur uca yiwi akides sebɛa n raryaḥ nneɣni d iɛeffanen ktar zzayes ad dd adfen ad raḥen ad zedɣen diha,/Users/mac/masterAI/tarifit_asr_tfm/data/processed/segments/REC105/REC105_SEG0038_PART02.wav
REC105_SEG0039,REC105,SPK009,data/processed/segments/REC105/REC105_SEG0039.wav,9.264,uca aneggaru n bnadem nni ad idwer mahu x umezwaru ammu i ɣa yiri ɛawed ak d jjir a aɛeffan,/Users/mac/masterAI/tarifit_asr_tfm/data/processed/segments/REC105/REC105_SEG0039.wav
REC105_SEG0040,REC105,SPK009,data/processed/segments/REC105/REC105_SEG0040.wav,2.512,yemmas d aytmas n yasuɛ,/Users/mac/masterAI/tarifit_asr_tfm/data/processed/segments/REC105/REC105_SEG0040.wav
REC105_SEG0041,REC105,SPK009,data/processed/segments/REC105/REC105_SEG0041.wav,19.472,rami tuɣa ɛad issawar ak d rɣaci xzar yemmas d aytmas bedden barra arezzun ad kides ssiwren inna as ijjen xzar yemmac d aytmac bedden di barra arezzun ad kidek ssiwren maca netta yarra dd x wenni tuɣa d as t innan inna,/Users/mac/masterAI/tarifit_asr_tfm/data/processed/segments/REC105/REC105_SEG0041.wav
REC105_SEG0042,REC105,SPK009,data/processed/segments/REC105/REC105_SEG0042.wav,18.806,min teɛna yemma d min ɛnan aytma xas uca isswiẓẓeḍ s ufus nnes ɣar imeḥḍaren nnes inna xzar yemma xzar aytma minzi man wen itteggen min ixs baba i iǧan deg ijenwan aqa netta d uma d ucma d yemma,/Users/mac/masterAI/tarifit_asr_tfm/data/processed/segments/REC105/REC105_SEG0042.wav
REC106_SEG0001,REC106,SPK009,data/processed/segments/REC106/REC106_SEG0001.wav,2.512,amedya n ufeǧaḥ izarrɛen,/Users/mac/masterAI/tarifit_asr_tfm/data/processed/segments/REC106/REC106_SEG0001.wav
REC106_SEG0002,REC106,SPK009,data/processed/segments/REC106/REC106_SEG0002.wav,14.448,deg wass nni iffeɣ yasuɛ zi taddart iruḥ iqqim x tma n rebḥar imun dd xas ijj n uhimur n rɣaci arami yenya di uɣarrabu iqqim dayes uca rɣaci marra bedden x tma,/Users/mac/masterAI/tarifit_asr_tfm/data/processed/segments/REC106/REC106_SEG0002.wav
REC106_SEG0003,REC106,SPK009,data/processed/segments/REC106/REC106_SEG0003.wav,11.952,issiwer akidsen x waṭṭas n tmesrayin s imedya inna xzar afeǧaḥ iffeɣ ḥima ad izarɛ am tuɣa izarreɛ tewḍa ca n zzariɛet x tma n webrid,/Users/mac/masterAI/tarifit_asr_tfm/data/processed/segments/REC106/REC106_SEG0003.wav
REC106_SEG0004,REC106,SPK009,data/processed/segments/REC106/REC106_SEG0004.wav,11.824,xeccen dd ijḍaḍ neqben tt tewḍa ca nneɣni x weẓru mani tuɣa war iǧi ucar aṭṭas deɣya teɣmi dd s minzi tammurt war tuǧiɣ,/Users/mac/masterAI/tarifit_asr_tfm/data/processed/segments/REC106/REC106_SEG0004.wav
REC106_SEG0005_PART01,REC106,SPK009,data/processed/segments/REC106/REC106_SEG0005_PART01.wav,13.224,umi dd tenqar tfuct icmeḍ uɣemmuy uca israw minzi war ɣares tuɣi bu weẓwar ca nneɣni tewḍa x isennanen mɣaren isennanen jiyyfen tt ca nneɣn,/Users/mac/masterAI/tarifit_asr_tfm/data/processed/segments/REC106/REC106_SEG0005_PART01.wav
REC106_SEG0005_PART02,REC106,SPK009,data/processed/segments/REC106/REC106_SEG0005_PART02.wav,13.224,i tewḍa x temmurt taṣebḥant tiwi dd rɣiǧet ca mya ca nneɣni settin ca nneɣni tratin n tseqqar wenni ɣar iǧa imezzuɣen i useǧi ejj i t ad iser,/Users/mac/masterAI/tarifit_asr_tfm/data/processed/segments/REC106/REC106_SEG0005_PART02.wav
REC106_SEG0006,REC106,SPK009,data/processed/segments/REC106/REC106_SEG0006.wav,16.496,xas uca usin dd ɣares imeḥḍaren nnes nnan as mayemmi akidsen tessawared s imedya netta yarra dd inna asen minzi immewc awem ad tessnem ssirr n tgeldit n ijenwan,/Users/mac/masterAI/tarifit_asr_tfm/data/processed/segments/REC106/REC106_SEG0006.wav
REC106_SEG0007,REC106,SPK009,data/processed/segments/REC106/REC106_SEG0007.wav,15.12,nitni maca war d asen t immewc ca minzi wenni ɣar iǧa ad as immewc uca ad ɣares yiri s waṭṭas maca wenni war ɣar iǧi ca ad zzayes ittwakkes ura d min ɣares,/Users/mac/masterAI/tarifit_asr_tfm/data/processed/segments/REC106/REC106_SEG0007.wav
REC106_SEG0008,REC106,SPK009,data/processed/segments/REC106/REC106_SEG0008.wav,17.552,s uyenni ssawareɣ akidsen s imedya arami nitni ttwaran am war ttwirin u ttesran am war ttesrin war fehhmen daysen i ɣa ikemmer wawar i inebba icaɛya inna s useǧi ad tesrem maca war tfehhmen,/Users/mac/masterAI/tarifit_asr_tfm/data/processed/segments/REC106/REC106_SEG0008.wav
REC106_SEG0009_PART01,REC106,SPK009,data/processed/segments/REC106/REC106_SEG0009_PART01.wav,11.848,s tmuɣri ad tẓarem maca war tfettnem maɣar ur n rgens a aqa iqbubbez imezzuɣen nsen ḍeqren deg useǧi u nitni aqa,/Users/mac/masterAI/tarifit_asr_tfm/data/processed/segments/REC106/REC106_SEG0009_PART01.wav
REC106_SEG0009_PART02,REC106,SPK009,data/processed/segments/REC106/REC106_SEG0009_PART02.wav,11.848,qqnen tiṭṭawin nsen maḥend war ttwirin s tiṭṭawin nsen ad sren s imezzuɣen nsen ad fehmen s wur nsen ḥima ad tuben uca necc ad ten ssgenfiɣ,/Users/mac/masterAI/tarifit_asr_tfm/data/processed/segments/REC106/REC106_SEG0009_PART02.wav
REC106_SEG0010,REC106,SPK009,data/processed/segments/REC106/REC106_SEG0010.wav,18.96,maca sseɛd n tiṭṭawin nwem umi ttwarant sseɛd n imezzuɣen nwem umi ttesran s tidett necc ad awem iniɣ aṭṭas n inabiyyen d imseggaden tuɣa xsen ad ẓaren min teẓrim maca war t ẓrin xsen ad sren min tesrim war t srin,/Users/mac/masterAI/tarifit_asr_tfm/data/processed/segments/REC106/REC106_SEG0010.wav
REC106_SEG0012_PART01,REC106,SPK009,data/processed/segments/REC106/REC106_SEG0012_PART01.wav,13.24,xenni kenniw srem i umedya n wenni izarrɛen kur ijjen wenni ittesran i wawar n tgeldit uca war t ifhim ad ɣares dd yas umɛeffan ad ixḍef min ittwaz,/Users/mac/masterAI/tarifit_asr_tfm/data/processed/segments/REC106/REC106_SEG0012_PART01.wav
REC106_SEG0012_PART02,REC106,SPK009,data/processed/segments/REC106/REC106_SEG0012_PART02.wav,13.24,arɛen deg wur nnes aqa d man aya min ittwazarɛen x tma n webrid min ittwazarɛen x weẓru aqa wa d wenni i ɣa iseǧen awar ad t iqber deɣya s refraḥet,/Users/mac/masterAI/tarifit_asr_tfm/data/processed/segments/REC106/REC106_SEG0012_PART02.wav
REC106_SEG0013,REC106,SPK009,data/processed/segments/REC106/REC106_SEG0013.wav,11.952,maca war d as iwti ca weẓwar deg ixef nnes ad iqqim drus waha xmi dd ɣa tas rmeḥnet niɣ amarret di ṭṭweɛ n wawar ad innedref deɣya,/Users/mac/masterAI/tarifit_asr_tfm/data/processed/segments/REC106/REC106_SEG0013.wav
REC106_SEG0014_PART01,REC106,SPK009,data/processed/segments/REC106/REC106_SEG0014_PART01.wav,14.44,min ittwazarɛen jar isennanen aqa wa d wenni ittesran awar maca amnus n rweqt a d uɣekkwi n wagra ad jiyyfen awar uca netta war dd ittiwi ca rɣiǧet min ittwazarɛen,/Users/mac/masterAI/tarifit_asr_tfm/data/processed/segments/REC106/REC106_SEG0014_PART01.wav
REC106_SEG0014_PART02,REC106,SPK009,data/processed/segments/REC106/REC106_SEG0014_PART02.wav,14.44,di temmurt taṣebḥant aqa wa d wenni ittesran awar uca ad t ifhem ad yarbu u ad dd yawi xenni rɣiǧet ijjen ad yaru mya n tseqqar wenneɣni settin uca wenneɣni tratin,/Users/mac/masterAI/tarifit_asr_tfm/data/processed/segments/REC106/REC106_SEG0014_PART02.wav
REC106_SEG0015,REC106,SPK009,data/processed/segments/REC106/REC106_SEG0015.wav,3.312,amedya n rḥayyar di rwest n yirden,/Users/mac/masterAI/tarifit_asr_tfm/data/processed/segments/REC106/REC106_SEG0015.wav
REC106_SEG0016,REC106,SPK009,data/processed/segments/REC106/REC106_SEG0016.wav,9.68,iwca asen ijj n umedya nneɣni inna tageldit n ijenwan am yijj n bnadem tuɣa izarreɛ zzariɛet taṣebḥant deg iyyar nnes,/Users/mac/masterAI/tarifit_asr_tfm/data/processed/segments/REC106/REC106_SEG0016.wav
REC106_SEG0017_PART01,REC106,SPK009,data/processed/segments/REC106/REC106_SEG0017_PART01.wav,12.504,arami tuɣa iwdan ṭṭṣen yusa dd reɛdu nnes izarɛ rḥayyar di rwesṭ n yirden uca yuyur arami dd imɣar uɣemmuy uca yiwi dd rɣiǧet rexdenni iḍhar,/Users/mac/masterAI/tarifit_asr_tfm/data/processed/segments/REC106/REC106_SEG0017_PART01.wav
REC106_SEG0017_PART02,REC106,SPK009,data/processed/segments/REC106/REC106_SEG0017_PART02.wav,12.504,dd rḥayyar tanya xenni usin dd imsexxaren n bab n taddart nnan as a siditneɣ ma war tzarɛed ca zzariɛet taṣebḥant deg iyyar nnec,/Users/mac/masterAI/tarifit_asr_tfm/data/processed/segments/REC106/REC106_SEG0017_PART02.wav
REC106_SEG0018_PART01,REC106,SPK009,data/processed/segments/REC106/REC106_SEG0018_PART01.wav,12.392,manis i dd yusa rḥayyar a n inna asen aqa reɛdu igga man aya nnan as imsexxaren ma texsed ad nraḥ ad t neyru maca netta inna lla,/Users/mac/masterAI/tarifit_asr_tfm/data/processed/segments/REC106/REC106_SEG0018_PART01.wav
REC106_SEG0018_PART02,REC106,SPK009,data/processed/segments/REC106/REC106_SEG0018_PART02.wav,12.392,ḥima xmi ɣa tyarrwem rḥayyar war kis tqeǧɛem ura d irden ejj i ten ad mɣaren s tnayen ar tameyra di rweqt n tmeyra ad iniɣ i icuwaren,/Users/mac/masterAI/tarifit_asr_tfm/data/processed/segments/REC106/REC106_SEG0018_PART02.wav
REC106_SEG0019,REC106,SPK009,data/processed/segments/REC106/REC106_SEG0019.wav,9.488,yarwem amezwar rḥayyar ceddem t di tqebbiṭin ḥima ad ittwassecmeḍ maca irden yarwem t di rmarsi inu,/Users/mac/masterAI/tarifit_asr_tfm/data/processed/segments/REC106/REC106_SEG0019.wav
REC106_SEG0020,REC106,SPK009,data/processed/segments/REC106/REC106_SEG0020.wav,5.392,amedya n tḥebbuct n zzariɛet n uxerdel d umedya n wentun,/Users/mac/masterAI/tarifit_asr_tfm/data/processed/segments/REC106/REC106_SEG0020.wav
REC106_SEG0021_PART01,REC106,SPK009,data/processed/segments/REC106/REC106_SEG0021_PART01.wav,14.248,iwca asen ɛawed ijj n umedya nneɣni inna tageldit n ijenwan am yict n tḥebbuct n zzariɛet n uxerdel yiwyi tt i dd ijj n weryaz izarɛ i tt deg iyyar nnes waxxa nettat d tameẓyant qaɛ,/Users/mac/masterAI/tarifit_asr_tfm/data/processed/segments/REC106/REC106_SEG0021_PART01.wav
REC106_SEG0021_PART02,REC106,SPK009,data/processed/segments/REC106/REC106_SEG0021_PART02.wav,14.248,zi marra zzariɛet nneɣni xmi tmeqqar teddekkwar d tameqqrant zi marra tinni uca tdekkwar d tacejjart maḥend ad ɣares dd asen yijḍaḍ n ujenna uca ad ggen reɛwacc nsen x refruɛ nnes,/Users/mac/masterAI/tarifit_asr_tfm/data/processed/segments/REC106/REC106_SEG0021_PART02.wav
REC106_SEG0022,REC106,SPK009,data/processed/segments/REC106/REC106_SEG0022.wav,11.088,iwca asen ɛawed ijj n umedya nneɣni inna tageldit n ijenwan am wentun tiwyi t i dd ict n temɣart uca tessnuffar i t di trata n remdud n waren,/Users/mac/masterAI/tarifit_asr_tfm/data/processed/segments/REC106/REC106_SEG0022.wav
REC106_SEG0023_PART01,REC106,SPK009,data/processed/segments/REC106/REC106_SEG0023_PART01.wav,11.48,arami issmemm warecti qaɛ marra man aya issiwer zzayes yasuɛ i rɣaci s imettiren uca bra amedya war kisen issiwer ca ḥi,/Users/mac/masterAI/tarifit_asr_tfm/data/processed/segments/REC106/REC106_SEG0023_PART01.wav
REC106_SEG0023_PART02,REC106,SPK009,data/processed/segments/REC106/REC106_SEG0023_PART02.wav,11.48,ima ad ittwakemmer min xef issiwer unabi i innan ad arezmeɣ aqemmum inu s imedya ad barrḥeɣ s min innufaren zeg wami ittwagg dsas n ddunect,/Users/mac/masterAI/tarifit_asr_tfm/data/processed/segments/REC106/REC106_SEG0023_PART02.wav
REC106_SEG0024,REC106,SPK009,data/processed/segments/REC106/REC106_SEG0024.wav,4.4,afessar n umedya n rḥayyar di rwest n yirden,/Users/mac/masterAI/tarifit_asr_tfm/data/processed/segments/REC106/REC106_SEG0024.wav
REC106_SEG0025_PART01,REC106,SPK009,data/processed/segments/REC106/REC106_SEG0025_PART01.wav,14.152,rami ismeḥ yasuɛ di rɣaci ad uyuren iruḥ ɣar taddart usin dd ɣares imeḥḍaren nnes qqaren ini aneɣ min ixs ad yini umedya n rḥayyar d iyyar yarra dd inna asen,/Users/mac/masterAI/tarifit_asr_tfm/data/processed/segments/REC106/REC106_SEG0025_PART01.wav
REC106_SEG0025_PART02,REC106,SPK009,data/processed/segments/REC106/REC106_SEG0025_PART02.wav,14.152,wenni izarrɛen zzariɛet taṣebḥant netta d mmis n bnadem iyyar d ddunect uca zzariɛet taṣebḥant nettat d tarwa n tgeldit uca rḥayyar netta d tarwa n umɛeffan,/Users/mac/masterAI/tarifit_asr_tfm/data/processed/segments/REC106/REC106_SEG0025_PART02.wav
REC106_SEG0026,REC106,SPK009,data/processed/segments/REC106/REC106_SEG0026.wav,4.496,reɛdu wenni t izarɛen aqa netta d cciṭan,/Users/mac/masterAI/tarifit_asr_tfm/data/processed/segments/REC106/REC106_SEG0026.wav
REC106_SEG0027_PART01,REC106,SPK009,data/processed/segments/REC106/REC106_SEG0027_PART01.wav,12.696,uca ṣṣabet aqa nettat d qeṭṭu n ddunect u inni imejjaren nitni d lmalakat am mammec ssmunen rḥayyar uca sscemḍen t s tmessi,/Users/mac/masterAI/tarifit_asr_tfm/data/processed/segments/REC106/REC106_SEG0027_PART01.wav
REC106_SEG0027_PART02,REC106,SPK009,data/processed/segments/REC106/REC106_SEG0027_PART02.wav,12.696,ammu i ɣa yiri ɣar qeṭṭu n ddunect a mmis n bnadem ad dd issekk lmalakat nnes ad ssḥeyydent zi tgeldit nnes qaɛ tiɛenkrifin d marra iɛeffanen,/Users/mac/masterAI/tarifit_asr_tfm/data/processed/segments/REC106/REC106_SEG0027_PART02.wav
REC106_SEG0028,REC106,SPK009,data/processed/segments/REC106/REC106_SEG0028.wav,17.04,ad ten nḍaren di rkuccet n tmessi mani ɣa yirin imeṭṭawen d uɣezzi n teɣmas xenni imseggaden ad arɣen am tfuct di tgeldit n babatsen wenni ɣar iǧa imezzuɣen i useǧi ad iser,/Users/mac/masterAI/tarifit_asr_tfm/data/processed/segments/REC106/REC106_SEG0028.wav
REC106_SEG0029,REC106,SPK009,data/processed/segments/REC106/REC106_SEG0029.wav,5.136,amedya n rkenz deg iyyar d umedya n tyaqut,/Users/mac/masterAI/tarifit_asr_tfm/data/processed/segments/REC106/REC106_SEG0029.wav
REC106_SEG0030_PART01,REC106,SPK009,data/processed/segments/REC106/REC106_SEG0030_PART01.wav,14.472,tageldit n ijenwan ɛawed am yijj n rkenz ittwassnuffaren deg iyyar yufa i t ijj n weryaz issnuffar i t uca di refraḥet nnes yuyur izzenz qaɛ min iǧan ɣares uca,/Users/mac/masterAI/tarifit_asr_tfm/data/processed/segments/REC106/REC106_SEG0030_PART01.wav
REC106_SEG0030_PART02,REC106,SPK009,data/processed/segments/REC106/REC106_SEG0030_PART02.wav,14.472,isɣa iyyar nni tageldit n ijenwan ɛawed am yijj n usebbab i yarezzun tiyaqutin tiṣebḥanin rami yufa ict n tyaqut tiɣra aṭṭas yuyur izzenz marra min tuɣa ɣares xenni isɣa i tt,/Users/mac/masterAI/tarifit_asr_tfm/data/processed/segments/REC106/REC106_SEG0030_PART02.wav
REC106_SEG0031,REC106,SPK009,data/processed/segments/REC106/REC106_SEG0031.wav,2.32,amedya n tracca n iserman,/Users/mac/masterAI/tarifit_asr_tfm/data/processed/segments/REC106/REC106_SEG0031.wav
REC106_SEG0032_PART01,REC106,SPK009,data/processed/segments/REC106/REC106_SEG0032_PART01.wav,11.272,tageldit n ijenwan ɛawed am tracca mmenḍaren tt di rebḥar teyru ɛram kur asrem xmi teccur ssuffɣen tt i dd ibeḥriyyen ɣar tma n rebḥar,/Users/mac/masterAI/tarifit_asr_tfm/data/processed/segments/REC106/REC106_SEG0032_PART01.wav
REC106_SEG0032_PART02,REC106,SPK009,data/processed/segments/REC106/REC106_SEG0032_PART02.wav,11.272,uca add qqimen uca farzen zzayes min iṣebḥen di reqcuɛ nsen maca min war iḥrin nḍaren t ammu i ɣa tiri di qeṭṭu n ddunect,/Users/mac/masterAI/tarifit_asr_tfm/data/processed/segments/REC106/REC106_SEG0032_PART02.wav
REC106_SEG0033,REC106,SPK009,data/processed/segments/REC106/REC106_SEG0033.wav,11.856,ad dd ffɣent lmalakat ad farnent iɛeffanen zi rwesṭ n imseggaden ad ten nḍarent di rkuccet n tmessi mani ɣa yirin imeṭṭawen d uɣezzi n teɣmas,/Users/mac/masterAI/tarifit_asr_tfm/data/processed/segments/REC106/REC106_SEG0033.wav
REC106_SEG0034_PART01,REC106,SPK009,data/processed/segments/REC106/REC106_SEG0034_PART01.wav,10.648,inna asen yasuɛ ma tfehmem i marra man aya nnan as wah a siditneɣ xenni inna asen s uya kur amsermad n idlisen wen,/Users/mac/masterAI/tarifit_asr_tfm/data/processed/segments/REC106/REC106_SEG0034_PART01.wav
REC106_SEG0034_PART02,REC106,SPK009,data/processed/segments/REC106/REC106_SEG0034_PART02.wav,10.648,ni idwer d ameḥḍar n tgeldit n ijenwan aqa igga am yijj n bab n taddart issuffuɣ zi rkenz nnes min iǧan d jdid u min iǧan d aqdim,/Users/mac/masterAI/tarifit_asr_tfm/data/processed/segments/REC106/REC106_SEG0034_PART02.wav
REC106_SEG0035,REC106,SPK009,data/processed/segments/REC106/REC106_SEG0035.wav,4.624,anabi war ɣares bu ccan di tendint nnes,/Users/mac/masterAI/tarifit_asr_tfm/data/processed/segments/REC106/REC106_SEG0035.wav
REC106_SEG0036_PART01,REC106,SPK009,data/processed/segments/REC106/REC106_SEG0036_PART01.wav,10.552,rami ikemmer yasuɛ imedya ya yuyur ssenni rami dd yusa ɣar temmurt nnes ikkar issermad i ten di te,/Users/mac/masterAI/tarifit_asr_tfm/data/processed/segments/REC106/REC106_SEG0036_PART01.wav
REC106_SEG0036_PART02,REC106,SPK009,data/processed/segments/REC106/REC106_SEG0036_PART02.wav,10.552,mzida nsen arami qqimen tbehten nnan manis d as dd tekka tiɣit a d reɛjayeb a ma war iǧi wa d mmis n unejjar,/Users/mac/masterAI/tarifit_asr_tfm/data/processed/segments/REC106/REC106_SEG0036_PART02.wav
REC106_SEG0037,REC106,SPK009,data/processed/segments/REC106/REC106_SEG0037.wav,8.304,ma war qqaren i yemmas maryam d aytmas ma war d asen qqaren yaɛqub d yasi d cimɛun d yahuda,/Users/mac/masterAI/tarifit_asr_tfm/data/processed/segments/REC106/REC106_SEG0037.wav
REC106_SEG0038,REC106,SPK009,data/processed/segments/REC106/REC106_SEG0038.wav,2.512,ma war ǧint suyetmas qaɛ ɣarneɣ,/Users/mac/masterAI/tarifit_asr_tfm/data/processed/segments/REC106/REC106_SEG0038.wav
REC106_SEG0039,REC106,SPK009,data/processed/segments/REC106/REC106_SEG0039.wav,18.48,manis d as dd ikka man aya marra uca nderfen zzayes maca yasuɛ inna asen anabi ɛemmarṣ war iǧi bra ccan mɣir di tendint nnes u di taddart nnes uca war iggi diha reɛjayeb aṭṭas zi ssibbet n bra l iman nsen,/Users/mac/masterAI/tarifit_asr_tfm/data/processed/segments/REC106/REC106_SEG0039.wav
REC107_SEG0001,REC107,SPK009,data/processed/segments/REC107/REC107_SEG0001.wav,2.384,rmewt n yuḥanna amseɣḍaṣ,/Users/mac/masterAI/tarifit_asr_tfm/data/processed/segments/REC107/REC107_SEG0001.wav
REC107_SEG0002_PART01,REC107,SPK009,data/processed/segments/REC107/REC107_SEG0002_PART01.wav,13.908,di rweqt nni isra hirudus rḥakem x ijj n arbaɛ n temmurt rexbar x yasuɛ inna i yimsexxaren nnes wanita d yuḥanna amseɣḍaṣ aqa ittwassnekkar dd zi taddart n imettinen,/Users/mac/masterAI/tarifit_asr_tfm/data/processed/segments/REC107/REC107_SEG0002_PART01.wav
REC107_SEG0002_PART02,REC107,SPK009,data/processed/segments/REC107/REC107_SEG0002_PART02.wav,13.908,s uyenni xedmment dayes reɛjayeb nni minzi hirudus tuɣa iṭṭef yuḥanna icarf i t igga i t di reḥbes zi ssibbet n hirudiyya tenni d tamɣart n filippus,/Users/mac/masterAI/tarifit_asr_tfm/data/processed/segments/REC107/REC107_SEG0002_PART02.wav
REC107_SEG0003,REC107,SPK009,data/processed/segments/REC107/REC107_SEG0003.wav,17.0,wenni d umas n hirudus minzi yuḥanna tuɣa iqqar as war ɣarek bu ttesriḥ aqa tiwyed tt d tamɣart nnec s uya tuɣa ixs ad t ineɣ maca tuɣa iggʷed zi rɣaci minzi nitni ḥesben t d anabi,/Users/mac/masterAI/tarifit_asr_tfm/data/processed/segments/REC107/REC107_SEG0003.wav
REC107_SEG0004,REC107,SPK009,data/processed/segments/REC107/REC107_SEG0004.wav,16.016,maca rami dd yiweḍ wass n wexraq n hirudus tecḍeḥ yeǧis n hirudiyya zzat i inewjiwen i dinni iqqimen uca teɛjeb as i hirudus s uyenni inna as s ict n tjaǧit ad as iwc marra min i ɣa tettar,/Users/mac/masterAI/tarifit_asr_tfm/data/processed/segments/REC107/REC107_SEG0004.wav
REC107_SEG0005_PART01,REC107,SPK009,data/processed/segments/REC107/REC107_SEG0005_PART01.wav,11.464,uca nettat am tt tuɣa tettwaɛarren zeg yemmas tenna ewc ayi da x ṭṭebṣi azeǧif n yuḥanna amseɣḍaṣ icḍen ujeǧid maca umi tuɣa ij,/Users/mac/masterAI/tarifit_asr_tfm/data/processed/segments/REC107/REC107_SEG0005_PART01.wav
REC107_SEG0005_PART02,REC107,SPK009,data/processed/segments/REC107/REC107_SEG0005_PART02.wav,11.464,juǧ u x ssibbet n yinni akides iqqimen yumur ad as immewc uzeǧif issekk ḥed ɣares ḥima ad iqess azeǧif i yuḥanna di reḥbes,/Users/mac/masterAI/tarifit_asr_tfm/data/processed/segments/REC107/REC107_SEG0005_PART02.wav
REC107_SEG0006,REC107,SPK009,data/processed/segments/REC107/REC107_SEG0006.wav,13.68,iwyen dd azeǧif nnes di ṭṭebṣi immewc as i tḥenjirt uca nettat tiwyi t i yemmas usin dd imeḥḍaren nnes ksin rxecbet neḍren tt rexdenni ruḥen xebbaren yasuɛ,/Users/mac/masterAI/tarifit_asr_tfm/data/processed/segments/REC107/REC107_SEG0006.wav
REC107_SEG0007,REC107,SPK009,data/processed/segments/REC107/REC107_SEG0007.wav,5.392,lmuɛjiza n usecci amezwaru,/Users/mac/masterAI/tarifit_asr_tfm/data/processed/segments/REC107/REC107_SEG0007.wav
REC107_SEG0008_PART01,REC107,SPK009,data/processed/segments/REC107/REC107_SEG0008_PART01.wav,11.0,rami isra yasuɛ man aya iffeɣ ssenni deg uɣarrabu ɣar ijj n wemcan ixran tuɣa t din weḥḥdes isra rɣaci x man aya uca ḍfaren,/Users/mac/masterAI/tarifit_asr_tfm/data/processed/segments/REC107/REC107_SEG0008_PART01.wav
REC107_SEG0008_PART02,REC107,SPK009,data/processed/segments/REC107/REC107_SEG0008_PART02.wav,11.0,t x temmurt zi tneddam umi dd iffeɣ yasuɛ zi tɣarrabut iẓra aṭṭas n rɣaci uca iḥinn xasen issgenfa imehrac nsen,/Users/mac/masterAI/tarifit_asr_tfm/data/processed/segments/REC107/REC107_SEG0008_PART02.wav
REC107_SEG0009,REC107,SPK009,data/processed/segments/REC107/REC107_SEG0009.wav,14.96,rami dd tiweḍ tmeddit usin dd ɣares imeḥḍaren nnes nnan aqa amcan a ixra u rweqt teɛdu zeɛma sqebbeḍ rɣaci ḥima ad uyuren ɣar redcur ad sɣen min ɣa ccen i yixef nsen,/Users/mac/masterAI/tarifit_asr_tfm/data/processed/segments/REC107/REC107_SEG0009.wav
REC107_SEG0010_PART01,REC107,SPK009,data/processed/segments/REC107/REC107_SEG0010_PART01.wav,10.616,inna asen nhra ma ruḥen wcem asen kenniw min ɣa ccen nnan as war da walu mɣir xemsa n tecnifin d tnayen n iserman,/Users/mac/masterAI/tarifit_asr_tfm/data/processed/segments/REC107/REC107_SEG0010_PART01.wav
REC107_SEG0010_PART02,REC107,SPK009,data/processed/segments/REC107/REC107_SEG0010_PART02.wav,10.616,inna awyem ten dd da ɣari xenni yumur rɣaci ad qqimen x arbiɛ xenni iṭṭef xemsa n tecnifin d tnayen nni n iserman,/Users/mac/masterAI/tarifit_asr_tfm/data/processed/segments/REC107/REC107_SEG0010_PART02.wav
REC107_SEG0011_PART01,REC107,SPK009,data/processed/segments/REC107/REC107_SEG0011_PART01.wav,11.672,ixzar ɣar ujenna ibarek yarẓa i tent uca iwca ticnifin nni i imeḥḍaren u imeḥḍaren wcin tent i rɣaci marra ccin jjiwnen,/Users/mac/masterAI/tarifit_asr_tfm/data/processed/segments/REC107/REC107_SEG0011_PART01.wav
REC107_SEG0011_PART02,REC107,SPK009,data/processed/segments/REC107/REC107_SEG0011_PART02.wav,11.672,rexdenni ksin ireqqwaz iceṭṭen tuɣa din tenɛac n tsuǧatin ɛemmarent inni ccin tuɣa aten di xemsa aref n yeryazen bra timɣarin d iḥenjiren,/Users/mac/masterAI/tarifit_asr_tfm/data/processed/segments/REC107/REC107_SEG0011_PART02.wav
REC107_SEG0012,REC107,SPK009,data/processed/segments/REC107/REC107_SEG0012.wav,11.024,yasuɛ iggur x waman n rebḥar deɣya iziyyar yasuɛ imeḥḍaren nnes ad nyen di tɣarrabut uca ad as izwaren ɣar ujemmaḍ,/Users/mac/masterAI/tarifit_asr_tfm/data/processed/segments/REC107/REC107_SEG0012.wav
REC107_SEG0013_PART01,REC107,SPK009,data/processed/segments/REC107/REC107_SEG0013_PART01.wav,14.552,am issqebbeḍ netta rɣaci awarni rami issqebbeḍ rɣaci igeɛɛed ɣar wedrar weḥḥdes ḥima ad iẓẓaǧ rami dd tiweḍ tmeddit tuɣa iqqim din weḥḥdes aɣarrabu tuɣa tiggʷej x temmurt,/Users/mac/masterAI/tarifit_asr_tfm/data/processed/segments/REC107/REC107_SEG0013_PART01.wav
REC107_SEG0013_PART02,REC107,SPK009,data/processed/segments/REC107/REC107_SEG0013_PART02.wav,14.552,kilumiter uca tettwaɛarn zi ssa ɣar diha s remwaj minzi asemmiḍ yusa asen dd deg wudem maca deg ḥeṭṭu wiss arebɛa n ǧiret yusa dd ɣarsen yasuɛ am iggur x waman n rebḥar,/Users/mac/masterAI/tarifit_asr_tfm/data/processed/segments/REC107/REC107_SEG0013_PART02.wav
REC107_SEG0014,REC107,SPK009,data/processed/segments/REC107/REC107_SEG0014.wav,4.944,umi t ẓrin imeḥḍaren iggur x waman n rebḥar nnxerɛen nnan,/Users/mac/masterAI/tarifit_asr_tfm/data/processed/segments/REC107/REC107_SEG0014.wav
REC107_SEG0015_PART01,REC107,SPK009,data/processed/segments/REC107/REC107_SEG0015_PART01.wav,13.78,wa d rewḥiy aɣeddar uca sɣuyen zi tiggʷudi deɣya issiwer dd ɣarsen yasuɛ inna ggem ur aqa d necc war tteggʷedem ca buṭrus yarra dd xas inna,/Users/mac/masterAI/tarifit_asr_tfm/data/processed/segments/REC107/REC107_SEG0015_PART01.wav
REC107_SEG0015_PART02,REC107,SPK009,data/processed/segments/REC107/REC107_SEG0015_PART02.wav,13.78,a sidi mara d cek weṣṣa ayi ad ɣarek dd aseɣ x waman inna as as dd ihwa dd buṭrus zeg uɣarrabu yuyur x waman ḥima ad dd yaweḍ ɣar yasuɛ,/Users/mac/masterAI/tarifit_asr_tfm/data/processed/segments/REC107/REC107_SEG0015_PART02.wav
REC107_SEG0016,REC107,SPK009,data/processed/segments/REC107/REC107_SEG0016.wav,10.152,maca umi iẓra asemmiḍ ijhed terqef i t tiggʷudi uca am ibda iɣarreq iraɣa inna a sidi senjem ayi,/Users/mac/masterAI/tarifit_asr_tfm/data/processed/segments/REC107/REC107_SEG0016.wav
REC107_SEG0017_PART01,REC107,SPK009,data/processed/segments/REC107/REC107_SEG0017_PART01.wav,10.248,yasuɛ isswiẓẓeḍ siditneɣ afus nnes iṭṭef dayes inna as a cek wenni di iǧa drus n l iman mayemmi dayek yudef ccek awarni,/Users/mac/masterAI/tarifit_asr_tfm/data/processed/segments/REC107/REC107_SEG0017_PART01.wav
REC107_SEG0017_PART02,REC107,SPK009,data/processed/segments/REC107/REC107_SEG0017_PART02.wav,10.248,rami nyin deg uɣarrabu yarsa usemmiḍ inni iǧan deg uɣarrabu usin dd ɣares sejden as nnan s tidett cek d mmis n arebbi,/Users/mac/masterAI/tarifit_asr_tfm/data/processed/segments/REC107/REC107_SEG0017_PART02.wav
REC107_SEG0019_PART01,REC107,SPK009,data/processed/segments/REC107/REC107_SEG0019_PART01.wav,11.913,awarni rami ẓwan rebḥar iwḍen ɣar temmurt n jinnisaret rami t ɛeqren yeryazen n temmurt nni ssuffɣen rexbar di marra dcurat i d as dd innḍen iwyen dd ɣares,/Users/mac/masterAI/tarifit_asr_tfm/data/processed/segments/REC107/REC107_SEG0019_PART01.wav
REC107_SEG0019_PART02,REC107,SPK009,data/processed/segments/REC107/REC107_SEG0019_PART02.wav,11.913,marra inni tuɣa ihercen aṭṭas uca ttaren zzayes ad ten yejj ad ḥadan mɣir abeḥrur n ujeǧab nnes u marra inni t iḥadan dewren ggenfan,/Users/mac/masterAI/tarifit_asr_tfm/data/processed/segments/REC107/REC107_SEG0019_PART02.wav
REC108_SEG0001,REC108,SPK009,data/processed/segments/REC108/REC108_SEG0001.wav,4.24,ccariɛa n arebbi war tettis ak d tɣuri d tweṣṣa n iwdan,/Users/mac/masterAI/tarifit_asr_tfm/data/processed/segments/REC108/REC108_SEG0001.wav
REC108_SEG0002_PART01,REC108,SPK009,data/processed/segments/REC108/REC108_SEG0002_PART01.wav,12.632,rexdenni usin dd imsermaden n idlisen d ifarisiyyen zi urcalim ɣar yasuɛ nnan mayemmi ttɛeddan imeḥḍaren nnec x tubbart n imɣaren nneɣ,/Users/mac/masterAI/tarifit_asr_tfm/data/processed/segments/REC108/REC108_SEG0002_PART01.wav
REC108_SEG0002_PART02,REC108,SPK009,data/processed/segments/REC108/REC108_SEG0002_PART02.wav,12.632,nitni war ssiriden ca ifassen nsen qber i ɣa ccen aɣrum yarra dd yasuɛ inna asen mayemmi kenniw ɛawed tettɛeddam x tewṣeyyet n arebbi zi ssibbet n tubbart nwem,/Users/mac/masterAI/tarifit_asr_tfm/data/processed/segments/REC108/REC108_SEG0002_PART02.wav
REC108_SEG0003,REC108,SPK009,data/processed/segments/REC108/REC108_SEG0003.wav,10.288,minzi arebbi tuɣa inna weqqar babac d yemmac u wenni i ɣa ineɛren x babas niɣ yemmas ittxeṣṣa as ad immet,/Users/mac/masterAI/tarifit_asr_tfm/data/processed/segments/REC108/REC108_SEG0003.wav
REC108_SEG0004,REC108,SPK009,data/processed/segments/REC108/REC108_SEG0004.wav,17.424,maca kenniw teqqarem marra wi ɣa yinin i babas niɣ i yemmas marra min tzemmarem ad zzayi tnefɛem aqa ggiɣ t d tawhibt i arebbi aqa netta war iḥdij ɛad ad iweqqar babas niɣ yemmas s marra man aya,/Users/mac/masterAI/tarifit_asr_tfm/data/processed/segments/REC108/REC108_SEG0004.wav
REC108_SEG0005_PART01,REC108,SPK009,data/processed/segments/REC108/REC108_SEG0005_PART01.wav,12.456,ammu tbeṭṭrem awar n arebbi di ṭṭweɛ n tubbart nwem kenniw a imnafqen icaɛya tuɣa ittnabba xawem s ṣṣeḥ inna rgens a ittcenneɛ ayi s iyenc,/Users/mac/masterAI/tarifit_asr_tfm/data/processed/segments/REC108/REC108_SEG0005_PART01.wav
REC108_SEG0005_PART02,REC108,SPK009,data/processed/segments/REC108/REC108_SEG0005_PART02.wav,12.456,icen nsen maca ur nsen iggʷej xafi aqa nitni cennɛen ayi baṭer minzi nitni ssermaden tiɣuriwin nni iǧan d tiweṣṣa n iwdan,/Users/mac/masterAI/tarifit_asr_tfm/data/processed/segments/REC108/REC108_SEG0005_PART02.wav
REC108_SEG0006,REC108,SPK009,data/processed/segments/REC108/REC108_SEG0006.wav,14.416,rami d iraɣa dd x rɣaci ɣares inna asen srem mliḥ fehmem war iǧi min ittadfen deg uqemmum issexmej bnadem maca min i dd itteffɣen zeg uqemmum d man aya i issexmajen bnadem,/Users/mac/masterAI/tarifit_asr_tfm/data/processed/segments/REC108/REC108_SEG0006.wav
REC108_SEG0007,REC108,SPK009,data/processed/segments/REC108/REC108_SEG0007.wav,15.696,denni usin dd ɣares imeḥḍaren nnes nnan as ma tessned belli ifarisiyyen nderfen di man aya rami t srin maca netta yarra dd inna asen kur aɣeddu war t iẓẓu baba wenni iǧan deg ijenna ad ittwaqreɛ,/Users/mac/masterAI/tarifit_asr_tfm/data/processed/segments/REC108/REC108_SEG0007.wav
REC108_SEG0008,REC108,SPK009,data/processed/segments/REC108/REC108_SEG0008.wav,9.744,ejj i ten nitni d idarɣaren neddhen idarɣaren mara adarɣar ineddeh adarɣar ad wḍan s tnayen idsen deg weḥfur,/Users/mac/masterAI/tarifit_asr_tfm/data/processed/segments/REC108/REC108_SEG0008.wav
REC108_SEG0009_PART01,REC108,SPK009,data/processed/segments/REC108/REC108_SEG0009_PART01.wav,11.144,yarra dd cimɛun buṭrus inna as a sidi fessar aneɣ amedya ya maca yasuɛ inna asen ma kenniw ɛad bra refhamet ar rexxu ma war tefhimem ca be,/Users/mac/masterAI/tarifit_asr_tfm/data/processed/segments/REC108/REC108_SEG0009_PART01.wav
REC108_SEG0009_PART02,REC108,SPK009,data/processed/segments/REC108/REC108_SEG0009_PART02.wav,11.144,lli marra min ɣa yadfen deg uqemmum ad iraḥ ɣar uɛeddis uca ssenni ad ittwassuffeɣ barra i usizdeg maca min i dd itteffɣen zeg uqemmum ittas dd zeg wur,/Users/mac/masterAI/tarifit_asr_tfm/data/processed/segments/REC108/REC108_SEG0009_PART02.wav
REC108_SEG0010_PART01,REC108,SPK009,data/processed/segments/REC108/REC108_SEG0010_PART01.wav,12.152,arq ccɣer tuceffra cchadat s ẓur d uceqqef aqa d man aya min issxemmajen bnadem maca macca s ifassen war issirden war tessxemmij ca bnadem,/Users/mac/masterAI/tarifit_asr_tfm/data/processed/segments/REC108/REC108_SEG0010_PART01.wav
REC108_SEG0010_PART02,REC108,SPK009,data/processed/segments/REC108/REC108_SEG0010_PART02.wav,12.152,qa d man aya i issxemmajen bnadem minzi zeg wur n iwdan i dd tteffɣen ixarriṣen iɛeffanen zzina anɣay f,/Users/mac/masterAI/tarifit_asr_tfm/data/processed/segments/REC108/REC108_SEG0010_PART02.wav
REC108_SEG0011,REC108,SPK009,data/processed/segments/REC108/REC108_SEG0011.wav,2.864,l iman n temɣart zeg ayt n kenɛan,/Users/mac/masterAI/tarifit_asr_tfm/data/processed/segments/REC108/REC108_SEG0011.wav
REC108_SEG0012,REC108,SPK009,data/processed/segments/REC108/REC108_SEG0012.wav,14.512,rexdenni iffeɣ dd yasuɛ ssenni iruḥ ɣar jjwayeh n ṣur d ṣaydun u xzar ict n temɣart zeg ayt n kenɛan zi tammurt nni tesɣuy tenna a sidi a mmis n dawud arḥem ayi,/Users/mac/masterAI/tarifit_asr_tfm/data/processed/segments/REC108/REC108_SEG0012.wav
REC108_SEG0013_PART01,REC108,SPK009,data/processed/segments/REC108/REC108_SEG0013_PART01.wav,13.832,yeǧi aqa dayes cciṭan issnexraɛen maca netta war xas dd yarri ca ura s yijj n wawar usin dd ɣares imeḥḍaren nnes ttaren zzayes nnan aẓẓer xas minzi nettat teḍfar aneɣ dd,/Users/mac/masterAI/tarifit_asr_tfm/data/processed/segments/REC108/REC108_SEG0013_PART01.wav
REC108_SEG0013_PART02,REC108,SPK009,data/processed/segments/REC108/REC108_SEG0013_PART02.wav,13.832,s iɣuyyan netta yarra dd inna asen necc ttwassekkeɣ dd ɣar wuǧi iweddaren n taddart n israil waha maca nettat tusa dd tesjed as tenna a sidi ɛawen ayi,/Users/mac/masterAI/tarifit_asr_tfm/data/processed/segments/REC108/REC108_SEG0013_PART02.wav
REC108_SEG0014_PART01,REC108,SPK009,data/processed/segments/REC108/REC108_SEG0014_PART01.wav,13.688,maca netta yarra dd inna war iɛedder ad immeksi weɣrum n iḥenjiren maḥend ad immenḍar i yiṭan maca nettat tenna wah a sidi maɣar ura d iṭan ttetten ireqqwaz i dd iweṭṭan,/Users/mac/masterAI/tarifit_asr_tfm/data/processed/segments/REC108/REC108_SEG0014_PART01.wav
REC108_SEG0014_PART02,REC108,SPK009,data/processed/segments/REC108/REC108_SEG0014_PART02.wav,13.688,zi ṭṭabra n siditsen uca ttɣiman ddaren rexdenni inna as yasuɛ a tamɣart l iman nnem imɣar ad yiri am mammec rxaḍar nnem uca yeǧis teggenfa di tsaɛɛet nni,/Users/mac/masterAI/tarifit_asr_tfm/data/processed/segments/REC108/REC108_SEG0014_PART02.wav
REC108_SEG0016_PART01,REC108,SPK009,data/processed/segments/REC108/REC108_SEG0016_PART01.wav,14.228,uca yuyur yasuɛ ssenni yiweḍ dd ɣar tma n rebḥar n ljalil igeɛɛed ɣar wedrar iqqim dinni yusa dd ɣares ijj n ubarru ameqqran n rɣaci iwyen dd akidsen ineɛ,/Users/mac/masterAI/tarifit_asr_tfm/data/processed/segments/REC108/REC108_SEG0016_PART01.wav
REC108_SEG0016_PART02,REC108,SPK009,data/processed/segments/REC108/REC108_SEG0016_PART02.wav,14.228,ḍaben d idarɣaren d ignawen d iqejdaḥen d inneɣni aṭṭas ssarsen ten ɣar iḍaren n yasuɛ uca issgenfa ten arami itebhet rɣaci aqa ẓrin ignawen ssawaren,/Users/mac/masterAI/tarifit_asr_tfm/data/processed/segments/REC108/REC108_SEG0016_PART02.wav
REC108_SEG0017,REC108,SPK009,data/processed/segments/REC108/REC108_SEG0017.wav,8.296,iqejdaḥen ggenfan ineɛḍaben gguren idarɣaren ttwaran uca ssɛuǧen arebbi n israil,/Users/mac/masterAI/tarifit_asr_tfm/data/processed/segments/REC108/REC108_SEG0017.wav
REC108_SEG0018,REC108,SPK009,data/processed/segments/REC108/REC108_SEG0018.wav,5.584,lmuɛjiza n usecci i twara wiss tnayen kta n arebɛa araf n yaryazen,/Users/mac/masterAI/tarifit_asr_tfm/data/processed/segments/REC108/REC108_SEG0018.wav
REC108_SEG0019,REC108,SPK009,data/processed/segments/REC108/REC108_SEG0019.wav,6.928,yasuɛ iraɣa dd x imeḥḍaren nnes inna asen ḥinneɣ x rɣaci minzi qqimen akidi trata n wussan,/Users/mac/masterAI/tarifit_asr_tfm/data/processed/segments/REC108/REC108_SEG0019.wav
REC108_SEG0020_PART01,REC108,SPK009,data/processed/segments/REC108/REC108_SEG0020_PART01.wav,12.524,war ɣarsen min ɣa ccen war xseɣ ca ad ten ssqebbḍeɣ ttẓuman ḥima war tteḍɛifen ca deg webrid nnan as imeḥḍaren nnes manis d ɣa nawi aɣr,/Users/mac/masterAI/tarifit_asr_tfm/data/processed/segments/REC108/REC108_SEG0020_PART01.wav
REC108_SEG0020_PART02,REC108,SPK009,data/processed/segments/REC108/REC108_SEG0020_PART02.wav,12.524,um di rexra ya i zi ɣa nessecc ijj n rɣaci d ameqqran am wanita inna asen yasuɛ mecḥar ɣarwem d aɣrum nnan as sebɛa n tecnifin d ca n iserman imeẓyanen,/Users/mac/masterAI/tarifit_asr_tfm/data/processed/segments/REC108/REC108_SEG0020_PART02.wav
REC108_SEG0021,REC108,SPK009,data/processed/segments/REC108/REC108_SEG0021.wav,12.824,xenni yumur rɣaci ḥima ad qqimen di temmurt iksi sebɛa n tecnifin d iserman nni iqada yarẓa i tent uca iwca i tent i imeḥḍaren nnes uca imeḥḍaren wcin tent i iwdan,/Users/mac/masterAI/tarifit_asr_tfm/data/processed/segments/REC108/REC108_SEG0021.wav
REC108_SEG0022_PART01,REC108,SPK009,data/processed/segments/REC108/REC108_SEG0022_PART01.wav,11.288,marra ccin jjiwnen xenni yarwen dd ireqqwaz iceṭṭen tuɣa din sebɛa n tsuǧatin ɛemmarent inni tuɣa iccen aqa aten di arebɛa araf,/Users/mac/masterAI/tarifit_asr_tfm/data/processed/segments/REC108/REC108_SEG0022_PART01.wav
REC108_SEG0022_PART02,REC108,SPK009,data/processed/segments/REC108/REC108_SEG0022_PART02.wav,11.288,n yeryazen bra timɣarin d iḥenjiren awarni rami issqebbeḍ rɣaci,/Users/mac/masterAI/tarifit_asr_tfm/data/processed/segments/REC108/REC108_SEG0022_PART02.wav
REC109_SEG0001,REC109,SPK009,data/processed/segments/REC109/REC109_SEG0001.wav,2.8,ifarisiyyen ttaren ict n reɛramet,/Users/mac/masterAI/tarifit_asr_tfm/data/processed/segments/REC109/REC109_SEG0001.wav
REC109_SEG0002,REC109,SPK009,data/processed/segments/REC109/REC109_SEG0002.wav,9.04,usin dd ɣares ifarisiyyen d iṣaduqiyyen sseqsan t ḥima ad t jarrben ma ad asen isscen ca n reɛramet zeg ujenna,/Users/mac/masterAI/tarifit_asr_tfm/data/processed/segments/REC109/REC109_SEG0002.wav
REC109_SEG0003_PART01,REC109,SPK009,data/processed/segments/REC109/REC109_SEG0003_PART01.wav,13.64,maca netta yarra dd inna asen ɣar tmeddit ad tinim aqa rḥar iffeɣ minzi ajenna d azeggʷaɣ u ɣar refjar ad tinim aqa ass a ad isuḍ usemmiḍ minzi ajenna d azeg,/Users/mac/masterAI/tarifit_asr_tfm/data/processed/segments/REC109/REC109_SEG0003_PART01.wav
REC109_SEG0003_PART02,REC109,SPK009,data/processed/segments/REC109/REC109_SEG0003_PART02.wav,13.64,ggʷaɣ ar abarcan a imnafqen kenniw tessnem ad tfarzem udem n ujenna maca reɛramat n zzman a war tzemmarem ad tent tfarzem jjir aɛeffan izennan yarezzu ict n reɛramet,/Users/mac/masterAI/tarifit_asr_tfm/data/processed/segments/REC109/REC109_SEG0003_PART02.wav
REC109_SEG0004,REC109,SPK009,data/processed/segments/REC109/REC109_SEG0004.wav,7.76,maca war d as ittmewci ura d ict n reɛramet mɣir reɛramet n yunus anabi xenni ijja i ten iruḥ,/Users/mac/masterAI/tarifit_asr_tfm/data/processed/segments/REC109/REC109_SEG0004.wav
REC109_SEG0005,REC109,SPK009,data/processed/segments/REC109/REC109_SEG0005.wav,2.768,antun n ifarisiyyen d isaḍuqiyyen,/Users/mac/masterAI/tarifit_asr_tfm/data/processed/segments/REC109/REC109_SEG0005.wav
REC109_SEG0006,REC109,SPK009,data/processed/segments/REC109/REC109_SEG0006.wav,18.128,rami dd iwḍen imeḥḍaren nnes ɣar ujemmaḍ n rebḥar ttun ad kisen dd awyen aɣrum inna asen yasuɛ ḥḍam ixef nwem zeg wentun n ifarisiyyen d iṣaduqiyyen nitni mcawaren jar asen x man aya nnan aqa inna man aya minzi war d niwi ca aɣrum,/Users/mac/masterAI/tarifit_asr_tfm/data/processed/segments/REC109/REC109_SEG0006.wav
REC109_SEG0007,REC109,SPK009,data/processed/segments/REC109/REC109_SEG0007.wav,14.544,yasuɛ am tuɣa issen man aya inna asen a kenniw i di iǧa drus n l iman mayemmi temcawarem jar awem aqa man aya iǧa umi war dd tiwyem aɣrum ma ɛad war tefhimem ca,/Users/mac/masterAI/tarifit_asr_tfm/data/processed/segments/REC109/REC109_SEG0007.wav
REC109_SEG0008,REC109,SPK009,data/processed/segments/REC109/REC109_SEG0008.wav,7.376,ma war teɛqirem ca x xemsa n ireqqwaz n weɣrum i xemsa araf u mecḥar n tsuǧatin i tyarwem,/Users/mac/masterAI/tarifit_asr_tfm/data/processed/segments/REC109/REC109_SEG0008.wav
REC109_SEG0009_PART01,REC109,SPK009,data/processed/segments/REC109/REC109_SEG0009_PART01.wav,12.552,niɣ x sebɛa n ireqqwaz n weɣrum i arebɛa araf u mecḥar n tsuǧatin i tyarwem ma ɛad war tefhimen ca belli necc war kiwem ssiwreɣ ca x weɣrum umi d awem nniɣ,/Users/mac/masterAI/tarifit_asr_tfm/data/processed/segments/REC109/REC109_SEG0009_PART01.wav
REC109_SEG0009_PART02,REC109,SPK009,data/processed/segments/REC109/REC109_SEG0009_PART02.wav,12.552,ḥḍam ixef nwem zeg wentun n ifarisiyyen d iṣaduqiyyen ssenni fehmen aqa netta war d asen inni maḥend ad ḥḍan ixef nsen zeg wentun n weɣrum maca zi tɣuri n ifarisiyyen d iṣaduqiyyen,/Users/mac/masterAI/tarifit_asr_tfm/data/processed/segments/REC109/REC109_SEG0009_PART02.wav
REC109_SEG0010,REC109,SPK009,data/processed/segments/REC109/REC109_SEG0010.wav,2.864,lmasiḥ d mmis n arebbi iddaren,/Users/mac/masterAI/tarifit_asr_tfm/data/processed/segments/REC109/REC109_SEG0010.wav
REC109_SEG0011,REC109,SPK009,data/processed/segments/REC109/REC109_SEG0011.wav,13.776,rami dd yiweḍ yasuɛ ɣar temmurt n qayṣariya filippus isseqsa imeḥḍaren nnes min ɛniɣ necc mmis n bnadem ɛlaḥsab min qqaren iwdan nnan as ca qqaren d yuḥanna amseɣḍaṣ,/Users/mac/masterAI/tarifit_asr_tfm/data/processed/segments/REC109/REC109_SEG0011.wav
REC109_SEG0012,REC109,SPK009,data/processed/segments/REC109/REC109_SEG0012.wav,4.72,u wenneɣni d iliya u wenneɣni ɛawed d irmiya,/Users/mac/masterAI/tarifit_asr_tfm/data/processed/segments/REC109/REC109_SEG0012.wav
REC109_SEG0013_PART01,REC109,SPK009,data/processed/segments/REC109/REC109_SEG0013_PART01.wav,13.096,niɣ d ijjen zeg inabiyyen inna asen maca kenniw min xafi teqqarem yarra dd xas cimɛun buṭrus inna cek d lmasiḥ mmis n arebbi iddaren yarra dd xas yasuɛ,/Users/mac/masterAI/tarifit_asr_tfm/data/processed/segments/REC109/REC109_SEG0013_PART01.wav
REC109_SEG0013_PART02,REC109,SPK009,data/processed/segments/REC109/REC109_SEG0013_PART02.wav,13.096,inna as sseɛd nnec a cimɛun mmis n yuna minzi war iǧi d aysum niɣ d idammen i d ac imren man aya maca d baba i iǧan deg ijenwan necc ad ac iniɣ,/Users/mac/masterAI/tarifit_asr_tfm/data/processed/segments/REC109/REC109_SEG0013_PART02.wav
REC109_SEG0014,REC109,SPK009,data/processed/segments/REC109/REC109_SEG0014.wav,7.888,aqa cek d buṭrus d tasḍat n weẓru u x tasḍarta ya ad bniɣ tamesmunt inu i yenni daytiqqan,/Users/mac/masterAI/tarifit_asr_tfm/data/processed/segments/REC109/REC109_SEG0014.wav
REC109_SEG0015_PART01,REC109,SPK009,data/processed/segments/REC109/REC109_SEG0015_PART01.wav,12.216,uca tiwwura n raxart war d as zemmarent d necc ad ac wceɣ tisarutin n tgeldit n ijenwan u marra min ɣa tcedded di temmurt ad yiri icedd deg,/Users/mac/masterAI/tarifit_asr_tfm/data/processed/segments/REC109/REC109_SEG0015_PART01.wav
REC109_SEG0015_PART02,REC109,SPK009,data/processed/segments/REC109/REC109_SEG0015_PART02.wav,12.216,ijenwan u marra min ɣa tfesyed di temmurt ad yiri ifsi deg ijenwan rexdenni yumur imeḥḍaren nnes ḥima war xebbaren ḥed belli netta d lmasiḥ,/Users/mac/masterAI/tarifit_asr_tfm/data/processed/segments/REC109/REC109_SEG0015_PART02.wav
REC109_SEG0016,REC109,SPK009,data/processed/segments/REC109/REC109_SEG0016.wav,4.848,yasuɛ izwar issawar x rmewt d tnukra nnes i twara tamezwarut,/Users/mac/masterAI/tarifit_asr_tfm/data/processed/segments/REC109/REC109_SEG0016.wav
REC109_SEG0017,REC109,SPK009,data/processed/segments/REC109/REC109_SEG0017.wav,17.84,ssenni ibda yasuɛ ad isscen i imeḥḍaren nnes belli ittxeṣṣa as ad iraḥ ɣar urcalim ad iweddeb aṭṭas zeg imɣaren n rgens u zeg imeqqranen n ikehhanen d imsermaden n idlisen ad ittwaneɣ uca ad dd ittwassnekkar ɛawed deg wass wiss trata,/Users/mac/masterAI/tarifit_asr_tfm/data/processed/segments/REC109/REC109_SEG0017.wav
REC109_SEG0018_PART01,REC109,SPK009,data/processed/segments/REC109/REC109_SEG0018_PART01.wav,11.272,maca buṭrus yiwyi t weḥḥdes ibda ittwebbex i t inna war ittiri a sidi man aya war d ac ittemsar ɛemmarṣ maca netta inneqreb,/Users/mac/masterAI/tarifit_asr_tfm/data/processed/segments/REC109/REC109_SEG0018_PART01.wav
REC109_SEG0018_PART02,REC109,SPK009,data/processed/segments/REC109/REC109_SEG0018_PART02.wav,11.272,inna i buṭrus ffeɣ xafi a cciṭan cek d ict n tɛenkrift i necc minzi war cek icqi min iǧan n arebbi maca min iǧan n iwdan,/Users/mac/masterAI/tarifit_asr_tfm/data/processed/segments/REC109/REC109_SEG0018_PART02.wav
REC109_SEG0019,REC109,SPK009,data/processed/segments/REC109/REC109_SEG0019.wav,15.28,rexdenni inna yasuɛ i imeḥḍaren nnes mara ca n ijjen ixs ad ayi iḍfar ad inkar ixef nnes ad iksi ṣṣalib nnes uca ad ayi iḍfar minzi wenni ixsen ad issenjem tudart nnes ad tt iweddar,/Users/mac/masterAI/tarifit_asr_tfm/data/processed/segments/REC109/REC109_SEG0019.wav
REC109_SEG0020_PART01,REC109,SPK009,data/processed/segments/REC109/REC109_SEG0020_PART01.wav,10.872,maca wenni i ɣa iweddaren tudart nnes di ṭṭweɛ inu ad tt yaf minzi man refḍer i ɣares ɣar bnadem mara yarbeḥ ddunect marra maca irqef i t d,/Users/mac/masterAI/tarifit_asr_tfm/data/processed/segments/REC109/REC109_SEG0020_PART01.wav
REC109_SEG0020_PART02,REC109,SPK009,data/processed/segments/REC109/REC109_SEG0020_PART02.wav,10.872,ruct di reɛmar nnes niɣ min ɣa iwc bnadem i weṣraḥ n reɛmar nnes minzi mmis n bnadem ad dd yas s uɛuǧi n babas ak d lmalakat nnes,/Users/mac/masterAI/tarifit_asr_tfm/data/processed/segments/REC109/REC109_SEG0020_PART02.wav
REC109_SEG0021,REC109,SPK009,data/processed/segments/REC109/REC109_SEG0021.wav,15.28,uca xenni ad ixeǧeṣ kur ijjen ɛlaḥsab min igga s tidett necc ad awem iniɣ aqa ca zeg ina i da ibedden war ttqisin ca rmewt ar ɣa ẓaren mmis n bnadem ittas dd di tgeldit nnes,/Users/mac/masterAI/tarifit_asr_tfm/data/processed/segments/REC109/REC109_SEG0021.wav
REC110_SEG0001,REC110,SPK009,data/processed/segments/REC110/REC110_SEG0001.wav,3.088,yasuɛ x wedrar ak d musa d iliya,/Users/mac/masterAI/tarifit_asr_tfm/data/processed/segments/REC110/REC110_SEG0001.wav
REC110_SEG0002,REC110,SPK009,data/processed/segments/REC110/REC110_SEG0002.wav,10.992,awarni setta n wussan yasuɛ yiwi dd buṭrus d yaɛqub d umas yuḥanna akides yiwyi i ten weḥḥedsen ɣar ijj n wedrar yuɛra,/Users/mac/masterAI/tarifit_asr_tfm/data/processed/segments/REC110/REC110_SEG0002.wav
REC110_SEG0003_PART01,REC110,SPK009,data/processed/segments/REC110/REC110_SEG0003_PART01.wav,11.304,uca ittwabedder waddud n yasuɛ qibac nsen tuɣa aɣembub nnes ittceɛciɛ am tfuct idwer warruḍ nnes d acemrar am tfawt ura d musa,/Users/mac/masterAI/tarifit_asr_tfm/data/processed/segments/REC110/REC110_SEG0003_PART01.wav
REC110_SEG0003_PART02,REC110,SPK009,data/processed/segments/REC110/REC110_SEG0003_PART02.wav,11.304,d iliya ḍharen asen dd ssawaren akides buṭrus iṭṭef deg wawar inna i yasuɛ a sidi aqa mliḥ umi i da neǧa,/Users/mac/masterAI/tarifit_asr_tfm/data/processed/segments/REC110/REC110_SEG0003_PART02.wav
REC110_SEG0004_PART01,REC110,SPK009,data/processed/segments/REC110/REC110_SEG0004_PART01.wav,13.496,mara texsed ad newwet danita trata n iɛuccuten n tseṭṭa ijjen i cek ijjen i musa u ijjen i iliya am tuɣa issawar ɛad ikka dd xasen ijj n useynu,/Users/mac/masterAI/tarifit_asr_tfm/data/processed/segments/REC110/REC110_SEG0004_PART01.wav
REC110_SEG0004_PART02,REC110,SPK009,data/processed/segments/REC110/REC110_SEG0004_PART02.wav,13.496,ittseqsiq issduriy ten s tiri nnes uca xzar aqa ij tmijja zeg ujenna tenna d wa d mmi iɛizzen dayes ufiɣ arḍa inu srem ɣares,/Users/mac/masterAI/tarifit_asr_tfm/data/processed/segments/REC110/REC110_SEG0004_PART02.wav
REC110_SEG0005,REC110,SPK009,data/processed/segments/REC110/REC110_SEG0005.wav,16.688,rami srin imeḥḍaren man aya wḍan x uɣembub nsen uca ggʷeden aṭṭas yusa dd ɣarsen yasuɛ iḥada ten inna kkarem war tteggʷedem ca rami ssgeɛɛden tiṭṭawin nsen war ẓrin ḥed mɣir yasuɛ netta waha,/Users/mac/masterAI/tarifit_asr_tfm/data/processed/segments/REC110/REC110_SEG0005.wav
REC110_SEG0006_PART01,REC110,SPK009,data/processed/segments/REC110/REC110_SEG0006_PART01.wav,14.104,am dd hwan zeg wedrar yumur i ten yasuɛ inna asen war ssiwirem x rewḥiy a am ɣarwem iǧa ijj nneɣni ar dd ɣa ikkar mmis n bnadem jar imettinen,/Users/mac/masterAI/tarifit_asr_tfm/data/processed/segments/REC110/REC110_SEG0006_PART01.wav
REC110_SEG0006_PART02,REC110,SPK009,data/processed/segments/REC110/REC110_SEG0006_PART02.wav,14.104,imeḥḍaren sseqsan t nnan as mayemmi qqaren imsermaden n idlisen aqa iliya ad dd yas d amezwaru yarra dd yasuɛ inna iliya ad dd yas d amezwaru ḥima ad ittwakemmer marra,/Users/mac/masterAI/tarifit_asr_tfm/data/processed/segments/REC110/REC110_SEG0006_PART02.wav
REC110_SEG0007_PART01,REC110,SPK009,data/processed/segments/REC110/REC110_SEG0007_PART01.wav,10.184,maca necc ad awem iniɣ xzar iliya aqa yusa dd war zzayes steɛtarifen maca ggin zzayes min xsen ammu ura d,/Users/mac/masterAI/tarifit_asr_tfm/data/processed/segments/REC110/REC110_SEG0007_PART01.wav
REC110_SEG0007_PART02,REC110,SPK009,data/processed/segments/REC110/REC110_SEG0007_PART02.wav,10.184,mmis n bnadem ad zzaysen iweddeb rexdenni fehmen imeḥḍaren belli tuɣa issawar akidsen x yuḥanna amseɣḍaṣ,/Users/mac/masterAI/tarifit_asr_tfm/data/processed/segments/REC110/REC110_SEG0007_PART02.wav
REC110_SEG0008,REC110,SPK009,data/processed/segments/REC110/REC110_SEG0008.wav,2.96,yasuɛ issgenfa aḥenjir amaryaḥ,/Users/mac/masterAI/tarifit_asr_tfm/data/processed/segments/REC110/REC110_SEG0008.wav
REC110_SEG0009_PART01,REC110,SPK009,data/processed/segments/REC110/REC110_SEG0009_PART01.wav,11.784,rami dd usin ɣar rɣaci yusa dd ɣares ijj n bnadem iwḍa as ɣar iḍaren inna as a sidi zziǧez i mmi minzi aqa netta ittbarkik,/Users/mac/masterAI/tarifit_asr_tfm/data/processed/segments/REC110/REC110_SEG0009_PART01.wav
REC110_SEG0009_PART02,REC110,SPK009,data/processed/segments/REC110/REC110_SEG0009_PART02.wav,11.784,kiḍ immarni xas rḥar maɣar aṭṭas n twarawin iwḍa di tmessi u deg waman iwyeɣ t ɣar imeḥḍaren nnec maca nitni war zemmaren ad t ssgenfan,/Users/mac/masterAI/tarifit_asr_tfm/data/processed/segments/REC110/REC110_SEG0009_PART02.wav
REC110_SEG0010,REC110,SPK009,data/processed/segments/REC110/REC110_SEG0010.wav,10.544,yasuɛ yarra dd inna a jjir i war yuminen d imufriɣen mecḥar i ɣa qqimeɣ ɛad akidwem mecḥar ɛad i ɣa qqimeɣ ṣbareɣ awem,/Users/mac/masterAI/tarifit_asr_tfm/data/processed/segments/REC110/REC110_SEG0010.wav
REC110_SEG0011,REC110,SPK009,data/processed/segments/REC110/REC110_SEG0011.wav,16.816,awyem t i dd ɣari xenni iwebbex i t yasuɛ uca iffeɣ zzayes cciṭan uca idwer uḥenjir iggenfa zi tsaɛɛet nni rexdenni usin dd imeḥḍaren weḥḥedsen ɣar yasuɛ nnan as mayemmi neccin war nzemmar ad t nessufeɣ,/Users/mac/masterAI/tarifit_asr_tfm/data/processed/segments/REC110/REC110_SEG0011.wav
REC110_SEG0012_PART01,REC110,SPK009,data/processed/segments/REC110/REC110_SEG0012_PART01.wav,14.296,inna asen yasuɛ sminzi wa tuminemca s tidett ad awem iniɣ mara daywem l iman anect n ict n tḥebbuct n zzariɛet n uxerdel ad as tinim i wedrar a muṭṭi,/Users/mac/masterAI/tarifit_asr_tfm/data/processed/segments/REC110/REC110_SEG0012_PART01.wav
REC110_SEG0012_PART02,REC110,SPK009,data/processed/segments/REC110/REC110_SEG0012_PART02.wav,14.296,ssa ar diha xenni ad immuṭṭi uca war din ittiri ɛad ura d ict n rḥajjet war d as tzemmarem ɛad maca ddarb a war dd itteffeɣ mɣir s tẓaǧit d uẓummi,/Users/mac/masterAI/tarifit_asr_tfm/data/processed/segments/REC110/REC110_SEG0012_PART02.wav
REC110_SEG0013,REC110,SPK009,data/processed/segments/REC110/REC110_SEG0013.wav,5.296,yasuɛ issawar x rmewt d tnukra nnes i twara wiss tnayen,/Users/mac/masterAI/tarifit_asr_tfm/data/processed/segments/REC110/REC110_SEG0013.wav
REC110_SEG0014,REC110,SPK009,data/processed/segments/REC110/REC110_SEG0014.wav,14.32,rami tuɣa ttsaran di ljalil inna asen yasuɛ i imeḥḍaren nnes mmis n bnadem ad immewc deg ifassen n iwdan ad t nɣen uca ad dd ittwassnekkar deg wass wiss trata xenni ceḍnen aṭṭas,/Users/mac/masterAI/tarifit_asr_tfm/data/processed/segments/REC110/REC110_SEG0014.wav
REC110_SEG0015,REC110,SPK009,data/processed/segments/REC110/REC110_SEG0015.wav,3.824,awar n yasuɛ x ḍḍariba i zzawect tameqqrant,/Users/mac/masterAI/tarifit_asr_tfm/data/processed/segments/REC110/REC110_SEG0015.wav
REC110_SEG0016,REC110,SPK009,data/processed/segments/REC110/REC110_SEG0016.wav,11.92,rami dd usin ɣar kafarnaḥum qarrben dd ayt n ḍḍariba ɣar buṭrus nnan amsermad nwem ma war ittxeǧiṣ tnayen n drahemmai zzawect tameqqrant,/Users/mac/masterAI/tarifit_asr_tfm/data/processed/segments/REC110/REC110_SEG0016.wav
REC110_SEG0017,REC110,SPK009,data/processed/segments/REC110/REC110_SEG0017.wav,1.2,inna wah,/Users/mac/masterAI/tarifit_asr_tfm/data/processed/segments/REC110/REC110_SEG0017.wav
REC110_SEG0018_PART01,REC110,SPK009,data/processed/segments/REC110/REC110_SEG0018_PART01.wav,14.148,arami dd yudef buṭrus ɣar taddart izwar as dd yasuɛ inna cimɛun mammec twarid cek wi zi ṭṭfen ijeǧiden n ddunect reɛcur d tenɛacin i izemmen i kur azeǧif,/Users/mac/masterAI/tarifit_asr_tfm/data/processed/segments/REC110/REC110_SEG0018_PART01.wav
REC110_SEG0018_PART02,REC110,SPK009,data/processed/segments/REC110/REC110_SEG0018_PART02.wav,14.148,ma zi tarwa nsen niɣ zeg ibarraniyyen inna as cimɛun zeg ibarraniyyen inna as yasuɛ s uya ǧan tarwa d iḥurriyyen maca ḥima war ten nessendrif ruḥ ɣar rebḥar,/Users/mac/masterAI/tarifit_asr_tfm/data/processed/segments/REC110/REC110_SEG0018_PART02.wav
REC110_SEG0019,REC110,SPK009,data/processed/segments/REC110/REC110_SEG0019.wav,14.792,nḍar taṣennart uca arzem aqemmum i tesremt tamezwarut i dd ɣa iffɣen uca ad tafed ict n tepyist n uṣulḍi n ustatir ksi tt uca ewc i tt xafi u x yixef nnec,/Users/mac/masterAI/tarifit_asr_tfm/data/processed/segments/REC110/REC110_SEG0019.wav
REC111_SEG0001,REC111,SPK009,data/processed/segments/REC111/REC111_SEG0001.wav,3.824,man wen iǧan d ameqqran di tgeldit n ijenwan,/Users/mac/masterAI/tarifit_asr_tfm/data/processed/segments/REC111/REC111_SEG0001.wav
REC111_SEG0002_PART01,REC111,SPK009,data/processed/segments/REC111/REC111_SEG0002_PART01.wav,14.52,di tsaɛɛet nni usin dd imeḥḍaren ɣar yasuɛ nnan man wen iǧan d ameqqran di tgeldit n ijenwan yasuɛ iraɣa dd x ijj n uḥenjir ɣares issbedd i t di rwesṭ nsen inna s tidett necc ad awem i,/Users/mac/masterAI/tarifit_asr_tfm/data/processed/segments/REC111/REC111_SEG0002_PART01.wav
REC111_SEG0002_PART02,REC111,SPK009,data/processed/segments/REC111/REC111_SEG0002_PART02.wav,14.52,niɣ mara war ttubem u tdewrem am iḥenjiren ɛemmarṣ ad tadfem ɣar tgeldit n ijenwan s uya wenni i ɣa issmeẓyen ixef nnes am uḥenjir a aqa d wenni d ameqqran di tgeldit n ijenwan,/Users/mac/masterAI/tarifit_asr_tfm/data/processed/segments/REC111/REC111_SEG0002_PART02.wav
REC111_SEG0003,REC111,SPK009,data/processed/segments/REC111/REC111_SEG0003.wav,6.256,u wenni i ɣa iqebren ijj n uḥenjir i iǧan am uḥenjir a s yisem inu iqebber ayi,/Users/mac/masterAI/tarifit_asr_tfm/data/processed/segments/REC111/REC111_SEG0003.wav
REC111_SEG0004,REC111,SPK009,data/processed/segments/REC111/REC111_SEG0004.wav,3.44,aɛram ɣar rgens x min i ɣa iɣarren i ddenb,/Users/mac/masterAI/tarifit_asr_tfm/data/processed/segments/REC111/REC111_SEG0004.wav
REC111_SEG0005_PART01,REC111,SPK009,data/processed/segments/REC111/REC111_SEG0005_PART01.wav,11.064,maca kur ijjen wenni i ɣa issenqarḍen ijjen zeg imeẓyanen a i zzayi ittamnen iḥra as ad as tettwagg ict n teṣḍart n tsirt,/Users/mac/masterAI/tarifit_asr_tfm/data/processed/segments/REC111/REC111_SEG0005_PART01.wav
REC111_SEG0005_PART02,REC111,SPK009,data/processed/segments/REC111/REC111_SEG0005_PART02.wav,11.064,tedqer ɣar yiri nnes ad ittwassɣareq di raǧaɣ n rebḥar uct x ddunect x ssibbet n tɛenkrifin iwa ittxeṣṣa ad dd asent tɛenkrifin,/Users/mac/masterAI/tarifit_asr_tfm/data/processed/segments/REC111/REC111_SEG0005_PART02.wav
REC111_SEG0006_PART01,REC111,SPK009,data/processed/segments/REC111/REC111_SEG0006_PART01.wav,12.616,maca amcum n bnadem nni itteggen taɛenkrift mara issenqarḍ cek ufus nnec niɣ aḍar nnec xenni qess i t nḍar i t xak iḥra ac ad,/Users/mac/masterAI/tarifit_asr_tfm/data/processed/segments/REC111/REC111_SEG0006_PART01.wav
REC111_SEG0006_PART02,REC111,SPK009,data/processed/segments/REC111/REC111_SEG0006_PART02.wav,12.616,tadfed ɣar tudart d aqejdaḥ niɣ d ameɛḍur x umenḍar s tnayen n ifassen niɣ s tnayen n iḍaren di tmessi i rebda mara tessenqarḍ cek tiṭṭ nnec,/Users/mac/masterAI/tarifit_asr_tfm/data/processed/segments/REC111/REC111_SEG0006_PART02.wav
REC111_SEG0007,REC111,SPK009,data/processed/segments/REC111/REC111_SEG0007.wav,10.768,xenni qerɛ i tt nḍar i tt xak iḥra ac ad tadfed ɣar tudart s ict n tiṭṭ x uweṭṭu di jehennama iccuren s tmessi s tnayen n tiṭṭawin,/Users/mac/masterAI/tarifit_asr_tfm/data/processed/segments/REC111/REC111_SEG0007.wav
REC111_SEG0008,REC111,SPK009,data/processed/segments/REC111/REC111_SEG0008.wav,2.0,amedya n wuǧi iweddaren,/Users/mac/masterAI/tarifit_asr_tfm/data/processed/segments/REC111/REC111_SEG0008.wav
REC111_SEG0009,REC111,SPK009,data/processed/segments/REC111/REC111_SEG0009.wav,11.76,ɣarwem ad tesseḥqarem ijjen zeg imeẓyanen a minzi necc ad awem iniɣ aqa lmalakat nsen deg ijenwan aqa rebda ttwarant tifras n baba i iǧan deg ijenwan,/Users/mac/masterAI/tarifit_asr_tfm/data/processed/segments/REC111/REC111_SEG0009.wav
REC111_SEG0010,REC111,SPK009,data/processed/segments/REC111/REC111_SEG0010.wav,18.096,minzi mmis n bnadem yusa dd ḥima ad issenjem min tuɣa iweddaren mammec i d awem ittɣir mara din ca n bnadem ɣares mya n wuǧi uca ijjen zzaysen iweddar ma xenni war ittejji tesɛa u tesɛin deg idurar ad iraḥ ad yarzu x wenni iweddaren,/Users/mac/masterAI/tarifit_asr_tfm/data/processed/segments/REC111/REC111_SEG0010.wav
REC111_SEG0011,REC111,SPK009,data/processed/segments/REC111/REC111_SEG0011.wav,18.416,u mara yufa i t s tidett necc ad awem iniɣ ad zzayes ifarḥ ktar zi min ɣa ifarḥ zi tesɛa u tesɛin inni war iweddaren ammu ura d babatwem i iǧan deg ijenwan war ixs ad iweddar ura d ijj zeg imeẓyanen a,/Users/mac/masterAI/tarifit_asr_tfm/data/processed/segments/REC111/REC111_SEG0011.wav
REC111_SEG0012,REC111,SPK009,data/processed/segments/REC111/REC111_SEG0012.wav,2.032,ddenb n ijj n uma,/Users/mac/masterAI/tarifit_asr_tfm/data/processed/segments/REC111/REC111_SEG0012.wav
REC111_SEG0013,REC111,SPK009,data/processed/segments/REC111/REC111_SEG0013.wav,7.92,mara ixḍa umac akidek ruḥ ɣares webbex i t mɣir jar ac d jar as waha,/Users/mac/masterAI/tarifit_asr_tfm/data/processed/segments/REC111/REC111_SEG0013.wav
REC111_SEG0014_PART01,REC111,SPK009,data/processed/segments/REC111/REC111_SEG0014_PART01.wav,14.636,mara isra ɣarek aqa tarbeḥed umac mara war ɣarek isri ca awi akidek ca n ijjen nneɣni niɣ tnayen ḥima x uqemmum n tnayen niɣ n trata n rechud ad itt,/Users/mac/masterAI/tarifit_asr_tfm/data/processed/segments/REC111/REC111_SEG0014_PART01.wav
REC111_SEG0014_PART02,REC111,SPK009,data/processed/segments/REC111/REC111_SEG0014_PART02.wav,14.636,waḍmen wawar marra mara netta war ɣarsen isri xenni ini tt i tmesmunt n rmuminin uca mara war isri ura ɣar tmesmunt xenni ejj i t ad ɣarwem yiri,/Users/mac/masterAI/tarifit_asr_tfm/data/processed/segments/REC111/REC111_SEG0014_PART02.wav
REC111_SEG0015,REC111,SPK009,data/processed/segments/REC111/REC111_SEG0015.wav,3.864,am yijj n bu ḍḍariba niɣ am yijj n kuffar,/Users/mac/masterAI/tarifit_asr_tfm/data/processed/segments/REC111/REC111_SEG0015.wav
REC111_SEG0016_PART01,REC111,SPK009,data/processed/segments/REC111/REC111_SEG0016_PART01.wav,14.184,s tidett necc ad awem iniɣ marra min ɣa tceddem di temmurt ad yiri icedd deg ujenna uca marra min ɣa tfesyem di temmurt ad yiri ifsi deg ujenna ad awem iniɣ,/Users/mac/masterAI/tarifit_asr_tfm/data/processed/segments/REC111/REC111_SEG0016_PART01.wav
REC111_SEG0016_PART02,REC111,SPK009,data/processed/segments/REC111/REC111_SEG0016_PART02.wav,14.184,ɛawed mara tnayen n iwdan ad mmsetfaqen x temmurt x ca n rḥajjet i ɣa ttaren aqa d man aya d asen i ɣa ittwagg zi baba i iǧan deg ijenwan,/Users/mac/masterAI/tarifit_asr_tfm/data/processed/segments/REC111/REC111_SEG0016_PART02.wav
REC111_SEG0017,REC111,SPK009,data/processed/segments/REC111/REC111_SEG0017.wav,7.632,minzi mani ɣa munen tnayen niɣ trata s yisem inu necc ad din iriɣ di rwesṭ nsen,/Users/mac/masterAI/tarifit_asr_tfm/data/processed/segments/REC111/REC111_SEG0017.wav
REC111_SEG0018,REC111,SPK009,data/processed/segments/REC111/REC111_SEG0018.wav,2.704,amedya n umsexxar aɛeffan,/Users/mac/masterAI/tarifit_asr_tfm/data/processed/segments/REC111/REC111_SEG0018.wav
REC111_SEG0019,REC111,SPK009,data/processed/segments/REC111/REC111_SEG0019.wav,19.376,rexdenni yusa dd ɣares buṭrus inna a sidi mecḥar n twarawin i ɣa ixḍa akidi uma necc ad as samḥeɣ ma ar sebɛa n twarawin inna as yasuɛ war d ac qqareɣ ca ar sebɛa maca ar sebɛin di sebɛa n imuren,/Users/mac/masterAI/tarifit_asr_tfm/data/processed/segments/REC111/REC111_SEG0019.wav
REC111_SEG0020,REC111,SPK009,data/processed/segments/REC111/REC111_SEG0020.wav,10.96,suyenni tgeldit n ijenwan deg ijj n weryaz d ajeǧid i ixsen ad yegg reḥsab ak d imsexxaren nnes umi ibda ad imseḥseb,/Users/mac/masterAI/tarifit_asr_tfm/data/processed/segments/REC111/REC111_SEG0020.wav
REC111_SEG0021_PART01,REC111,SPK009,data/processed/segments/REC111/REC111_SEG0021_PART01.wav,14.408,iwyen dd ɣares ijj n bnadem itturs as ɛecra araf talint am war tuɣi ɣares min zi ɣa yarr amarwas yumur bab nnes ḥima ad ittwammenz,/Users/mac/masterAI/tarifit_asr_tfm/data/processed/segments/REC111/REC111_SEG0021_PART01.wav
REC111_SEG0021_PART02,REC111,SPK009,data/processed/segments/REC111/REC111_SEG0021_PART02.wav,14.408,netta d temɣart nnes d tarwa nnes d marra min ɣares ḥima ad ittwaxeǧeṣ umarwas iwḍa as umsexxar nni ɣar iḍaren isjed as inna a sidi ṣbar xafi ad ac arreɣ marra,/Users/mac/masterAI/tarifit_asr_tfm/data/processed/segments/REC111/REC111_SEG0021_PART02.wav
REC111_SEG0022,REC111,SPK009,data/processed/segments/REC111/REC111_SEG0022.wav,7.12,aqa izziǧez as bab n umsexxar nni iḍreq as uca isamḥ as deg umarwas,/Users/mac/masterAI/tarifit_asr_tfm/data/processed/segments/REC111/REC111_SEG0022.wav
REC111_SEG0023_PART01,REC111,SPK009,data/processed/segments/REC111/REC111_SEG0023_PART01.wav,12.76,rami dd iffeɣ umsexxar nni yufa ijjen zeg inni tuɣa d imsexxaren imɛacaren nnes u wanita itturs as mya dinar iṭṭef i t icebbar as deg yiri inna as,/Users/mac/masterAI/tarifit_asr_tfm/data/processed/segments/REC111/REC111_SEG0023_PART01.wav
REC111_SEG0023_PART02,REC111,SPK009,data/processed/segments/REC111/REC111_SEG0023_PART02.wav,12.76,xeǧeṣ min d ac tturseɣ iwḍa yas umsexxar amɛacar nnes ɣar iḍaren iḥeccmit i t inna ṣbar xafi ad ac arreɣ marra maca netta war ixs,/Users/mac/masterAI/tarifit_asr_tfm/data/processed/segments/REC111/REC111_SEG0023_PART02.wav
REC111_SEG0024,REC111,SPK009,data/processed/segments/REC111/REC111_SEG0024.wav,4.336,iruḥ inḍar i t di reḥbes ar dd ɣa yarr amarwas,/Users/mac/masterAI/tarifit_asr_tfm/data/processed/segments/REC111/REC111_SEG0024.wav
REC111_SEG0025,REC111,SPK009,data/processed/segments/REC111/REC111_SEG0025.wav,17.488,rami ẓrin imsexxaren imɛacaren nnes min imsaren ceḍnen aṭṭas uca ruḥen nnan tt i bab nsen uca iraɣa dd xas sidis inna as a cek amsexxar aɛeffan marra min d ac tturseɣ samḥeɣ ac minzi tettared ayi,/Users/mac/masterAI/tarifit_asr_tfm/data/processed/segments/REC111/REC111_SEG0025.wav
REC111_SEG0026_PART01,REC111,SPK009,data/processed/segments/REC111/REC111_SEG0026_PART01.wav,14.825,ma war iǧi zeɛma ura d cek xak ad ac izziǧez wenni d amsexxar amɛacar nnec am mammec i d ayi tezziǧed cek xenni ixeyyeq sidis isseɛdu t deg ifassen n imɛaddeben,/Users/mac/masterAI/tarifit_asr_tfm/data/processed/segments/REC111/REC111_SEG0026_PART01.wav
REC111_SEG0026_PART02,REC111,SPK009,data/processed/segments/REC111/REC111_SEG0026_PART02.wav,14.825,ar ɣa ixeǧeṣ marra min dayes d amarwas ammu i ɣa yegg baba wenni iǧan deg ujenna i kenniw mara kenniw war tsimiḥem s wur kur ijjen zzaywem i umas ixeṭṭan nnes,/Users/mac/masterAI/tarifit_asr_tfm/data/processed/segments/REC111/REC111_SEG0026_PART02.wav
REC112_SEG0001,REC112,SPK009,data/processed/segments/REC112/REC112_SEG0001.wav,3.568,awaren n yasuɛ x remrac d waǧaf,/Users/mac/masterAI/tarifit_asr_tfm/data/processed/segments/REC112/REC112_SEG0001.wav
REC112_SEG0002,REC112,SPK009,data/processed/segments/REC112/REC112_SEG0002.wav,14.928,arami ikemmer yasuɛ awaren a iffeɣ zi ljalil yiweḍ ɣar jjwayeh n temmurt n yahudiyya ɣar ujemmaḍ n yeɣzar n l urdun aqa iḍfar i t ijj n rɣaci d ameqqran,/Users/mac/masterAI/tarifit_asr_tfm/data/processed/segments/REC112/REC112_SEG0002.wav
REC112_SEG0003,REC112,SPK009,data/processed/segments/REC112/REC112_SEG0003.wav,1.904,issgenfa i ten dinni,/Users/mac/masterAI/tarifit_asr_tfm/data/processed/segments/REC112/REC112_SEG0003.wav
REC112_SEG0004_PART01,REC112,SPK009,data/processed/segments/REC112/REC112_SEG0004_PART01.wav,11.64,usin dd ɣares ura d ifarisiyyen tuɣa arezzun ad t jarrben nnan as ma iḥeǧer i weryaz ad iǧef i temɣart nnes zi mkur sibbet,/Users/mac/masterAI/tarifit_asr_tfm/data/processed/segments/REC112/REC112_SEG0004_PART01.wav
REC112_SEG0004_PART02,REC112,SPK009,data/processed/segments/REC112/REC112_SEG0004_PART02.wav,11.64,yarra dd inna asen ma war teɣrim ca belli wenni ten dd ixerqen zeg umezwaru ixreq i ten dd d awtem d tewtemt uca aqa inna,/Users/mac/masterAI/tarifit_asr_tfm/data/processed/segments/REC112/REC112_SEG0004_PART02.wav
REC112_SEG0005,REC112,SPK009,data/processed/segments/REC112/REC112_SEG0005.wav,11.472,s uyenni ad ismeḥ weryaz di babas d yemmas ad iqqen ɣar temɣart nnes uca tnayen idsen nni ad irin d iijjen arimet,/Users/mac/masterAI/tarifit_asr_tfm/data/processed/segments/REC112/REC112_SEG0005.wav
REC112_SEG0006,REC112,SPK009,data/processed/segments/REC112/REC112_SEG0006.wav,5.744,ammu war ttirin ɛad d tnayen maca d ijjen n arrimet,/Users/mac/masterAI/tarifit_asr_tfm/data/processed/segments/REC112/REC112_SEG0006.wav
REC112_SEG0007_PART01,REC112,SPK009,data/processed/segments/REC112/REC112_SEG0007_PART01.wav,13.844,min issmun arebbi war t ibeṭṭi bnadem nnan as mayemmi yumur musa xenni maḥend ad iwc tabrat n waǧaf ḥima ad as iǧef inna asen musa,/Users/mac/masterAI/tarifit_asr_tfm/data/processed/segments/REC112/REC112_SEG0007_PART01.wav
REC112_SEG0007_PART02,REC112,SPK009,data/processed/segments/REC112/REC112_SEG0007_PART02.wav,13.844,ijja kenniw ad teǧfem i temɣarin nwem zi ssibbet n reqsaḥet n wurawen nwem maca war iǧi ammu zeg umezwaru maca necc ad awem iniɣ wenni i ɣa iǧfen i temɣart nnes,/Users/mac/masterAI/tarifit_asr_tfm/data/processed/segments/REC112/REC112_SEG0007_PART02.wav
REC112_SEG0008,REC112,SPK009,data/processed/segments/REC112/REC112_SEG0008.wav,19.528,wa iǧii sibbet n faqcɣer uca adimrec icten nneɣni aqa netta izenna u wenni i ɣa iwyen tamɣart tenni i iǧfen aqa ura d netta izenna imeḥḍaren nnes nnan as mara ammu i teǧa tmesract jar bnadem d temɣart nnes,/Users/mac/masterAI/tarifit_asr_tfm/data/processed/segments/REC112/REC112_SEG0008.wav
REC112_SEG0009,REC112,SPK009,data/processed/segments/REC112/REC112_SEG0009.wav,15.152,xenni nhra ma ad imrec maca netta inna asen war iǧi marra zemmaren ad qebren awar a mɣir inni umi temmewc ad t iqber minzi aqa din inni ittwaqessen minzi nitni d inni dd ittwaxerqen ammu zeg uɛeddis n yemmatsen,/Users/mac/masterAI/tarifit_asr_tfm/data/processed/segments/REC112/REC112_SEG0009.wav
REC112_SEG0010,REC112,SPK009,data/processed/segments/REC112/REC112_SEG0010.wav,14.48,uca aqa din inni ittwaqessen minzi nitni ttwaqessen zeg ifassen n iwdan uca aqa din inni ittwaqessen minzi nitni qessen ixef nsen di ṭṭweɛ n tgeldit n ijenwan wenni izemmaren ad t iqber ejj i t ad t iqber,/Users/mac/masterAI/tarifit_asr_tfm/data/processed/segments/REC112/REC112_SEG0010.wav
REC112_SEG0011,REC112,SPK009,data/processed/segments/REC112/REC112_SEG0011.wav,3.088,yasuɛ ibarek iḥenjiren imeẓyanen,/Users/mac/masterAI/tarifit_asr_tfm/data/processed/segments/REC112/REC112_SEG0011.wav
REC112_SEG0012,REC112,SPK009,data/processed/segments/REC112/REC112_SEG0012.wav,8.144,rexdenni iwyen as dd iḥenjiren imeẓyanen maḥend ad xasen issars afus nnes uca ad asen iksi s rmeɛruf,/Users/mac/masterAI/tarifit_asr_tfm/data/processed/segments/REC112/REC112_SEG0012.wav
REC112_SEG0013,REC112,SPK009,data/processed/segments/REC112/REC112_SEG0013.wav,16.816,maca imeḥḍaren nnes webbxen ten maca yasuɛ inna asen jjem iḥenjiren ad ɣari dd asen war ten mennɛem ca minzi tageldit n ijenwan i yinni am nitni issars xasen afus nnes uca iruḥ ssenni,/Users/mac/masterAI/tarifit_asr_tfm/data/processed/segments/REC112/REC112_SEG0013.wav
REC112_SEG0014,REC112,SPK009,data/processed/segments/REC112/REC112_SEG0014.wav,3.824,yasuɛ ak d webriɣ wenni d bab n wagra,/Users/mac/masterAI/tarifit_asr_tfm/data/processed/segments/REC112/REC112_SEG0014.wav
REC112_SEG0015,REC112,SPK009,data/processed/segments/REC112/REC112_SEG0015.wav,19.376,uca xzar iqarreb dd ijjen inna as a amseɣɣar aṣebḥan min ɣa ggeɣ d aṣebḥan ḥima ad ɣari tiri tudart ittduman inna as yasuɛ mayemmi d ayi traɣid aṣebḥan war iǧi ḥed d aṣebḥan mɣir ijjen aqa t d arebbi,/Users/mac/masterAI/tarifit_asr_tfm/data/processed/segments/REC112/REC112_SEG0015.wav
REC112_SEG0016_PART01,REC112,SPK009,data/processed/segments/REC112/REC112_SEG0016_PART01.wav,13.176,maca mara texsed ad tadfed ɣar tudart ṭṭef di tweṣṣa inna as man tina inna as yasuɛ war neqq war zenni war tticar war cehhed s z,/Users/mac/masterAI/tarifit_asr_tfm/data/processed/segments/REC112/REC112_SEG0016_PART01.wav
REC112_SEG0016_PART02,REC112,SPK009,data/processed/segments/REC112/REC112_SEG0016_PART02.wav,13.176,ẓur weqqar babac d yemmac uca ad amqarreb nnec am yixef nnec abriɣ inna as aqa ḍfareɣ timesrayin a marra zi temẓi inu min d ayi ittxiṣṣen ɛad,/Users/mac/masterAI/tarifit_asr_tfm/data/processed/segments/REC112/REC112_SEG0016_PART02.wav
REC112_SEG0017_PART01,REC112,SPK009,data/processed/segments/REC112/REC112_SEG0017_PART01.wav,10.776,yasuɛ inna as mara texsed ad tirid tkemmred ruḥ zenz marra min ɣarek ewc i t i imezraḍ uca ad ɣarek yiri ijj n rkenz deg ijenwan,/Users/mac/masterAI/tarifit_asr_tfm/data/processed/segments/REC112/REC112_SEG0017_PART01.wav
REC112_SEG0017_PART02,REC112,SPK009,data/processed/segments/REC112/REC112_SEG0017_PART02.wav,10.776,xenni as dd ḍfar ayi dd rami isra webriɣ awar a iruḥ icḍen minzi tuɣa ɣares aṭṭas n wagra,/Users/mac/masterAI/tarifit_asr_tfm/data/processed/segments/REC112/REC112_SEG0017_PART02.wav
REC112_SEG0018,REC112,SPK009,data/processed/segments/REC112/REC112_SEG0018.wav,9.264,xas uca inna yasuɛ i imeḥḍaren nnes s tidett necc ad awem iniɣ aqa yewɛar x bab n wagra ad yadef ɣar tgeldit n ijenwan,/Users/mac/masterAI/tarifit_asr_tfm/data/processed/segments/REC112/REC112_SEG0018.wav
REC112_SEG0019_PART01,REC112,SPK009,data/processed/segments/REC112/REC112_SEG0019_PART01.wav,12.76,uca necc ad awem iniɣ ɛawed aqa ihwen i werɣem ad yekk zi tiṭṭ n tsineft x bu wagra ad yadef ɣar tgeldit n arebbi umi tt srin imeḥḍaren nnes nnxer,/Users/mac/masterAI/tarifit_asr_tfm/data/processed/segments/REC112/REC112_SEG0019_PART01.wav
REC112_SEG0019_PART02,REC112,SPK009,data/processed/segments/REC112/REC112_SEG0019_PART02.wav,12.76,ɛen nnan wi izemmaren xenni ad iṭṭef tudart ɛad am tuɣa daysen ixezzar yasuɛ inna asen ɣar iwdan man aya war izemmar maca ɣar arebbi kurci di tzemmar nnes,/Users/mac/masterAI/tarifit_asr_tfm/data/processed/segments/REC112/REC112_SEG0019_PART02.wav
REC112_SEG0020,REC112,SPK009,data/processed/segments/REC112/REC112_SEG0020.wav,8.592,xenni yarra dd buṭrus inna as xzar aqa neccin nejja kurci neḍfar i cek min ɣarneɣ i ɣa yirin,/Users/mac/masterAI/tarifit_asr_tfm/data/processed/segments/REC112/REC112_SEG0020.wav
REC112_SEG0021_PART01,REC112,SPK009,data/processed/segments/REC112/REC112_SEG0021_PART01.wav,10.552,yasuɛ inna asen s tidett necc ad awem iniɣ i kenniw inni d ayi dd iḍfaren aqa xmi ɣa tiri marra ddunect d jdid xmi ɣa iqqim mmis n bnadem x rɛarc n uɛuǧi,/Users/mac/masterAI/tarifit_asr_tfm/data/processed/segments/REC112/REC112_SEG0021_PART01.wav
REC112_SEG0021_PART02,REC112,SPK009,data/processed/segments/REC112/REC112_SEG0021_PART02.wav,10.552,nnes aqa ura d kenniw ad teqqimem x tenɛac n rekrasi igellden ḥima ad tḥekmem x tenɛac n tqebbar n ayt n israil,/Users/mac/masterAI/tarifit_asr_tfm/data/processed/segments/REC112/REC112_SEG0021_PART02.wav
REC112_SEG0022_PART01,REC112,SPK009,data/processed/segments/REC112/REC112_SEG0022_PART01.wav,14.589,kur ijjen wenni isemḥen di tudrin niɣ deg aytmas niɣ di suyetmas niɣ di babas niɣ deg yemmas niɣ di temɣart nnes d tarwa nnes ura deg yeyyaren di ṭṭweɛ n yisem inu,/Users/mac/masterAI/tarifit_asr_tfm/data/processed/segments/REC112/REC112_SEG0022_PART01.wav
REC112_SEG0022_PART02,REC112,SPK009,data/processed/segments/REC112/REC112_SEG0022_PART02.wav,14.589,ad iksi mya n tseqqar uca ad iwart tudart ittduman maca aṭṭas n yinni iǧan d imezwura ad irin d ineggura uca ineggura ad irin d imezwura,/Users/mac/masterAI/tarifit_asr_tfm/data/processed/segments/REC112/REC112_SEG0022_PART02.wav
REC113_SEG0001,REC113,SPK009,data/processed/segments/REC113/REC113_SEG0001.wav,3.632,amedya n ixemmasen deg umarjuɛ n uḍir,/Users/mac/masterAI/tarifit_asr_tfm/data/processed/segments/REC113/REC113_SEG0001.wav
REC113_SEG0002,REC113,SPK009,data/processed/segments/REC113/REC113_SEG0002.wav,11.088,minzi tageldit n ijenwan am yijj n bab n taddart iffeɣ ɣar ṣṣbeḥ zic ḥima ad icra ixemmasen i umarjeɛ nnes n uḍir,/Users/mac/masterAI/tarifit_asr_tfm/data/processed/segments/REC113/REC113_SEG0002.wav
REC113_SEG0003_PART01,REC113,SPK009,data/processed/segments/REC113/REC113_SEG0003_PART01.wav,10.248,rami ikkes awar ak d icewwaren s yijjen dinar i yijjen wass issekk i ten ɣar umarjeɛ nnes n uḍir rami dd iffeɣ netta,/Users/mac/masterAI/tarifit_asr_tfm/data/processed/segments/REC113/REC113_SEG0003_PART01.wav
REC113_SEG0003_PART02,REC113,SPK009,data/processed/segments/REC113/REC113_SEG0003_PART02.wav,10.248,ɛawed di jjwayeh n tsaɛɛet wiss trata ixs ad yini ɣar tesɛa di ṣṣbeḥ iẓra inneɣni bedden di rmewqef bra rxedmet,/Users/mac/masterAI/tarifit_asr_tfm/data/processed/segments/REC113/REC113_SEG0003_PART02.wav
REC113_SEG0004,REC113,SPK009,data/processed/segments/REC113/REC113_SEG0004.wav,15.568,netta inna asen ruḥem ura d kenniw ɣar umarjeɛ inu n uḍir ad awem wceɣ min d awem dd ikkaren uca ruḥen iffeɣ dd ɛawed di jjwayeh n tsaɛɛet wiss setta d wiss tesɛa uca igga amenni ɛawed,/Users/mac/masterAI/tarifit_asr_tfm/data/processed/segments/REC113/REC113_SEG0004.wav
REC113_SEG0005_PART01,REC113,SPK009,data/processed/segments/REC113/REC113_SEG0005_PART01.wav,12.616,rami dd iffeɣ di jjwayeh n tsaɛɛet wiss hiṭɛac ixs ad yini ɣar xemsa n tmeddit yufa din ɛawed inneɣni bedden din bra rxedmet inna asen,/Users/mac/masterAI/tarifit_asr_tfm/data/processed/segments/REC113/REC113_SEG0005_PART01.wav
REC113_SEG0005_PART02,REC113,SPK009,data/processed/segments/REC113/REC113_SEG0005_PART02.wav,12.616,mayemmi tbeddem da ass ikmer bra rxedmet nnan as minzi war d aneɣ icri ḥed inna asen ruḥem ura d kenniw ɣar umarjeɛ inu n uḍir ad teṭṭfem min d awem dd ikkaren,/Users/mac/masterAI/tarifit_asr_tfm/data/processed/segments/REC113/REC113_SEG0005_PART02.wav
REC113_SEG0006,REC113,SPK009,data/processed/segments/REC113/REC113_SEG0006.wav,13.584,rami dd tiweḍ tmeddit inna bab n umarjeɛ n uḍir i uweqqaf nnes raɣa dd x ixemmasen xeǧeṣ asen rmunet sizwar zeg inni dd yusin d ineggura uca ammu ar imezwura,/Users/mac/masterAI/tarifit_asr_tfm/data/processed/segments/REC113/REC113_SEG0006.wav
REC113_SEG0007,REC113,SPK009,data/processed/segments/REC113/REC113_SEG0007.wav,19.408,uca usin dd inni d icra di jjwayeh n tsaɛɛet wiss ḥiṭac uca kur ijjen zzaysen iṭṭef ijjen dinar rami dd usin inni tuɣa d imezwura ittɣir asen ad ṭṭfen ktar maca ura d nitni ṭṭfen i kur ijjen zzaysen ijj n dinar,/Users/mac/masterAI/tarifit_asr_tfm/data/processed/segments/REC113/REC113_SEG0007.wav
REC113_SEG0008_PART01,REC113,SPK009,data/processed/segments/REC113/REC113_SEG0008_PART01.wav,13.608,aqa xeyyqen x bab n taddart nnan aqa ina d inni d ineggura xedmen ict n tsaɛɛet u cek temqudd i ten akidneɣ neccin inni yarebbun,/Users/mac/masterAI/tarifit_asr_tfm/data/processed/segments/REC113/REC113_SEG0008_PART01.wav
REC113_SEG0008_PART02,REC113,SPK009,data/processed/segments/REC113/REC113_SEG0008_PART02.wav,13.608,ddqer n wass d reḥmu maca netta yarra dd x ijjen zzaysen inna a ameddukker inu necc war cek ḍrimeɣ ma war kidi tekkised awar x ijj n dinar,/Users/mac/masterAI/tarifit_asr_tfm/data/processed/segments/REC113/REC113_SEG0008_PART02.wav
REC113_SEG0009,REC113,SPK009,data/processed/segments/REC113/REC113_SEG0009.wav,13.552,ṭṭef min iǧan nnec uca uyur necc xseɣ ad wceɣ i ina d inni d ineggura anect min d ac wciɣ niɣ ma war ɣari bu rḥeqq maḥend ad ggeɣ min xseɣ ak d min iǧan inu,/Users/mac/masterAI/tarifit_asr_tfm/data/processed/segments/REC113/REC113_SEG0009.wav
REC113_SEG0010,REC113,SPK009,data/processed/segments/REC113/REC113_SEG0010.wav,15.184,niɣ tiṭṭ nnec d taɛeffant minzi necc d aṣebḥan ammu i ɣa dewren ineggura d imezwura uca imezwura ad dewren d ineggura minzi aṭṭas inni ittwaraɣan maca drus inni ittwaxdaren,/Users/mac/masterAI/tarifit_asr_tfm/data/processed/segments/REC113/REC113_SEG0010.wav
REC113_SEG0011,REC113,SPK009,data/processed/segments/REC113/REC113_SEG0011.wav,6.16,yasuɛ issawar x rmewt d tnukra nnes i twara wiss trata,/Users/mac/masterAI/tarifit_asr_tfm/data/processed/segments/REC113/REC113_SEG0011.wav
REC113_SEG0012_PART01,REC113,SPK009,data/processed/segments/REC113/REC113_SEG0012_PART01.wav,11.528,rami ikkar dd yasuɛ maḥend ad igeɛɛed ɣar urcalim yiwi tenɛac n imeḥḍaren nnes ɣar uɣezdis deg webrid inna asen xzar ad ngeɛɛed ɣar,/Users/mac/masterAI/tarifit_asr_tfm/data/processed/segments/REC113/REC113_SEG0012_PART01.wav
REC113_SEG0012_PART02,REC113,SPK009,data/processed/segments/REC113/REC113_SEG0012_PART02.wav,11.528,urcalim uca ad immewc mmis n bnadem deg ifassen n imeqqranen n ikehhanen d imsermaden n idlisen u nitni ad xas ḥekmen s rmewt,/Users/mac/masterAI/tarifit_asr_tfm/data/processed/segments/REC113/REC113_SEG0012_PART02.wav
REC113_SEG0013,REC113,SPK009,data/processed/segments/REC113/REC113_SEG0013.wav,11.344,ad t sellmen i regnus maḥend ad zzayes stehzan ad t hettken s urekkuḍ uca ad t ṣellben maca deg wass wiss trata ad dd ikkar,/Users/mac/masterAI/tarifit_asr_tfm/data/processed/segments/REC113/REC113_SEG0013.wav
REC113_SEG0014,REC113,SPK009,data/processed/segments/REC113/REC113_SEG0014.wav,3.12,tutra n yemmas n yaɛqub d yuḥanna,/Users/mac/masterAI/tarifit_asr_tfm/data/processed/segments/REC113/REC113_SEG0014.wav
REC113_SEG0015_PART01,REC113,SPK009,data/processed/segments/REC113/REC113_SEG0015_PART01.wav,11.032,rexdenni tusa dd ɣares yemmas n tarwa n zabdi ak d iḥenjiren nnes tesjed as ḥima ad zzayes tettar ca n rḥajjet inna as netta mi,/Users/mac/masterAI/tarifit_asr_tfm/data/processed/segments/REC113/REC113_SEG0015_PART01.wav
REC113_SEG0015_PART02,REC113,SPK009,data/processed/segments/REC113/REC113_SEG0015_PART02.wav,11.032,n texsed tenna as nettat ini maḥend ad qqimen tnayen n iḥenjiren a inu ijjen ɣar ufusi nnec u wenneɣni ɣar uzermaḍ nnec di tgeldit nnec,/Users/mac/masterAI/tarifit_asr_tfm/data/processed/segments/REC113/REC113_SEG0015_PART02.wav
REC113_SEG0016,REC113,SPK009,data/processed/segments/REC113/REC113_SEG0016.wav,15.344,yasuɛ yarra dd xasen inna kenniw war tessinem ca min tettarem ma tzemmarem ad teswem rkas i ɣa sweɣ necc niɣ ad tettwassɣeḍṣem s useɣḍeṣ i zi ɣa ttwassɣeḍṣeɣ necc nnan as nzemmar,/Users/mac/masterAI/tarifit_asr_tfm/data/processed/segments/REC113/REC113_SEG0016.wav
REC113_SEG0017,REC113,SPK009,data/processed/segments/REC113/REC113_SEG0017.wav,17.776,netta inna asen rkas inu ad t teswem u aseɣḍeṣ i zi ɣa ttwassɣeḍṣeɣ ad zzayes tettwassɣeḍṣem maca aɣimi ɣar ufusi inu d uzermaḍ inu war iǧi i necc maḥend ad t wceɣ maca ad yiri i yinni umi t issewjed baba,/Users/mac/masterAI/tarifit_asr_tfm/data/processed/segments/REC113/REC113_SEG0017.wav
REC113_SEG0018,REC113,SPK009,data/processed/segments/REC113/REC113_SEG0018.wav,17.616,rami srin ɛecra n imeḥḍaren nneɣni man aya xeyyqen aṭṭas x tnayen n wawmaten maca yasuɛ iraɣa dd xasen ɣares inna kenniw aqa tessnem belli rḥukkam n regnus ḥekkmen xasen uca ura d imeqqranen ttṣellaṭen xasen,/Users/mac/masterAI/tarifit_asr_tfm/data/processed/segments/REC113/REC113_SEG0018.wav
REC113_SEG0019_PART01,REC113,SPK009,data/processed/segments/REC113/REC113_SEG0019_PART01.wav,13.912,war ittiri ammu jar awem maca s rmeqrub wenni ixsen ad yiri d ameqqran jar awem ad yiri d amsexxar nwem u wenni ixsen ad yiri d amezwaru jar awem jit ad yiri,/Users/mac/masterAI/tarifit_asr_tfm/data/processed/segments/REC113/REC113_SEG0019_PART01.wav
REC113_SEG0019_PART02,REC113,SPK009,data/processed/segments/REC113/REC113_SEG0019_PART02.wav,13.912,d amsexxar nwem am mammec mmis n bnadem war dd yusi ḥima ad xas sexxaren maca ḥima ad xasen isexxar uca ad iwc tudart nnes d aṣraḥ i waṭṭas n yewdan,/Users/mac/masterAI/tarifit_asr_tfm/data/processed/segments/REC113/REC113_SEG0019_PART02.wav
REC113_SEG0020,REC113,SPK009,data/processed/segments/REC113/REC113_SEG0020.wav,2.704,yasuɛ issgenfa tnayen n idarɣaren,/Users/mac/masterAI/tarifit_asr_tfm/data/processed/segments/REC113/REC113_SEG0020.wav
REC113_SEG0021,REC113,SPK009,data/processed/segments/REC113/REC113_SEG0021.wav,8.816,rami dd iffeɣ yasuɛ zi ariḥa iḍfar i t i dd aṭṭas n rɣaci xzar aqa din tnayen n idarɣaren qqimen x ṭṭarf n webrid,/Users/mac/masterAI/tarifit_asr_tfm/data/processed/segments/REC113/REC113_SEG0021.wav
REC113_SEG0022_PART01,REC113,SPK009,data/processed/segments/REC113/REC113_SEG0022_PART01.wav,14.488,rami srin belli yasuɛ ad iɛdu raɣan nnan a sidi mmis n dawud arḥem aneɣ maca rɣaci iziyyar xasen ḥima ad sqaren maca nitni sɣuyen s jjehd ktar nnan,/Users/mac/masterAI/tarifit_asr_tfm/data/processed/segments/REC113/REC113_SEG0022_PART01.wav
REC113_SEG0022_PART02,REC113,SPK009,data/processed/segments/REC113/REC113_SEG0022_PART02.wav,14.488,arḥem aneɣ a siditneɣ mmis n dawud xenni ibedd yasuɛ iraɣa dd xasen inna min texsem ad awem ggeɣ nnan as nitni a siditneɣ mara texsed ad ttwarezment tiṭṭawin nneɣ,/Users/mac/masterAI/tarifit_asr_tfm/data/processed/segments/REC113/REC113_SEG0022_PART02.wav
REC113_SEG0023,REC113,SPK009,data/processed/segments/REC113/REC113_SEG0023.wav,7.28,yasuɛ iḥinn xasen xenni iḥada tiṭṭawin nsen rexdenni dewrent tiṭṭawin nsen ttwarant,/Users/mac/masterAI/tarifit_asr_tfm/data/processed/segments/REC113/REC113_SEG0023.wav
REC114_SEG0001,REC114,SPK009,data/processed/segments/REC114/REC114_SEG0001.wav,3.472,adaf n yasuɛ ɣar urcalim am ujeǧid,/Users/mac/masterAI/tarifit_asr_tfm/data/processed/segments/REC114/REC114_SEG0001.wav
REC114_SEG0002,REC114,SPK009,data/processed/segments/REC114/REC114_SEG0002.wav,7.088,rami dd qarrben ɣar urcalim iwḍen ɣar bayt faji ɣar uɣezdis n wedrar n zzitun,/Users/mac/masterAI/tarifit_asr_tfm/data/processed/segments/REC114/REC114_SEG0002.wav
REC114_SEG0003_PART01,REC114,SPK009,data/processed/segments/REC114/REC114_SEG0003_PART01.wav,11.32,issekk yasuɛ tnayen n imeḥḍaren nnes inna asen ruḥem ɣar dcar nni qibac nwem deɣya ad tafem ict n teɣyuc teqqen d ijj n wesnus akides,/Users/mac/masterAI/tarifit_asr_tfm/data/processed/segments/REC114/REC114_SEG0003_PART01.wav
REC114_SEG0003_PART02,REC114,SPK009,data/processed/segments/REC114/REC114_SEG0003_PART02.wav,11.32,fesyem asen tawyem ten dd ɣari mara inna awem ḥed ca arrem xas ammu aqa siditneɣ iḥdaj i ten netta ad ten dd yarr deɣya,/Users/mac/masterAI/tarifit_asr_tfm/data/processed/segments/REC114/REC114_SEG0003_PART02.wav
REC114_SEG0004,REC114,SPK009,data/processed/segments/REC114/REC114_SEG0004.wav,13.072,man aya qaɛ imsar ḥima ad ittwakemmer marra min ittwannan zeg unabi am inna inim i yeǧis n ṣihyun xzar ajeǧid nnem ad ɣarem dd yas s uwaḍeɛ,/Users/mac/masterAI/tarifit_asr_tfm/data/processed/segments/REC114/REC114_SEG0004.wav
REC114_SEG0005_PART01,REC114,SPK009,data/processed/segments/REC114/REC114_SEG0005_PART01.wav,13.192,yenya x weɣyur d wesnus aqa d mmis n teɣyuc ruḥen imeḥḍaren uca ggin am mammec ten yumur yasuɛ iwyen dd aɣyur d wesnus sarsen arruḍ nsen,/Users/mac/masterAI/tarifit_asr_tfm/data/processed/segments/REC114/REC114_SEG0005_PART01.wav
REC114_SEG0005_PART02,REC114,SPK009,data/processed/segments/REC114/REC114_SEG0005_PART02.wav,13.192,x wesnus uca inya xas yasuɛ aṭṭas zi rɣaci ssun arruḍ nsen deg webrid u inneɣni qessen refruɛ zi tcejjura sun ten deg webrid,/Users/mac/masterAI/tarifit_asr_tfm/data/processed/segments/REC114/REC114_SEG0005_PART02.wav
REC114_SEG0006,REC114,SPK009,data/processed/segments/REC114/REC114_SEG0006.wav,18.832,uca abarru n rɣaci nni d as izwaren d yinni i t i dd iḍfaren tuɣa sɣuyyun nnan uṣanna i mmis n dawud lbaraka i wenni dd yusin s yisem n sidi uṣanna di ruɛra x ruɛra n ijenwan,/Users/mac/masterAI/tarifit_asr_tfm/data/processed/segments/REC114/REC114_SEG0006.wav
REC114_SEG0007,REC114,SPK009,data/processed/segments/REC114/REC114_SEG0007.wav,11.216,rami yudef ɣar urcalim thaj tendint qaɛ iwdan nnan min iɛna wa rɣaci inna d wa d anabi yasuɛ zi nnaṣira di ljalil,/Users/mac/masterAI/tarifit_asr_tfm/data/processed/segments/REC114/REC114_SEG0007.wav
REC114_SEG0008,REC114,SPK009,data/processed/segments/REC114/REC114_SEG0008.wav,2.896,adaf n yasuɛ di zzawect tameqqrant,/Users/mac/masterAI/tarifit_asr_tfm/data/processed/segments/REC114/REC114_SEG0008.wav
REC114_SEG0009_PART01,REC114,SPK009,data/processed/segments/REC114/REC114_SEG0009_PART01.wav,13.5,yudef yasuɛ ɣar zzawect tameqqrant n arebbi issuffeɣ marra inni izznuzan d yinni issaɣen di zzawect tameqqrant uca iqreb ṭṭwaber n iṣarrafen n tenɛacin d rekrasi n yinni i,/Users/mac/masterAI/tarifit_asr_tfm/data/processed/segments/REC114/REC114_SEG0009_PART01.wav
REC114_SEG0009_PART02,REC114,SPK009,data/processed/segments/REC114/REC114_SEG0009_PART02.wav,13.5,zznuzan idbiren inna asen aqa tura taddart inu ad tettwasemma taddart n tẓaǧit maca kenniw tarrim tt d ifri n iceffaren iwyen dd ɣares di zzawect tameqqrant,/Users/mac/masterAI/tarifit_asr_tfm/data/processed/segments/REC114/REC114_SEG0009_PART02.wav
REC114_SEG0010,REC114,SPK009,data/processed/segments/REC114/REC114_SEG0010.wav,13.432,idarɣaren d ineɛḍaben uca issgenfa ten umi ẓrin imeqqranen n ikehhanen d imsermaden n idlisen lmuɛjizat i yegga u aqa iḥenjiren ttraɣan di zzawect tameqqrant qqaren,/Users/mac/masterAI/tarifit_asr_tfm/data/processed/segments/REC114/REC114_SEG0010.wav
REC114_SEG0011_PART01,REC114,SPK009,data/processed/segments/REC114/REC114_SEG0011_PART01.wav,11.176,uṣanna i mmis n dawud xeyyqen aṭṭas nnan as ma tesrid min qqaren yina inna asen yasuɛ wah ma war teɣrim ɛemmarṣ,/Users/mac/masterAI/tarifit_asr_tfm/data/processed/segments/REC114/REC114_SEG0011_PART01.wav
REC114_SEG0011_PART02,REC114,SPK009,data/processed/segments/REC114/REC114_SEG0011_PART02.wav,11.176,zeg iqemmumen n iḥenjiren d iseyman tesswejded cek ttesbiḥ rexdenni ismeḥ daysen iffeɣ barra i tendint ɣar bayt ɛanya insa din,/Users/mac/masterAI/tarifit_asr_tfm/data/processed/segments/REC114/REC114_SEG0011_PART02.wav
REC114_SEG0012,REC114,SPK009,data/processed/segments/REC114/REC114_SEG0012.wav,1.392,artu yuẓɣen,/Users/mac/masterAI/tarifit_asr_tfm/data/processed/segments/REC114/REC114_SEG0012.wav
REC114_SEG0013,REC114,SPK009,data/processed/segments/REC114/REC114_SEG0013.wav,16.88,ɣar ṣṣbeḥ zic rami dd idwer ɣar tendint tuɣa dayes raẓ iẓra ijj n wartu x webrid iruḥ ɣares war dayes yufi mɣir tifray waha xenni inna i wartu war zzayek tteffeɣ rɣiǧet ɛemmarṣ rexdenni yuẓeɣ wartu deɣya,/Users/mac/masterAI/tarifit_asr_tfm/data/processed/segments/REC114/REC114_SEG0013.wav
REC114_SEG0014_PART01,REC114,SPK009,data/processed/segments/REC114/REC114_SEG0014_PART01.wav,13.256,umi ẓrin imeḥḍaren man aya tbehten nnan mammec igga wartu yuẓeɣ deɣya yasuɛ yarra dd inna asen s tidett necc ad awem iniɣ mara daywem l iman u war tcekkim ca aqa war tetteggem,/Users/mac/masterAI/tarifit_asr_tfm/data/processed/segments/REC114/REC114_SEG0014_PART01.wav
REC114_SEG0014_PART02,REC114,SPK009,data/processed/segments/REC114/REC114_SEG0014_PART02.wav,13.256,min imsaren i wartu waha maca ɛawed mara tennam i wedrar a meksi wḍa di rebḥar ad yiri d qaɛ min ɣa tettarem di tẓaǧit s l iman ad t teṭṭfem,/Users/mac/masterAI/tarifit_asr_tfm/data/processed/segments/REC114/REC114_SEG0014_PART02.wav
REC114_SEG0015,REC114,SPK009,data/processed/segments/REC114/REC114_SEG0015.wav,2.32,aseqsi x ttesriḥ n yasuɛ,/Users/mac/masterAI/tarifit_asr_tfm/data/processed/segments/REC114/REC114_SEG0015.wav
REC114_SEG0016_PART01,REC114,SPK009,data/processed/segments/REC114/REC114_SEG0016_PART01.wav,13.88,rami yudef ɣar zzawect tameqqrant usin dd ɣares imeqqranen n ikehhanen d imɣaren n rgens am tuɣa issermad nnan s man ṣṣulṭa i teggid timesrayin a wi d ac iwcin ṣṣulṭa ya,/Users/mac/masterAI/tarifit_asr_tfm/data/processed/segments/REC114/REC114_SEG0016_PART01.wav
REC114_SEG0016_PART02,REC114,SPK009,data/processed/segments/REC114/REC114_SEG0016_PART02.wav,13.88,yasuɛ yarra dd inna asen ura d necc ad kenniw sseqsiɣ ijj n useqsi u mara tarrim dd xafi ura d necc ad awem iniɣ s man ṣṣulṭa i tteggeɣ timesrayin a,/Users/mac/masterAI/tarifit_asr_tfm/data/processed/segments/REC114/REC114_SEG0016_PART02.wav
REC114_SEG0017,REC114,SPK009,data/processed/segments/REC114/REC114_SEG0017.wav,15.472,aseɣḍaṣ n yuḥanna manis netta zeg ujenna niɣ zeg iwdan mcawaren nitni jar asen nnan mara nenna zeg ujenna ad aneɣ ini mayemmi war zzayes tuminem u mara nenna,/Users/mac/masterAI/tarifit_asr_tfm/data/processed/segments/REC114/REC114_SEG0017.wav
REC114_SEG0018,REC114,SPK009,data/processed/segments/REC114/REC114_SEG0018.wav,19.024,zeg iwdan xenni dayneɣ tiggʷudi zi rɣaci minzi marra ḥessben yuḥanna d anabi arrin dd nnan war nessin inna asen netta xenni ura d necc war d awem qqareɣ s man ṣṣulṭa i tteggeɣ man aya,/Users/mac/masterAI/tarifit_asr_tfm/data/processed/segments/REC114/REC114_SEG0018.wav
REC114_SEG0019_PART01,REC114,SPK009,data/processed/segments/REC114/REC114_SEG0019_PART01.wav,11.064,amedya n tnayen n wawmaten min d awem ittɣir kenniw ijj n weryaz tuɣa ɣares tnayen n iḥenjiren iraɣa x umezwaru inna a mmi uyur,/Users/mac/masterAI/tarifit_asr_tfm/data/processed/segments/REC114/REC114_SEG0019_PART01.wav
REC114_SEG0019_PART02,REC114,SPK009,data/processed/segments/REC114/REC114_SEG0019_PART02.wav,11.064,ass a ad txedmed deg umarjeɛ n uḍir netta yarra dd inna necc war xseɣ ca maca awarni man aya indem uca iruḥ din,/Users/mac/masterAI/tarifit_asr_tfm/data/processed/segments/REC114/REC114_SEG0019_PART02.wav
REC114_SEG0020,REC114,SPK009,data/processed/segments/REC114/REC114_SEG0020.wav,14.224,uca yusa dd netta ɣar wenni wiss tnayen inna as amenni beɛda wanita yarra dd xas wah a sidi maca war iruḥ ca man wen zzaysen i iggin rxaḍar i babas nitni arrin dd xas,/Users/mac/masterAI/tarifit_asr_tfm/data/processed/segments/REC114/REC114_SEG0020.wav
REC114_SEG0021_PART01,REC114,SPK009,data/processed/segments/REC114/REC114_SEG0021_PART01.wav,13.864,wenni d amezwaru yasuɛ inna asen s tidett necc ad awem iniɣ aqa ayt n ḍḍariba d temɣarin n farq ccɣer ad awem izwaren ɣar tgeldit n arebbi minzi yuḥanna yusa dd ɣarwem deg webrid n t,/Users/mac/masterAI/tarifit_asr_tfm/data/processed/segments/REC114/REC114_SEG0021_PART01.wav
REC114_SEG0021_PART02,REC114,SPK009,data/processed/segments/REC114/REC114_SEG0021_PART02.wav,13.864,segda kenniw war zzayes tuminem maca ayt n ḍḍariba d temɣarin n farq ccɣer aqa nitni umnen zzayes rami teẓrim man aya war tetubem ca ɣar uneggaru maḥend ad zzayes tamnem,/Users/mac/masterAI/tarifit_asr_tfm/data/processed/segments/REC114/REC114_SEG0021_PART02.wav
REC114_SEG0022,REC114,SPK009,data/processed/segments/REC114/REC114_SEG0022.wav,3.376,amedya n ixemmasen deg umarjuɛ n tzayart,/Users/mac/masterAI/tarifit_asr_tfm/data/processed/segments/REC114/REC114_SEG0022.wav
REC114_SEG0023_PART01,REC114,SPK009,data/processed/segments/REC114/REC114_SEG0023_PART01.wav,11.736,srem ɛawed i yijj n umedya nneɣni tuɣa din ijj n weryaz bab n taddart igga ijj n umarjeɛ n uḍir iẓẓu dayes tizayarin netta iquwwar as dd s,/Users/mac/masterAI/tarifit_asr_tfm/data/processed/segments/REC114/REC114_SEG0023_PART01.wav
REC114_SEG0023_PART02,REC114,SPK009,data/processed/segments/REC114/REC114_SEG0023_PART02.wav,11.736,yijj n wefray iɣza dayes tasirt n uḍir uca ibna dayes ict n ṣṣumɛet xenni yarhen amarjeɛ nni n uḍir i ca n ixemmasen uca isafar,/Users/mac/masterAI/tarifit_asr_tfm/data/processed/segments/REC114/REC114_SEG0023_PART02.wav
REC114_SEG0024,REC114,SPK009,data/processed/segments/REC114/REC114_SEG0024.wav,9.072,umi dd tiweḍ rweqt n ṣṣabet n rɣiǧet issekk imsexxaren nnes ɣar ixemmasen nni ḥima ad dd awyen rɣiǧet nnes,/Users/mac/masterAI/tarifit_asr_tfm/data/processed/segments/REC114/REC114_SEG0024.wav
REC114_SEG0025_PART01,REC114,SPK009,data/processed/segments/REC114/REC114_SEG0025_PART01.wav,13.32,ixemmasen ṭṭfen imsexxaren nnes wtin ijjen nɣin nneɣni uca arejmen ɛawed ijjen nneɣni ɛawed issekk imsexxaren nneɣni ktar zeg umezwaru uca,/Users/mac/masterAI/tarifit_asr_tfm/data/processed/segments/REC114/REC114_SEG0025_PART01.wav
REC114_SEG0025_PART02,REC114,SPK009,data/processed/segments/REC114/REC114_SEG0025_PART02.wav,13.32,ggin daysen ɛawed amenni ɣar uneggar issekk asen dd mmis inna nican ad weqqaren mmi maca rami ẓrin ixemmasen mmis nnan jar asen aqa d awrit,/Users/mac/masterAI/tarifit_asr_tfm/data/processed/segments/REC114/REC114_SEG0025_PART02.wav
REC114_SEG0026,REC114,SPK009,data/processed/segments/REC114/REC114_SEG0026.wav,8.752,zidem ad t neneɣ ad as nekkes rwart i neccin ṭṭfen t nḍaren t barra i umarjeɛ n uḍir uca nɣin t,/Users/mac/masterAI/tarifit_asr_tfm/data/processed/segments/REC114/REC114_SEG0026.wav
REC114_SEG0027,REC114,SPK009,data/processed/segments/REC114/REC114_SEG0027.wav,19.6,mara yusa dd bab n umarjeɛ nni min ɣa yegg deg ixemmasen nni nnan as ad yareddeǧ iɛeffanen nni qaɛ uca ad iwc amarjeɛ n uḍir i ixemmasen nneɣni inni d as i ɣa iwcen rɣiǧet di rweqt nnes yasuɛ inna asen ma war teɣrim ɛemmarṣ deg idlisen,/Users/mac/masterAI/tarifit_asr_tfm/data/processed/segments/REC114/REC114_SEG0027.wav
REC114_SEG0028,REC114,SPK009,data/processed/segments/REC114/REC114_SEG0028.wav,12.24,aẓru i iɛiffen ibennayen aqa idwer d aẓru azeǧif n teɣmart manaya it wag zi sidi aqqat ijjen ḥajjet s ṭebhet tiṭṭawin nneɣ,/Users/mac/masterAI/tarifit_asr_tfm/data/processed/segments/REC114/REC114_SEG0028.wav
REC114_SEG0029,REC114,SPK009,data/processed/segments/REC114/REC114_SEG0029.wav,9.808,s uyenni ad awem iniɣ belli tageldit n arebbi ad awem tettwakkes uca ad temmewc i yijj n rgens i ɣa iwcen rɣiǧet nnes,/Users/mac/masterAI/tarifit_asr_tfm/data/processed/segments/REC114/REC114_SEG0029.wav
REC114_SEG0030,REC114,SPK009,data/processed/segments/REC114/REC114_SEG0030.wav,19.924,wi ɣa iwḍan x weẓru ya ad ittwarbez u wi xef i ɣa iwḍa ad t irbez rami srin imeqqranen n ikehhanen d ifarisiyyen imedya nnes fehmen belli issawar xasen arezzun ad t ṭṭfen maca ggʷeden zi rɣaci minzi rɣaci tuɣa iḥesseb i t d ijj n unabi,/Users/mac/masterAI/tarifit_asr_tfm/data/processed/segments/REC114/REC114_SEG0030.wav
REC115_SEG0001,REC115,SPK009,data/processed/segments/REC115/REC115_SEG0001.wav,3.312,amedya x inni ittwaɛarḍen ɣar wurar,/Users/mac/masterAI/tarifit_asr_tfm/data/processed/segments/REC115/REC115_SEG0001.wav
REC115_SEG0002,REC115,SPK009,data/processed/segments/REC115/REC115_SEG0002.wav,18.448,iṭṭef yasuɛ ɛawed deg wawar uca issiwer akidsen ɛawed s imedya inna tageldit n ijenwan am yijj n weryaz ijj n ujeǧid igga urar i mmis issekk dd imsexxaren nnes ḥima ad raɣan x yinni ittwaɛarḍen ɣar wurar maca ugin ad dd asen,/Users/mac/masterAI/tarifit_asr_tfm/data/processed/segments/REC115/REC115_SEG0002.wav
REC115_SEG0003,REC115,SPK009,data/processed/segments/REC115/REC115_SEG0003.wav,15.312,ɛawed issekk dd imsexxaren nneɣni inna inim i yinni ittwaɛarḍen aqa sswejdeɣ awem amecri ɣarṣeɣ i iyenduzen inu d rmar inu iṣeḥḥen aqa marra iwjed asem dd ɣar wurar,/Users/mac/masterAI/tarifit_asr_tfm/data/processed/segments/REC115/REC115_SEG0003.wav
REC115_SEG0004,REC115,SPK009,data/processed/segments/REC115/REC115_SEG0004.wav,14.128,nitni maca war wcin ca taynit i man aya ruḥen ijjen ɣar reɛraṣi nnes u wenneɣni ɣar ttijara nnes inni iqqimen ṭṭfen imsexxaren nnes ɣezzan daysen uca nɣin ten,/Users/mac/masterAI/tarifit_asr_tfm/data/processed/segments/REC115/REC115_SEG0004.wav
REC115_SEG0005,REC115,SPK009,data/processed/segments/REC115/REC115_SEG0005.wav,10.512,rami isra ujeǧid man aya ixeyyeq aṭṭas issekk dd rɛeskar nnes uca yareyyeb iqettaren nni uca issecmeḍ tandint nsen,/Users/mac/masterAI/tarifit_asr_tfm/data/processed/segments/REC115/REC115_SEG0005.wav
REC115_SEG0006,REC115,SPK009,data/processed/segments/REC115/REC115_SEG0006.wav,15.216,xenni inna i imsexxaren nnes aqa urar iwjed maca inni tuɣa ittwaɛarḍen war t sdihiǧen ca s uya uyurem ɣar mani ttemsebḍan ibriden raɣam dd x marra inni i ɣa tafem din ɣar wurar,/Users/mac/masterAI/tarifit_asr_tfm/data/processed/segments/REC115/REC115_SEG0006.wav
REC115_SEG0007_PART01,REC115,SPK009,data/processed/segments/REC115/REC115_SEG0007_PART01.wav,11.72,xenni ffɣen dd imsexxaren nni ɣar ibriden uca ssmunen marra inni ufin am yiṣebḥanen am yiɛeffanen uca amcan n wurar tedwer teccur s inewjiwen i iqqimen,/Users/mac/masterAI/tarifit_asr_tfm/data/processed/segments/REC115/REC115_SEG0007_PART01.wav
REC115_SEG0007_PART02,REC115,SPK009,data/processed/segments/REC115/REC115_SEG0007_PART02.wav,11.72,dinni rami dd yudef ujeǧid maḥend ad iẓar inewjiwen nni iqqimen dinni iḥekkar i yijj n bnadem war yarḍ ca arruḍ n wurar inna as a ameddukker inu,/Users/mac/masterAI/tarifit_asr_tfm/data/processed/segments/REC115/REC115_SEG0007_PART02.wav
REC115_SEG0008_PART01,REC115,SPK009,data/processed/segments/REC115/REC115_SEG0008_PART01.wav,11.512,mammec dd tudfed danita bra arruḍ n wurar maca netta idwer ignu xenni inna ujeǧid i imsexxaren carfem t s ifassen d iḍaren uca nḍarem,/Users/mac/masterAI/tarifit_asr_tfm/data/processed/segments/REC115/REC115_SEG0008_PART01.wav
REC115_SEG0008_PART02,REC115,SPK009,data/processed/segments/REC115/REC115_SEG0008_PART02.wav,11.512,t barra ɣar uneggar n taǧest mani ɣa irin imeṭṭawen d uɣezzi n teɣmas minzi aqa din aṭṭas inni ittwaraɣan maca drus inni ittwafarzen,/Users/mac/masterAI/tarifit_asr_tfm/data/processed/segments/REC115/REC115_SEG0008_PART02.wav
REC115_SEG0009,REC115,SPK009,data/processed/segments/REC115/REC115_SEG0009.wav,2.288,aseqsi x ḍḍariba i qayṣar,/Users/mac/masterAI/tarifit_asr_tfm/data/processed/segments/REC115/REC115_SEG0009.wav
REC115_SEG0010_PART01,REC115,SPK009,data/processed/segments/REC115/REC115_SEG0010_PART01.wav,13.896,xenni ruḥen ifarisiyyen mcawaren meḥend ad as ggen ijj n rfex di ssibbet n wawaren nnes ssekken ɣares imeḥḍaren nsen ak d inni zi taddart n hirudus nnan a amseɣɣar aqa nessen be,/Users/mac/masterAI/tarifit_asr_tfm/data/processed/segments/REC115/REC115_SEG0010_PART01.wav
REC115_SEG0010_PART02,REC115,SPK009,data/processed/segments/REC115/REC115_SEG0010_PART02.wav,13.896,lli cek d tidett tessermaded abrid n arebbi s tidett nhra ma tesserqid ura x yijj minzi cek war tqebred ca rxezrat ɣar iɣenbab n iwdan iwa ini aneɣ mammec i twarid cek,/Users/mac/masterAI/tarifit_asr_tfm/data/processed/segments/REC115/REC115_SEG0010_PART02.wav
REC115_SEG0011,REC115,SPK009,data/processed/segments/REC115/REC115_SEG0011.wav,4.656,ma iḥeqq ɛlaḥsab ccariɛa ad tettwaxeǧeṣ ḍḍariba i qayṣar niɣ lla,/Users/mac/masterAI/tarifit_asr_tfm/data/processed/segments/REC115/REC115_SEG0011.wav
REC115_SEG0012_PART01,REC115,SPK009,data/processed/segments/REC115/REC115_SEG0012_PART01.wav,12.712,maca yasuɛ issen taḥraymect nsen uca inna mayemmi d ayi tettjarrabem kenniw a imnafqen seccnem ayi ijj n uqiyya n dinar n ḍḍariba x kur azeǧif iwyen as dd,/Users/mac/masterAI/tarifit_asr_tfm/data/processed/segments/REC115/REC115_SEG0012_PART01.wav
REC115_SEG0012_PART02,REC115,SPK009,data/processed/segments/REC115/REC115_SEG0012_PART02.wav,12.712,ijj n dinar xenni inna asen wi yiran taṣwirt a d tira ya nnan as n qayṣar xenni inna asen wcem i qayṣar min iǧan i qayṣar u i arebbi min iǧan i arebbi,/Users/mac/masterAI/tarifit_asr_tfm/data/processed/segments/REC115/REC115_SEG0012_PART02.wav
REC115_SEG0013,REC115,SPK009,data/processed/segments/REC115/REC115_SEG0013.wav,4.528,rami srin man aya tbehten semḥen dayes uca ruḥen,/Users/mac/masterAI/tarifit_asr_tfm/data/processed/segments/REC115/REC115_SEG0013.wav
REC115_SEG0014,REC115,SPK009,data/processed/segments/REC115/REC115_SEG0014.wav,2.832,aseqsi n iṣaduqiyyen x tnukra,/Users/mac/masterAI/tarifit_asr_tfm/data/processed/segments/REC115/REC115_SEG0014.wav
REC115_SEG0015_PART01,REC115,SPK009,data/processed/segments/REC115/REC115_SEG0015_PART01.wav,10.584,deg wass nni usin dd ɣares iṣaduqiyyen qqaren as aqa war din bu tnukra uca sseqsan t nnan as a amseɣɣar musa aqa,/Users/mac/masterAI/tarifit_asr_tfm/data/processed/segments/REC115/REC115_SEG0015_PART01.wav
REC115_SEG0015_PART02,REC115,SPK009,data/processed/segments/REC115/REC115_SEG0015_PART02.wav,10.584,inna mara immut ḥed war dd yejji bu tarwa ittxeṣṣa i umas ad imrec ak d temɣart nnes ad kides dd yejj aḥenjir i umas,/Users/mac/masterAI/tarifit_asr_tfm/data/processed/segments/REC115/REC115_SEG0015_PART02.wav
REC115_SEG0016,REC115,SPK009,data/processed/segments/REC115/REC115_SEG0016.wav,19.312,tuɣa ɣarneɣ sebɛa n wawmaten amezwaru imrec immut umi war dd yejji ca tarwa aqa ijja tamɣart nnes i umas ammu i immut ura d wenni wiss tnayen d wiss trata ar wenni wiss sebɛa ɣar uneggaru nsen marra temmut temɣart,/Users/mac/masterAI/tarifit_asr_tfm/data/processed/segments/REC115/REC115_SEG0016.wav
REC115_SEG0017,REC115,SPK009,data/processed/segments/REC115/REC115_SEG0017.wav,7.248,i man wen zzaysen i ɣa tiri temɣart di tnukra minzi tuɣa tamɣart nsen marra,/Users/mac/masterAI/tarifit_asr_tfm/data/processed/segments/REC115/REC115_SEG0017.wav
REC115_SEG0018,REC115,SPK009,data/processed/segments/REC115/REC115_SEG0018.wav,9.296,yasuɛ yarra dd inna asen aqa kenniw tweddarem minzi war tessinem ca tira iqeddsen ura d jjehd n arebbi,/Users/mac/masterAI/tarifit_asr_tfm/data/processed/segments/REC115/REC115_SEG0018.wav
REC115_SEG0019_PART01,REC115,SPK009,data/processed/segments/REC115/REC115_SEG0019_PART01.wav,14.408,minzi di tnukra war ttiwyen nitni timɣarin u timɣarin war ttirint i yeryazen maca ad irin am lmalakat n arebbi deg ujenna maca zi jjihet n tnukra,/Users/mac/masterAI/tarifit_asr_tfm/data/processed/segments/REC115/REC115_SEG0019_PART01.wav
REC115_SEG0019_PART02,REC115,SPK009,data/processed/segments/REC115/REC115_SEG0019_PART02.wav,14.408,jar imettinen ma war teɣrim ca min d awem inna arebbi i iqqaren aqa necc d arebbi n ibrahim arebbi n isḥaq arebbi n yaɛqub arebbi war iǧi d arebbi n imettinen maca n yinni iddaren,/Users/mac/masterAI/tarifit_asr_tfm/data/processed/segments/REC115/REC115_SEG0019_PART02.wav
REC115_SEG0020,REC115,SPK009,data/processed/segments/REC115/REC115_SEG0020.wav,4.848,rami srin rɣaci man aya tbehten deg usermed nnes,/Users/mac/masterAI/tarifit_asr_tfm/data/processed/segments/REC115/REC115_SEG0020.wav
REC115_SEG0021,REC115,SPK009,data/processed/segments/REC115/REC115_SEG0021.wav,1.84,tawṣeyyet tameqqrant,/Users/mac/masterAI/tarifit_asr_tfm/data/processed/segments/REC115/REC115_SEG0021.wav
REC115_SEG0022_PART01,REC115,SPK009,data/processed/segments/REC115/REC115_SEG0022_PART01.wav,14.536,rami srin ifarisiyyen belli netta ibelleɛ aqemmum n iṣaduqiyyen munen jar asen ijjen zzaysen ijjen wenni issnen ccariɛa mliḥ isseqsa t ḥima ad t ijarreb a amseɣɣar man tawṣeyyet i iǧan d,/Users/mac/masterAI/tarifit_asr_tfm/data/processed/segments/REC115/REC115_SEG0022_PART01.wav
REC115_SEG0022_PART02,REC115,SPK009,data/processed/segments/REC115/REC115_SEG0022_PART02.wav,14.536,tameqqrant di ccariɛa inna as yasuɛ ad texsed sidi arebbi nnec s marra wur nnec s marra reɛmar nnec s marra jjehd nnec u s marra reɛqer nnec d ta d tawṣeyyet tameqqrant d tamezwarut,/Users/mac/masterAI/tarifit_asr_tfm/data/processed/segments/REC115/REC115_SEG0022_PART02.wav
REC115_SEG0023,REC115,SPK009,data/processed/segments/REC115/REC115_SEG0023.wav,12.56,tenni wiss tnayen tarwes dayes aqa nettat ad texsed jjar nnec amecnaw ixef nnec x tnayen n tweṣṣa ya tettwabna marra ccariɛa d inabiyyen,/Users/mac/masterAI/tarifit_asr_tfm/data/processed/segments/REC115/REC115_SEG0023.wav
REC115_SEG0024,REC115,SPK009,data/processed/segments/REC115/REC115_SEG0024.wav,3.536,yasuɛ isseqsa ifarisiyyen x mmis n dawud,/Users/mac/masterAI/tarifit_asr_tfm/data/processed/segments/REC115/REC115_SEG0024.wav
REC115_SEG0025_PART01,REC115,SPK009,data/processed/segments/REC115/REC115_SEG0025_PART01.wav,14.28,am tuɣa munen ifarisiyyen isseqsa ten yasuɛ inna min teqqarem x lmasiḥ umi igga mmis nnan as mmis n dawud inna asen mammec i ɣa yegg dawud ad as isemma zi arruḥ,/Users/mac/masterAI/tarifit_asr_tfm/data/processed/segments/REC115/REC115_SEG0025_PART01.wav
REC115_SEG0025_PART02,REC115,SPK009,data/processed/segments/REC115/REC115_SEG0025_PART02.wav,14.28,sidi am iqqar sidi inna i sidi inu qqim dd x ufusi inu ar ɣa ggeɣ rɛedyan nnec sadu iḍaren nnec mara dawud iraɣa as sidi mammec ɣa yiri d mmis,/Users/mac/masterAI/tarifit_asr_tfm/data/processed/segments/REC115/REC115_SEG0025_PART02.wav
REC115_SEG0026,REC115,SPK009,data/processed/segments/REC115/REC115_SEG0026.wav,8.464,ura d ijjen war izemmar ad xas dd yarr u ura d ijj war iqqim izeɛɛem ittseqsa t ca ɛad zeg wass nni,/Users/mac/masterAI/tarifit_asr_tfm/data/processed/segments/REC115/REC115_SEG0026.wav
REC116_SEG0001,REC116,SPK009,data/processed/segments/REC116/REC116_SEG0001.wav,4.304,awaren iqesḥen x imsermaden n ccariɛa d ifarisiyyen,/Users/mac/masterAI/tarifit_asr_tfm/data/processed/segments/REC116/REC116_SEG0001.wav
REC116_SEG0002_PART01,REC116,SPK009,data/processed/segments/REC116/REC116_SEG0002_PART01.wav,11.352,rexdenni issiwer yasuɛ ak d rɣaci u ak d imeḥḍaren nnes inna imsermaden n idlisen d ifarisiyyen ssɣimen simant nsen x rkursi n musa s uya marra,/Users/mac/masterAI/tarifit_asr_tfm/data/processed/segments/REC116/REC116_SEG0002_PART01.wav
REC116_SEG0002_PART02,REC116,SPK009,data/processed/segments/REC116/REC116_SEG0002_PART02.wav,11.352,min d awem qqaren maḥend ad dayes tcebbarem ggem t maca war tteggem ɛlaḥsab rexdayem nsen minzi nitni waxxa qqaren t war t tteggen maca,/Users/mac/masterAI/tarifit_asr_tfm/data/processed/segments/REC116/REC116_SEG0002_PART02.wav
REC116_SEG0003,REC116,SPK009,data/processed/segments/REC116/REC116_SEG0003.wav,10.192,ttceddan reḥmer iḍeqren ssrusan ten x tɣardin n iwdan maca nitni s yixef nsen war xsen ad ten ssenhezzen ura s yijj n uḍaḍ,/Users/mac/masterAI/tarifit_asr_tfm/data/processed/segments/REC116/REC116_SEG0003.wav
REC116_SEG0004_PART01,REC116,SPK009,data/processed/segments/REC116/REC116_SEG0004_PART01.wav,12.632,marra rexdayem nsen i itteggen tteggen tent ḥima ad ten ẓaren iwdan minzi nitni tteggen tiḥezzanin nsen n tẓaǧit d imiriwen uca ticrurin i iǧan,/Users/mac/masterAI/tarifit_asr_tfm/data/processed/segments/REC116/REC116_SEG0004_PART01.wav
REC116_SEG0004_PART02,REC116,SPK009,data/processed/segments/REC116/REC116_SEG0004_PART02.wav,12.632,ɣar ubeḥrur n rkacni n tẓaǧit nsen ggin tent d timeqqranin nitni ttexsen imucan iṣebḥen ɣar refruḥ u rekrasi iṣebḥen di temzidawin,/Users/mac/masterAI/tarifit_asr_tfm/data/processed/segments/REC116/REC116_SEG0004_PART02.wav
REC116_SEG0005_PART01,REC116,SPK009,data/processed/segments/REC116/REC116_SEG0005_PART01.wav,10.984,ura d ssram di reswaq uca iɛjeb asen ad asen raɣan iwdan a amsermad inu maca kenniw war ttejjim ad awem raɣan a amsermad inu minzi,/Users/mac/masterAI/tarifit_asr_tfm/data/processed/segments/REC116/REC116_SEG0005_PART01.wav
REC116_SEG0005_PART02,REC116,SPK009,data/processed/segments/REC116/REC116_SEG0005_PART02.wav,10.984,amsermad nwem d ijjen maca kenniw marra d awmaten war ttejjim ad awem raɣan di temmurt a baba minzi babatwem i iǧan deg ijenwan d ijjen,/Users/mac/masterAI/tarifit_asr_tfm/data/processed/segments/REC116/REC116_SEG0005_PART02.wav
REC116_SEG0006_PART01,REC116,SPK009,data/processed/segments/REC116/REC116_SEG0006_PART01.wav,12.344,war ttejjim ad awem raɣan imgewwaden minzi ijjen d wenni d amgewwad nwem aqa t d lmasiḥ maca ameqqran nwem ad yiri d amsexxar nwem wenni i ɣa issuɛ,/Users/mac/masterAI/tarifit_asr_tfm/data/processed/segments/REC116/REC116_SEG0006_PART01.wav
REC116_SEG0006_PART02,REC116,SPK009,data/processed/segments/REC116/REC116_SEG0006_PART02.wav,12.344,ran ixef nnes ad ittwassemẓi u wenni i ɣa issmeẓyen ixef nnes ad ittwassuɛra uct xawem a kenniw imsermaden n idlisen d ifarisiyyen kenniw a imnafqen,/Users/mac/masterAI/tarifit_asr_tfm/data/processed/segments/REC116/REC116_SEG0006_PART02.wav
REC116_SEG0007_PART01,REC116,SPK009,data/processed/segments/REC116/REC116_SEG0007_PART01.wav,13.608,kenniw tettettem tudrin n tijjar am tettarem tiwhibin di ṭṭweɛ n tẓaǧatin nwem tizirarin s uyenni ad teksim rḥukm d ameqqran uct xawem a kenniw imsermaden n idlisen,/Users/mac/masterAI/tarifit_asr_tfm/data/processed/segments/REC116/REC116_SEG0007_PART01.wav
REC116_SEG0007_PART02,REC116,SPK009,data/processed/segments/REC116/REC116_SEG0007_PART02.wav,13.608,d ifarisiyyen kenniw a imnafqen kenniw tettbellɛem tageldit n ijenwan i iwdan minzi kenniw simant nwem war tt tettidfem uca inni yarezzun ad dd adfen war ten tettejjim ad dd adfen,/Users/mac/masterAI/tarifit_asr_tfm/data/processed/segments/REC116/REC116_SEG0007_PART02.wav
REC116_SEG0008_PART01,REC116,SPK009,data/processed/segments/REC116/REC116_SEG0008_PART01.wav,10.056,uct xawem a kenniw imsermaden n idlisen d ifarisiyyen kenniw a imnafqen kenniw tekkem x rbarr u x rebḥar ḥima ad dd,/Users/mac/masterAI/tarifit_asr_tfm/data/processed/segments/REC116/REC116_SEG0008_PART01.wav
REC116_SEG0008_PART02,REC116,SPK009,data/processed/segments/REC116/REC116_SEG0008_PART02.wav,10.056,tarrem ijjen d amɛacar n ddin n wudayen u xmi i kidwem ɣa yiri tettarram t d mmis n jehennama d aɛeffan mahu x kenniw tnayen n tseqqar,/Users/mac/masterAI/tarifit_asr_tfm/data/processed/segments/REC116/REC116_SEG0008_PART02.wav
REC116_SEG0009,REC116,SPK009,data/processed/segments/REC116/REC116_SEG0009.wav,17.712,uct xawem a kenniw imgewwaden idarɣaren inni iqqaren wenni ijjuǧen ɣar zzawect tameqqrant aqa tajaǧit nnes war tessekkwi walu maca wenni i ɣa ijjuǧen s wureɣ i iǧan di zzawect tameqqrant aqa netta iqqen ɣar ires nnes,/Users/mac/masterAI/tarifit_asr_tfm/data/processed/segments/REC116/REC116_SEG0009.wav
REC116_SEG0010,REC116,SPK009,data/processed/segments/REC116/REC116_SEG0010.wav,14.096,a ifɣar a idarɣaren min isekkwan ktar ureɣ niɣ zzawect tameqqrant tenni tessqeddes ureɣ uca ammu i teqqarem ɛawed wenni ijjuǧen ɣar uɛalṭar aqa tajaǧit nnes war tsekkwi walu,/Users/mac/masterAI/tarifit_asr_tfm/data/processed/segments/REC116/REC116_SEG0010.wav
REC116_SEG0011_PART01,REC116,SPK009,data/processed/segments/REC116/REC116_SEG0011_PART01.wav,13.928,maca wenni i ɣa ijjuǧen s tmewci i xas immarsen aqa netta iqqen ɣar ires nnes a ifɣar a idarɣaren min isekkwan ktar tamewci niɣ aɛalṭar wenni iss,/Users/mac/masterAI/tarifit_asr_tfm/data/processed/segments/REC116/REC116_SEG0011_PART01.wav
REC116_SEG0011_PART02,REC116,SPK009,data/processed/segments/REC116/REC116_SEG0011_PART02.wav,13.928,qeddes tamewci s uya wi ɣa ijjaǧen xenni ɣar uɛalṭar aqa ijjuǧ ɣar uɛalṭar u ɣar marra min xas iǧan u wi ɣa ijjaǧen ɣar zzawect tameqqrant ijjuǧ ɣares u ɣar wenni dayes izeddɣen,/Users/mac/masterAI/tarifit_asr_tfm/data/processed/segments/REC116/REC116_SEG0011_PART02.wav
REC116_SEG0012,REC116,SPK009,data/processed/segments/REC116/REC116_SEG0012.wav,5.744,u wi ɣa ijjaǧen ɣar ujenna aqa ijjuǧ ɣar rɛarc n arebbi d wenni xas iqqimen,/Users/mac/masterAI/tarifit_asr_tfm/data/processed/segments/REC116/REC116_SEG0012.wav
REC116_SEG0013_PART01,REC116,SPK009,data/processed/segments/REC116/REC116_SEG0013_PART01.wav,11.848,uct xawem a kenniw imsermaden n idlisen d ifarisiyyen kenniw a imnafqen minzi kenniw tetticem taɛcart n nneɛnaɛ d ssanuǧ d rcemmum,/Users/mac/masterAI/tarifit_asr_tfm/data/processed/segments/REC116/REC116_SEG0013_PART01.wav
REC116_SEG0013_PART02,REC116,SPK009,data/processed/segments/REC116/REC116_SEG0013_PART02.wav,11.848,maca war d awem icqi min iǧan d ameqqran di ccariɛa aqa rḥukm d arreḥmet d l iman ina i ittxeṣṣa ad teggem inneɣni,/Users/mac/masterAI/tarifit_asr_tfm/data/processed/segments/REC116/REC116_SEG0013_PART02.wav
REC116_SEG0014,REC116,SPK009,data/processed/segments/REC116/REC116_SEG0014.wav,6.48,a imgewwaden idarɣaren inni ifarrnen tizit maca tessɣeǧayem arɣem,/Users/mac/masterAI/tarifit_asr_tfm/data/processed/segments/REC116/REC116_SEG0014.wav
REC116_SEG0015_PART01,REC116,SPK009,data/processed/segments/REC116/REC116_SEG0015_PART01.wav,12.808,uct xawem a kenniw imsermaden n idlisen d ifarisiyyen kenniw a imnafqen minzi tessizdagem barra n aɣarraf d ṭṭebṣi maca ɣar daxer t ccuren,/Users/mac/masterAI/tarifit_asr_tfm/data/processed/segments/REC116/REC116_SEG0015_PART01.wav
REC116_SEG0015_PART02,REC116,SPK009,data/processed/segments/REC116/REC116_SEG0015_PART02.wav,12.808,s tuccefra d min war iseggden a ifarisiyyen idarɣaren sizdegem amezwar daxer n aɣarraf d ṭṭebṣi maḥend ad yiri izdig ura min iǧan ɣar barra nsen,/Users/mac/masterAI/tarifit_asr_tfm/data/processed/segments/REC116/REC116_SEG0015_PART02.wav
REC116_SEG0016_PART01,REC116,SPK009,data/processed/segments/REC116/REC116_SEG0016_PART01.wav,13.928,uct xawem a kenniw imsermaden n idlisen d ifarisiyyen kenniw a imnafqen minzi teggim am yimeḍran inni ittwajiyyaren ttbanen d iṣebḥanen ɣar barra maca ɣar daxer aqa ccuren s,/Users/mac/masterAI/tarifit_asr_tfm/data/processed/segments/REC116/REC116_SEG0016_PART01.wav
REC116_SEG0016_PART02,REC116,SPK009,data/processed/segments/REC116/REC116_SEG0016_PART02.wav,13.928,iɣsan n rxecbat u s marra rexmej amenni kenniw ɛawed aqa teḍharem d imseggaden qibac i iwdan maca ɣar daxer aqa teccurem s rmuɛṣiyyet u s nnifaq,/Users/mac/masterAI/tarifit_asr_tfm/data/processed/segments/REC116/REC116_SEG0016_PART02.wav
REC116_SEG0017,REC116,SPK009,data/processed/segments/REC116/REC116_SEG0017.wav,12.816,uct xawem a kenniw imsermaden n idlisen d ifarisiyyen kenniw a imnafqen minzi tbennam imeḍran n inabiyyen u tzewwqem rqubbat n imeḍran n imseggaden,/Users/mac/masterAI/tarifit_asr_tfm/data/processed/segments/REC116/REC116_SEG0017.wav
REC116_SEG0018_PART01,REC116,SPK009,data/processed/segments/REC116/REC116_SEG0018_PART01.wav,14.008,teqqarem mri tuɣa neǧa deg wussan n rejdud nneɣ ad yiri war ncarrec deg usizzer n idammen n inabiyyen s uya tcehhdem x yixef nwem belli kenniw d tarwa n yinni inɣin,/Users/mac/masterAI/tarifit_asr_tfm/data/processed/segments/REC116/REC116_SEG0018_PART01.wav
REC116_SEG0018_PART02,REC116,SPK009,data/processed/segments/REC116/REC116_SEG0018_PART02.wav,14.008,inabiyyen iwa kemmrem kenniw xenni ura reqyas n min ggin rejdud nwem a irefsawen tarwa n ifiɣran mammec ɣa teggem ad tettwassnejmem zi rḥukm n tmessi n jehennama,/Users/mac/masterAI/tarifit_asr_tfm/data/processed/segments/REC116/REC116_SEG0018_PART02.wav
REC116_SEG0019,REC116,SPK009,data/processed/segments/REC116/REC116_SEG0019.wav,6.608,s uyenni xzarem necc ad ɣarwem dd ssekkeɣ inabiyyen d imiɣisen d imsermaden n idlisen,/Users/mac/masterAI/tarifit_asr_tfm/data/processed/segments/REC116/REC116_SEG0019.wav
REC116_SEG0020_PART01,REC116,SPK009,data/processed/segments/REC116/REC116_SEG0020_PART01.wav,12.028,ca zzaysen ad ten tenɣem ca zzaysen ad ten tṣellbem u ca zzaysen ad ten thettkem s urekkuḍ di temzidawin nwem uca ad xasen taẓẓrem zi tendint,/Users/mac/masterAI/tarifit_asr_tfm/data/processed/segments/REC116/REC116_SEG0020_PART01.wav
REC116_SEG0020_PART02,REC116,SPK009,data/processed/segments/REC116/REC116_SEG0020_PART02.wav,12.028,ɣar tendint nneɣni arami ad xawem irin marra idammen iseggden i issizzren x temmurt zeg idammen n habil amseggad ar idammen n zakariyya,/Users/mac/masterAI/tarifit_asr_tfm/data/processed/segments/REC116/REC116_SEG0020_PART02.wav
REC116_SEG0021,REC116,SPK009,data/processed/segments/REC116/REC116_SEG0021.wav,10.808,mmis n birixya i tenɣim jar zzawect tameqqrant d uɛalṭar s tidett necc ad awem iniɣ marra timesrayin a ad dd asent x jjir a,/Users/mac/masterAI/tarifit_asr_tfm/data/processed/segments/REC116/REC116_SEG0021.wav
REC116_SEG0023,REC116,SPK009,data/processed/segments/REC116/REC116_SEG0023.wav,1.488,a urcalim,/Users/mac/masterAI/tarifit_asr_tfm/data/processed/segments/REC116/REC116_SEG0023.wav
REC116_SEG0024_PART01,REC116,SPK009,data/processed/segments/REC116/REC116_SEG0024_PART01.wav,14.791,a urcalim cem i ineqqen inabiyyen u yarejjmen inni d am dd ittwassekken mecḥar tuɣa xseɣ ad ssmuneɣ tarwa nnem amacnaw yict n tyaẓiḍt tegga ifiǧusen nnes sadu afriwen nnes,/Users/mac/masterAI/tarifit_asr_tfm/data/processed/segments/REC116/REC116_SEG0024_PART01.wav
REC116_SEG0024_PART02,REC116,SPK009,data/processed/segments/REC116/REC116_SEG0024_PART02.wav,14.791,maca kenniw tuɣa war tettexsem xzar taddart nwem ad tettwajj i cem d rxarbet minzi necc ad awem iniɣ kenniw war d ayi tẓarrem ar ɣa tinim damimuni wenni dd yusin s yisem n sidi,/Users/mac/masterAI/tarifit_asr_tfm/data/processed/segments/REC116/REC116_SEG0024_PART02.wav
REC117_SEG0002,REC117,SPK009,data/processed/segments/REC117/REC117_SEG0002.wav,13.296,xenni yuyar yasuɛ iffeɣ zi zzawect tameqqrant usin dd ɣares imeḥḍaren nnes hima ad asecnen rebniyyat n zzawect tameqqrant inna sen yasuɛ ma wartezrim marra man aya,/Users/mac/masterAI/tarifit_asr_tfm/data/processed/segments/REC117/REC117_SEG0002.wav
REC117_SEG0003_PART01,REC117,SPK009,data/processed/segments/REC117/REC117_SEG0003_PART01.wav,10.568,s tidett necc ad awem iniɣ war da ittɣimi ura d ijj n weẓru x weẓru nneɣni i war ittnehdim umi tuɣa yasuɛ iqqim x wedrar n zzitun usin dd,/Users/mac/masterAI/tarifit_asr_tfm/data/processed/segments/REC117/REC117_SEG0003_PART01.wav
REC117_SEG0003_PART02,REC117,SPK009,data/processed/segments/REC117/REC117_SEG0003_PART02.wav,10.568,imeḥḍaren nnes tuɣa ttemsawaran nnan as ini aneɣ mermi i ɣa imsar aya u man reɛramet n twasit nnec u n qeṭṭu n ddunect,/Users/mac/masterAI/tarifit_asr_tfm/data/processed/segments/REC117/REC117_SEG0003_PART02.wav
REC117_SEG0004,REC117,SPK009,data/processed/segments/REC117/REC117_SEG0004.wav,12.08,yasuɛ yarra dd inna asen ḥḍam ixef nwem war kenniw ixeddeɛ ḥed minzi aṭṭas ad dd asen s yisem inu ad inin aqa necc d lmasiḥ uca ad xedɛen aṭṭas,/Users/mac/masterAI/tarifit_asr_tfm/data/processed/segments/REC117/REC117_SEG0004.wav
REC117_SEG0005_PART01,REC117,SPK009,data/processed/segments/REC117/REC117_SEG0005_PART01.wav,11.032,uca ad tesrem x garrat u x rexburat n imenɣan ɣarwem aqa ad teggʷedem minzi s uɣir ad yiri man aya maca war ittiri ɛad d aneggar,/Users/mac/masterAI/tarifit_asr_tfm/data/processed/segments/REC117/REC117_SEG0005_PART01.wav
REC117_SEG0005_PART02,REC117,SPK009,data/processed/segments/REC117/REC117_SEG0005_PART02.wav,11.032,minzi rgens ad iɣewweɣ x ijj n rgens nneɣni u tageldit x tgeldit nneɣni ad yiri raẓ d rehracat yewɛaren d inhezzan n temmurt da d diha,/Users/mac/masterAI/tarifit_asr_tfm/data/processed/segments/REC117/REC117_SEG0005_PART02.wav
REC117_SEG0006,REC117,SPK009,data/processed/segments/REC117/REC117_SEG0006.wav,14.096,maca marra man aya d beddu n rewjeɛ n tarut xenni ad kenniw dd awyen ɣar rmeḥnet uca ad kenniw nɣen u marra regnus ad kenniw carhen zi ssibbet n yisem inu,/Users/mac/masterAI/tarifit_asr_tfm/data/processed/segments/REC117/REC117_SEG0006.wav
REC117_SEG0007,REC117,SPK009,data/processed/segments/REC117/REC117_SEG0007.wav,16.08,rexdenni ad nqarḍen waṭṭas ad carhen ijjen wenneɣni uca ad sellmen ijjen wenneɣni ad kkaren waṭṭas n inabiyyen issxarriqen uca ad ɣwan aṭṭas s waṭṭas n rmuɛṣiyyet ad tudrus tayri n waṭṭas n iwdan,/Users/mac/masterAI/tarifit_asr_tfm/data/processed/segments/REC117/REC117_SEG0007.wav
REC117_SEG0008,REC117,SPK009,data/processed/segments/REC117/REC117_SEG0008.wav,14.16,maca wi ɣa iṣbaren ɣar uneggar aqa netta ad iddar rexbar a aṣebḥan n tgeldit ad zzayes barrḥen di ddunect marra d cchadet i marra regnus uca rexdenni ad dd yas uneggar,/Users/mac/masterAI/tarifit_asr_tfm/data/processed/segments/REC117/REC117_SEG0008.wav
REC117_SEG0009,REC117,SPK009,data/processed/segments/REC117/REC117_SEG0009.wav,19.664,xmi ɣa tẓarem reɛramet n nnɛi n wareyyeb min xef issiwer unabi daniyal deg wemcan iqeddsen ejj wenni t i ɣa iɣaren ad iften rexdenni jjem inni iǧan di yahudiyya ad arewren ɣar idurar wenni iǧan x tzeqqa war dd ihekkwi ca ḥima ad iksi ca zi taddart nnes,/Users/mac/masterAI/tarifit_asr_tfm/data/processed/segments/REC117/REC117_SEG0009.wav
REC117_SEG0010,REC117,SPK009,data/processed/segments/REC117/REC117_SEG0010.wav,10.8,u wenni iǧan deg iyyar war dd iddikkʷir ca ḥima ad dd yawi arruḍ nnes uct x tinni iǧan s ddeyset d tinni issuṭṭuḍen deg wussan nni,/Users/mac/masterAI/tarifit_asr_tfm/data/processed/segments/REC117/REC117_SEG0010.wav
REC117_SEG0011_PART01,REC117,SPK009,data/processed/segments/REC117/REC117_SEG0011_PART01.wav,11.64,ẓaǧem ḥima war tettiri tarewra nwem di rmecta niɣ di ssebt minzi rexdenni ad tiri rmeḥnet tameqqrant i war imsaren ɛemmarṣ zeg wami teǧa ddunect ar i rexxu u,/Users/mac/masterAI/tarifit_asr_tfm/data/processed/segments/REC117/REC117_SEG0011_PART01.wav
REC117_SEG0011_PART02,REC117,SPK009,data/processed/segments/REC117/REC117_SEG0011_PART02.wav,11.64,ɛemmarṣ war tettiri ɛad mri ussan nni war ttwassmeẓyen xenni war ittwassenjem ura d ijj n bnadem maca ussan nni ad ttwassmeẓyen di ṭṭweɛ n yinni ittwafarzen,/Users/mac/masterAI/tarifit_asr_tfm/data/processed/segments/REC117/REC117_SEG0011_PART02.wav
REC117_SEG0012,REC117,SPK009,data/processed/segments/REC117/REC117_SEG0012.wav,14.096,mara inna awem ḥed xzarem aqa da lmasiḥ niɣ aqa t diha war t ttimnem minzi ad irin imasiḥen issxarriqen d inabiyyen issxarriqen ad ggen reɛramat mɣarent ḥima,/Users/mac/masterAI/tarifit_asr_tfm/data/processed/segments/REC117/REC117_SEG0012.wav
REC117_SEG0013,REC117,SPK009,data/processed/segments/REC117/REC117_SEG0013.wav,17.008,mri zemmaren ad ɣwan ɛawed inni ittwaxdaren xzarem aqa nniɣ awem t qber mara nnan awem xzarem netta aqa t di rexra war ttriḥem ca din niɣ xzarem netta aqa t daxer i wexxam,/Users/mac/masterAI/tarifit_asr_tfm/data/processed/segments/REC117/REC117_SEG0013.wav
REC117_SEG0014_PART01,REC117,SPK009,data/processed/segments/REC117/REC117_SEG0014_PART01.wav,13.096,war tt ttimnem minzi am wajjaj i dd itteffɣen zi ccarq uca ittegg tafawt ar rɣarb ammu i ɣa tiri twasit n mmis n bnadem mani ɣa tiri arrimet,/Users/mac/masterAI/tarifit_asr_tfm/data/processed/segments/REC117/REC117_SEG0014_PART01.wav
REC117_SEG0014_PART02,REC117,SPK009,data/processed/segments/REC117/REC117_SEG0014_PART02.wav,13.096,diha ad munen inḍiwen rexdenni awarni rmeḥnet n wussan nni ad tbarcen tfuct u taziri war tettic ɛad ṭṭya nnes u itran ad dd wḍan zeg ujenna,/Users/mac/masterAI/tarifit_asr_tfm/data/processed/segments/REC117/REC117_SEG0014_PART02.wav
REC117_SEG0015,REC117,SPK009,data/processed/segments/REC117/REC117_SEG0015.wav,3.568,u ṣṣulaṭat n ijenwan ad ttwanhezzent,/Users/mac/masterAI/tarifit_asr_tfm/data/processed/segments/REC117/REC117_SEG0015.wav
REC117_SEG0016,REC117,SPK009,data/processed/segments/REC117/REC117_SEG0016.wav,14.608,xenni ad dd teḍhar reɛramet n mmis n bnadem deg ujenna u marra tiqebbar n temmurt ad wtent agejdur uca ad ẓarent mmis n bnadem yusa dd x iseynuten s jjehd u s izran usebbeḥ,/Users/mac/masterAI/tarifit_asr_tfm/data/processed/segments/REC117/REC117_SEG0016.wav
REC117_SEG0017,REC117,SPK009,data/processed/segments/REC117/REC117_SEG0017.wav,3.792,etta ad issekk lmalakat nnes s ijjen rbuq imɣar,/Users/mac/masterAI/tarifit_asr_tfm/data/processed/segments/REC117/REC117_SEG0017.wav
REC117_SEG0018_PART01,REC117,SPK009,data/processed/segments/REC117/REC117_SEG0018_PART01.wav,13.16,uca ad dd ssmunent inni ittwafarzen zi arebɛa n iɣezdisen n usemmiḍ zi ṭṭarf aneggaru n ijenwan ar wenneɣni remdem zeg umedya n wartu xmi ɣa dewren refruɛ,/Users/mac/masterAI/tarifit_asr_tfm/data/processed/segments/REC117/REC117_SEG0018_PART01.wav
REC117_SEG0018_PART02,REC117,SPK009,data/processed/segments/REC117/REC117_SEG0018_PART02.wav,13.16,nnes d ireqqaɣen ad dd ssuffɣen tifray ad tessnem aqa anebdu yudes dd ammu ɛawed kenniw xmi ɣa tẓarem marra man aya ad tessnem aqa yudes dd ɣar tewwart,/Users/mac/masterAI/tarifit_asr_tfm/data/processed/segments/REC117/REC117_SEG0018_PART02.wav
REC117_SEG0019,REC117,SPK009,data/processed/segments/REC117/REC117_SEG0019.wav,6.16,s tidett necc ad awem iniɣ jjir a war iɛeddu ar ɣa imsar man aya marra,/Users/mac/masterAI/tarifit_asr_tfm/data/processed/segments/REC117/REC117_SEG0019.wav
REC117_SEG0020,REC117,SPK009,data/processed/segments/REC117/REC117_SEG0020.wav,5.488,ajenna d temmurt ad ɛdun maca awaren inu war ɛeddun ɛemmarṣ,/Users/mac/masterAI/tarifit_asr_tfm/data/processed/segments/REC117/REC117_SEG0020.wav
REC117_SEG0022,REC117,SPK009,data/processed/segments/REC117/REC117_SEG0022.wav,10.0,maca xwa ssenni niɣ x tsaɛɛet nni war xas issin ura d ijj ura d lmalakat n ijenwan mɣir tbabat weḥḥdes,/Users/mac/masterAI/tarifit_asr_tfm/data/processed/segments/REC117/REC117_SEG0022.wav
REC117_SEG0023_PART01,REC117,SPK009,data/processed/segments/REC117/REC117_SEG0023_PART01.wav,13.928,am mammec tuɣa iǧa deg wussan n nuḥ ammu i ɣa tiri ɣar twasit n mmis n bnadem minzi am mammec ten tuɣa deg wussan qber ṭṭufan ttetten sessen meǧcen u ssme,/Users/mac/masterAI/tarifit_asr_tfm/data/processed/segments/REC117/REC117_SEG0023_PART01.wav
REC117_SEG0023_PART02,REC117,SPK009,data/processed/segments/REC117/REC117_SEG0023_PART02.wav,13.928,ǧacen ar ass i di yudef nuḥ ɣar uɣarrabu uca war ucin walu arami dd yusa ṭṭufan imḥa i ten marra ammu i ɣa tiri ɣar twasit n mmis n bnadem,/Users/mac/masterAI/tarifit_asr_tfm/data/processed/segments/REC117/REC117_SEG0023_PART02.wav
REC117_SEG0024_PART01,REC117,SPK009,data/processed/segments/REC117/REC117_SEG0024_PART01.wav,10.008,di rweqt nni ad irin tnayen deg iyyar ijjen ad t ksin u wenneɣni ad t jjen tnayen n temɣarin ad ḥaryent s tsirt,/Users/mac/masterAI/tarifit_asr_tfm/data/processed/segments/REC117/REC117_SEG0024_PART01.wav
REC117_SEG0024_PART02,REC117,SPK009,data/processed/segments/REC117/REC117_SEG0024_PART02.wav,10.008,icten ad tt ksin u tenneɣni ad tt jjen s uya ḥḍam minzi war tessinem ca di man tasaɛɛet i dd ɣa yas siditwem,/Users/mac/masterAI/tarifit_asr_tfm/data/processed/segments/REC117/REC117_SEG0024_PART02.wav
REC117_SEG0025_PART01,REC117,SPK009,data/processed/segments/REC117/REC117_SEG0025_PART01.wav,11.24,maca ssnem aya mara bab n taddart issen di man ḥeṭṭu n ǧiret i dd ɣa yas uceffar iri iqqim iḥeṭṭa war t ittejji,/Users/mac/masterAI/tarifit_asr_tfm/data/processed/segments/REC117/REC117_SEG0025_PART01.wav
REC117_SEG0025_PART02,REC117,SPK009,data/processed/segments/REC117/REC117_SEG0025_PART02.wav,11.24,ad yadef ɣar taddart nnes s uyenni irim twejdem minzi mmis n bnadem ad dd yas deg ict n tsaɛɛet war tt tettrijim,/Users/mac/masterAI/tarifit_asr_tfm/data/processed/segments/REC117/REC117_SEG0025_PART02.wav
REC117_SEG0026,REC117,SPK009,data/processed/segments/REC117/REC117_SEG0026.wav,4.112,x wi iǧan d amsexxar amtiqqi d amiɣis,/Users/mac/masterAI/tarifit_asr_tfm/data/processed/segments/REC117/REC117_SEG0026.wav
REC117_SEG0027,REC117,SPK009,data/processed/segments/REC117/REC117_SEG0027.wav,10.32,wi iǧan xenni d amsexxar amtiqqi d amiɣis i igga bab nnes ḥima ad ibḍa x imsexxaren nnes min ɣa ccen di rweqt nnes,/Users/mac/masterAI/tarifit_asr_tfm/data/processed/segments/REC117/REC117_SEG0027.wav
REC117_SEG0028_PART01,REC117,SPK009,data/processed/segments/REC117/REC117_SEG0028_PART01.wav,10.968,sseɛd n umsexxar wenni i ɣa yafen sidis irha ammu xmi dd ɣa yas s tidett necc ad awem iniɣ ad t igg x marra agra nnes maca,/Users/mac/masterAI/tarifit_asr_tfm/data/processed/segments/REC117/REC117_SEG0028_PART01.wav
REC117_SEG0028_PART02,REC117,SPK009,data/processed/segments/REC117/REC117_SEG0028_PART02.wav,10.968,mara amsexxar aɛeffan nni ad yini deg wur nnes sidi inu iɛeṭṭar maḥend ad dd yas uca ibda iccat imsexxaren imɛacaren nni ikides idjjan,/Users/mac/masterAI/tarifit_asr_tfm/data/processed/segments/REC117/REC117_SEG0028_PART02.wav
REC117_SEG0029,REC117,SPK009,data/processed/segments/REC117/REC117_SEG0029.wav,19.76,ad icc ad isu ak d imeskaren xenni ad dd yas sidis n umsexxar nni deg ijj n wass i di war t ittriji u deg ict n tsaɛɛet war tt issin ad t iqess d iwetwiten uca ad tiri tesɣart nnes ak d imnafqen din i ɣa yirin imeṭṭawen d uɣezzi n teɣmas,/Users/mac/masterAI/tarifit_asr_tfm/data/processed/segments/REC117/REC117_SEG0029.wav
REC118_SEG0001,REC118,SPK009,data/processed/segments/REC118/REC118_SEG0001.wav,2.352,amedya n ɛecra n teɛzariyyin,/Users/mac/masterAI/tarifit_asr_tfm/data/processed/segments/REC118/REC118_SEG0001.wav
REC118_SEG0002_PART01,REC118,SPK009,data/processed/segments/REC118/REC118_SEG0002_PART01.wav,13.368,xenni ad tiri tgeldit n ijenwan amecnaw ɛecra n teɛzariyyin iwyent refnarat nsent ffɣent ḥima ad mmerqent ak d wesri d tesrit xemsa zzaysent d timiɣisin u xemsa d,/Users/mac/masterAI/tarifit_asr_tfm/data/processed/segments/REC118/REC118_SEG0002_PART01.wav
REC118_SEG0002_PART02,REC118,SPK009,data/processed/segments/REC118/REC118_SEG0002_PART02.wav,13.368,tifɣar tinni iǧan d tifɣar ksint refnarat nsent maca war iwyint ca zzect timiɣisin iwyent i dd zzect di tziyyatin nsent ak d refnarat nsent,/Users/mac/masterAI/tarifit_asr_tfm/data/processed/segments/REC118/REC118_SEG0002_PART02.wav
REC118_SEG0003,REC118,SPK009,data/processed/segments/REC118/REC118_SEG0003.wav,6.352,rami iɛḍer umuray bdant ttnudument marra uca ṭṭṣent,/Users/mac/masterAI/tarifit_asr_tfm/data/processed/segments/REC118/REC118_SEG0003.wav
REC118_SEG0004_PART01,REC118,SPK009,data/processed/segments/REC118/REC118_SEG0004_PART01.wav,14.248,di rwesṭ n ǧiret tuɣa din tɣuyyit xzarem aqa amuray yusa dd ffɣem dd ad t terqam xenni kkarent teɛzariyyin nni ssewjdent i dd refnarat nsent tifɣar,/Users/mac/masterAI/tarifit_asr_tfm/data/processed/segments/REC118/REC118_SEG0004_PART01.wav
REC118_SEG0004_PART02,REC118,SPK009,data/processed/segments/REC118/REC118_SEG0004_PART02.wav,14.248,nnant i tmiɣisin wcent aneɣ zi zzect nkent minzi refnarat nneɣ xesyent arrint i dd xasent tmiɣisin nnant ɛemmarṣ war d aneɣ ittqeddi i neccin d kennint,/Users/mac/masterAI/tarifit_asr_tfm/data/processed/segments/REC118/REC118_SEG0004_PART02.wav
REC118_SEG0005,REC118,SPK009,data/processed/segments/REC118/REC118_SEG0005.wav,3.888,ruḥent ɣar isebbaben maḥend ad tesɣent i yixef nkent,/Users/mac/masterAI/tarifit_asr_tfm/data/processed/segments/REC118/REC118_SEG0005.wav
REC118_SEG0006,REC118,SPK009,data/processed/segments/REC118/REC118_SEG0006.wav,10.064,rami ruḥent nitenti ḥima ad sɣent yusa dd umuray u tinni tuɣa iwejden udfent akides ɣar wurar uca tbelleɛ tewwart,/Users/mac/masterAI/tarifit_asr_tfm/data/processed/segments/REC118/REC118_SEG0006.wav
REC118_SEG0007_PART01,REC118,SPK009,data/processed/segments/REC118/REC118_SEG0007_PART01.wav,10.936,awarni man aya usint teɛzariyyin nneɣni qqarent a siditneɣ a siditneɣ arzem aneɣ netta yarra dd inna s tidett,/Users/mac/masterAI/tarifit_asr_tfm/data/processed/segments/REC118/REC118_SEG0007_PART01.wav
REC118_SEG0007_PART02,REC118,SPK009,data/processed/segments/REC118/REC118_SEG0007_PART02.wav,10.936,necc ad akent iniɣ war kennint ssineɣ s uyenni ḥḍam minzi kenniw war tessinem ca ass ura d tasaɛɛet i di dɣayass mmis n bnadem,/Users/mac/masterAI/tarifit_asr_tfm/data/processed/segments/REC118/REC118_SEG0007_PART02.wav
REC118_SEG0009,REC118,SPK009,data/processed/segments/REC118/REC118_SEG0009.wav,8.624,minzi tamesract am yijj n bnadem isafar barra i temmurt nnes iraɣa dd x imsexxaren nnes uca ikellef i ten x wagra nnes,/Users/mac/masterAI/tarifit_asr_tfm/data/processed/segments/REC118/REC118_SEG0009.wav
REC118_SEG0010,REC118,SPK009,data/processed/segments/REC118/REC118_SEG0010.wav,7.088,iwca i yijjen xemsa talint i wenneɣni tnayen i wenni wiss trata icten n talint,/Users/mac/masterAI/tarifit_asr_tfm/data/processed/segments/REC118/REC118_SEG0010.wav
REC118_SEG0011,REC118,SPK009,data/processed/segments/REC118/REC118_SEG0011.wav,4.496,kur ijjen ɛlaḥsab tizemmar nnes rexdenni ikkar isafar,/Users/mac/masterAI/tarifit_asr_tfm/data/processed/segments/REC118/REC118_SEG0011.wav
REC118_SEG0012_PART01,REC118,SPK009,data/processed/segments/REC118/REC118_SEG0012_PART01.wav,14.552,wenni iṭṭfen xemsa talint isebbeb daysen uca yarbeḥ xemsa amenni ɛawed wenni iṭṭfen tnayen talint yarbeḥ tnayen nneɣni maca wenni iṭṭfen ict n talint iruḥ iɣza di temmurt,/Users/mac/masterAI/tarifit_asr_tfm/data/processed/segments/REC118/REC118_SEG0012_PART01.wav
REC118_SEG0012_PART02,REC118,SPK009,data/processed/segments/REC118/REC118_SEG0012_PART02.wav,14.552,uca issnuffar tmenyat n nnuqart n bab nnes rami teɛdu aṭṭas n rweqt yusa dd bab n imsexxaren nni uca igga akidsen reḥsab xenni yusa dd wenni iṭṭfen xemsa talint yiwi dd xemsa talint nneɣni,/Users/mac/masterAI/tarifit_asr_tfm/data/processed/segments/REC118/REC118_SEG0012_PART02.wav
REC118_SEG0013_PART01,REC118,SPK009,data/processed/segments/REC118/REC118_SEG0013_PART01.wav,10.232,inna a sidi tewcid ayi xemsa talint aqa da arebḥeɣ xemsa nneɣni ktar yarra dd xas bab nnes inna mliḥ i,/Users/mac/masterAI/tarifit_asr_tfm/data/processed/segments/REC118/REC118_SEG0013_PART01.wav
REC118_SEG0013_PART02,REC118,SPK009,data/processed/segments/REC118/REC118_SEG0013_PART02.wav,10.232,teggid a amsexxar aṣebḥan d amtiqqi tuɣa cek d amtiqqi x drus ad ac ggeɣ x waṭṭas adef dd ɣar refraḥet n sidi nnec,/Users/mac/masterAI/tarifit_asr_tfm/data/processed/segments/REC118/REC118_SEG0013_PART02.wav
REC118_SEG0014,REC118,SPK009,data/processed/segments/REC118/REC118_SEG0014.wav,9.232,xenni yusa dd ɛawed wenni iṭṭfen tnayen talint inna a sidi tewcid ayi tnayen talint aqa arebḥeɣ tnayen nneɣni ktar,/Users/mac/masterAI/tarifit_asr_tfm/data/processed/segments/REC118/REC118_SEG0014.wav
REC118_SEG0015_PART01,REC118,SPK009,data/processed/segments/REC118/REC118_SEG0015_PART01.wav,11.528,inna as sidi nnes mliḥ i teggid a amsexxar aṣebḥan d amtiqqi tuɣa cek d amtiqqi x drus ad ac ggeɣ x waṭṭas adef dd ɣar refraḥet n,/Users/mac/masterAI/tarifit_asr_tfm/data/processed/segments/REC118/REC118_SEG0015_PART01.wav
REC118_SEG0015_PART02,REC118,SPK009,data/processed/segments/REC118/REC118_SEG0015_PART02.wav,11.528,sidi nekk maca wenni iṭṭfen ict n talint yusa dd ɛawed inna a sidi ssneɣ aqa cek d bnadem tqesḥed tmejjared mani war tzarrɛed,/Users/mac/masterAI/tarifit_asr_tfm/data/processed/segments/REC118/REC118_SEG0015_PART02.wav
REC118_SEG0016,REC118,SPK009,data/processed/segments/REC118/REC118_SEG0016.wav,9.424,tyarrwed mani war tessarwated s uyenni ggʷedeɣ uca ruḥeɣ ssnuffareɣ talint nnec di temmurt aɣac tenni nnec,/Users/mac/masterAI/tarifit_asr_tfm/data/processed/segments/REC118/REC118_SEG0016.wav
REC118_SEG0017_PART01,REC118,SPK009,data/processed/segments/REC118/REC118_SEG0017_PART01.wav,13.208,yarra dd sidi nnes inna as a amsexxar aɛeffan ameɛguz aqa tessned belli aqa mjareɣ mani war zarɛeɣ u yarweɣ mani war ssarweteɣ xenni,/Users/mac/masterAI/tarifit_asr_tfm/data/processed/segments/REC118/REC118_SEG0017_PART01.wav
REC118_SEG0017_PART02,REC118,SPK009,data/processed/segments/REC118/REC118_SEG0017_PART02.wav,13.208,mri tiwyed tmenyat inu ɣar rbanku xenni necc xmi dd ɣa yaseɣ ad ttareɣ min iǧan inu s arriba s uya kksem as talint nni ewc i tt i wenni ɣar iǧa ɛecra talintat,/Users/mac/masterAI/tarifit_asr_tfm/data/processed/segments/REC118/REC118_SEG0017_PART02.wav
REC118_SEG0018,REC118,SPK009,data/processed/segments/REC118/REC118_SEG0018.wav,19.184,minzi i kur ijjen wenni ɣar iǧa ad as immewc uca ad ɣares yiri s waṭṭas maca wenni war ɣar iǧi ura d min ɣares ad as ittwakkes nḍarem amsexxar ibeṭṭren ɣar barra deg uneggar n taǧest mani ɣa irin imeṭṭawen d uɣezzi n teɣmas,/Users/mac/masterAI/tarifit_asr_tfm/data/processed/segments/REC118/REC118_SEG0018.wav
REC118_SEG0019,REC118,SPK009,data/processed/segments/REC118/REC118_SEG0019.wav,4.304,rḥukm n lmasih x iḥuriyyen u x iɣayḍen,/Users/mac/masterAI/tarifit_asr_tfm/data/processed/segments/REC118/REC118_SEG0019.wav
REC118_SEG0020_PART01,REC118,SPK009,data/processed/segments/REC118/REC118_SEG0020_PART01.wav,12.232,xmi dd ɣa yas mmis n bnadem deg uɛuǧi nnes u marra lmalakat nnes iqeddsen akides xenni ad iqqim x rɛarc n uɛuǧi nnes ad ssmunen marra regnus qibac,/Users/mac/masterAI/tarifit_asr_tfm/data/processed/segments/REC118/REC118_SEG0020_PART01.wav
REC118_SEG0020_PART02,REC118,SPK009,data/processed/segments/REC118/REC118_SEG0020_PART02.wav,12.232,nnes uca netta ad ten imssebḍa am mammec ameksaw issbeṭṭa iḥuriyyen x iɣayḍen netta ad igg iḥuriyyen x ufusi nnes maca iɣayḍen x uzermaḍ nnes,/Users/mac/masterAI/tarifit_asr_tfm/data/processed/segments/REC118/REC118_SEG0020_PART02.wav
REC118_SEG0021_PART01,REC118,SPK009,data/processed/segments/REC118/REC118_SEG0021_PART01.wav,11.352,rexdenni ad ini ujeǧid i yinni x ufusi nnes asem dd a kenniw inni ittwabarken zi baba wartem tageldit i d awem dd iwejden zeg wami,/Users/mac/masterAI/tarifit_asr_tfm/data/processed/segments/REC118/REC118_SEG0021_PART01.wav
REC118_SEG0021_PART02,REC118,SPK009,data/processed/segments/REC118/REC118_SEG0021_PART02.wav,11.352,tettwagg ddunect minzi tuɣa dayi raẓ uca kenniw tesseccem ayi tuɣa ffudeɣ tewcim ayi ad sweɣ tuɣa ayi d abarrani kenniw tesszedɣem ayi,/Users/mac/masterAI/tarifit_asr_tfm/data/processed/segments/REC118/REC118_SEG0021_PART02.wav
REC118_SEG0022_PART01,REC118,SPK009,data/processed/segments/REC118/REC118_SEG0022_PART01.wav,10.872,tuɣa ayi d aɛaryan kenniw tessyarḍem ayi tuɣa herceɣ kenniw tessijem dd xafi tuɣa ayi di reḥbes kenniw tusim dd ɣari xenni,/Users/mac/masterAI/tarifit_asr_tfm/data/processed/segments/REC118/REC118_SEG0022_PART01.wav
REC118_SEG0022_PART02,REC118,SPK009,data/processed/segments/REC118/REC118_SEG0022_PART02.wav,10.872,a xas dd arren imseggaden qqaren a siditneɣ mermi cek neẓra tǧuẓed uca nessecc i cek niɣ mermi cek neẓra teffuded uca newc ac ad teswed,/Users/mac/masterAI/tarifit_asr_tfm/data/processed/segments/REC118/REC118_SEG0022_PART02.wav
REC118_SEG0023,REC118,SPK009,data/processed/segments/REC118/REC118_SEG0023.wav,11.632,mermi cek neẓra d abarrani uca nessezdeɣ i cek niɣ d aɛaryan uca nessyarḍ i cek mermi cek neẓra therced niɣ di reḥbes uca nusa dd ɣarek,/Users/mac/masterAI/tarifit_asr_tfm/data/processed/segments/REC118/REC118_SEG0023.wav
REC118_SEG0024_PART01,REC118,SPK009,data/processed/segments/REC118/REC118_SEG0024_PART01.wav,13.4,ad dd yarr ujeǧid ad asen yini s tidett necc ad awem iniɣ min i teggim i yijjen zeg wawmaten imeẓyanen inu i necc umi t teggim rexdenni ad yini i yinni iǧan x uzermaḍ nnes,/Users/mac/masterAI/tarifit_asr_tfm/data/processed/segments/REC118/REC118_SEG0024_PART01.wav
REC118_SEG0024_PART02,REC118,SPK009,data/processed/segments/REC118/REC118_SEG0024_PART02.wav,13.4,beɛɛdem xafi a kenniw inni ittwaneɛren ɣar tmessi n rebda i iwejden i ibris d lmalakat nnes minzi tuɣa dayi raẓ war d ayi tesseccem,/Users/mac/masterAI/tarifit_asr_tfm/data/processed/segments/REC118/REC118_SEG0024_PART02.wav
REC118_SEG0025,REC118,SPK009,data/processed/segments/REC118/REC118_SEG0025.wav,2.288,ffudeɣ war d ayi tewcim ad sweɣ,/Users/mac/masterAI/tarifit_asr_tfm/data/processed/segments/REC118/REC118_SEG0025.wav
REC118_SEG0026_PART01,REC118,SPK009,data/processed/segments/REC118/REC118_SEG0026_PART01.wav,13.784,tuɣa ayi d abarrani kenniw war d ayi tesszedɣem tuɣa ayi d aɛaryan war d ayi tessyarḍem herceɣ u ttwaḥebseɣ war xafi dd tessijem ca rexdenni ura d nitni ad xas dd arr,/Users/mac/masterAI/tarifit_asr_tfm/data/processed/segments/REC118/REC118_SEG0026_PART01.wav
REC118_SEG0026_PART02,REC118,SPK009,data/processed/segments/REC118/REC118_SEG0026_PART02.wav,13.784,en ad inin a siditneɣ mermi cek neẓra teǧuẓed niɣ teffuded niɣ d abarrani niɣ d aɛaryan niɣ therced niɣ di reḥbes xenni neccin war xak nsexxar ca,/Users/mac/masterAI/tarifit_asr_tfm/data/processed/segments/REC118/REC118_SEG0026_PART02.wav
REC118_SEG0027,REC118,SPK009,data/processed/segments/REC118/REC118_SEG0027.wav,18.448,xenni ad xasen dd yarr ad yini s tidett necc ad awem iniɣ min war teggim i yijjen zeg imeẓyanen inu i necc umi war t teggim ɛawed ad raḥen nitni ɣar reɛdab ittduman maca imseggaden ɣar tudart ittduman,/Users/mac/masterAI/tarifit_asr_tfm/data/processed/segments/REC118/REC118_SEG0027.wav
REC119_SEG0001,REC119,SPK009,data/processed/segments/REC119/REC119_SEG0001.wav,3.28,tameɛmuc n wudayen maḥend ad nɣen yasuɛ,/Users/mac/masterAI/tarifit_asr_tfm/data/processed/segments/REC119/REC119_SEG0001.wav
REC119_SEG0002,REC119,SPK009,data/processed/segments/REC119/REC119_SEG0002.wav,10.384,awarni rami ikemmer yasuɛ awaren a inna i imeḥḍaren nnes tessnem belli awarni tnayen n wussan ad tiri rɛid n tɣarṣt n useɛdu,/Users/mac/masterAI/tarifit_asr_tfm/data/processed/segments/REC119/REC119_SEG0002.wav
REC119_SEG0003,REC119,SPK009,data/processed/segments/REC119/REC119_SEG0003.wav,16.56,rexdenni ad immewc mmis n bnadem ḥima ad ittwaṣelleb rexdenni munen imeqqranen n ikehhanen d imsermaden n idlisen d imɣaren n rgens di remraḥ n arrays n ikehhanen wenni umi qqaren qayafa,/Users/mac/masterAI/tarifit_asr_tfm/data/processed/segments/REC119/REC119_SEG0003.wav
REC119_SEG0004,REC119,SPK009,data/processed/segments/REC119/REC119_SEG0004.wav,12.784,uca mcawaren mammec ɣa ṭṭfen yasuɛ s teḥraymect uca ad t nɣen nnan war ittiri di rɛid ḥima war ittekkar uɣewweɣ di rgens,/Users/mac/masterAI/tarifit_asr_tfm/data/processed/segments/REC119/REC119_SEG0004.wav
REC119_SEG0005,REC119,SPK009,data/processed/segments/REC119/REC119_SEG0005.wav,2.864,adhan n yasuɛ di bayt ɛanya,/Users/mac/masterAI/tarifit_asr_tfm/data/processed/segments/REC119/REC119_SEG0005.wav
REC119_SEG0006,REC119,SPK009,data/processed/segments/REC119/REC119_SEG0006.wav,16.976,rami tuɣa yasuɛ di bayt ɛanya di taddart n cimɛun wenni di iǧa rbarṣ tusa dd ɣares ict n temɣart s ijj n uɣarraf n alabaster iccur s zzect iɣran i wedhan uca tfarreɣ i tt x uzeǧif nnes am iqqim yasuɛ ɣar ṭṭabra,/Users/mac/masterAI/tarifit_asr_tfm/data/processed/segments/REC119/REC119_SEG0006.wav
REC119_SEG0007_PART01,REC119,SPK009,data/processed/segments/REC119/REC119_SEG0007_PART01.wav,12.424,umi ẓrin imeḥḍaren man aya iqqes asen rḥar aṭṭas nnan min umi teǧa txessart a tuɣa izemmar ad temmenz zzect a n wedhan s ttaman d ameqqran uca xenni,/Users/mac/masterAI/tarifit_asr_tfm/data/processed/segments/REC119/REC119_SEG0007_PART01.wav
REC119_SEG0007_PART02,REC119,SPK009,data/processed/segments/REC119/REC119_SEG0007_PART02.wav,12.424,ad temmewc i imezraḍ maca yasuɛ tuɣa issen man aya inna mayemmi tziyyarem x temɣart a minzi nettat tegga ayi ijjen n rxedmet teṣbeḥ,/Users/mac/masterAI/tarifit_asr_tfm/data/processed/segments/REC119/REC119_SEG0007_PART02.wav
REC119_SEG0008_PART01,REC119,SPK009,data/processed/segments/REC119/REC119_SEG0008_PART01.wav,14.376,minzi imezraḍ aqa aten rebda akidwem maca necc war kiwem ttiriɣ i rebda minzi nettat mara tfarreɣ dd zzect a i wedhan x arrimet inu aqa tegga man aya i usewjed n,/Users/mac/masterAI/tarifit_asr_tfm/data/processed/segments/REC119/REC119_SEG0008_PART01.wav
REC119_SEG0008_PART02,REC119,SPK009,data/processed/segments/REC119/REC119_SEG0008_PART02.wav,14.376,wenḍer inu s tidett necc ad awem iniɣ mani ma i ɣa ittwabarreḥ zi rexbar a aṣebḥan zayyi di marra ddunect ad ssiwren ɛawed x min dayi tegga d riḍaret i nettat,/Users/mac/masterAI/tarifit_asr_tfm/data/processed/segments/REC119/REC119_SEG0008_PART02.wav
REC119_SEG0009,REC119,SPK009,data/processed/segments/REC119/REC119_SEG0009.wav,4.816,yahuda izzenz ixef nnes maḥend ad isellem yasuɛ,/Users/mac/masterAI/tarifit_asr_tfm/data/processed/segments/REC119/REC119_SEG0009.wav
REC119_SEG0010,REC119,SPK009,data/processed/segments/REC119/REC119_SEG0010.wav,19.888,rexdenni iruḥ ijjen zi tenɛac qqaren as yahuda isxariyuṭi ɣar imeqqranen n ikehhanen inna min d ayi ɣa tewcem maḥend ad awem sellmeɣ yasuɛ uca waɛden t s tratin n rweznat n nnuqart ssenni tuɣa yarezzu ict n tewwart ḥima ad t isellem,/Users/mac/masterAI/tarifit_asr_tfm/data/processed/segments/REC119/REC119_SEG0010.wav
REC119_SEG0011,REC119,SPK009,data/processed/segments/REC119/REC119_SEG0011.wav,2.512,amensi n tɣarṣt n useɛdu,/Users/mac/masterAI/tarifit_asr_tfm/data/processed/segments/REC119/REC119_SEG0011.wav
REC119_SEG0012_PART01,REC119,SPK009,data/processed/segments/REC119/REC119_SEG0012_PART01.wav,13.208,deg wass amezwaru n weɣrum bra antun usin dd imeḥḍaren ɣar yasuɛ nnan mani texsed ad nessewjed i cek maḥend ad tecced amensi n useɛdu inna asen uyurem,/Users/mac/masterAI/tarifit_asr_tfm/data/processed/segments/REC119/REC119_SEG0012_PART01.wav
REC119_SEG0012_PART02,REC119,SPK009,data/processed/segments/REC119/REC119_SEG0012_PART02.wav,13.208,ɣar tendint ɣar ijj n fran inim as amsermad nneɣ iqqar aqa rweqt inu tiweḍ dd ad ɣarek ggeɣ amensi n useɛdu ak d imeḥḍaren inu,/Users/mac/masterAI/tarifit_asr_tfm/data/processed/segments/REC119/REC119_SEG0012_PART02.wav
REC119_SEG0013,REC119,SPK009,data/processed/segments/REC119/REC119_SEG0013.wav,5.52,imeḥḍaren ggin am mammec ten iweṣṣa yasuɛ uca ssewjden taɣarest useɛdu,/Users/mac/masterAI/tarifit_asr_tfm/data/processed/segments/REC119/REC119_SEG0013.wav
REC119_SEG0014,REC119,SPK009,data/processed/segments/REC119/REC119_SEG0014.wav,11.824,rami dd tiweḍ tmeddit iqqim ɣar umensi ak d tenɛac n imeḥḍaren nnes am ttetten nitni inna s tidett necc ad awem iniɣ ijjen zzaywem ad ayi iɣdar,/Users/mac/masterAI/tarifit_asr_tfm/data/processed/segments/REC119/REC119_SEG0014.wav
REC119_SEG0015_PART01,REC119,SPK009,data/processed/segments/REC119/REC119_SEG0015_PART01.wav,11.128,nitni dewren ceḍnen aṭṭas uca kur ijjen zzaysen ibda ad as yini ma war iǧi d necc a sidi yarra dd xasen inna wenni issisnen afus akidi di,/Users/mac/masterAI/tarifit_asr_tfm/data/processed/segments/REC119/REC119_SEG0015_PART01.wav
REC119_SEG0015_PART02,REC119,SPK009,data/processed/segments/REC119/REC119_SEG0015_PART02.wav,11.128,ṭṭebṣi d netta i d ayi ɣa iɣdaren mmis n bnadem ad iraḥ am mammec xas tura maca uct x bnadem nni i ɣa iɣdaren mmis n bnadem,/Users/mac/masterAI/tarifit_asr_tfm/data/processed/segments/REC119/REC119_SEG0015_PART02.wav
REC119_SEG0016,REC119,SPK009,data/processed/segments/REC119/REC119_SEG0016.wav,10.64,iḥra as i bnadem nni war dd ixriq ɛemmarṣ yahuda aɣeddar yarra dd inna ma war iǧi d necc a amsermad inu,/Users/mac/masterAI/tarifit_asr_tfm/data/processed/segments/REC119/REC119_SEG0016.wav
REC119_SEG0017,REC119,SPK009,data/processed/segments/REC119/REC119_SEG0017.wav,3.184,netta inna as aqa cek tennid t,/Users/mac/masterAI/tarifit_asr_tfm/data/processed/segments/REC119/REC119_SEG0017.wav
REC119_SEG0019,REC119,SPK009,data/processed/segments/REC119/REC119_SEG0019.wav,11.504,am tuɣa ttetten iksi yasuɛ aɣrum u awarni rami ibarek yarẓa i t iwca i t i imeḥḍaren inna ksim ccem ta d arrimet inu,/Users/mac/masterAI/tarifit_asr_tfm/data/processed/segments/REC119/REC119_SEG0019.wav
REC119_SEG0020_PART01,REC119,SPK009,data/processed/segments/REC119/REC119_SEG0020_PART01.wav,11.88,iksi rkas iqada uca iwca asen t inna swem zzayes marra idwem minzi wa d idammen inu n rɛahd n jdid inni i ɣa ittwassizren,/Users/mac/masterAI/tarifit_asr_tfm/data/processed/segments/REC119/REC119_SEG0020_PART01.wav
REC119_SEG0020_PART02,REC119,SPK009,data/processed/segments/REC119/REC119_SEG0020_PART02.wav,11.88,i weɣfar n ddnub necc ad awem iniɣ zi rexxu tsawent war sesseɣ ɛad zi rɣiǧet n tzayart ar ass i di tt ɣa sweɣ zi jdid akidwem di tgeldit n baba,/Users/mac/masterAI/tarifit_asr_tfm/data/processed/segments/REC119/REC119_SEG0020_PART02.wav
REC119_SEG0021,REC119,SPK009,data/processed/segments/REC119/REC119_SEG0021.wav,6.0,u awarni rami ɣennjen izri n ttesbiḥ ffɣen ɣar wedrar n zzitun,/Users/mac/masterAI/tarifit_asr_tfm/data/processed/segments/REC119/REC119_SEG0021.wav
REC119_SEG0022,REC119,SPK009,data/processed/segments/REC119/REC119_SEG0022.wav,3.6,yasuɛ izwar issiwer x wenkar zi buṭrus,/Users/mac/masterAI/tarifit_asr_tfm/data/processed/segments/REC119/REC119_SEG0022.wav
REC119_SEG0023,REC119,SPK009,data/processed/segments/REC119/REC119_SEG0023.wav,4.656,xenni inna asen yasuɛ marra kenniw ad dayi tenderfem,/Users/mac/masterAI/tarifit_asr_tfm/data/processed/segments/REC119/REC119_SEG0023.wav
REC119_SEG0024_PART01,REC119,SPK009,data/processed/segments/REC119/REC119_SEG0024_PART01.wav,13.688,minzi aqa tura ad wteɣ ameksaw uca iḥuriyyen n tḥimart ad ttwazuzzaren maca awarni rami i dd ɣa ttwassnekkareɣ ad awem izwareɣ ɣar ljalil maca buṭrus yarra dd inna as mara daye,/Users/mac/masterAI/tarifit_asr_tfm/data/processed/segments/REC119/REC119_SEG0024_PART01.wav
REC119_SEG0024_PART02,REC119,SPK009,data/processed/segments/REC119/REC119_SEG0024_PART02.wav,13.688,k i ɣa nderfen marra necc war dayek ttendrifeɣ ca ɛemmarṣ inna as yasuɛ s tidett necc ad ac iniɣ di ǧiret a qber i ɣa issquqeɛ uyaẓiḍ ad ayi tenkared trata n twarawin,/Users/mac/masterAI/tarifit_asr_tfm/data/processed/segments/REC119/REC119_SEG0024_PART02.wav
REC119_SEG0025,REC119,SPK009,data/processed/segments/REC119/REC119_SEG0025.wav,9.136,buṭrus inna as waxxa tuɣa ittxeṣṣa ayi ad mmteɣ akidek necc war cek nekkareɣ ɛemmarṣ ammu i nnan marra imeḥḍaren ɛawed,/Users/mac/masterAI/tarifit_asr_tfm/data/processed/segments/REC119/REC119_SEG0025.wav
REC119_SEG0026,REC119,SPK009,data/processed/segments/REC119/REC119_SEG0026.wav,4.976,taẓaǧit n yasuɛ deg weḥwic n xitsimaniy,/Users/mac/masterAI/tarifit_asr_tfm/data/processed/segments/REC119/REC119_SEG0026.wav
REC119_SEG0027,REC119,SPK009,data/processed/segments/REC119/REC119_SEG0027.wav,18.416,rexdenni iruḥ yasuɛ akidsen ɣar ijj n wemcan qqaren as xitsimaniy inna i imeḥḍaren nnes qqimem danita am i ɣa ẓẓaǧeɣ din am kis yiwi buṭrus d tnayen n iḥenjiren n zabdi ibda isḥissif uca tudef dayes tiggʷdi,/Users/mac/masterAI/tarifit_asr_tfm/data/processed/segments/REC119/REC119_SEG0027.wav
REC119_SEG0028_PART01,REC119,SPK009,data/processed/segments/REC119/REC119_SEG0028_PART01.wav,10.888,xenni inna asen reɛmar inu issḥissif aṭṭas ar rmewt qqimem da ḥḍam akidi xenni iɛzer cwayt ktar iwḍa x uɣembub nnes itt,/Users/mac/masterAI/tarifit_asr_tfm/data/processed/segments/REC119/REC119_SEG0028_PART01.wav
REC119_SEG0028_PART02,REC119,SPK009,data/processed/segments/REC119/REC119_SEG0028_PART02.wav,10.888,ẓaǧa inna a baba mara iɛedder ejj ad xafi iɛdu rkas a maca war ittiri am mammec xseɣ necc maca am mammec texsed cek,/Users/mac/masterAI/tarifit_asr_tfm/data/processed/segments/REC119/REC119_SEG0028_PART02.wav
REC119_SEG0029,REC119,SPK009,data/processed/segments/REC119/REC119_SEG0029.wav,8.848,rexdenni idwer dd ɣar imeḥḍaren nnes uca yufa i ten ṭṭṣen inna i buṭrus ma war tzemmarem ad kidi teḥḍam ura d ict n tsaɛɛet,/Users/mac/masterAI/tarifit_asr_tfm/data/processed/segments/REC119/REC119_SEG0029.wav
REC119_SEG0030,REC119,SPK009,data/processed/segments/REC119/REC119_SEG0030.wav,7.664,ḥḍam ẓẓaǧem ḥima war dd tettidfem deg hukki arruḥ aqa iwjed maca ddat teḍɛef,/Users/mac/masterAI/tarifit_asr_tfm/data/processed/segments/REC119/REC119_SEG0030.wav
REC119_SEG0031,REC119,SPK009,data/processed/segments/REC119/REC119_SEG0031.wav,11.568,yuyur ɛawed i umur wiss tnayen uca iẓẓuǧ inna a baba mara rkas a war izemmar ad xafi yekk mɣir mara necc swiɣ t aqa ad yiri min texsed cek,/Users/mac/masterAI/tarifit_asr_tfm/data/processed/segments/REC119/REC119_SEG0031.wav
REC119_SEG0032_PART01,REC119,SPK009,data/processed/segments/REC119/REC119_SEG0032_PART01.wav,12.888,rami dd idwer yufa i ten ɛawed ṭṭṣen minzi tiṭṭawin nsen tuɣa ḍeqqrent ijja i ten yuyur ɛawed uca iẓẓuǧ i twara wiss trata iqqar awaren a ɛawed,/Users/mac/masterAI/tarifit_asr_tfm/data/processed/segments/REC119/REC119_SEG0032_PART01.wav
REC119_SEG0032_PART02,REC119,SPK009,data/processed/segments/REC119/REC119_SEG0032_PART02.wav,12.888,rexdenni idwer dd ɣar imeḥḍaren nnes inna asen kemmrem x yiḍeṣ nwem rexxu areyyḥem xzarem aqa tsaɛɛet tiweḍ dd aqa mmis n bnadem ad immewc deg ifassen n imednab,/Users/mac/masterAI/tarifit_asr_tfm/data/processed/segments/REC119/REC119_SEG0032_PART02.wav
REC119_SEG0033,REC119,SPK009,data/processed/segments/REC119/REC119_SEG0033.wav,6.16,kkarem ad nraḥ xzarem wenni d ayi ɣa iɣdaren yudes dd,/Users/mac/masterAI/tarifit_asr_tfm/data/processed/segments/REC119/REC119_SEG0033.wav
REC119_SEG0034,REC119,SPK009,data/processed/segments/REC119/REC119_SEG0034.wav,1.52,uḍuf n yasuɛ,/Users/mac/masterAI/tarifit_asr_tfm/data/processed/segments/REC119/REC119_SEG0034.wav
REC119_SEG0035,REC119,SPK009,data/processed/segments/REC119/REC119_SEG0035.wav,9.168,am tuɣa issawar ɛad yusa dd yahuda aɣeddar ijjen zi tenɛac ak d ijj n rɣaci ameqqran s resyuf d iɛumad,/Users/mac/masterAI/tarifit_asr_tfm/data/processed/segments/REC119/REC119_SEG0035.wav
REC119_SEG0036_PART01,REC119,SPK009,data/processed/segments/REC119/REC119_SEG0036_PART01.wav,10.552,usin dd zeg imeqqranen n ikehhanen d imɣaren n rgens yahuda aɣeddar aqa iwca asen ict n reɛramet inna wenni i ɣa ssudmeɣ d wenni,/Users/mac/masterAI/tarifit_asr_tfm/data/processed/segments/REC119/REC119_SEG0036_PART01.wav
REC119_SEG0036_PART02,REC119,SPK009,data/processed/segments/REC119/REC119_SEG0036_PART02.wav,10.552,netta ṭṭfem t rexdenni dd iqarreb ɣar yasuɛ inna sram xak a amsermad inu uca issudem i t xas uca yasuɛ inna as,/Users/mac/masterAI/tarifit_asr_tfm/data/processed/segments/REC119/REC119_SEG0036_PART02.wav
REC119_SEG0037,REC119,SPK009,data/processed/segments/REC119/REC119_SEG0037.wav,19.664,a ameddukker inu min xef dd tusid da rexdenni qarrben dd ɣares ḥarten x yasuɛ uca ṭṭfen t u xzar ijjen zeg inni iǧan ak d yasuɛ isswiẓẓeḍ afus nnes ijbed ssif uca iwta amsexxar n arrays n ikehhanen iqess as amezzuɣ,/Users/mac/masterAI/tarifit_asr_tfm/data/processed/segments/REC119/REC119_SEG0037.wav
REC119_SEG0038,REC119,SPK009,data/processed/segments/REC119/REC119_SEG0038.wav,17.776,xenni inna as yasuɛ arr ssif ɣar wemcan nnes minzi marra inni ikessin ssif ad mmten s ssif niɣ ittɣir ac belli necc war zemmareɣ ad ẓẓaǧeɣ i baba aqa netta ad d ayi dd issekk ktar zi tenɛac n ilixiyunen n lmalakat,/Users/mac/masterAI/tarifit_asr_tfm/data/processed/segments/REC119/REC119_SEG0038.wav
REC119_SEG0039,REC119,SPK009,data/processed/segments/REC119/REC119_SEG0039.wav,6.448,mammec xenni i ɣa ttwakemmrent tira iqeddsen i iqqaren belli ittxeṣṣa ad imsar ammu,/Users/mac/masterAI/tarifit_asr_tfm/data/processed/segments/REC119/REC119_SEG0039.wav
REC119_SEG0040_PART01,REC119,SPK009,data/processed/segments/REC119/REC119_SEG0040_PART01.wav,12.072,di tsaɛɛet nni ɛawed issiwer yasuɛ ak d rɣaci axmi x ijj n uqṭaṭɛiy i dd teffɣem s resyuf d iɛumad maḥend ad ayi teṭṭfem kur ass tuɣa qqimeɣ ɣarwem sser,/Users/mac/masterAI/tarifit_asr_tfm/data/processed/segments/REC119/REC119_SEG0040_PART01.wav
REC119_SEG0040_PART02,REC119,SPK009,data/processed/segments/REC119/REC119_SEG0040_PART02.wav,12.072,madeɣ di zzawect tameqqrant war dayi teṭṭifem maca man aya marra imsar ḥima ad ttwakemmrent tira n inabiyyen rexdenni semḥen dayes marra imeḥḍaren uca arewren,/Users/mac/masterAI/tarifit_asr_tfm/data/processed/segments/REC119/REC119_SEG0040_PART02.wav
REC119_SEG0041,REC119,SPK009,data/processed/segments/REC119/REC119_SEG0041.wav,3.408,yasuɛ qibaǧ lmeḥkama tameqqrant n wudayen,/Users/mac/masterAI/tarifit_asr_tfm/data/processed/segments/REC119/REC119_SEG0041.wav
REC119_SEG0042,REC119,SPK009,data/processed/segments/REC119/REC119_SEG0042.wav,9.872,inni iṭṭfen yasuɛ iwyen t ɣar qayafa arrays n ikehhanen wenni ɣar tuɣa munen imsermaden n idlisen d imɣaren n rgens,/Users/mac/masterAI/tarifit_asr_tfm/data/processed/segments/REC119/REC119_SEG0042.wav
REC119_SEG0043,REC119,SPK009,data/processed/segments/REC119/REC119_SEG0043.wav,12.24,cimɛun buṭrus iḍfar i t i dd zi raggʷaj arami d yiweḍ ɣar remraḥ n arrays n ikehhanen u rami yudef iqqim jar imxazniyyen ḥima ad iẓar mammec i ɣa teffeɣ,/Users/mac/masterAI/tarifit_asr_tfm/data/processed/segments/REC119/REC119_SEG0043.wav
REC119_SEG0044_PART01,REC119,SPK009,data/processed/segments/REC119/REC119_SEG0044_PART01.wav,12.328,imeqqranen n ikehhanen d imɣaren n rgens u marra lmeḥkama tameqqrant tuɣa arezzun icehhaden issxarriqen x yasuɛ maḥend ad t n,/Users/mac/masterAI/tarifit_asr_tfm/data/processed/segments/REC119/REC119_SEG0044_PART01.wav
REC119_SEG0044_PART02,REC119,SPK009,data/processed/segments/REC119/REC119_SEG0044_PART02.wav,12.328,ɣen maca war zemmaren ad tt afen waxxa usin dd aṭṭas n rechud issxarriqen ɣar uneggar usin dd tnayen n rechud issxarriqen nitni innan,/Users/mac/masterAI/tarifit_asr_tfm/data/processed/segments/REC119/REC119_SEG0044_PART02.wav
REC119_SEG0045,REC119,SPK009,data/processed/segments/REC119/REC119_SEG0045.wav,15.568,wa aqa inna necc zemmareɣ ad hedmeɣ zzawect tameqqrant n arebbi u di trata n wussan ad tt bniɣ ɛawed arrays n ikehhanen ikkar dd inna as ma war dd tarrid s walu min xak cehhden ina,/Users/mac/masterAI/tarifit_asr_tfm/data/processed/segments/REC119/REC119_SEG0045.wav
REC119_SEG0046_PART01,REC119,SPK009,data/processed/segments/REC119/REC119_SEG0046_PART01.wav,12.12,maca yasuɛ isqar inna as arrays n ikehhanen necc ad cek jjeɣ ad tejjaǧed s arebbi iddaren belli cek ad aneɣ tinid ma xenni cek d lmasiḥ mmis n arebbi inna as yasuɛ,/Users/mac/masterAI/tarifit_asr_tfm/data/processed/segments/REC119/REC119_SEG0046_PART01.wav
REC119_SEG0046_PART02,REC119,SPK009,data/processed/segments/REC119/REC119_SEG0046_PART02.wav,12.12,cek tennid t maca necc ad awem iniɣ zi ssa tsawent ad tẓarem mmis n bnadem iqqim x ufusi n tzemmar xmi dd ɣa yas x iseynuten n ujenna,/Users/mac/masterAI/tarifit_asr_tfm/data/processed/segments/REC119/REC119_SEG0046_PART02.wav
REC119_SEG0047,REC119,SPK009,data/processed/segments/REC119/REC119_SEG0047.wav,13.392,rexdenni icarreg arrays n ikehhanen arruḍ nnes inna netta aqa iceqqef di arebbi mayemmi neḥdaj ɛad rechud xzarem rexxu aqa tesrim i uceqqef nnes min d awem ittɣir kenniw,/Users/mac/masterAI/tarifit_asr_tfm/data/processed/segments/REC119/REC119_SEG0047.wav
REC119_SEG0048,REC119,SPK009,data/processed/segments/REC119/REC119_SEG0048.wav,17.424,nitni arrin dd xas nnan netta isdaheǧ rmewt xenni bdan ssusufen as x uɣembub ccaten t s rpuniyyat x uzeǧif u inneɣni wtin t ɛawed nnan nabb aneɣ a cek lmasiḥ wi cek iwtin,/Users/mac/masterAI/tarifit_asr_tfm/data/processed/segments/REC119/REC119_SEG0048.wav
REC119_SEG0049,REC119,SPK009,data/processed/segments/REC119/REC119_SEG0049.wav,2.352,ankar n yasuɛ zi buṭrus,/Users/mac/masterAI/tarifit_asr_tfm/data/processed/segments/REC119/REC119_SEG0049.wav
REC119_SEG0050_PART01,REC119,SPK009,data/processed/segments/REC119/REC119_SEG0050_PART01.wav,12.888,buṭrus iqqim ɣar barra di remraḥ tqarreb dd ɣares ict n tayya tenna ura d cek tuɣa cek ak d yasuɛ zi nnaṣira maca netta inkar zzat i marra inna,/Users/mac/masterAI/tarifit_asr_tfm/data/processed/segments/REC119/REC119_SEG0050_PART01.wav
REC119_SEG0050_PART02,REC119,SPK009,data/processed/segments/REC119/REC119_SEG0050_PART02.wav,12.888,war ssineɣ min xef tessawared am iggur ɣar usqif n tewwart teẓra i t ict n tayya nneɣni tenna asen i yinni din iqqimen d wa tuɣa ak d yasuɛ zi nnaṣira,/Users/mac/masterAI/tarifit_asr_tfm/data/processed/segments/REC119/REC119_SEG0050_PART02.wav
REC119_SEG0051,REC119,SPK009,data/processed/segments/REC119/REC119_SEG0051.wav,17.776,netta inkar ɛawed s ict n tjaǧit inna war ssineɣ bnadem nni cwayt ɣar zzat qarrben dd inni din ibedden ɣar buṭrus nnan nican ura d cek d ijjen zzaysen minzi rhard nnec issbeyyen i cek,/Users/mac/masterAI/tarifit_asr_tfm/data/processed/segments/REC119/REC119_SEG0051.wav
REC119_SEG0052,REC119,SPK009,data/processed/segments/REC119/REC119_SEG0052.wav,19.248,xenni ibda ineɛɛer ittjjaǧa necc war ssineɣ bnadem nni rexdenni issquqeɛ uyaẓiḍ uca iɛqer buṭrus awar i d as inna yasuɛ qber i ɣa issquqeɛ uyaẓiḍ ad ayi tenkared trata n twarawin uca iffeɣ iru s imeṭṭawen imerzagen,/Users/mac/masterAI/tarifit_asr_tfm/data/processed/segments/REC119/REC119_SEG0052.wav
REC120_SEG0001,REC120,SPK009,data/processed/segments/REC120/REC120_SEG0001.wav,3.088,andam d rmewt n yahuda,/Users/mac/masterAI/tarifit_asr_tfm/data/processed/segments/REC120/REC120_SEG0001.wav
REC120_SEG0002,REC120,SPK009,data/processed/segments/REC120/REC120_SEG0002.wav,15.792,ɣar ṣṣbeḥ zic aqa marra imeqqranen n ikehhanen d imɣaren n rgens mcawaren x yasuɛ mammec i t ɣa nɣen uca nitni carfen t iwyen t uca sellmen t i lɛamil arumani pilaṭus,/Users/mac/masterAI/tarifit_asr_tfm/data/processed/segments/REC120/REC120_SEG0002.wav
REC120_SEG0003,REC120,SPK009,data/processed/segments/REC120/REC120_SEG0003.wav,15.024,umi iẓra yahuda aɣeddar belli yasuɛ ittwaḥkem indem uca yarra dd tratin n rweznat n nnuqart ɣar imeqqranen n ikehhanen d imɣaren n rgens inna necc xḍiɣ,/Users/mac/masterAI/tarifit_asr_tfm/data/processed/segments/REC120/REC120_SEG0003.wav
REC120_SEG0004_PART01,REC120,SPK009,data/processed/segments/REC120/REC120_SEG0004_PART01.wav,13.736,aqa ɣdareɣ idammen imezdagen maca nitni nnan min d aneɣ iruḥen xzar dd cek awarni rami inḍar rweznat n nnuqart di zzawect tameqqrant iffeɣ uca iruḥ yuyer,/Users/mac/masterAI/tarifit_asr_tfm/data/processed/segments/REC120/REC120_SEG0004_PART01.wav
REC120_SEG0004_PART02,REC120,SPK009,data/processed/segments/REC120/REC120_SEG0004_PART02.wav,13.736,ixef nnes imeqqranen n ikehhanen ksin rweznat n nnuqart nnan war icuwwar ad ten nessars deg wexxam n ṣṣdaqi minzi rweznat nni d ttaman n usizzer n idammen,/Users/mac/masterAI/tarifit_asr_tfm/data/processed/segments/REC120/REC120_SEG0004_PART02.wav
REC120_SEG0005,REC120,SPK009,data/processed/segments/REC120/REC120_SEG0005.wav,15.184,kksen awar jar asen maḥend ad zzayes sɣen iyyar n bu traxt maḥend ad yiri i imeḍran n ibarraniyyen s uyenni ittwasemma iyyar nni iyyar n idammen ar ass n rexxu,/Users/mac/masterAI/tarifit_asr_tfm/data/processed/segments/REC120/REC120_SEG0005.wav
REC120_SEG0006_PART01,REC120,SPK009,data/processed/segments/REC120/REC120_SEG0006_PART01.wav,10.392,rexdenni ittwakemmer min ittwannan zeg unabi i innan ksiɣ tratin n rweznat n nnuqart rqedd n wenni iɣran mixef,/Users/mac/masterAI/tarifit_asr_tfm/data/processed/segments/REC120/REC120_SEG0006_PART01.wav
REC120_SEG0006_PART02,REC120,SPK009,data/processed/segments/REC120/REC120_SEG0006_PART02.wav,10.392,inni zi tarwa n israil kksen awar uca necc wciɣ tent i iyyar n bu traxt am mammec i d ayi yumur sidi,/Users/mac/masterAI/tarifit_asr_tfm/data/processed/segments/REC120/REC120_SEG0006_PART02.wav
REC120_SEG0007,REC120,SPK009,data/processed/segments/REC120/REC120_SEG0007.wav,3.184,yasuɛ qibac lɛamil pilaṭus,/Users/mac/masterAI/tarifit_asr_tfm/data/processed/segments/REC120/REC120_SEG0007.wav
REC120_SEG0008,REC120,SPK009,data/processed/segments/REC120/REC120_SEG0008.wav,6.864,yasuɛ tuɣa ibedd qibac i lɛamil lɛamil isseqsa as inna ma cek d ajeǧid n wudayen,/Users/mac/masterAI/tarifit_asr_tfm/data/processed/segments/REC120/REC120_SEG0008.wav
REC120_SEG0009_PART01,REC120,SPK009,data/processed/segments/REC120/REC120_SEG0009_PART01.wav,10.28,yasuɛ inna as cek aqa tennid t uca rami t tehmen imeqqranen n ikehhanen d imɣaren n rgens yarra dd s walu xenni inna as,/Users/mac/masterAI/tarifit_asr_tfm/data/processed/segments/REC120/REC120_SEG0009_PART01.wav
REC120_SEG0009_PART02,REC120,SPK009,data/processed/segments/REC120/REC120_SEG0009_PART02.wav,10.28,pilaṭus ma war tesrid mecḥar xak cehhden netta war xas dd yarri ura s ijj n wawar arami iqqim lɛamil ittebhet aṭṭas,/Users/mac/masterAI/tarifit_asr_tfm/data/processed/segments/REC120/REC120_SEG0009_PART02.wav
REC120_SEG0011,REC120,SPK009,data/processed/segments/REC120/REC120_SEG0011.wav,7.92,tuɣa lɛamil innum yarexxu di kur rɛid i yijj n umeḥbus i rɣaci wenni ixsen nitni,/Users/mac/masterAI/tarifit_asr_tfm/data/processed/segments/REC120/REC120_SEG0011.wav
REC120_SEG0012_PART01,REC120,SPK009,data/processed/segments/REC120/REC120_SEG0012_PART01.wav,12.6,tuɣa ɣarsen deg wussan nni ijj n umeḥbus ittwassen qqaren as bar abbas rami munen inna asen pilaṭus wi texsem ad awem dd arxuɣ bar abbas niɣ yasuɛ,/Users/mac/masterAI/tarifit_asr_tfm/data/processed/segments/REC120/REC120_SEG0012_PART01.wav
REC120_SEG0012_PART02,REC120,SPK009,data/processed/segments/REC120/REC120_SEG0012_PART02.wav,12.6,wenni umi qqaren lmasiḥ minzi netta issen aqa nitni sellmen t zi reḥsed am tuɣa lɛamil iqqim x rkursi n rḥukm tessekk dd ɣares temɣart nnes tenna,/Users/mac/masterAI/tarifit_asr_tfm/data/processed/segments/REC120/REC120_SEG0012_PART02.wav
REC120_SEG0013,REC120,SPK009,data/processed/segments/REC120/REC120_SEG0013.wav,18.352,barra ixef nnec zeg umseggad nni minzi aqa ass a ttwaɛeddbeɣ aṭṭas di tarjit inu di ssibbet nnes maca imeqqranen n ikehhanen d imɣaren n rgens ssqenɛen rɣaci ḥima ad ttaren bar abbas u ḥima ad areddǧen yasuɛ,/Users/mac/masterAI/tarifit_asr_tfm/data/processed/segments/REC120/REC120_SEG0013.wav
REC120_SEG0014,REC120,SPK009,data/processed/segments/REC120/REC120_SEG0014.wav,6.288,lɛamil yarra dd inna asen man wen zi tnayen a i texsem ad arxuɣ i kenniw,/Users/mac/masterAI/tarifit_asr_tfm/data/processed/segments/REC120/REC120_SEG0014.wav
REC120_SEG0015_PART01,REC120,SPK009,data/processed/segments/REC120/REC120_SEG0015_PART01.wav,12.856,nnan bar abbas pilaṭus inna asen min ɣa ggeɣ xenni ak d yasuɛ umi qqaren lmasiḥ nnan as marra ṣellb i t inna asen lɛamil man tuɛeffna i igga,/Users/mac/masterAI/tarifit_asr_tfm/data/processed/segments/REC120/REC120_SEG0015_PART01.wav
REC120_SEG0015_PART02,REC120,SPK009,data/processed/segments/REC120/REC120_SEG0015_PART02.wav,12.856,sɣuyyen s jjehd ktar nnan ṣellb i t rami iẓra pilaṭus belli war yiweḍ ɣar walu mahu ad ikkar uɣuwweɣ iksi aman issird ifassen nnes qibac i rɣaci inna,/Users/mac/masterAI/tarifit_asr_tfm/data/processed/segments/REC120/REC120_SEG0015_PART02.wav
REC120_SEG0016_PART01,REC120,SPK009,data/processed/segments/REC120/REC120_SEG0016_PART01.wav,10.328,necc war tturseɣ ca deg idammen n umseggad a xzarem kenniw rgens marra yarra dd inna ejj idammen nnes ad xaneɣ irin u x tarwa nneɣ,/Users/mac/masterAI/tarifit_asr_tfm/data/processed/segments/REC120/REC120_SEG0016_PART01.wav
REC120_SEG0016_PART02,REC120,SPK009,data/processed/segments/REC120/REC120_SEG0016_PART02.wav,10.328,xenni yarxu asen dd i bar abbas maca awarni rami ihettek yasuɛ s urekkuḍ isellem i t ḥima ad ittwaṣelleb,/Users/mac/masterAI/tarifit_asr_tfm/data/processed/segments/REC120/REC120_SEG0016_PART02.wav
REC120_SEG0017,REC120,SPK009,data/processed/segments/REC120/REC120_SEG0017.wav,3.856,aseḥqar n yasuɛ zi rɛeskar n pilaṭus,/Users/mac/masterAI/tarifit_asr_tfm/data/processed/segments/REC120/REC120_SEG0017.wav
REC120_SEG0018_PART01,REC120,SPK009,data/processed/segments/REC120/REC120_SEG0018_PART01.wav,13.612,rexdenni iwyen iɛeskariyyen n lɛamil yasuɛ ɣar taddart n ccraɛ umi qqaren prituriyum uca ssmunen xas marra rɛeskar kksen as dd arruḍ uca arḍen as ijj n ujeǧab d aze,/Users/mac/masterAI/tarifit_asr_tfm/data/processed/segments/REC120/REC120_SEG0018_PART01.wav
REC120_SEG0018_PART02,REC120,SPK009,data/processed/segments/REC120/REC120_SEG0018_PART02.wav,13.612,ggʷaɣ nitni muden as ijj n ttaj s isennanen ssarsen t x uzeǧif nnes uca ggin as uɣanim deg ufus nnes afusi xenni wḍan ɣar iḍaren nnes zzates,/Users/mac/masterAI/tarifit_asr_tfm/data/processed/segments/REC120/REC120_SEG0018_PART02.wav
REC120_SEG0019,REC120,SPK009,data/processed/segments/REC120/REC120_SEG0019.wav,19.16,qqimen ttbuṣaren xas nnan azul xak a cek a ajeǧid n wudayen ssusfen as x uɣembub nnes ksin aɣanim uca wtin t zzayes ɣar uzeǧif awarni rami t deǧen ksin xas aserham arḍen as arruḍ nnes uca nedhen t maḥend ad t ṣellben,/Users/mac/masterAI/tarifit_asr_tfm/data/processed/segments/REC120/REC120_SEG0019.wav
REC120_SEG0020,REC120,SPK009,data/processed/segments/REC120/REC120_SEG0020.wav,1.68,abrid ɣar ṣṣalib,/Users/mac/masterAI/tarifit_asr_tfm/data/processed/segments/REC120/REC120_SEG0020.wav
REC120_SEG0021,REC120,SPK009,data/processed/segments/REC120/REC120_SEG0021.wav,9.744,am ffɣen ɣar barra n tendint ufin ijj n weryaz zi qayrawan qqaren as cimɛun uca ziyyaren xas ḥima ad yarbu ṣṣalib nnes,/Users/mac/masterAI/tarifit_asr_tfm/data/processed/segments/REC120/REC120_SEG0021.wav
REC120_SEG0022,REC120,SPK009,data/processed/segments/REC120/REC120_SEG0022.wav,19.792,arami iwḍen ɣar wemcan umi qqaren juljuta min ixs ad yini taceqquft wcin as rxeǧ ixeǧḍen s tarzugi uca umi t iqqas yugi ad isu awarni rami t ṣellben bḍan arruḍ nnes jar asen umi xas ggin akeccuḍ,/Users/mac/masterAI/tarifit_asr_tfm/data/processed/segments/REC120/REC120_SEG0022.wav
REC120_SEG0023,REC120,SPK009,data/processed/segments/REC120/REC120_SEG0023.wav,7.536,am din qqimen ttɛessan xas ggin as sennej i uzeǧif nnes ict n tira mayemmi xas ḥekmen s rmewt,/Users/mac/masterAI/tarifit_asr_tfm/data/processed/segments/REC120/REC120_SEG0023.wav
REC120_SEG0024_PART01,REC120,SPK009,data/processed/segments/REC120/REC120_SEG0024_PART01.wav,14.104,wa d yasuɛ ajeǧid n wudayen xenni ṣellben akides tnayen n ixewwanen ijjen ɣar ufusi nnes u ijjen ɣar uzermaḍ nnes inni tuɣa ittekkan ttceqqafen dayes,/Users/mac/masterAI/tarifit_asr_tfm/data/processed/segments/REC120/REC120_SEG0024_PART01.wav
REC120_SEG0024_PART02,REC120,SPK009,data/processed/segments/REC120/REC120_SEG0024_PART02.wav,14.104,tthezzan azeǧif nsen nnan a cek wenni ihedmen zzawect tameqqrant u di trata n wussan ad tt tebnid ɛawed senjem ixef nnec mara cek d mmis n arebbi hwa dd xenni zi ṣṣalib,/Users/mac/masterAI/tarifit_asr_tfm/data/processed/segments/REC120/REC120_SEG0024_PART02.wav
REC120_SEG0025,REC120,SPK009,data/processed/segments/REC120/REC120_SEG0025.wav,18.736,ura d imeqqranen n ikehhanen ak d imsermaden n idlisen d imɣaren n rgens d ifarisiyyen stehzan zzayes amenni nnan issenjem inneɣni maca war izemmar ad issenjem xef nnes mara netta d ajeǧid n israil ejj i t ad dd ihwa zi ṣṣalib ad zzayes namen,/Users/mac/masterAI/tarifit_asr_tfm/data/processed/segments/REC120/REC120_SEG0025.wav
REC120_SEG0026,REC120,SPK009,data/processed/segments/REC120/REC120_SEG0026.wav,14.544,ittcer x arebbi ejj i t netta ad t issenjem mara yarḍa xas minzi inna necc d mmis n arebbi ura d ixewwanen inni tuɣa ittwaṣellben akides tuɣa ssfeṭṭaḥen zzayes amenni,/Users/mac/masterAI/tarifit_asr_tfm/data/processed/segments/REC120/REC120_SEG0026.wav
REC120_SEG0028_PART01,REC120,SPK009,data/processed/segments/REC120/REC120_SEG0028_PART01.wav,10.264,zi tsaɛɛet wiss setta tewḍa dd taǧest x marra tammurt ar tasaɛɛet wiss tesɛa jjwayeh n tsaɛɛet wiss tesɛa isɣuy yasuɛ s t,/Users/mac/masterAI/tarifit_asr_tfm/data/processed/segments/REC120/REC120_SEG0028_PART01.wav
REC120_SEG0028_PART02,REC120,SPK009,data/processed/segments/REC120/REC120_SEG0028_PART02.wav,10.264,mijja ijehden inna a ili ili li man cabaktani min yazzu adyini a arebbi inu a arebbi inu mayemmi dayi tsemḥed,/Users/mac/masterAI/tarifit_asr_tfm/data/processed/segments/REC120/REC120_SEG0028_PART02.wav
REC120_SEG0029,REC120,SPK009,data/processed/segments/REC120/REC120_SEG0029.wav,15.312,rami d as sran inni din ibedden nnan ca zzaysen ittraɣa x iliya deɣya yuzzer dd ɣares ijjen zzaysen iksi spunxa issuff i tt s rxeǧ igga i tt x ijj n uɣanim uca iwca as ad isu,/Users/mac/masterAI/tarifit_asr_tfm/data/processed/segments/REC120/REC120_SEG0029.wav
REC120_SEG0030,REC120,SPK009,data/processed/segments/REC120/REC120_SEG0030.wav,11.12,inneɣni nnan ejj i t ad nẓar ma ad dd yas iliya ḥima ad t issenjem isɣuyy yasuɛ ɛawed s tmijja ijehden uca issarxu arruḥ nnes,/Users/mac/masterAI/tarifit_asr_tfm/data/processed/segments/REC120/REC120_SEG0030.wav
REC120_SEG0031,REC120,SPK009,data/processed/segments/REC120/REC120_SEG0031.wav,0.848,xzar,/Users/mac/masterAI/tarifit_asr_tfm/data/processed/segments/REC120/REC120_SEG0031.wav
REC120_SEG0032_PART01,REC120,SPK009,data/processed/segments/REC120/REC120_SEG0032_PART01.wav,14.916,areḥḥaf n wadaf ɣar zzawect tameqqrant itccarreg x tnayen zi sennej ar swadday tammurt tenhezz tiṣuḍar feǧqent imeḍran ttwarezmen uca aṭṭas n rxacbat n imqedda,/Users/mac/masterAI/tarifit_asr_tfm/data/processed/segments/REC120/REC120_SEG0032_PART01.wav
REC120_SEG0032_PART02,REC120,SPK009,data/processed/segments/REC120/REC120_SEG0032_PART02.wav,14.916,sen inni tuɣa iṭṭṣen din ttwassnekkarent dd nitni ffɣen zeg imeḍran uca awarni i tnukra nnes udfen ɣar tendint iqeddsen uca banen dd i waṭṭas rami rqebṭan x mya d yinni tuɣa akides,/Users/mac/masterAI/tarifit_asr_tfm/data/processed/segments/REC120/REC120_SEG0032_PART02.wav
REC120_SEG0033,REC120,SPK009,data/processed/segments/REC120/REC120_SEG0033.wav,19.176,iḥeṭṭan yasuɛ ẓrin anhezzi n temmurt d min imsaren ggʷeden aṭṭas nnan s tidett tuɣa wa d mmis n arebbi tuɣa din aṭṭas n temɣarin tinni tuɣa ixezzaren zi raggʷaj ḍfarent yasuɛ zi ljalil ḥima ad xas sexxarent,/Users/mac/masterAI/tarifit_asr_tfm/data/processed/segments/REC120/REC120_SEG0033.wav
REC120_SEG0034,REC120,SPK009,data/processed/segments/REC120/REC120_SEG0034.wav,8.912,jarasent maryam n majdala d maryam yemmas n yaɛqub d yusis d yemmas n ayt n zabdi,/Users/mac/masterAI/tarifit_asr_tfm/data/processed/segments/REC120/REC120_SEG0034.wav
REC120_SEG0035,REC120,SPK009,data/processed/segments/REC120/REC120_SEG0035.wav,1.488,anḍer n yasuɛ,/Users/mac/masterAI/tarifit_asr_tfm/data/processed/segments/REC120/REC120_SEG0035.wav
REC120_SEG0037_PART01,REC120,SPK009,data/processed/segments/REC120/REC120_SEG0037_PART01.wav,12.616,yusuf iksi rxecbet inneḍ i tt deg ict n txeyyaḍt n reqṭen azdad iṣfan issars i tt deg ijj n wenḍer n jdid i tuɣa iɣza uca awarni rami isseqnu,/Users/mac/masterAI/tarifit_asr_tfm/data/processed/segments/REC120/REC120_SEG0037_PART01.wav
REC120_SEG0037_PART02,REC120,SPK009,data/processed/segments/REC120/REC120_SEG0037_PART02.wav,12.616,nni ijj n teṣḍart ḥima ad iqfer tawwart n wenḍer iruḥ tuɣa din maryam n majdala d maryam nneɣnit qqiment qibac i wenḍer,/Users/mac/masterAI/tarifit_asr_tfm/data/processed/segments/REC120/REC120_SEG0037_PART02.wav
REC120_SEG0039,REC120,SPK009,data/processed/segments/REC120/REC120_SEG0039.wav,8.4,tiwecca nnes awarni ass n usewjed munen imeqqranen n ikehhanen d ifarisiyyen ɣar pilaṭus nnan a siditneɣ,/Users/mac/masterAI/tarifit_asr_tfm/data/processed/segments/REC120/REC120_SEG0039.wav
REC120_SEG0040,REC120,SPK009,data/processed/segments/REC120/REC120_SEG0040.wav,6.832,neɛqer belli aɣeccac a am tuɣa ɛad iddar inna awarni trata n wussan ad kkareɣ,/Users/mac/masterAI/tarifit_asr_tfm/data/processed/segments/REC120/REC120_SEG0040.wav
REC120_SEG0041_PART01,REC120,SPK009,data/processed/segments/REC120/REC120_SEG0041_PART01.wav,11.88,xenni umur ḥima ad ḍemnen anḍer ar ass wiss trata ḥima ad taɣ imeḥḍaren nnes war dd ttisen s ǧiret ad t acaren xenni ad inin i rgens aqa ikkar dd zi,/Users/mac/masterAI/tarifit_asr_tfm/data/processed/segments/REC120/REC120_SEG0041_PART01.wav
REC120_SEG0041_PART02,REC120,SPK009,data/processed/segments/REC120/REC120_SEG0041_PART02.wav,11.88,taddart n imettinen uca ammu i ɣa yiri uweddar aneggaru ktar x umezwar inna asen pilaṭus aqa ɣarwem iɛessasen ruḥem ḍemnen t am mammec tettwaram,/Users/mac/masterAI/tarifit_asr_tfm/data/processed/segments/REC120/REC120_SEG0041_PART02.wav
REC120_SEG0042,REC120,SPK009,data/processed/segments/REC120/REC120_SEG0042.wav,7.568,ruḥen ḥima ad ɛessen x wenḍer uca ḍemnen aẓru nitni jmiɛ ak d iɛessasen,/Users/mac/masterAI/tarifit_asr_tfm/data/processed/segments/REC120/REC120_SEG0042.wav
REC121_SEG0001,REC121,SPK009,data/processed/segments/REC121/REC121_SEG0001.wav,1.456,tanukra n yasuɛ,/Users/mac/masterAI/tarifit_asr_tfm/data/processed/segments/REC121/REC121_SEG0001.wav
REC121_SEG0002_PART01,REC121,SPK009,data/processed/segments/REC121/REC121_SEG0002_PART01.wav,11.976,awarni rami teɛdu ssebt ɣar refjar n wass amezwaru n ssimana tusa dd maryam n majdala d maryam nneɣnit ḥima ad ssijjent x wenḍer,/Users/mac/masterAI/tarifit_asr_tfm/data/processed/segments/REC121/REC121_SEG0002_PART01.wav
REC121_SEG0002_PART02,REC121,SPK009,data/processed/segments/REC121/REC121_SEG0002_PART02.wav,11.976,xzar imsar ijj n wenhezzi n temmurt imɣar minzi lmalak n sidi ihwa dd zeg ujenna iqarreb dd isseqnunni taṣḍart zeg wadaf uca iqqim xas,/Users/mac/masterAI/tarifit_asr_tfm/data/processed/segments/REC121/REC121_SEG0002_PART02.wav
REC121_SEG0003_PART01,REC121,SPK009,data/processed/segments/REC121/REC121_SEG0003_PART01.wav,12.616,tuɣa ṣṣifet nnes am wajjaj u warruḍ nnes d acemrar am wedfer iɛessasen fecren zi teggʷudi zzayes uca dewren am yimettinen lmalak iṭṭef deg wa,/Users/mac/masterAI/tarifit_asr_tfm/data/processed/segments/REC121/REC121_SEG0003_PART01.wav
REC121_SEG0003_PART02,REC121,SPK009,data/processed/segments/REC121/REC121_SEG0003_PART02.wav,12.616,war inna i temɣarin war tteggʷedent ca minzi ssneɣ aqa kennint tarezzunt x yasuɛ wenni ittwaṣellben war da iǧi minzi netta ikkar dd am mammec inna,/Users/mac/masterAI/tarifit_asr_tfm/data/processed/segments/REC121/REC121_SEG0003_PART02.wav
REC121_SEG0004,REC121,SPK009,data/processed/segments/REC121/REC121_SEG0004.wav,17.616,asent i dd da xzarent amcan mani tuɣa immars siditneɣ ruḥent deɣya inint i imeḥḍaren nnes aqa ittwassnekkar dd zi taddart n imettinen u xzar netta d awem i ɣa izwaren ɣar ljalil,/Users/mac/masterAI/tarifit_asr_tfm/data/processed/segments/REC121/REC121_SEG0004.wav
REC121_SEG0005_PART01,REC121,SPK009,data/processed/segments/REC121/REC121_SEG0005_PART01.wav,12.152,din ad t tẓarem xzar aqa nniɣ awem tt ffɣent nitenti deɣya zeg wenḍer s tiggʷudi d refraḥet imɣaren ttazzrent ḥima ad tt xebbarent,/Users/mac/masterAI/tarifit_asr_tfm/data/processed/segments/REC121/REC121_SEG0005_PART01.wav
REC121_SEG0005_PART02,REC121,SPK009,data/processed/segments/REC121/REC121_SEG0005_PART02.wav,12.152,imeḥḍaren uca xzar yasuɛ irqa tent deg webrid inna asen sram xakent nitenti usint i dd ɣares ṭṭfent deg iḍaren nnes uca sejdent as,/Users/mac/masterAI/tarifit_asr_tfm/data/processed/segments/REC121/REC121_SEG0005_PART02.wav
REC121_SEG0006,REC121,SPK009,data/processed/segments/REC121/REC121_SEG0006.wav,9.712,rexdenni inna asent yasuɛ war tteggʷedent ca ssiwḍent rexbar a i aytma ḥima ad raḥen ɣar ljalil diha ad ayi ẓaren,/Users/mac/masterAI/tarifit_asr_tfm/data/processed/segments/REC121/REC121_SEG0006.wav
REC121_SEG0008_PART01,REC121,SPK009,data/processed/segments/REC121/REC121_SEG0008_PART01.wav,13.864,am ruḥent xzar aqa ca zeg iɛessasen usin dd ɣar tendint ḥima ad xebbaren imeqqranen n ikehhanen x marra min imsaren rexdenni munen nitni ak d imɣaren n rgens uca mcawaren akid,/Users/mac/masterAI/tarifit_asr_tfm/data/processed/segments/REC121/REC121_SEG0008_PART01.wav
REC121_SEG0008_PART02,REC121,SPK009,data/processed/segments/REC121/REC121_SEG0008_PART02.wav,13.864,sen uca wcin asen i iɛesskaryen ttmenyat n nnuqart war iǧi drus nnan inim imeḥḍaren nnes usin dd s ǧiret uca ucaren t am tuɣa neṭṭeṣ,/Users/mac/masterAI/tarifit_asr_tfm/data/processed/segments/REC121/REC121_SEG0008_PART02.wav
REC121_SEG0009,REC121,SPK009,data/processed/segments/REC121/REC121_SEG0009.wav,17.232,uca mara isra i t lɛamil ad t nesseqneɛ uca ad negg war tettirim deg imunas ṭṭfen tmenyat n nnuqart uca ggin am mammec d asen ɛermen ammu i dd itteffeɣ rexbar a jar wudayen ar ass n yiḍa,/Users/mac/masterAI/tarifit_asr_tfm/data/processed/segments/REC121/REC121_SEG0009.wav
REC121_SEG0010,REC121,SPK009,data/processed/segments/REC121/REC121_SEG0010.wav,3.408,rumur ameqqran i ubarreḥ n rexbar aṣebḥan,/Users/mac/masterAI/tarifit_asr_tfm/data/processed/segments/REC121/REC121_SEG0010.wav
REC121_SEG0011,REC121,SPK009,data/processed/segments/REC121/REC121_SEG0011.wav,14.384,ḥiṭac n imeḥḍaren nni ruḥen ɣar ljalil ɣar wedrar mani ten yumur yasuɛ arami t ẓrin sejden as maca ca cekken iqarreb dd ɣarsen yasuɛ issiwer akidsen inna,/Users/mac/masterAI/tarifit_asr_tfm/data/processed/segments/REC121/REC121_SEG0011.wav
REC121_SEG0012,REC121,SPK009,data/processed/segments/REC121/REC121_SEG0012.wav,18.384,temmewc ayi marra ṣṣulṭa deg ujenna u x temmurt am mammec i d ayi dd issekk baba ammu kenniw i ɣa ssekkeɣ necc ruḥem arrem marra regnus d imeḥḍaren inu u ssɣeḍṣem ten s yisem n tbabat d tmemmit d arruḥ iqeddsen,/Users/mac/masterAI/tarifit_asr_tfm/data/processed/segments/REC121/REC121_SEG0012.wav
REC121_SEG0013,REC121,SPK009,data/processed/segments/REC121/REC121_SEG0013.wav,15.969,u sremdem asen ad ṭṭfen di marra min xef kenniw umureɣ zzayes u xzar necc aqa ayi akidwem marra ussan ar qeṭṭu n ddunect aneggar n l rexbar asebḥan iqeddsen am mammec t ibarreḥ matta,/Users/mac/masterAI/tarifit_asr_tfm/data/processed/segments/REC121/REC121_SEG0013.wav
REC122_SEG0001,REC122,SPK009,data/processed/segments/REC122/REC122_SEG0001.wav,6.416,rexbar asbḥan n yasuɛ lmasiḥ sufuss n markus twasit n yasuɛ lmasiḥ,/Users/mac/masterAI/tarifit_asr_tfm/data/processed/segments/REC122/REC122_SEG0001.wav
REC122_SEG0002_PART01,REC122,SPK009,data/processed/segments/REC122/REC122_SEG0002_PART01.wav,10.936,beddu n rexbar asbḥan n yasuɛ lmasiḥ mmis n arebbi am mammec tura deg wedlis n unabi icaɛya aqa necc ad ssekkeɣ zzat i wudem nnec arqq,/Users/mac/masterAI/tarifit_asr_tfm/data/processed/segments/REC122/REC122_SEG0002_PART01.wav
REC122_SEG0002_PART02,REC122,SPK009,data/processed/segments/REC122/REC122_SEG0002_PART02.wav,10.936,as inu wenni i ɣa isswejden abrid nnec tmijja n wenni isɣuyyun di rexra swejdem abrid n sidi seggmem imesraq nnes,/Users/mac/masterAI/tarifit_asr_tfm/data/processed/segments/REC122/REC122_SEG0002_PART02.wav
REC122_SEG0003,REC122,SPK009,data/processed/segments/REC122/REC122_SEG0003.wav,6.544,tuɣa yuḥanna isseɣḍaṣ di rexra ittbarreḥ s useɣḍeṣ n ttubet i weɣfar n ddnub,/Users/mac/masterAI/tarifit_asr_tfm/data/processed/segments/REC122/REC122_SEG0003.wav
REC122_SEG0004_PART01,REC122,SPK009,data/processed/segments/REC122/REC122_SEG0004_PART01.wav,10.6,ffɣen dd ɣares marra jjwayeh n yahudiyya d ayt n urcalim ttwassɣeḍṣen zzayes deg iɣzar n l urdun am neɛɛmen s ddnub nsen tuɣa yuḥ,/Users/mac/masterAI/tarifit_asr_tfm/data/processed/segments/REC122/REC122_SEG0004_PART01.wav
REC122_SEG0004_PART02,REC122,SPK009,data/processed/segments/REC122/REC122_SEG0004_PART02.wav,10.6,anna yarḍ taḍuft n ireɣman ibekkes s yijj n webyas n yirem x tejɛinna nnes u tuɣa ittett iburexsen d tamment taḥurrect,/Users/mac/masterAI/tarifit_asr_tfm/data/processed/segments/REC122/REC122_SEG0004_PART02.wav
REC122_SEG0005,REC122,SPK009,data/processed/segments/REC122/REC122_SEG0005.wav,18.544,tuɣa ittbarreḥ iqqar ad dd yas awarni ayi wenni ijehden xafi wenni umi war sdihiǧeɣ ad aḍareɣ maḥend ad fesyeɣ ifiran n sandaliyat nnes necc ssɣeḍṣeɣ kenniw deg waman maca netta ad kenniw isseɣḍeṣ di arruḥ iqeddsen,/Users/mac/masterAI/tarifit_asr_tfm/data/processed/segments/REC122/REC122_SEG0005.wav
REC122_SEG0006_PART01,REC122,SPK009,data/processed/segments/REC122/REC122_SEG0006_PART01.wav,13.64,asɣdes n yasuɛ deg wussan nni yusa dd yasuɛ zi nnaṣira di ljalil ittwasseɣḍeṣ zi yuḥanna deg yeɣzar n l urdun deɣya am dd igeɛɛed zeg waman,/Users/mac/masterAI/tarifit_asr_tfm/data/processed/segments/REC122/REC122_SEG0006_PART01.wav
REC122_SEG0006_PART02,REC122,SPK009,data/processed/segments/REC122/REC122_SEG0006_PART02.wav,13.64,iẓra ijenwan arzmen uca arruḥ am tedbirt tehwa dd xas tusa dd ict n tmijja zeg ijenwan cek d mmi iɛizzen dayek ufiɣ arḍa inu,/Users/mac/masterAI/tarifit_asr_tfm/data/processed/segments/REC122/REC122_SEG0006_PART02.wav
REC122_SEG0007,REC122,SPK009,data/processed/segments/REC122/REC122_SEG0007.wav,2.32,ajareb n yasuɛ di rexra,/Users/mac/masterAI/tarifit_asr_tfm/data/processed/segments/REC122/REC122_SEG0007.wav
REC122_SEG0008,REC122,SPK009,data/processed/segments/REC122/REC122_SEG0008.wav,11.6,deɣya igewwed i t arruḥ ɣar rexra uca iqqim din di rexra arebɛin n wussan ijarreb i t cciṭan tuɣa t ak d rewḥuc uca sexxarent xas lmalakat,/Users/mac/masterAI/tarifit_asr_tfm/data/processed/segments/REC122/REC122_SEG0008.wav
REC122_SEG0009,REC122,SPK009,data/processed/segments/REC122/REC122_SEG0009.wav,2.512,araɣi n imeḥḍaren imezwura,/Users/mac/masterAI/tarifit_asr_tfm/data/processed/segments/REC122/REC122_SEG0009.wav
REC122_SEG0010,REC122,SPK009,data/processed/segments/REC122/REC122_SEG0010.wav,15.44,awarni rami ṭṭfen yuḥanna yudef dd yasuɛ ɣar ljalil ittbarreḥ s rexbar aṣebḥan n tgeldit inna aqa rweqt tiweḍ dd tqarreb dd tgeldit n arebbi tubem amnem di rexbar aṣebḥan,/Users/mac/masterAI/tarifit_asr_tfm/data/processed/segments/REC122/REC122_SEG0010.wav
REC122_SEG0011_PART01,REC122,SPK009,data/processed/segments/REC122/REC122_SEG0011_PART01.wav,11.608,am tuɣa iggur ɣar rebḥar n ljalil iẓra cimɛun d andrawus umas neṭṭaren tracca di rebḥar maɣar nitni d ineymaren n iser,/Users/mac/masterAI/tarifit_asr_tfm/data/processed/segments/REC122/REC122_SEG0011_PART01.wav
REC122_SEG0011_PART02,REC122,SPK009,data/processed/segments/REC122/REC122_SEG0011_PART02.wav,11.608,man inna asen yasuɛ asem dd awarni ayi uca ad kenniw arreɣ d ineymaren n yewdan rexdenni jjin tiracciwin nsen uca ḍfaren t,/Users/mac/masterAI/tarifit_asr_tfm/data/processed/segments/REC122/REC122_SEG0011_PART02.wav
REC122_SEG0012,REC122,SPK009,data/processed/segments/REC122/REC122_SEG0012.wav,18.16,xenni awarni rami iɛdu cwayt ssenni iẓra yaɛqub mmis n zabdi d umas yuḥanna di tɣarrabut ɛedren tiracciwin nsen iraɣa xasen uca rexdenni jjin babatsen zabdi ak d ixemmasen di tɣarrabut uca ḍfaren t,/Users/mac/masterAI/tarifit_asr_tfm/data/processed/segments/REC122/REC122_SEG0012.wav
REC122_SEG0014,REC122,SPK009,data/processed/segments/REC122/REC122_SEG0014.wav,6.832,xeccen ɣar kafarnaḥum uca deɣya ibda issermad di ssebt di temzida,/Users/mac/masterAI/tarifit_asr_tfm/data/processed/segments/REC122/REC122_SEG0014.wav
REC122_SEG0015_PART01,REC122,SPK009,data/processed/segments/REC122/REC122_SEG0015_PART01.wav,14.264,tbehten zeg usermed nnes minzi issermed i ten am wenni ɣar teǧa ṣṣulṭa war iǧi am yimsermaden n idlisen tuɣa di temzida nsen ijj n bnadem dayes ijj n raryaḥ d amen,/Users/mac/masterAI/tarifit_asr_tfm/data/processed/segments/REC122/REC122_SEG0015_PART01.wav
REC122_SEG0015_PART02,REC122,SPK009,data/processed/segments/REC122/REC122_SEG0015_PART02.wav,14.264,gus isɣuyyu iqqar min din jar aneɣ neccin d cek a yasuɛ nnaṣiri ma tusid dd ḥima ad aneɣ tesshellked aqa necc ssneɣ cek min teɛnid aqa cek d amqeddas n arebbi,/Users/mac/masterAI/tarifit_asr_tfm/data/processed/segments/REC122/REC122_SEG0015_PART02.wav
REC122_SEG0016,REC122,SPK009,data/processed/segments/REC122/REC122_SEG0016.wav,12.72,uca iɛrem as yasuɛ inna as sqar ffeɣ zzayes ijebd i t raryaḥ amengus isɣuy s ict n tɣuyyit tejhed,/Users/mac/masterAI/tarifit_asr_tfm/data/processed/segments/REC122/REC122_SEG0016.wav
REC122_SEG0017_PART01,REC122,SPK009,data/processed/segments/REC122/REC122_SEG0017_PART01.wav,10.024,marra mmseqsan ak d wayawya nnan man aya mana taɣuri ya n jdid minzi s ṣṣulṭa yumur,/Users/mac/masterAI/tarifit_asr_tfm/data/processed/segments/REC122/REC122_SEG0017_PART01.wav
REC122_SEG0017_PART02,REC122,SPK009,data/processed/segments/REC122/REC122_SEG0017_PART02.wav,10.024,ura d raryaḥ imengas uca at ttaɛen rexdenni iffeɣ rexbar nnes ɣar marra jjwayeh i d as dd innḍen i ljalil,/Users/mac/masterAI/tarifit_asr_tfm/data/processed/segments/REC122/REC122_SEG0017_PART02.wav
REC122_SEG0018,REC122,SPK009,data/processed/segments/REC122/REC122_SEG0018.wav,11.088,asgenfi n tḍekkwac n buṭrus awarni rami dd ffɣen zi temzida ruḥen ɣar taddart n cimɛun d andrawus ak d yaɛqub d yuḥanna,/Users/mac/masterAI/tarifit_asr_tfm/data/processed/segments/REC122/REC122_SEG0018.wav
REC122_SEG0019_PART01,REC122,SPK009,data/processed/segments/REC122/REC122_SEG0019_PART01.wav,13.16,tuɣa taḍekkwac n cimɛun tezzer s tmessi uca nitni ssiwren xas akides iqarreb dd ɣares icebbar deg ufus nnes issgeɛɛed i tt i dd deɣya,/Users/mac/masterAI/tarifit_asr_tfm/data/processed/segments/REC122/REC122_SEG0019_PART01.wav
REC122_SEG0019_PART02,REC122,SPK009,data/processed/segments/REC122/REC122_SEG0019_PART02.wav,13.16,tejja xas tmessi uca nettat tebda tettsexxar xasen rami dd tiweḍ tmeddit tafuct truḥ ad teɣri iwyen ɣares marra imehrac d imaryaḥ,/Users/mac/masterAI/tarifit_asr_tfm/data/processed/segments/REC122/REC122_SEG0019_PART02.wav
REC122_SEG0020,REC122,SPK009,data/processed/segments/REC122/REC122_SEG0020.wav,11.184,tuɣa tandint marra tmun ɣar tewwart issgenfa aṭṭas n imeḥrac s ɛram kur rehracat uca issuffeɣ aṭṭas n waryaḥ iɛeffanen,/Users/mac/masterAI/tarifit_asr_tfm/data/processed/segments/REC122/REC122_SEG0020.wav
REC122_SEG0021,REC122,SPK009,data/processed/segments/REC122/REC122_SEG0021.wav,4.592,war ijji ccwaṭen ad ssiwren minzi ssnen t,/Users/mac/masterAI/tarifit_asr_tfm/data/processed/segments/REC122/REC122_SEG0021.wav
REC122_SEG0022,REC122,SPK009,data/processed/segments/REC122/REC122_SEG0022.wav,2.544,iẓẓuǧ yasuɛ ɣar ṣṣbeḥ zic,/Users/mac/masterAI/tarifit_asr_tfm/data/processed/segments/REC122/REC122_SEG0022.wav
REC122_SEG0023_PART01,REC122,SPK009,data/processed/segments/REC122/REC122_SEG0023_PART01.wav,14.652,tiwecca zic tuɣa ɛad d ǧiret ikkar uca iffeɣ ɣar ijj n wemcan ixran tuɣa ittẓaǧa din cimɛun d yinni tuɣa akides arzun xas rami t ufin nnan as marra iwdan,/Users/mac/masterAI/tarifit_asr_tfm/data/processed/segments/REC122/REC122_SEG0023_PART01.wav
REC122_SEG0023_PART02,REC122,SPK009,data/processed/segments/REC122/REC122_SEG0023_PART02.wav,14.652,arezzun xak inna asen ittxeṣṣa ad nraḥ ɣar dcurat d tneddam yudsen ḥima ad din barrḥeɣ ɛawed minzi aqa i uya umi dd usiɣ tuɣa issermad di temzidawin nsen,/Users/mac/masterAI/tarifit_asr_tfm/data/processed/segments/REC122/REC122_SEG0023_PART02.wav
REC122_SEG0024,REC122,SPK009,data/processed/segments/REC122/REC122_SEG0024.wav,3.608,di marra ljalil u issuffuɣ ccwaṭen,/Users/mac/masterAI/tarifit_asr_tfm/data/processed/segments/REC122/REC122_SEG0024.wav
REC122_SEG0025,REC122,SPK009,data/processed/segments/REC122/REC122_SEG0025.wav,2.96,asgenfi n ijj n bnadem dayes rbarṣ,/Users/mac/masterAI/tarifit_asr_tfm/data/processed/segments/REC122/REC122_SEG0025.wav
REC122_SEG0026,REC122,SPK009,data/processed/segments/REC122/REC122_SEG0026.wav,10.672,yusa dd ɣares ijjen dayes rbarṣ iwḍa ɣar iḍaren nnes ittar as inna mara texsed tzemmared ad ayi tessizdeged,/Users/mac/masterAI/tarifit_asr_tfm/data/processed/segments/REC122/REC122_SEG0026.wav
REC122_SEG0027,REC122,SPK009,data/processed/segments/REC122/REC122_SEG0027.wav,14.256,izziǧez i yasuɛ isswiẓẓeḍ afus nnes iḥada i t inna as xseɣ iwa dwer d amezdag di tsaɛɛet nni am tyinna rexdenni iruḥ xas rbarṣ uca idwer izdig,/Users/mac/masterAI/tarifit_asr_tfm/data/processed/segments/REC122/REC122_SEG0027.wav
REC122_SEG0028,REC122,SPK009,data/processed/segments/REC122/REC122_SEG0028.wav,17.776,awarni rami d as iɛrem issekk i t rexdenni inna as xzar war t ttɛiwid ura i yijjen maca ruḥ scen ixef nnec i ukehhan uca ewc x usizdeg nnec min yumur musa maḥend ad tcehded i nitni,/Users/mac/masterAI/tarifit_asr_tfm/data/processed/segments/REC122/REC122_SEG0028.wav
REC122_SEG0029,REC122,SPK009,data/processed/segments/REC122/REC122_SEG0029.wav,15.696,maca rami iruḥ ibda ittbarreḥ aṭṭas issuffeɣ rexbar arami war izemmar yasuɛ ad yadef ɣar tandint s bṭayṭay maca tuɣa t barra deg imucan ixran tuɣa ttasen dd ɣares zi kur jjwayeh,/Users/mac/masterAI/tarifit_asr_tfm/data/processed/segments/REC122/REC122_SEG0029.wav
REC123_SEG0001_PART01,REC123,SPK009,data/processed/segments/REC123/REC123_SEG0001_PART01.wav,11.256,asgenfi n ijj n uneɛḍab yudef yasuɛ ɛawed ɣar kafarnaḥum rami srin belli aqa t di taddart munen xas waṭṭas n iwdan,/Users/mac/masterAI/tarifit_asr_tfm/data/processed/segments/REC123/REC123_SEG0001_PART01.wav
REC123_SEG0002,REC123,SPK009,data/processed/segments/REC123/REC123_SEG0002.wav,16.272,arbun t i dd jar asen arebɛa n yeryazen minzi war zemmaren ad ɣares dd qarrben zi ssibbet n rɣaci gaɛɛden x tzeqqa ksin cwayt zi tzeqqa sennej amcan mani tuɣa yasuɛ uca ssehwan dd tassut min xef izzer uneɛḍab,/Users/mac/masterAI/tarifit_asr_tfm/data/processed/segments/REC123/REC123_SEG0002.wav
REC123_SEG0003,REC123,SPK009,data/processed/segments/REC123/REC123_SEG0003.wav,18.384,umi iẓra yasuɛ l iman nsen inna i uneɛḍab a mmi aqa ddnub nnec ttwaɣfaren tuɣa qqimen din ca n imsermaden n idlisen d ifarisiyyen ttxarraṣen deg wur nsen min iɛna wa i ittceqqafen ammu wi izemmaren ad iɣfar ddnub mɣir arebbi weḥḥdes,/Users/mac/masterAI/tarifit_asr_tfm/data/processed/segments/REC123/REC123_SEG0003.wav
REC123_SEG0004,REC123,SPK009,data/processed/segments/REC123/REC123_SEG0004.wav,17.52,rexdenni yuca yasuɛ s arruḥ nnes belli aqa ttxarraṣen ammu deg ixef nsen inna asen mayemmi tettxemmamem di man aya deg wurawen nwem min ihewnen ad iniɣ i uneɛḍab ttwaɣfaren ddnub nnec niɣ ad iniɣ kkar ksi tassut nnec uca uyur,/Users/mac/masterAI/tarifit_asr_tfm/data/processed/segments/REC123/REC123_SEG0004.wav
REC123_SEG0005_PART01,REC123,SPK009,data/processed/segments/REC123/REC123_SEG0005_PART01.wav,11.352,maca ḥima ad tessnem belli mmis n bnadem ɣares ṣṣulṭa x temmurt maḥend ad iɣfar ddnub inna xenni i uneɛḍab necc ad ac iniɣ kkar ksi tassut nnec truḥed ɣar taddart nnec,/Users/mac/masterAI/tarifit_asr_tfm/data/processed/segments/REC123/REC123_SEG0005_PART01.wav
REC123_SEG0005_PART02,REC123,SPK009,data/processed/segments/REC123/REC123_SEG0005_PART02.wav,11.352,deɣya ikkar rexdenni iksi tassut nnes uca iffeɣ qibac i marra iwdan arami tbehten marra ssemɣaren di arebbi nnan ɛemmarṣ war neẓri man aya,/Users/mac/masterAI/tarifit_asr_tfm/data/processed/segments/REC123/REC123_SEG0005_PART02.wav
REC123_SEG0006_PART01,REC123,SPK009,data/processed/segments/REC123/REC123_SEG0006_PART01.wav,12.872,araɣi n matta lawi xenni iffeɣ ɛawed ɣar rebḥar uca yusa dd ɣares rɣaci marra uca issermed i ten am yeɛdu ibarq lawi mmis n ḥalfa iqqim ɣar taddart n ḍḍariba,/Users/mac/masterAI/tarifit_asr_tfm/data/processed/segments/REC123/REC123_SEG0006_PART01.wav
REC123_SEG0006_PART02,REC123,SPK009,data/processed/segments/REC123/REC123_SEG0006_PART02.wav,12.872,uca inna as ḍfar ayi dd ikkar uca iḍfar i t am iqqim netta ɣar umensi di taddart nnes tuɣa aṭṭas n ayt n ḍḍariba d imednab qqimen ak d yasuɛ d imeḥḍaren nnes,/Users/mac/masterAI/tarifit_asr_tfm/data/processed/segments/REC123/REC123_SEG0006_PART02.wav
REC123_SEG0007_PART01,REC123,SPK009,data/processed/segments/REC123/REC123_SEG0007_PART01.wav,14.168,minzi tuɣa aten deg waṭṭas uca ḍfaren t umi ẓrin imsermaden n idlisen d ifarisiyyen aqa ittett ak d ayt n ḍḍariba d imednab nnan i imeḥḍaren nnes mayemmi ittett isess ak d ayt n,/Users/mac/masterAI/tarifit_asr_tfm/data/processed/segments/REC123/REC123_SEG0007_PART01.wav
REC123_SEG0007_PART02,REC123,SPK009,data/processed/segments/REC123/REC123_SEG0007_PART02.wav,14.168,ḍḍariba d imednab rami isra yasuɛ man aya inna asen inni iṣeḥḥen war ḥdijen ca aḍbib maca imehrac wah aqa war dd usiɣ ḥima ad raɣiɣ i yinni iseggden maca i imednab,/Users/mac/masterAI/tarifit_asr_tfm/data/processed/segments/REC123/REC123_SEG0007_PART02.wav
REC123_SEG0008,REC123,SPK009,data/processed/segments/REC123/REC123_SEG0008.wav,12.624,aseqsi x uẓummi tuɣa imeḥḍaren n yuḥanna amseɣḍaṣ d ifarisiyyen ttẓumman uca xenni usin dd ɣares nnan as mayemmi ttẓumman imeḥḍaren n yuḥanna d ifarisiyyen,/Users/mac/masterAI/tarifit_asr_tfm/data/processed/segments/REC123/REC123_SEG0008.wav
REC123_SEG0009_PART01,REC123,SPK009,data/processed/segments/REC123/REC123_SEG0009_PART01.wav,13.576,maca imeḥḍaren nnec war ttẓummin ca inna asen yasuɛ ma zemmaren tarwa n umuray ad ẓummen d umuray ɛad akidsen lla,/Users/mac/masterAI/tarifit_asr_tfm/data/processed/segments/REC123/REC123_SEG0009_PART01.wav
REC123_SEG0009_PART02,REC123,SPK009,data/processed/segments/REC123/REC123_SEG0009_PART02.wav,13.576,maca ad dd asen wussan xmi d ɣa immeksi umuray xasen uca xenni ad ẓummen deg wussan nni war iǧi ḥed ittxeyyeḍ taneqqic zi tcuqqet n jdid x warruḍ aqdim,/Users/mac/masterAI/tarifit_asr_tfm/data/processed/segments/REC123/REC123_SEG0009_PART02.wav
REC123_SEG0010_PART01,REC123,SPK009,data/processed/segments/REC123/REC123_SEG0010_PART01.wav,11.656,niɣ xenni taneqqic nni n jdid ad teqreɛ zeg warruḍ aburay uca ad idwer ucarreg imɣar ura d ijj war ittfarreɣ binu n jdid di txuncay tiqdimin,/Users/mac/masterAI/tarifit_asr_tfm/data/processed/segments/REC123/REC123_SEG0010_PART01.wav
REC123_SEG0010_PART02,REC123,SPK009,data/processed/segments/REC123/REC123_SEG0010_PART02.wav,11.656,ḥima binu n jdid war ittcarrig tixuncay u tixuncay ad ḍeyyɛent uca binu ad izeǧeɛ maca ittxeṣṣa ad ittwaffareɣ binu n jdid di txuncay n jdid,/Users/mac/masterAI/tarifit_asr_tfm/data/processed/segments/REC123/REC123_SEG0010_PART02.wav
REC123_SEG0011,REC123,SPK009,data/processed/segments/REC123/REC123_SEG0011.wav,2.352,lmasiḥ d bab n ssebt,/Users/mac/masterAI/tarifit_asr_tfm/data/processed/segments/REC123/REC123_SEG0011.wav
REC123_SEG0012_PART01,REC123,SPK009,data/processed/segments/REC123/REC123_SEG0012_PART01.wav,14.908,xenni imsar aqa icuq yasuɛ deg iyyaren n imendi di ssebt uca imeḥḍaren nnes bdan reqqḍen tidrin am gguren nnan as ifarisiyyen xzar mayemmi tteggen di ssebt min war iḥeǧren inna asen,/Users/mac/masterAI/tarifit_asr_tfm/data/processed/segments/REC123/REC123_SEG0012_PART01.wav
REC123_SEG0012_PART02,REC123,SPK009,data/processed/segments/REC123/REC123_SEG0012_PART02.wav,14.908,yasuɛ ma war teɣrim qaɛ min igga dawud rami tuɣa ittwaḥṣar iṭṭef i t raẓ netta d yinni akides mammec dd yudef ɣar taddart n arebbi deg wussan n abyatar arrays n ikehhanen uca icca aɣrum,/Users/mac/masterAI/tarifit_asr_tfm/data/processed/segments/REC123/REC123_SEG0012_PART02.wav
REC123_SEG0013,REC123,SPK009,data/processed/segments/REC123/REC123_SEG0013.wav,17.344,n wescan n sidi i war iḥeǧren ad t ccen mɣir ikehhanen waha uca iwca ɛawed i yinni tuɣa akides xenni inna asen aqa ass n ssebt ittwagg i bnadem war iǧi bnadem i ssebt ammu i iǧa mmis n bnadem ura d bab n ssebt,/Users/mac/masterAI/tarifit_asr_tfm/data/processed/segments/REC123/REC123_SEG0013.wav
REC124_SEG0001,REC124,SPK009,data/processed/segments/REC124/REC124_SEG0001.wav,2.16,asgenfi deg wass n ssebt,/Users/mac/masterAI/tarifit_asr_tfm/data/processed/segments/REC124/REC124_SEG0001.wav
REC124_SEG0002,REC124,SPK009,data/processed/segments/REC124/REC124_SEG0002.wav,11.888,uca yudef dd yasuɛ ɛawed ɣar temzida tuɣa din ijj n weryaz afus nnes iqucceḥ bdan ḥeṭṭan t ma ad taɣ ad t issgenfa di ssebt ḥima zemmaren ad zzayes cetcan,/Users/mac/masterAI/tarifit_asr_tfm/data/processed/segments/REC124/REC124_SEG0002.wav
REC124_SEG0003_PART01,REC124,SPK009,data/processed/segments/REC124/REC124_SEG0003_PART01.wav,12.392,inna as i weryaz wenni ɣar iǧa afus iqucceḥ bedd di rwesṭ xenni inna asen ma iḥeǧer di ssebt ad itwag min icnan niɣ min idǧan daɛfan,/Users/mac/masterAI/tarifit_asr_tfm/data/processed/segments/REC124/REC124_SEG0003_PART01.wav
REC124_SEG0003_PART02,REC124,SPK009,data/processed/segments/REC124/REC124_SEG0003_PART02.wav,12.392,issenjem ijj n reɛmar niɣ ad t yareddeǧ maca nitni sqaren ixzar ɣar yinni d as dd innḍen s tefqeḥt zi ssibbet n reqsaḥet n wurawen nsen uca inna i weryaz,/Users/mac/masterAI/tarifit_asr_tfm/data/processed/segments/REC124/REC124_SEG0003_PART02.wav
REC124_SEG0004,REC124,SPK009,data/processed/segments/REC124/REC124_SEG0004.wav,15.888,swiẓẓeḍ afus nnec isswiẓẓeḍ i t i dd idwer ufus nnes iṣeḥḥ ɛawed rexdenni ffɣen ifarisiyyen ak d ca zi taddart n hirudus uca mcawaren xas mammec ɣa ggen ad t areddǧen,/Users/mac/masterAI/tarifit_asr_tfm/data/processed/segments/REC124/REC124_SEG0004.wav
REC124_SEG0005,REC124,SPK009,data/processed/segments/REC124/REC124_SEG0005.wav,4.08,yasuɛ isscen ṣṣulṭa nnes x raryaḥ imengas,/Users/mac/masterAI/tarifit_asr_tfm/data/processed/segments/REC124/REC124_SEG0005.wav
REC124_SEG0006,REC124,SPK009,data/processed/segments/REC124/REC124_SEG0006.wav,17.424,iffeɣ yasuɛ ak d imeḥḍaren nnes ɣar rebḥar uca yarni iḍeffar i t dd rɣaci aṭṭas zi ljalil zi yahudiyya zi urcalim zi idumiya zeg ujemmaḍ n l urdun zi ṣur u zi ṣaydun aqa ijj n rɣaci d ameqqran,/Users/mac/masterAI/tarifit_asr_tfm/data/processed/segments/REC124/REC124_SEG0006.wav
REC124_SEG0008_PART01,REC124,SPK009,data/processed/segments/REC124/REC124_SEG0008_PART01.wav,12.856,inna i imeḥḍaren nnes maḥend ad awyen ict n tɣarrabut ɣares s ssibbet n rɣaci ḥima war t ddeḥḥsen minzi tuɣa issgenfa din aṭṭas arami xas,/Users/mac/masterAI/tarifit_asr_tfm/data/processed/segments/REC124/REC124_SEG0008_PART01.wav
REC124_SEG0008_PART02,REC124,SPK009,data/processed/segments/REC124/REC124_SEG0008_PART02.wav,12.856,wḍan ḥima ad t awḍen ad t ḥadan uca raryaḥ imengas wḍan zzates ɣar iḍaren nnes rami t ẓrin sɣuyen qqan aqa cek d mmis n arebbi,/Users/mac/masterAI/tarifit_asr_tfm/data/processed/segments/REC124/REC124_SEG0008_PART02.wav
REC124_SEG0009,REC124,SPK009,data/processed/segments/REC124/REC124_SEG0009.wav,4.432,maca iweṣṣa ten aṭṭas ḥima war xas ssuffuɣen rexbar,/Users/mac/masterAI/tarifit_asr_tfm/data/processed/segments/REC124/REC124_SEG0009.wav
REC124_SEG0010,REC124,SPK009,data/processed/segments/REC124/REC124_SEG0010.wav,2.96,yasuɛ ixḍar tenɛac n rrusul nnes,/Users/mac/masterAI/tarifit_asr_tfm/data/processed/segments/REC124/REC124_SEG0010.wav
REC124_SEG0011_PART01,REC124,SPK009,data/processed/segments/REC124/REC124_SEG0011_PART01.wav,14.568,xas uca yuri ɣar wedrar iraɣa dd ɣares inni ixs uca usin dd ɣares igga tenɛac ḥima ad kides irin u ḥima ad ten issekk maḥend ad barrḥen s rexbar asebḥan uca,/Users/mac/masterAI/tarifit_asr_tfm/data/processed/segments/REC124/REC124_SEG0011_PART01.wav
REC124_SEG0011_PART02,REC124,SPK009,data/processed/segments/REC124/REC124_SEG0011_PART02.wav,14.568,maḥend ad ɣarsen tiri ṣṣulṭa x usgenfi n rehrac u x usuffeɣ n raryaḥ iɛeffanen cimɛun igga as buṭrus isem wanita ixs ad yini aẓru d yaɛqub mmis n zabdi d yuḥanna umas n yaɛqub,/Users/mac/masterAI/tarifit_asr_tfm/data/processed/segments/REC124/REC124_SEG0011_PART02.wav
REC124_SEG0012_PART01,REC124,SPK009,data/processed/segments/REC124/REC124_SEG0012_PART01.wav,12.264,isemma aten buwanirjis min ixs ad yini ayt n wajjaj uca ifarz ɛawed andrawus d filippus d bar tulumawus,/Users/mac/masterAI/tarifit_asr_tfm/data/processed/segments/REC124/REC124_SEG0012_PART01.wav
REC124_SEG0012_PART02,REC124,SPK009,data/processed/segments/REC124/REC124_SEG0012_PART02.wav,12.264,d matta d tuma d yaɛqub mmis n ḥalfa d taddawus d cimɛun wenni umi ttkennan amɛessab d yahuda isxariyuṭi wenni t i ɣa iɣdaren,/Users/mac/masterAI/tarifit_asr_tfm/data/processed/segments/REC124/REC124_SEG0012_PART02.wav
REC124_SEG0013,REC124,SPK009,data/processed/segments/REC124/REC124_SEG0013.wav,2.288,yasuɛ d beɛalzabub,/Users/mac/masterAI/tarifit_asr_tfm/data/processed/segments/REC124/REC124_SEG0013.wav
REC124_SEG0014_PART01,REC124,SPK009,data/processed/segments/REC124/REC124_SEG0014_PART01.wav,14.552,usin dd ɣar taddart uca inneyru din ɛawed rɣaci arami war ufin tawwart x macca n weɣrum umi srin raǧ nnes man aya ffɣen dd ḥima ad t ṭṭfen minzi nnan aqa,/Users/mac/masterAI/tarifit_asr_tfm/data/processed/segments/REC124/REC124_SEG0014_PART01.wav
REC124_SEG0014_PART02,REC124,SPK009,data/processed/segments/REC124/REC124_SEG0014_PART02.wav,14.552,ibbuhri maca imsermaden n idlisen inni dd ihwan zi urcalim nnan aqa dayes beɛalzabub uca nnan ɛawed s umeqqran n raryaḥ iɛeffanen issuffuɣ raryaḥ iɛeffanen,/Users/mac/masterAI/tarifit_asr_tfm/data/processed/segments/REC124/REC124_SEG0014_PART02.wav
REC124_SEG0015_PART01,REC124,SPK009,data/processed/segments/REC124/REC124_SEG0015_PART01.wav,13.448,iraɣa asen dd uca issiwer akidsen s imedya mammec izemmar cciṭan ad issuffeɣ cciṭan maɣar mara temsebḍa ict n tgeldit x yixef nnes war tzemmar tgeldit nni ad tbedd,/Users/mac/masterAI/tarifit_asr_tfm/data/processed/segments/REC124/REC124_SEG0015_PART01.wav
REC124_SEG0015_PART02,REC124,SPK009,data/processed/segments/REC124/REC124_SEG0015_PART02.wav,13.448,mara temsebḍa ijj n taddart x yixef nnes war tzemmar taddart nni ad tbedd mara ikkar cciṭan ḍidd i yixef nnes xenni war ittiri d ijjen uca war izemmar ad ibedd,/Users/mac/masterAI/tarifit_asr_tfm/data/processed/segments/REC124/REC124_SEG0015_PART02.wav
REC124_SEG0016,REC124,SPK009,data/processed/segments/REC124/REC124_SEG0016.wav,3.408,maca ad yiri man aya d aneggar nnes,/Users/mac/masterAI/tarifit_asr_tfm/data/processed/segments/REC124/REC124_SEG0016.wav
REC124_SEG0017,REC124,SPK009,data/processed/segments/REC124/REC124_SEG0017.wav,10.992,war izemmar ḥed ad yadef ɣar taddart n wenni ijehden maḥend ad ikecceḍ reqcuɛ nnes mara war icarf wenni ijehden amezwar,/Users/mac/masterAI/tarifit_asr_tfm/data/processed/segments/REC124/REC124_SEG0017.wav
REC124_SEG0018_PART01,REC124,SPK009,data/processed/segments/REC124/REC124_SEG0018_PART01.wav,13.864,xenni izemmar ad ikecceḍ taddart nnes s tidett necc ad awem iniɣ belli ad asen ttwaɣfaren i tarwa n bnadem marra ddnub nsen ura d aceqqef i zi ɣa ceqqfen maca wenni i ɣa,/Users/mac/masterAI/tarifit_asr_tfm/data/processed/segments/REC124/REC124_SEG0018_PART01.wav
REC124_SEG0018_PART02,REC124,SPK009,data/processed/segments/REC124/REC124_SEG0018_PART02.wav,13.864,iceqqfen di arruḥ iqeddsen war ɣares bu weɣfar qaɛ maca aqa ittwaḥkem xas s rḥukm ittduman minzi nitni nnan aqa dayes raryaḥ amengus,/Users/mac/masterAI/tarifit_asr_tfm/data/processed/segments/REC124/REC124_SEG0018_PART02.wav
REC124_SEG0019_PART01,REC124,SPK009,data/processed/segments/REC124/REC124_SEG0019_PART01.wav,10.408,yemmas d aytmas n yasuɛ rexdenni tusa d aytmas dd yemmas bedden barra i taddart uca ssekken dd ɣares raɣan as dd,/Users/mac/masterAI/tarifit_asr_tfm/data/processed/segments/REC124/REC124_SEG0019_PART01.wav
REC124_SEG0019_PART02,REC124,SPK009,data/processed/segments/REC124/REC124_SEG0019_PART02.wav,10.408,maca rɣaci qqimen nnḍen as dd nnan as xzar yemmac d aytmac aqa aten di barra arezzun xak yarra dd xasen inna,/Users/mac/masterAI/tarifit_asr_tfm/data/processed/segments/REC124/REC124_SEG0019_PART02.wav
REC124_SEG0020,REC124,SPK009,data/processed/segments/REC124/REC124_SEG0020.wav,18.064,man ten i iǧan d yemma u man yen i iǧan d aytma uca umi ixzar ɣar yinni ɣares iqqimen inna xzar aqa yemma d aytma minzi wenni itteggen min ixs arebbi d netta d uma d ucma d yemma,/Users/mac/masterAI/tarifit_asr_tfm/data/processed/segments/REC124/REC124_SEG0020.wav
REC125_SEG0001,REC125,SPK009,data/processed/segments/REC125/REC125_SEG0001.wav,1.872,amedya n umzzariɛ,/Users/mac/masterAI/tarifit_asr_tfm/data/processed/segments/REC125/REC125_SEG0001.wav
REC125_SEG0002,REC125,SPK009,data/processed/segments/REC125/REC125_SEG0002.wav,12.656,ibda issermad ɛawed ɣar rebḥar u imun dd xas rɣaci aṭṭas arami yenya di tɣarrabut uca iqqim dayes x rebḥar am rɣaci marra tuɣa t x tma n rebḥar x rbarr,/Users/mac/masterAI/tarifit_asr_tfm/data/processed/segments/REC125/REC125_SEG0002.wav
REC125_SEG0003,REC125,SPK009,data/processed/segments/REC125/REC125_SEG0003.wav,16.144,tuɣa issermad i ten s imedya aṭṭas inna di tɣuri nnes srem xzar ijj n ufeǧaḥ iffeɣ ḥima ad izarɛ am tuɣa izarreɛ tewḍa ca n zzariɛet x tma n webrid,/Users/mac/masterAI/tarifit_asr_tfm/data/processed/segments/REC125/REC125_SEG0003.wav
REC125_SEG0004_PART01,REC125,SPK009,data/processed/segments/REC125/REC125_SEG0004_PART01.wav,10.2,ixecc dd ijj n ujḍiḍ ineqb i tt tewḍa ca n zzariɛet nneɣni x weẓru mani war dayes tuɣi bu ucar aṭṭas deɣya teɣmi,/Users/mac/masterAI/tarifit_asr_tfm/data/processed/segments/REC125/REC125_SEG0004_PART01.wav
REC125_SEG0004_PART02,REC125,SPK009,data/processed/segments/REC125/REC125_SEG0004_PART02.wav,10.2,s minzi tammurt war tuǧiɣ maca umi dd tenqar tfuct tecmeḍ minzi war ɣares tuɣi bu weẓwar xenni tisraw,/Users/mac/masterAI/tarifit_asr_tfm/data/processed/segments/REC125/REC125_SEG0004_PART02.wav
REC125_SEG0005_PART01,REC125,SPK009,data/processed/segments/REC125/REC125_SEG0005_PART01.wav,13.96,tewḍa ca n zzariɛet nneɣni jar isennanen uca mɣaren xas isennanen uca jeyyḥen tt war tewci ca rɣiǧet tewḍa ca n zzariɛet nneɣni x temmurt teṣbeḥ uca teɣmi tegma tewca rɣiǧet,/Users/mac/masterAI/tarifit_asr_tfm/data/processed/segments/REC125/REC125_SEG0005_PART01.wav
REC125_SEG0005_PART02,REC125,SPK009,data/processed/segments/REC125/REC125_SEG0005_PART02.wav,13.96,ca n zzariɛet tusa dd s tratin ca s settin u ca s mya n tseqqar xenni inna wenni ɣar iǧa imezzuɣen i useǧi ejj i t ad iser,/Users/mac/masterAI/tarifit_asr_tfm/data/processed/segments/REC125/REC125_SEG0005_PART02.wav
REC125_SEG0006,REC125,SPK009,data/processed/segments/REC125/REC125_SEG0006.wav,9.904,maymi issiwer yasuɛ s imedya umi tuɣa aten weḥḥedsen sseqsan t inni d as dd innḍen jmiɛ ak d tenɛac x umedya nni,/Users/mac/masterAI/tarifit_asr_tfm/data/processed/segments/REC125/REC125_SEG0006.wav
REC125_SEG0007_PART01,REC125,SPK009,data/processed/segments/REC125/REC125_SEG0007_PART01.wav,11.848,inna asen aqa immewc awem maḥend ad tessnem ssirr n tgeldit n arebbi maca inni di barra ad asen yiri kurci s imedya ḥima am ttwaran,/Users/mac/masterAI/tarifit_asr_tfm/data/processed/segments/REC125/REC125_SEG0007_PART01.wav
REC125_SEG0007_PART02,REC125,SPK009,data/processed/segments/REC125/REC125_SEG0007_PART02.wav,11.848,ad ttwaran uca war ttwirin am ttesran ttesran uca war fehhmen ḥima war ttetuben uca ad asen ittwaɣfar ddnub nsen,/Users/mac/masterAI/tarifit_asr_tfm/data/processed/segments/REC125/REC125_SEG0007_PART02.wav
REC125_SEG0008,REC125,SPK009,data/processed/segments/REC125/REC125_SEG0008.wav,6.96,afsar n umedya n zzariɛet inna asen ma war tefhimem ca i umedya ya,/Users/mac/masterAI/tarifit_asr_tfm/data/processed/segments/REC125/REC125_SEG0008.wav
REC125_SEG0009,REC125,SPK009,data/processed/segments/REC125/REC125_SEG0009.wav,3.44,mammec i ɣa tessnem marra imettiren a,/Users/mac/masterAI/tarifit_asr_tfm/data/processed/segments/REC125/REC125_SEG0009.wav
REC125_SEG0010_PART01,REC125,SPK009,data/processed/segments/REC125/REC125_SEG0010_PART01.wav,13.096,afeǧaḥ nni izarɛen izarreɛ awar ina aqa d inni x webrid aqa yina d yinni daysen ittwazarɛ wawar maca awarni rami d as srin rexdenni yusa dd cciṭan,/Users/mac/masterAI/tarifit_asr_tfm/data/processed/segments/REC125/REC125_SEG0010_PART01.wav
REC125_SEG0010_PART02,REC125,SPK009,data/processed/segments/REC125/REC125_SEG0010_PART02.wav,13.096,uca ikkes awar i ittwazarɛen deg wurawen nsen uca yina d inni ittwazarɛen x temmurt uḥejri aqa yina d inni xmi ɣa sren awar,/Users/mac/masterAI/tarifit_asr_tfm/data/processed/segments/REC125/REC125_SEG0010_PART02.wav
REC125_SEG0011,REC125,SPK009,data/processed/segments/REC125/REC125_SEG0011.wav,10.576,ad t qebren deɣya s refraḥet maca war ɣarsen bu jjadira deg ixef nsen maca ad qqimen ɣar ijj n rmijar,/Users/mac/masterAI/tarifit_asr_tfm/data/processed/segments/REC125/REC125_SEG0011.wav
REC125_SEG0012_PART01,REC125,SPK009,data/processed/segments/REC125/REC125_SEG0012_PART01.wav,14.024,mara temsar rmeḥnet niɣ umarret di ssibbet n wawar ad nqarḍen deɣya uca yina d inni ittwazarɛen jar isennanen aqa yina d inni xmi ɣa sre,/Users/mac/masterAI/tarifit_asr_tfm/data/processed/segments/REC125/REC125_SEG0012_PART01.wav
REC125_SEG0012_PART02,REC125,SPK009,data/processed/segments/REC125/REC125_SEG0012_PART02.wav,14.024,n awar ad ɣarsen dd adfent tḥissaf n ddunect a d uɣekkʷi n wagra d marra nnecwat inneɣni ad jeyyfent awar xenni,/Users/mac/masterAI/tarifit_asr_tfm/data/processed/segments/REC125/REC125_SEG0012_PART02.wav
REC125_SEG0013_PART01,REC125,SPK009,data/processed/segments/REC125/REC125_SEG0013_PART01.wav,10.04,idakkʷar wawar bra rɣiǧet uca yina d inni ittwazarɛen x temmurt iṣebḥen aqa yina d inni xmi,/Users/mac/masterAI/tarifit_asr_tfm/data/processed/segments/REC125/REC125_SEG0013_PART01.wav
REC125_SEG0013_PART02,REC125,SPK009,data/processed/segments/REC125/REC125_SEG0013_PART02.wav,10.04,ɣa sren awar ad t qebren ad wcen rɣiǧet ca zzaysen tratin inneɣni settin u inneɣni mya n tseqqar,/Users/mac/masterAI/tarifit_asr_tfm/data/processed/segments/REC125/REC125_SEG0013_PART02.wav
REC125_SEG0014,REC125,SPK009,data/processed/segments/REC125/REC125_SEG0014.wav,3.184,amedya n rqendir inna asen,/Users/mac/masterAI/tarifit_asr_tfm/data/processed/segments/REC125/REC125_SEG0014.wav
REC125_SEG0015,REC125,SPK009,data/processed/segments/REC125/REC125_SEG0015.wav,5.584,ma ad dd asen s rqendir ḥima ad immars sadu rkkʷarbed niɣ sadu qama,/Users/mac/masterAI/tarifit_asr_tfm/data/processed/segments/REC125/REC125_SEG0015.wav
REC125_SEG0016_PART01,REC125,SPK009,data/processed/segments/REC125/REC125_SEG0016_PART01.wav,12.616,ma war ittmarsi ca x rmerfeɛ minzi war din min inuffaren war dd ittwassargeb uca war din ura d ict n rḥajjet di tnuffra war tetwasseḍhari mara din ḥed i ɣar,/Users/mac/masterAI/tarifit_asr_tfm/data/processed/segments/REC125/REC125_SEG0016_PART01.wav
REC125_SEG0016_PART02,REC125,SPK009,data/processed/segments/REC125/REC125_SEG0016_PART02.wav,12.616,iǧa imezzuɣen i useǧi ejj i t ad iser inna asen ḥḍam min ɣa tesrem s reqyas nni zzayes i ɣa teɛbarem zzayes i d awem ɣa ɛbaren ɛawed,/Users/mac/masterAI/tarifit_asr_tfm/data/processed/segments/REC125/REC125_SEG0016_PART02.wav
REC125_SEG0017,REC125,SPK009,data/processed/segments/REC125/REC125_SEG0017.wav,14.736,uca i kenniw inni ittesran ad asen immarni ɛad minzi wenni ɣar iǧa ad as immarni u wenni war ɣar iǧi ura d min ɣares ad as ittwakkes,/Users/mac/masterAI/tarifit_asr_tfm/data/processed/segments/REC125/REC125_SEG0017.wav
REC125_SEG0018,REC125,SPK009,data/processed/segments/REC125/REC125_SEG0018.wav,3.664,amedya n zzariɛet d tgeldit n arebbi,/Users/mac/masterAI/tarifit_asr_tfm/data/processed/segments/REC125/REC125_SEG0018.wav
REC125_SEG0019_PART01,REC125,SPK009,data/processed/segments/REC125/REC125_SEG0019_PART01.wav,12.868,inna s uyenni ad tiri tageldit n arebbi am yijj n weryaz ineṭṭar zzariɛet di temmurt xenni ad iṭṭeṣ ad dd ikkar ǧiret d wass,/Users/mac/masterAI/tarifit_asr_tfm/data/processed/segments/REC125/REC125_SEG0019_PART01.wav
REC125_SEG0019_PART02,REC125,SPK009,data/processed/segments/REC125/REC125_SEG0019_PART02.wav,12.868,uca zzariɛet ad tgeɛɛed ad tegma maca netta war issin mammec minzi tammurt tettawi dd rɣiǧet s yixef nnes amezwar aɣemmuy,/Users/mac/masterAI/tarifit_asr_tfm/data/processed/segments/REC125/REC125_SEG0019_PART02.wav
REC125_SEG0020,REC125,SPK009,data/processed/segments/REC125/REC125_SEG0020.wav,10.152,xenni tidart awarni as irden ikemmren di tidart rami dd tiweḍ rɣiǧet rexdenni issekk amjar minzi tameyra tiweḍ dd,/Users/mac/masterAI/tarifit_asr_tfm/data/processed/segments/REC125/REC125_SEG0020.wav
REC125_SEG0021,REC125,SPK009,data/processed/segments/REC125/REC125_SEG0021.wav,3.216,amedya n tḥebbuct n zzariɛet n uxerdel,/Users/mac/masterAI/tarifit_asr_tfm/data/processed/segments/REC125/REC125_SEG0021.wav
REC125_SEG0022,REC125,SPK009,data/processed/segments/REC125/REC125_SEG0022.wav,8.176,inna min di i ɣa narwes tageldit n arebbi niɣ s man amedya i zi tt i ɣa narcem,/Users/mac/masterAI/tarifit_asr_tfm/data/processed/segments/REC125/REC125_SEG0022.wav
REC125_SEG0023,REC125,SPK009,data/processed/segments/REC125/REC125_SEG0023.wav,12.432,aqa tt am tḥebbuct n zzariɛet n uxerdel tenni rami tettwazarɛ di temmurt aqa nettat d tameẓyant x marra tiḥebba n zzariɛet i iǧan di temmurt,/Users/mac/masterAI/tarifit_asr_tfm/data/processed/segments/REC125/REC125_SEG0023.wav
REC125_SEG0024,REC125,SPK009,data/processed/segments/REC125/REC125_SEG0024.wav,7.056,rami tettwazarɛ teɣmi dd temɣar x marra rxudat n tebḥart,/Users/mac/masterAI/tarifit_asr_tfm/data/processed/segments/REC125/REC125_SEG0024.wav
REC125_SEG0025,REC125,SPK009,data/processed/segments/REC125/REC125_SEG0025.wav,7.344,ad tegg refruɛ imɣaren arami ijḍaḍ n ujenna zemmaren ad ggen reɛwacc di tiri nnes,/Users/mac/masterAI/tarifit_asr_tfm/data/processed/segments/REC125/REC125_SEG0025.wav
REC125_SEG0026,REC125,SPK009,data/processed/segments/REC125/REC125_SEG0026.wav,17.584,tuɣa yasuɛ issawar awar akidsen s imedya aṭṭas am yina s imedya ittriqen maḥend ad ten sren iwdan bra imedya war kisen issiwer ca maca tuɣa issefham kurci i imeḥḍaren nnes weḥḥedsen,/Users/mac/masterAI/tarifit_asr_tfm/data/processed/segments/REC125/REC125_SEG0026.wav
REC125_SEG0027,REC125,SPK009,data/processed/segments/REC125/REC125_SEG0027.wav,17.104,yasuɛ d tḥaryaḍt deg wass nni rami d tewḍa tmeddit inna asen ejj aneɣ ad neẓwa ɣar ujemmaḍin semḥen di rɣaci iwyen t umi t tuɣa ɛad di tɣarrabut uca tuɣa din akidsen ɛawed tiɣarruba nneɣni,/Users/mac/masterAI/tarifit_asr_tfm/data/processed/segments/REC125/REC125_SEG0027.wav
REC125_SEG0028,REC125,SPK009,data/processed/segments/REC125/REC125_SEG0028.wav,17.136,tekkar dd ict n tḥaryaḍt temɣar remwaj ccaten di tɣarrabut arami tebda tettcura maca yasuɛ tuɣa iṭṭeṣ x ict n tsunta ɣar ḍeffar n tɣarrabut nitni ssfaqen t nnan as a amsermad ma war d ac necqi ca neccin mara nettwahellek,/Users/mac/masterAI/tarifit_asr_tfm/data/processed/segments/REC125/REC125_SEG0028.wav
REC125_SEG0029_PART01,REC125,SPK009,data/processed/segments/REC125/REC125_SEG0029_PART01.wav,11.48,xenni ikkar iwebbex asemmiḍ inna i rebḥar ars sqar yarsa usemmiḍ uca idwer kurci yarsa xenni inna asen mayemmi teggʷedem ammu,/Users/mac/masterAI/tarifit_asr_tfm/data/processed/segments/REC125/REC125_SEG0029_PART01.wav
REC125_SEG0029_PART02,REC125,SPK009,data/processed/segments/REC125/REC125_SEG0029_PART02.wav,11.48,min kenniw yuɣin war daywem bu l iman tudef i ten tiggʷudi temɣar nnan i wayawya min iɛna wa aqa ura d asemmiḍ d rebḥar tggen as array,/Users/mac/masterAI/tarifit_asr_tfm/data/processed/segments/REC125/REC125_SEG0029_PART02.wav
REC126_SEG0001,REC126,SPK009,data/processed/segments/REC126/REC126_SEG0001.wav,2.256,asgenfi n ijj n umeryaḥ,/Users/mac/masterAI/tarifit_asr_tfm/data/processed/segments/REC126/REC126_SEG0001.wav
REC126_SEG0002,REC126,SPK009,data/processed/segments/REC126/REC126_SEG0002.wav,13.328,iwden ɣar ujemmaḍin n rebḥar di temmurt n gadarinis umi dd iffeɣ zi tɣarrabut irqa i t ijj n bnadem zeg imeḍran dayes ijj n raryaḥ d amengus,/Users/mac/masterAI/tarifit_asr_tfm/data/processed/segments/REC126/REC126_SEG0002.wav
REC126_SEG0003,REC126,SPK009,data/processed/segments/REC126/REC126_SEG0003.wav,17.872,tuɣa izeddeɣ deg imeḍran uca war izemmar ḥed ad t icarf ura s ssnaser minzi waxxa tuɣa carfen t aṭṭas n twarawin s iceddiyyen d ssnaser aqa netta iqḍu ssnaser nni yarẓa iceddiyyen u war izemmar ḥed ad t iqemmeɛ,/Users/mac/masterAI/tarifit_asr_tfm/data/processed/segments/REC126/REC126_SEG0003.wav
REC126_SEG0004,REC126,SPK009,data/processed/segments/REC126/REC126_SEG0004.wav,8.24,tuɣa t rebda ass d ǧiret deg idurar u deg imeḍran isɣuyyu iyezzem ixef nnes s iẓra,/Users/mac/masterAI/tarifit_asr_tfm/data/processed/segments/REC126/REC126_SEG0004.wav
REC126_SEG0005_PART01,REC126,SPK009,data/processed/segments/REC126/REC126_SEG0005_PART01.wav,13.624,umi iẓra netta yasuɛ zi raggʷaj yuzzer uca isjed as isɣuy s jjehd uca inna as min din jar ayi akidek a yasuɛ mmis n arebbi amɛuǧi x kurci,/Users/mac/masterAI/tarifit_asr_tfm/data/processed/segments/REC126/REC126_SEG0005_PART01.wav
REC126_SEG0005_PART02,REC126,SPK009,data/processed/segments/REC126/REC126_SEG0005_PART02.wav,13.624,ttzawgeɣ cek s arebbi war d ayi ttmarrat minzi aqa inna as ffeɣ zi bnadem a a raryaḥ amengus isseqsa t mammec d ac qqaren,/Users/mac/masterAI/tarifit_asr_tfm/data/processed/segments/REC126/REC126_SEG0005_PART02.wav
REC126_SEG0006_PART01,REC126,SPK009,data/processed/segments/REC126/REC126_SEG0006_PART01.wav,13.448,yarra dd inna isem inu lixyun man aya ixs ad yini abarru minzi neccin deg waṭṭas izawg i t aṭṭas ḥima war t issiggʷej barra i uduwwar nni,/Users/mac/masterAI/tarifit_asr_tfm/data/processed/segments/REC126/REC126_SEG0006_PART01.wav
REC126_SEG0006_PART02,REC126,SPK009,data/processed/segments/REC126/REC126_SEG0006_PART02.wav,13.448,tuɣa din ɣar wedrar ict n tḥimart temɣar n irfan tetthedda zawgen t ccwaṭen nni nnan sekk aneɣ ɣar irfan ḥima ad daysen nadef,/Users/mac/masterAI/tarifit_asr_tfm/data/processed/segments/REC126/REC126_SEG0006_PART02.wav
REC126_SEG0007,REC126,SPK009,data/processed/segments/REC126/REC126_SEG0007.wav,17.776,isamḥ asen yasuɛ rexdenni ffɣen raryaḥ imengas zeg weryaz nni udfen deg irfan uca tuzzer tḥimart nni ɣar ijj n jjarf yuɛran uca tewḍa di rebḥar tuɣa ten ɛraḥar deg warfayen zzaysen uca ɣarqen di rebḥar,/Users/mac/masterAI/tarifit_asr_tfm/data/processed/segments/REC126/REC126_SEG0007.wav
REC126_SEG0008_PART01,REC126,SPK009,data/processed/segments/REC126/REC126_SEG0008_PART01.wav,10.344,maca imeksawen n irfan arewren xebbaren man aya di tendint u x iyyaren iwdan ffɣen dd ḥima ad ẓaren min imsaren,/Users/mac/masterAI/tarifit_asr_tfm/data/processed/segments/REC126/REC126_SEG0008_PART01.wav
REC126_SEG0008_PART02,REC126,SPK009,data/processed/segments/REC126/REC126_SEG0008_PART02.wav,10.344,usin dd ɣar yasuɛ ttwaran amaryaḥ i dayes tuɣa ccwaṭen wenni di tuɣa izeddeɣ lixyun iqqim yarḍ s rbar nnes uca ggʷeden,/Users/mac/masterAI/tarifit_asr_tfm/data/processed/segments/REC126/REC126_SEG0008_PART02.wav
REC126_SEG0009,REC126,SPK009,data/processed/segments/REC126/REC126_SEG0009.wav,9.136,inni iẓrin man aya xebbaren ten min imsaren i umaryaḥ i di tuɣa ccwaṭen u ɛawed x yirfan nni,/Users/mac/masterAI/tarifit_asr_tfm/data/processed/segments/REC126/REC126_SEG0009.wav
REC126_SEG0010_PART01,REC126,SPK009,data/processed/segments/REC126/REC126_SEG0010_PART01.wav,10.824,uca bdan ttzawgen t maḥend ad iggʷej x temmurt nsen rami inya netta di tɣarrabut izawg i t umaryaḥ i dayes tuɣa ccwa,/Users/mac/masterAI/tarifit_asr_tfm/data/processed/segments/REC126/REC126_SEG0010_PART01.wav
REC126_SEG0010_PART02,REC126,SPK009,data/processed/segments/REC126/REC126_SEG0010_PART02.wav,10.824,ṭen ḥima ad iqqim akides war t ijji maca inna as ruḥ ɣar taddart nnec d raǧ nnec xebbar i ten marra min zzayek igga sidi,/Users/mac/masterAI/tarifit_asr_tfm/data/processed/segments/REC126/REC126_SEG0010_PART02.wav
REC126_SEG0011,REC126,SPK009,data/processed/segments/REC126/REC126_SEG0011.wav,10.544,mammec xak yarḥem uca iruḥ ibda ittbarreḥ di dikapulis marra min d as igga yasuɛ uca marra tbehten,/Users/mac/masterAI/tarifit_asr_tfm/data/processed/segments/REC126/REC126_SEG0011.wav
REC126_SEG0012,REC126,SPK009,data/processed/segments/REC126/REC126_SEG0012.wav,5.712,yeǧis n yayrus tamɣart tehrec rqedd n tenɛac n iseggʷusa,/Users/mac/masterAI/tarifit_asr_tfm/data/processed/segments/REC126/REC126_SEG0012.wav
REC126_SEG0013_PART01,REC126,SPK009,data/processed/segments/REC126/REC126_SEG0013_PART01.wav,12.312,awarni rami iẓwa yasuɛ s tɣarrabut ɣar ujemmaḍ imun dd xas ɛawed aṭṭas n rɣaci am tuɣa t x tma n rebḥar yusa dd ijjen zeg imeqqranen n temzida,/Users/mac/masterAI/tarifit_asr_tfm/data/processed/segments/REC126/REC126_SEG0013_PART01.wav
REC126_SEG0013_PART02,REC126,SPK009,data/processed/segments/REC126/REC126_SEG0013_PART02.wav,12.312,issem ness yayrus umi t iẓra iwḍa as ɣar iḍaren izawg i t aṭṭas inna as iǧi tmaẓuẓt tḥerc aṭṭas ttzawgeɣ cek ad dd tased ad,/Users/mac/masterAI/tarifit_asr_tfm/data/processed/segments/REC126/REC126_SEG0013_PART02.wav
REC126_SEG0014,REC126,SPK009,data/processed/segments/REC126/REC126_SEG0014.wav,10.352,axas tessarsed ifassen nnec ḥima ad teggenfa ad teddar iruḥ akides uca iḍfar i t i dd waṭṭas n rɣaci deḥḥsen t netta,/Users/mac/masterAI/tarifit_asr_tfm/data/processed/segments/REC126/REC126_SEG0014.wav
REC126_SEG0015_PART01,REC126,SPK009,data/processed/segments/REC126/REC126_SEG0015_PART01.wav,13.896,ict n temɣart ttazzren zzayes idammen tenɛac n iseggʷusa uca tekka xas tamara aṭṭas zeg iḍbiben umi tessuffeɣ marra min ɣares maca war testenfiɛ s walu,/Users/mac/masterAI/tarifit_asr_tfm/data/processed/segments/REC126/REC126_SEG0015_PART01.wav
REC126_SEG0015_PART02,REC126,SPK009,data/processed/segments/REC126/REC126_SEG0015_PART02.wav,13.896,maca yarni ɛad xas rḥar aqa tesra x yasuɛ uca tusa dd ɣares am tekka x ddḥas n rɣaci zi ḍeffar nnes uca tḥada arruḍ nnes minzi tenna,/Users/mac/masterAI/tarifit_asr_tfm/data/processed/segments/REC126/REC126_SEG0015_PART02.wav
REC126_SEG0016_PART01,REC126,SPK009,data/processed/segments/REC126/REC126_SEG0016_PART01.wav,13.8,mara ḥadiɣ mɣir arruḍ nnes ad qqimeɣ ddareɣ rexdenni yuẓeɣ usizzer n idammen tuca ak d arrimet nnes belli teggenfa zi rehrac nnes rexdenni yuca yasuɛ ak d yixef nnes belli,/Users/mac/masterAI/tarifit_asr_tfm/data/processed/segments/REC126/REC126_SEG0016_PART01.wav
REC126_SEG0016_PART02,REC126,SPK009,data/processed/segments/REC126/REC126_SEG0016_PART02.wav,13.8,iffeɣ zzayes jjehd uca inneqreb ɣar rɣaci inna wi iḥadan arruḍ inu nnan as imeḥḍaren nnes cek twarid rɣaci ideḥḥes i cek u cek tesseqsid,/Users/mac/masterAI/tarifit_asr_tfm/data/processed/segments/REC126/REC126_SEG0016_PART02.wav
REC126_SEG0017,REC126,SPK009,data/processed/segments/REC126/REC126_SEG0017.wav,6.352,wi d ayi iḥadan maca iqqim ixezzar ḥima ad iẓar wi yeggin man aya,/Users/mac/masterAI/tarifit_asr_tfm/data/processed/segments/REC126/REC126_SEG0017.wav
REC126_SEG0018_PART01,REC126,SPK009,data/processed/segments/REC126/REC126_SEG0018_PART01.wav,14.024,tuɣa tameṭṭut teggʷed tettarjiji am tessen min d as imsaren uca tusa dd tewḍa as ɣar iḍaren uca tɛawed as tidett marra xenni inna as a yeǧi,/Users/mac/masterAI/tarifit_asr_tfm/data/processed/segments/REC126/REC126_SEG0018_PART01.wav
REC126_SEG0018_PART02,REC126,SPK009,data/processed/segments/REC126/REC126_SEG0018_PART02.wav,14.024,l iman nnem aqa iwca am tudart ruḥ s rehna ad tirid teggenfid zi rehrac nnem am tuɣa ɛad issawar usin dd ca zi taddart n umeqqran n temzida nnan as,/Users/mac/masterAI/tarifit_asr_tfm/data/processed/segments/REC126/REC126_SEG0018_PART02.wav
REC126_SEG0019,REC126,SPK009,data/processed/segments/REC126/REC126_SEG0019.wav,11.6,iǧic temmut mayemmi tṣeddaɛed ɛad amseɣɣar maca yasuɛ isra awaren i innan uca inna i umeqqran n temzida war tteggʷed ca amen waha,/Users/mac/masterAI/tarifit_asr_tfm/data/processed/segments/REC126/REC126_SEG0019.wav
REC126_SEG0020,REC126,SPK009,data/processed/segments/REC126/REC126_SEG0020.wav,15.376,war ismiḥ ura i yijjen ad t yuyur akides mɣir cimɛun buṭrus d yaɛqub d yuḥanna umas n yaɛqub usin dd ɣar taddart n umeqqran n temzida uca iẓra i ten ccaten agejdur ttrun uca sɣuyyun,/Users/mac/masterAI/tarifit_asr_tfm/data/processed/segments/REC126/REC126_SEG0020.wav
REC126_SEG0021_PART01,REC126,SPK009,data/processed/segments/REC126/REC126_SEG0021_PART01.wav,13.16,umi dd yudef inna asen mayemmi teccatem agejdur tettrum taḥenjirt war temmut ca maca aqa teṭṭeṣ nitni ḍeḥcen zzayes maca netta issuffeɣ i ten kur,/Users/mac/masterAI/tarifit_asr_tfm/data/processed/segments/REC126/REC126_SEG0021_PART01.wav
REC126_SEG0021_PART02,REC126,SPK009,data/processed/segments/REC126/REC126_SEG0021_PART02.wav,13.16,ci barra uca yiwi akides babas d yemmas n tḥenjirt d yinni tuɣa akides xenni yudef dd mani tuɣa tezzer tḥenjirt iṭṭef deg ufus n tḥenjirt inna as kkar a taḥenjirt,/Users/mac/masterAI/tarifit_asr_tfm/data/processed/segments/REC126/REC126_SEG0021_PART02.wav
REC126_SEG0022,REC126,SPK009,data/processed/segments/REC126/REC126_SEG0022.wav,19.902,rexdenni tekkar tḥenjirt uca tuyur minzi tuɣa taḥenjirt ɣares tenɛac n iseggʷusa tbehten nitni s yijj n utebhet imɣar uca netta yumur i ten s jjehd ḥima ura d ijjen ad ibarreḥ s man aya xenni iweṣṣa ad as wcen ḥima ad tecc,/Users/mac/masterAI/tarifit_asr_tfm/data/processed/segments/REC126/REC126_SEG0022.wav
REC127_SEG0001_PART01,REC127,SPK009,data/processed/segments/REC127/REC127_SEG0001_PART01.wav,12.936,anabi war ɣares bu ccan di temmurt nnes iffeɣ ssenni yusa dd ɣar tendint nnes uca ḍfaren t i dd imeḥḍaren nnes rami dd tiweḍ ssebt ibda issermad di temzida aṭṭas n,/Users/mac/masterAI/tarifit_asr_tfm/data/processed/segments/REC127/REC127_SEG0001_PART01.wav
REC127_SEG0001_PART02,REC127,SPK009,data/processed/segments/REC127/REC127_SEG0001_PART02.wav,12.936,yinni d as isrin tbehten nnan zi manis dd usint tmesrayin a ɣar wanita mana tiɣit a i d as immewcen arami msarent x ifassen nnes reɛjayeb am tina,/Users/mac/masterAI/tarifit_asr_tfm/data/processed/segments/REC127/REC127_SEG0001_PART02.wav
REC127_SEG0002,REC127,SPK009,data/processed/segments/REC127/REC127_SEG0002.wav,10.096,ma war iǧi wa d anejjar mmis n maryam d umas n yaɛqub d yusis d yahuda d cimɛun ma war ǧint suyetmas da akidneɣ,/Users/mac/masterAI/tarifit_asr_tfm/data/processed/segments/REC127/REC127_SEG0002.wav
REC127_SEG0003_PART01,REC127,SPK009,data/processed/segments/REC127/REC127_SEG0003_PART01.wav,13.8,u nderfen dayes inna asen yasuɛ war iǧi anabi bra ccan mɣir di tammurt nnes jar raǧ nnes u di taddart nnes uca netta war izemmar ad din igg ura d ijj n,/Users/mac/masterAI/tarifit_asr_tfm/data/processed/segments/REC127/REC127_SEG0003_PART01.wav
REC127_SEG0003_PART02,REC127,SPK009,data/processed/segments/REC127/REC127_SEG0003_PART02.wav,13.8,reɛjeb illa issars afus nnes x drus n imehrac waha uca issgenfa i ten tuɣa ittebhet zi tikkest n l iman nsen xenni iruḥ ittsara dcurat yudsen issermad,/Users/mac/masterAI/tarifit_asr_tfm/data/processed/segments/REC127/REC127_SEG0003_PART02.wav
REC127_SEG0004,REC127,SPK009,data/processed/segments/REC127/REC127_SEG0004.wav,19.504,yasuɛ issekk tenɛac n rrusul iraɣa dd i tenɛac n rrusul ibda issekk i ten tyuya tyuya uca iwca asen ṣṣulṭa x raryaḥ imengas maḥend ad ten ssuffɣen yumur i ten ḥima war kessin walu deg webrid mɣir taɣɣarct waha lla tacyart lla aɣrum,/Users/mac/masterAI/tarifit_asr_tfm/data/processed/segments/REC127/REC127_SEG0004.wav
REC127_SEG0005,REC127,SPK009,data/processed/segments/REC127/REC127_SEG0005.wav,14.992,lla tipyisin n nnḥas deg ubyass maca ad qqnen sandaliyat maca war yarrḍen tyuya n tcamirat inna asen mani ma tudfem ɣar ca n taddart qqimem dayes ar ssenni i ɣa teffɣem,/Users/mac/masterAI/tarifit_asr_tfm/data/processed/segments/REC127/REC127_SEG0005.wav
REC127_SEG0006_PART01,REC127,SPK009,data/processed/segments/REC127/REC127_SEG0006_PART01.wav,10.344,ɣar marra inni war kenniw iqbiren u war ɣarwem ttesrin zzerzem taɛejjajt zeg iḍaren nwem d cchadet i nitni,/Users/mac/masterAI/tarifit_asr_tfm/data/processed/segments/REC127/REC127_SEG0006_PART01.wav
REC127_SEG0006_PART02,REC127,SPK009,data/processed/segments/REC127/REC127_SEG0006_PART02.wav,10.344,s tidett necc ad awem iniɣ ad yiri rḥar ihwen i temmurt n sadum d ɛamurra deg wass n lḥisab zi tendint nni,/Users/mac/masterAI/tarifit_asr_tfm/data/processed/segments/REC127/REC127_SEG0006_PART02.wav
REC127_SEG0007,REC127,SPK009,data/processed/segments/REC127/REC127_SEG0007.wav,9.744,uca ruḥen barrḥen ḥima ad tuben ssuffɣen aṭṭas n ccwaṭen dehnen imehrac aṭṭas s zzect uca ssgenfan ten,/Users/mac/masterAI/tarifit_asr_tfm/data/processed/segments/REC127/REC127_SEG0007.wav
REC127_SEG0008,REC127,SPK009,data/processed/segments/REC127/REC127_SEG0008.wav,2.608,rmewt n yuḥanna amseɣḍaṣ,/Users/mac/masterAI/tarifit_asr_tfm/data/processed/segments/REC127/REC127_SEG0008.wav
REC127_SEG0009_PART01,REC127,SPK009,data/processed/segments/REC127/REC127_SEG0009_PART01.wav,11.208,isra xas ujeǧid hirudus minzi isem nnes idwer icneɛ inna aqa yuḥanna amseɣḍaṣ ittwassnekkar dd zi taddart n imettinen s uyenni,/Users/mac/masterAI/tarifit_asr_tfm/data/processed/segments/REC127/REC127_SEG0009_PART01.wav
REC127_SEG0009_PART02,REC127,SPK009,data/processed/segments/REC127/REC127_SEG0009_PART02.wav,11.208,xedmentt dayes reɛjayeb nni inneɣni nnan aqa t d iliya u inneɣni nnan ɛawed aqa t d nnabi am yijjen zeg inabiyyen,/Users/mac/masterAI/tarifit_asr_tfm/data/processed/segments/REC127/REC127_SEG0009_PART02.wav
REC127_SEG0010_PART01,REC127,SPK009,data/processed/segments/REC127/REC127_SEG0010_PART01.wav,12.552,rami isra hirudus man aya inna wa d yuḥanna wenni umi qesseɣ azeǧif aqa netta ittwassnekkar dd zi taddart n imettinen minzi hirudus simant nnes tuɣa issekk,/Users/mac/masterAI/tarifit_asr_tfm/data/processed/segments/REC127/REC127_SEG0010_PART01.wav
REC127_SEG0010_PART02,REC127,SPK009,data/processed/segments/REC127/REC127_SEG0010_PART02.wav,12.552,dd ɣares uca iḥebbes yuḥanna icarf i t di reḥbes x ssibbet n hirudiyya tamɣart n umas filippus tenni i k d imrec hirudus,/Users/mac/masterAI/tarifit_asr_tfm/data/processed/segments/REC127/REC127_SEG0010_PART02.wav
REC127_SEG0011,REC127,SPK009,data/processed/segments/REC127/REC127_SEG0011.wav,3.12,minzi yuḥanna tuɣa iqqar i hirudus,/Users/mac/masterAI/tarifit_asr_tfm/data/processed/segments/REC127/REC127_SEG0011.wav
REC127_SEG0012_PART01,REC127,SPK009,data/processed/segments/REC127/REC127_SEG0012_PART01.wav,14.328,war d ac iḥeǧer ad ɣarek tiri temɣart n umac s uyenni tuɣa hirudiyya tenḍar dayes tiṭṭawin uca tarezzu ad t tneɣ maca war tzemmar minzi hirudus,/Users/mac/masterAI/tarifit_asr_tfm/data/processed/segments/REC127/REC127_SEG0012_PART01.wav
REC127_SEG0012_PART02,REC127,SPK009,data/processed/segments/REC127/REC127_SEG0012_PART02.wav,14.328,tuɣa itteggʷed zi yuḥanna issen belli netta d aryaz d amseggad d amqeddas u iḥeṭṭa xas isra zzayes aṭṭas n tmesrayin uca isexxar xas,/Users/mac/masterAI/tarifit_asr_tfm/data/processed/segments/REC127/REC127_SEG0012_PART02.wav
REC127_SEG0014_PART01,REC127,SPK009,data/processed/segments/REC127/REC127_SEG0014_PART01.wav,11.72,uca tudef dd yeǧis n hirudiyya tecḍeḥ teɛjeb as i hirudus d yinni iqqimen akides xenni inna as ujeǧid i tḥenjirt ttar zzayi,/Users/mac/masterAI/tarifit_asr_tfm/data/processed/segments/REC127/REC127_SEG0014_PART01.wav
REC127_SEG0014_PART02,REC127,SPK009,data/processed/segments/REC127/REC127_SEG0014_PART02.wav,11.72,marra min texsed ad am t wceɣ ijjuǧ as mecḥar ma zzayi i ɣa tettared ad am t wceɣ waxxa ar azyen n tgeldit inu,/Users/mac/masterAI/tarifit_asr_tfm/data/processed/segments/REC127/REC127_SEG0014_PART02.wav
REC127_SEG0015,REC127,SPK009,data/processed/segments/REC127/REC127_SEG0015.wav,8.912,teffeɣ dd nettat tenna i yemmas min d as i ɣa ttareɣ tenna as tanita azeǧif n yuḥanna amseɣḍaṣ t,/Users/mac/masterAI/tarifit_asr_tfm/data/processed/segments/REC127/REC127_SEG0015.wav
REC127_SEG0016,REC127,SPK009,data/processed/segments/REC127/REC127_SEG0016.wav,18.544,deɣya s tazra ɣar ujeǧid tenna as xseɣ ad ayi dd tessarsed di tsaɛɛet a azeǧif n yuḥanna x ijj n ṭṭebṣi icḍen ujeǧid aṭṭas maca x ssibbet n tjaǧit u x ssibbet n inewjiwen i iqqimen ɣar ṭṭabra war ixs ad tt iqemmeɛ,/Users/mac/masterAI/tarifit_asr_tfm/data/processed/segments/REC127/REC127_SEG0016.wav
REC127_SEG0017,REC127,SPK009,data/processed/segments/REC127/REC127_SEG0017.wav,16.208,u rexdenni issekk ujeǧid ijj n uɛessas ɣar reḥbes s ssif yumur ḥima ad dd yawi azeǧif n yuḥanna wanita iruḥ iqess as azeǧif i yuḥanna di reḥbes xas uca yiwi dd azeǧif nnes x ṭṭebṣi,/Users/mac/masterAI/tarifit_asr_tfm/data/processed/segments/REC127/REC127_SEG0017.wav
REC127_SEG0018,REC127,SPK009,data/processed/segments/REC127/REC127_SEG0018.wav,13.232,iwca as t i tḥenjirt u taḥenjirt tewc as t i yemmas rami srin imeḥḍaren nnes man aya usin dd ksin rxecbet nnes ssarsen tt deg wenḍer,/Users/mac/masterAI/tarifit_asr_tfm/data/processed/segments/REC127/REC127_SEG0018.wav
REC127_SEG0019,REC127,SPK009,data/processed/segments/REC127/REC127_SEG0019.wav,4.496,lmuɛjiza n usecci n ktar n xems araf n yaryazen,/Users/mac/masterAI/tarifit_asr_tfm/data/processed/segments/REC127/REC127_SEG0019.wav
REC127_SEG0020_PART01,REC127,SPK009,data/processed/segments/REC127/REC127_SEG0020_PART01.wav,10.632,munen rrusul ɛawed ɣar yasuɛ xebbaren t x kurci x min ggin d x min tuɣa ssermaden inna asen asem dd,/Users/mac/masterAI/tarifit_asr_tfm/data/processed/segments/REC127/REC127_SEG0020_PART01.wav
REC127_SEG0020_PART02,REC127,SPK009,data/processed/segments/REC127/REC127_SEG0020_PART02.wav,10.632,ejj aneɣ ad nraḥ ɣar ijj n wemcan ixran ḥima ad tareyyḥem cwayt minzi tuɣa din aṭṭas n yinni dd yusin d n yinni iruḥen,/Users/mac/masterAI/tarifit_asr_tfm/data/processed/segments/REC127/REC127_SEG0020_PART02.wav
REC127_SEG0021,REC127,SPK009,data/processed/segments/REC127/REC127_SEG0021.wav,19.248,arami war iwiḍen ad ccen xenni ruḥen weḥḥedsen di tɣarrabut ɣar ijj n wemcan ixran maca rɣaci iẓra i ten ffɣen dd di tɣarrabut uca aṭṭas i t ɛeqren uca izwaren as am ttazzren x iḍaren ɣar dinni zi marra tineddam,/Users/mac/masterAI/tarifit_asr_tfm/data/processed/segments/REC127/REC127_SEG0021.wav
REC127_SEG0022,REC127,SPK009,data/processed/segments/REC127/REC127_SEG0022.wav,8.752,umi dd iḍra yasuɛ iẓra aṭṭas n rɣaci zziǧzen as minzi tuɣa aten am wuǧi bra ameksaw,/Users/mac/masterAI/tarifit_asr_tfm/data/processed/segments/REC127/REC127_SEG0022.wav
REC127_SEG0023_PART01,REC127,SPK009,data/processed/segments/REC127/REC127_SEG0023_PART01.wav,11.64,xenni ibda ad ten issermed aṭṭas rami iruḥ wass ad iqḍa qarrben dd ɣares imeḥḍaren nnes nnan as amcan a ixra u rweqt teɛdu,/Users/mac/masterAI/tarifit_asr_tfm/data/processed/segments/REC127/REC127_SEG0023_PART01.wav
REC127_SEG0023_PART02,REC127,SPK009,data/processed/segments/REC127/REC127_SEG0023_PART02.wav,11.64,sekk i ten ḥima ad raḥen ɣar reɛraṣiyyat u ɣar dcurat yudsen ḥima ad sɣen aɣrum i yixef nsen minzi war ɣarsen min ɣa ccen,/Users/mac/masterAI/tarifit_asr_tfm/data/processed/segments/REC127/REC127_SEG0023_PART02.wav
REC127_SEG0024,REC127,SPK009,data/processed/segments/REC127/REC127_SEG0024.wav,16.944,maca netta inna asen wcem asen kenniw min ɣa ccen nnan as ma ad nraḥ maḥend ad asen nseɣ aɣrum s mitayen dinar uca ad asen newc min ɣa ccen inna asen ruḥem xzarem mecḥar n tecnifin i ɣarwem,/Users/mac/masterAI/tarifit_asr_tfm/data/processed/segments/REC127/REC127_SEG0024.wav
REC127_SEG0025,REC127,SPK009,data/processed/segments/REC127/REC127_SEG0025.wav,6.224,umi argben nnan as xemsa n tecnifin n weɣrum d tnayen n iserman,/Users/mac/masterAI/tarifit_asr_tfm/data/processed/segments/REC127/REC127_SEG0025.wav
REC127_SEG0026,REC127,SPK009,data/processed/segments/REC127/REC127_SEG0026.wav,10.992,yumur i ten ad ten ssɣimen marra di tɛurricin x reḥtic aziza uca qqimen di tɛurricin n mya u di tɛurricin n xemsin,/Users/mac/masterAI/tarifit_asr_tfm/data/processed/segments/REC127/REC127_SEG0026.wav
REC127_SEG0027_PART01,REC127,SPK009,data/processed/segments/REC127/REC127_SEG0027_PART01.wav,14.296,umi iksi yeccu xemsa n tecnifin d tnayen n iserman nni issgeɛɛed tamuɣri nnes ɣar ujenna ibarek uca yarẓa ticnifin iwca i tent i imeḥḍaren nnes ḥima ad tent ssarsen zzatsen,/Users/mac/masterAI/tarifit_asr_tfm/data/processed/segments/REC127/REC127_SEG0027_PART01.wav
REC127_SEG0027_PART02,REC127,SPK009,data/processed/segments/REC127/REC127_SEG0027_PART02.wav,14.296,uca nitni farqen ɛawed tnayen n iserman i marra ccin marra jjiwnen xenni reqḍen ireqqʷaz iceṭṭen ccuren tenɛac n tsuǧatin ura d iserman iceṭṭen,/Users/mac/masterAI/tarifit_asr_tfm/data/processed/segments/REC127/REC127_SEG0027_PART02.wav
REC127_SEG0028,REC127,SPK009,data/processed/segments/REC127/REC127_SEG0028.wav,5.552,inni iccin zi tecnifin tuɣa aten di xemsa araf n yeryazen,/Users/mac/masterAI/tarifit_asr_tfm/data/processed/segments/REC127/REC127_SEG0028.wav
REC127_SEG0029,REC127,SPK009,data/processed/segments/REC127/REC127_SEG0029.wav,11.856,yasuɛ iggur x waman n rebḥar rexdenni iziyyar x imeḥḍaren nnes maḥend ad adfen ɣar tɣarrabut ad as izwaren ɣar ujemmaḍ ɣar bayt ṣayda,/Users/mac/masterAI/tarifit_asr_tfm/data/processed/segments/REC127/REC127_SEG0029.wav
REC127_SEG0030_PART01,REC127,SPK009,data/processed/segments/REC127/REC127_SEG0030_PART01.wav,11.496,ad isqad netta rɣaci awarni rami ten isqad iruḥ ɣar wedrar ḥima ad iẓẓaǧ rami dd tewḍa tmeddit tuɣa taɣarrabut di rbuɣaz,/Users/mac/masterAI/tarifit_asr_tfm/data/processed/segments/REC127/REC127_SEG0030_PART01.wav
REC127_SEG0030_PART02,REC127,SPK009,data/processed/segments/REC127/REC127_SEG0030_PART02.wav,11.496,uca netta tuɣa weḥḥdes x rbarr iẓra belli nitni ttemqetmaren s uqeddef n tɣarrabut minzi asemmiḍ yusa asen dd deg uɣembub,/Users/mac/masterAI/tarifit_asr_tfm/data/processed/segments/REC127/REC127_SEG0030_PART02.wav
REC127_SEG0031_PART01,REC127,SPK009,data/processed/segments/REC127/REC127_SEG0031_PART01.wav,12.616,ɣar ḥeṭṭu wiss arebɛa n ǧiret yusa dd ɣarsen yasuɛ iggur x wawan n rebḥar uca tuɣa ixs ad ten iɛdu umi t ẓrin iggur di rebḥar ittɣir asen d rexy,/Users/mac/masterAI/tarifit_asr_tfm/data/processed/segments/REC127/REC127_SEG0031_PART01.wav
REC127_SEG0031_PART02,REC127,SPK009,data/processed/segments/REC127/REC127_SEG0031_PART02.wav,12.616,ar aɣeddar uca sɣuyen minzi marra ẓrin t uca nnxerɛen rexdenni issiwer akidsen inna asen ggem ur aqa d necc war teggʷedem ca,/Users/mac/masterAI/tarifit_asr_tfm/data/processed/segments/REC127/REC127_SEG0031_PART02.wav
REC127_SEG0032,REC127,SPK009,data/processed/segments/REC127/REC127_SEG0032.wav,17.232,inyi dd ɣarsen di tɣarrabut uca yarsa usemmiḍ tuɣa nitni ttbehten arewwɛen aṭṭas deg yixef nsen minzi war fhimen walu i lmuɛjiza n tecnifin minzi ur nsen tuɣa iqseḥ,/Users/mac/masterAI/tarifit_asr_tfm/data/processed/segments/REC127/REC127_SEG0032.wav
REC127_SEG0033,REC127,SPK009,data/processed/segments/REC127/REC127_SEG0033.wav,4.464,asgenfi n waṭṭas n iwdan di jinisaret,/Users/mac/masterAI/tarifit_asr_tfm/data/processed/segments/REC127/REC127_SEG0033.wav
REC127_SEG0034,REC127,SPK009,data/processed/segments/REC127/REC127_SEG0034.wav,18.544,umi ẓwan ɣar ujemmaḍ usin dd ɣar temmurt n jinnisaret umi dd ffɣen zi tɣarrabut ɛeqren t iwdan deɣya uzzren ɣar marra jjwayeh nni uca bdan ad dd awyen inni tuɣa ihercen aṭṭas di tassut ɣar wemcan mani srin aqa t netta,/Users/mac/masterAI/tarifit_asr_tfm/data/processed/segments/REC127/REC127_SEG0034.wav
REC127_SEG0035,REC127,SPK009,data/processed/segments/REC127/REC127_SEG0035.wav,18.416,mani ma dd yusa di tendint niɣ di redcur niɣ di reɛraṣiyyat ssrusan as dd imehrac deg ibriden uca ttzawagen t ad asen ismeḥ ad ḥadan mɣir abeḥrur n ujeǧab nnes u marra inni t iḥadan ggenfan,/Users/mac/masterAI/tarifit_asr_tfm/data/processed/segments/REC127/REC127_SEG0035.wav
REC128_SEG0002_PART01,REC128,SPK009,data/processed/segments/REC128/REC128_SEG0002_PART01.wav,13.64,munen ɣares ifarisiyyen d imsermaden n idlisen i dd yusin zi urcalim umi ẓrin belli ca n imeḥḍaren nnes ccin aɣrum bra ma ad ssirden,/Users/mac/masterAI/tarifit_asr_tfm/data/processed/segments/REC128/REC128_SEG0002_PART01.wav
REC128_SEG0002_PART02,REC128,SPK009,data/processed/segments/REC128/REC128_SEG0002_PART02.wav,13.64,ifassen nsen d amezwaru ɛeyyben xasen minzi marra ifarisiyyen d wudayen war ttetten mɣir awarni rami ssirden ifassen s yijj n ruḍu mliḥ minzi tteṭṭfen di tubbart n rejdud u rami dd usin zi ssuq,/Users/mac/masterAI/tarifit_asr_tfm/data/processed/segments/REC128/REC128_SEG0002_PART02.wav
REC128_SEG0003_PART01,REC128,SPK009,data/processed/segments/REC128/REC128_SEG0003_PART01.wav,13.544,war ttetten mara war ssɣeḍṣen ifassen nsen di tbanyut d amezwaru u aqa din aṭṭas n tmesrayin nneɣni qebren tent maḥend ad zzaysent ṭṭfen ɛlaḥsab tubbart nsen am useɣḍas n rkisan d,/Users/mac/masterAI/tarifit_asr_tfm/data/processed/segments/REC128/REC128_SEG0003_PART01.wav
REC128_SEG0003_PART02,REC128,SPK009,data/processed/segments/REC128/REC128_SEG0003_PART02.wav,13.544,iɣarrafen d tebriqin n nnḥas d dduri n rectawat deg ict n tbanyut xenni sseqsan t ifarisiyyen d imsermaden n idlisen mayemmi war ḍfaren imeḥḍaren nnec tubbart n rejdud,/Users/mac/masterAI/tarifit_asr_tfm/data/processed/segments/REC128/REC128_SEG0003_PART02.wav
REC128_SEG0004,REC128,SPK009,data/processed/segments/REC128/REC128_SEG0004.wav,18.96,maca ttetten aɣrum am war ssiriden ifassen yarra dd inna asen nican inebba icaɛya xawem a imnafqen am mammec tura rgens a iweqqar ayi s iyencicen nnes maca ur nsen iggʷej xafi,/Users/mac/masterAI/tarifit_asr_tfm/data/processed/segments/REC128/REC128_SEG0004.wav
REC128_SEG0005,REC128,SPK009,data/processed/segments/REC128/REC128_SEG0005.wav,19.664,maca nitni cennɛen ayi baṭer minzi ssermaden tiɣuriwin tinni d tiweṣṣa n iwdan minzi tejjim tawṣeyyet n arebbi teṭṭfem di tubbart n iwdan am useɣḍas n rkisan d teydurin deg ict n tbanyut u aṭṭas n tmesrayin nneɣni am tina inna asen nican,/Users/mac/masterAI/tarifit_asr_tfm/data/processed/segments/REC128/REC128_SEG0005.wav
REC128_SEG0006,REC128,SPK009,data/processed/segments/REC128/REC128_SEG0006.wav,14.896,aqa tneṭṭarem tawṣeyyet n arebbi ḥima ad teqqimem tetteṭṭfem di tubbart nwem minzi musa inna weqqar babac d yemmac u wenni i ɣa ineɛren babas niɣ yemmas ittxeṣṣa as ad immet,/Users/mac/masterAI/tarifit_asr_tfm/data/processed/segments/REC128/REC128_SEG0006.wav
REC128_SEG0007_PART01,REC128,SPK009,data/processed/segments/REC128/REC128_SEG0007_PART01.wav,11.88,maca kenniw teqqarem mara ijj n weryaz inna i babas niɣ i yemmas min ma tzemmarem ad zzayi testenfɛem aqa ggiɣ t d ṣṣedqet i arebbi war t,/Users/mac/masterAI/tarifit_asr_tfm/data/processed/segments/REC128/REC128_SEG0007_PART01.wav
REC128_SEG0007_PART02,REC128,SPK009,data/processed/segments/REC128/REC128_SEG0007_PART02.wav,11.88,tettejjim qaɛ ad igg ca i babas d yemmas ammu i tesseḥqaram awar n arebbi s tubbart nwem i tettsellamem u tetteggem aṭṭas n tmesrayin am tina,/Users/mac/masterAI/tarifit_asr_tfm/data/processed/segments/REC128/REC128_SEG0007_PART02.wav
REC128_SEG0008,REC128,SPK009,data/processed/segments/REC128/REC128_SEG0008.wav,1.424,tazdugi n wur,/Users/mac/masterAI/tarifit_asr_tfm/data/processed/segments/REC128/REC128_SEG0008.wav
REC128_SEG0009_PART01,REC128,SPK009,data/processed/segments/REC128/REC128_SEG0009_PART01.wav,14.908,umi idas d iraɣa marra rɣaci inna asen srem dd ɣari marra uca fehmem war din ura d ijjen n rḥajjet i dd ittadfen ɣar bnadem zi barra tzemmar ad t tessexmej maca,/Users/mac/masterAI/tarifit_asr_tfm/data/processed/segments/REC128/REC128_SEG0009_PART01.wav
REC128_SEG0009_PART02,REC128,SPK009,data/processed/segments/REC128/REC128_SEG0009_PART02.wav,14.908,min i dd itteffɣen zi bnadem aqa man aya issexmaj bnadem wenni ɣar ǧan imezzuɣen i useǧi ejj i t ad iser umi dd yudef ɣar taddart zi rɣaci sseqsan t imeḥḍaren nnes x umedya nni,/Users/mac/masterAI/tarifit_asr_tfm/data/processed/segments/REC128/REC128_SEG0009_PART02.wav
REC128_SEG0010,REC128,SPK009,data/processed/segments/REC128/REC128_SEG0010.wav,3.992,inna asen ma kenniw ɛad bra refhamet,/Users/mac/masterAI/tarifit_asr_tfm/data/processed/segments/REC128/REC128_SEG0010.wav
REC128_SEG0011_PART01,REC128,SPK009,data/processed/segments/REC128/REC128_SEG0011_PART01.wav,10.184,ma war tefhimem ca belli marra min ɣa yadfen bnadem zi barra war izemmar ad t issexmej minzi man aya war dd ittidef ca,/Users/mac/masterAI/tarifit_asr_tfm/data/processed/segments/REC128/REC128_SEG0011_PART01.wav
REC128_SEG0011_PART02,REC128,SPK009,data/processed/segments/REC128/REC128_SEG0011_PART02.wav,10.184,ɣar wur nnes maca ɣar uɛeddis xenni ad iffeɣ ɣar wemcan nnes am issizdeg marra macca xenni inna,/Users/mac/masterAI/tarifit_asr_tfm/data/processed/segments/REC128/REC128_SEG0011_PART02.wav
REC128_SEG0012_PART01,REC128,SPK009,data/processed/segments/REC128/REC128_SEG0012_PART01.wav,12.664,min i dd itteffɣen zi bnadem d man aya issxemmaj bnadem minzi zi daxer zeg wurawen n iwdan i dd itteffɣen inwayen iɛeffanen zzina farq ccɣer,/Users/mac/masterAI/tarifit_asr_tfm/data/processed/segments/REC128/REC128_SEG0012_PART01.wav
REC128_SEG0012_PART02,REC128,SPK009,data/processed/segments/REC128/REC128_SEG0012_PART02.wav,12.664,tukkarḍa anɣay ṭṭmeɛ rɣar taḥraymect afucceḥ tiṭṭ taɛeffant aceqqef tuffet d tubbuherya,/Users/mac/masterAI/tarifit_asr_tfm/data/processed/segments/REC128/REC128_SEG0012_PART02.wav
REC128_SEG0013,REC128,SPK009,data/processed/segments/REC128/REC128_SEG0013.wav,6.544,marra timesrayin a tiɛeffanin tteffɣent i dd zi daxer uca ssxemmajent bnadem,/Users/mac/masterAI/tarifit_asr_tfm/data/processed/segments/REC128/REC128_SEG0013.wav
REC128_SEG0014,REC128,SPK009,data/processed/segments/REC128/REC128_SEG0014.wav,9.456,l iman n temɣart di temmurt n tiṣur d ṣaydun ikkar ssenni uca iruḥ ɣar temmurt n ṣur d ṣaydun,/Users/mac/masterAI/tarifit_asr_tfm/data/processed/segments/REC128/REC128_SEG0014.wav
REC128_SEG0015_PART01,REC128,SPK009,data/processed/segments/REC128/REC128_SEG0015_PART01.wav,11.912,rami dd yudef ɣar ijjen taddart war ixs ad t issen ḥed waxxa amenni war izemmar ad innuffar minzi ict n tmeṭṭut ɣares yeǧis dayes ijj n raryaḥ,/Users/mac/masterAI/tarifit_asr_tfm/data/processed/segments/REC128/REC128_SEG0015_PART01.wav
REC128_SEG0015_PART02,REC128,SPK009,data/processed/segments/REC128/REC128_SEG0015_PART02.wav,11.912,d amengus tesra xas deɣya uca tusa dd ɣares tewḍa as ɣar iḍaren nnes tuɣa tamɣart a d ijjen tabarranit zi temmurt n suriya d finiqiya,/Users/mac/masterAI/tarifit_asr_tfm/data/processed/segments/REC128/REC128_SEG0015_PART02.wav
REC128_SEG0016_PART01,REC128,SPK009,data/processed/segments/REC128/REC128_SEG0016_PART01.wav,14.248,uca tzawg i t maḥend ad issuffeɣ cciṭan zeg yeǧis maca yasuɛ inna as ejj iḥenjiren amezwar ad jjiwnen minzi war ittriq ad ittwakkes weɣrum n iḥenjiren ḥima ad immenḍar i yiṭan,/Users/mac/masterAI/tarifit_asr_tfm/data/processed/segments/REC128/REC128_SEG0016_PART01.wav
REC128_SEG0016_PART02,REC128,SPK009,data/processed/segments/REC128/REC128_SEG0016_PART02.wav,14.248,maca nettat tarra dd tenna as wah a sidi ura d iṭan ttetten ireqqʷaz n iḥenjiren sadu ṭṭabra inna as yasuɛ uyur x ssibbet n wawar a i tennid aqa iffeɣ cciṭan zeg yeǧim,/Users/mac/masterAI/tarifit_asr_tfm/data/processed/segments/REC128/REC128_SEG0016_PART02.wav
REC128_SEG0017,REC128,SPK009,data/processed/segments/REC128/REC128_SEG0017.wav,7.76,uca a rami dd tusa ɣar taddart nnes tufa yeǧis tezzer di qama u cciṭan ittwassuffeɣ zzayes,/Users/mac/masterAI/tarifit_asr_tfm/data/processed/segments/REC128/REC128_SEG0017.wav
REC128_SEG0018_PART01,REC128,SPK009,data/processed/segments/REC128/REC128_SEG0018_PART01.wav,10.92,asgenfi n ijjenn bnadem azizun iffeɣ dd yasuɛ ɛawed zi temmurt n ṣur d ṣaydun,/Users/mac/masterAI/tarifit_asr_tfm/data/processed/segments/REC128/REC128_SEG0018_PART01.wav
REC128_SEG0018_PART02,REC128,SPK009,data/processed/segments/REC128/REC128_SEG0018_PART02.wav,10.92,yiweḍ ɣar rebḥar n ljalil ɣar ṭṭarf n temmurt n dikapulis iwyen dd ɣares ijj n udehcur itewtaw uca ttaren zzayes ad xas issars afus nnes,/Users/mac/masterAI/tarifit_asr_tfm/data/processed/segments/REC128/REC128_SEG0018_PART02.wav
REC128_SEG0019,REC128,SPK009,data/processed/segments/REC128/REC128_SEG0019.wav,12.016,issiggʷej i t zi rɣaci ɣar uɣezdis uca igga as iḍewḍan deg imezzuɣen nnes issusef uca iḥada ires nnes xenni ixzar ɣar ujenna,/Users/mac/masterAI/tarifit_asr_tfm/data/processed/segments/REC128/REC128_SEG0019.wav
REC128_SEG0020_PART01,REC128,SPK009,data/processed/segments/REC128/REC128_SEG0020_PART01.wav,10.072,isqinf ed inna as nurzem rexdenni nnurzmen imezzuɣen nnes uca tefsi tesɣunt n yires nnes ibda issawar nican,/Users/mac/masterAI/tarifit_asr_tfm/data/processed/segments/REC128/REC128_SEG0020_PART01.wav
REC128_SEG0020_PART02,REC128,SPK009,data/processed/segments/REC128/REC128_SEG0020_PART02.wav,10.072,iɛrem asen war t qqaren i ḥed maca mecḥar ma ten yumur waxxa amenni tuɣa ssuffuɣen xas rexbar mah,/Users/mac/masterAI/tarifit_asr_tfm/data/processed/segments/REC128/REC128_SEG0020_PART02.wav
REC128_SEG0021,REC128,SPK009,data/processed/segments/REC128/REC128_SEG0021.wav,10.0,uca tbehten s unexriɛ arami nnan marra igga i t mliḥ yarra idehcar ttesran d ignawen ssawaren,/Users/mac/masterAI/tarifit_asr_tfm/data/processed/segments/REC128/REC128_SEG0021.wav
REC129_SEG0002,REC129,SPK009,data/processed/segments/REC129/REC129_SEG0002.wav,13.968,deg wussan nni am tuɣa din ɛawed aṭṭas n rɣaci uca war tuɣi ɣarsen min ɣa ccen iraɣa yasuɛ x imeḥḍaren nnes inna asen aqa zziǧzen ayi rɣaci minzi qqimen akidi ɛad trata n wussan,/Users/mac/masterAI/tarifit_asr_tfm/data/processed/segments/REC129/REC129_SEG0002.wav
REC129_SEG0003,REC129,SPK009,data/processed/segments/REC129/REC129_SEG0003.wav,16.72,war ɣarsen min ɣa ccen mara ssekkeɣ ten ɣar tudrin nsen am ɛad ǧuẓen ad ttwaheyyfen deg webrid minzi ca zzaysen usin dd zi raggʷaj nnan as imeḥḍaren nnes zi manis izemmar ḥed ad yaf aɣrum di rexra ya,/Users/mac/masterAI/tarifit_asr_tfm/data/processed/segments/REC129/REC129_SEG0003.wav
REC129_SEG0004,REC129,SPK009,data/processed/segments/REC129/REC129_SEG0004.wav,19.216,isseqsa ten mecḥar n tecnifin i ɣarwem nnan sebɛa xenni yumur rɣaci ad iqqim di temmurt uca iksi sebɛa nni n tecnifin u awarni rami ibarek yarẓa i tent iwca i tent i imeḥḍaren nnes ḥima ad tent qeddmen uca xenni qeddmen tent i rɣaci,/Users/mac/masterAI/tarifit_asr_tfm/data/processed/segments/REC129/REC129_SEG0004.wav
REC129_SEG0005_PART01,REC129,SPK009,data/processed/segments/REC129/REC129_SEG0005_PART01.wav,12.984,tuɣa ɣarsen cwayt n iserman d imeẓyanen ibark i ten ɛawed inna ad qeddmen ina ccin jjiwnen uca yarwen min iceṭṭen aqa sebɛa n tsuǧatin,/Users/mac/masterAI/tarifit_asr_tfm/data/processed/segments/REC129/REC129_SEG0005_PART01.wav
REC129_SEG0005_PART02,REC129,SPK009,data/processed/segments/REC129/REC129_SEG0005_PART02.wav,12.984,inni iccen tuɣa aten ɛraḥar di arebɛa araf xenni issekk i ten uca rexdenni inya di tɣarrabut ak d imeḥḍaren nnes yiweḍ ɣar jjwayeh n dalmanuta,/Users/mac/masterAI/tarifit_asr_tfm/data/processed/segments/REC129/REC129_SEG0005_PART02.wav
REC129_SEG0006_PART01,REC129,SPK009,data/processed/segments/REC129/REC129_SEG0006_PART01.wav,14.44,ifarisiyyen ttarenijj n reɛramet ffɣen ifarisiyyen bdan ttqacaḥen dayes ttaren zzayes ict n reɛramet zeg ujenna ḥima ad t jarrben izehhar di arruḥ nnes inna,/Users/mac/masterAI/tarifit_asr_tfm/data/processed/segments/REC129/REC129_SEG0006_PART01.wav
REC129_SEG0006_PART02,REC129,SPK009,data/processed/segments/REC129/REC129_SEG0006_PART02.wav,14.44,mayemmi ittettar jjir a ijj n reɛramet s tidett necc ad awem iniɣ ɛemmarṣ war d as temmewc i jjir a ict n reɛramet xenni ismeḥ daysen uca inya di tɣarrabut uca ruḥen nitni ɣar ujemmaḍ,/Users/mac/masterAI/tarifit_asr_tfm/data/processed/segments/REC129/REC129_SEG0006_PART02.wav
REC129_SEG0008,REC129,SPK009,data/processed/segments/REC129/REC129_SEG0008.wav,8.144,maca imeḥḍaren nnes ttun ad kisen ksin aɣrum uca war tuɣi ɣarsen walu di tɣarrabut mɣir ict n tecnift n weɣrum waha,/Users/mac/masterAI/tarifit_asr_tfm/data/processed/segments/REC129/REC129_SEG0008.wav
REC129_SEG0009_PART01,REC129,SPK009,data/processed/segments/REC129/REC129_SEG0009_PART01.wav,12.696,uca netta iɛermasen i xzarem ḥḍam zeg wentun n ifarisiyyen d wentun n hirudus mcawaren jar asen nnan d man aya minzi war ɣarneɣ bu tecnifin n weɣrum,/Users/mac/masterAI/tarifit_asr_tfm/data/processed/segments/REC129/REC129_SEG0009_PART01.wav
REC129_SEG0009_PART02,REC129,SPK009,data/processed/segments/REC129/REC129_SEG0009_PART02.wav,12.696,uca yargeb yasuɛ inna asen mayemmi temcawarem belli war ɣarwem bu tecnifin n weɣrum ma war tucim ma war tefhimem ma ɛad urawen nwem qesḥen ma ɣarwem tiṭṭawin maca war tettwirim,/Users/mac/masterAI/tarifit_asr_tfm/data/processed/segments/REC129/REC129_SEG0009_PART02.wav
REC129_SEG0010_PART01,REC129,SPK009,data/processed/segments/REC129/REC129_SEG0010_PART01.wav,12.696,ma ɣarwem imezzuɣen maca war tettesrim ma war tɛeqqirem ɛad umi arẓiɣ xemsa n tecnifin n weɣrum i xemsa araf mecḥar n tsuǧatin i iccuren s ireqqʷaz i tyarwem nnan as,/Users/mac/masterAI/tarifit_asr_tfm/data/processed/segments/REC129/REC129_SEG0010_PART01.wav
REC129_SEG0010_PART02,REC129,SPK009,data/processed/segments/REC129/REC129_SEG0010_PART02.wav,12.696,tenɛac u ɣar sebɛa n tecnifin n weɣrum i arebɛa araf mecḥar n tsuǧatin iccuren s ireqqʷaz i tyarwem nnan sebɛa xenni inna asen mammec ɛad war tefhimem ar rexxu,/Users/mac/masterAI/tarifit_asr_tfm/data/processed/segments/REC129/REC129_SEG0010_PART02.wav
REC129_SEG0011,REC129,SPK009,data/processed/segments/REC129/REC129_SEG0011.wav,9.008,asgenfi n ijj n udarɣar di baytṣayḍa yusa dd ɣar bayt ṣayda uca nitni iwyen as dd ijj n udarɣar zawgen t ad iḥada wanita,/Users/mac/masterAI/tarifit_asr_tfm/data/processed/segments/REC129/REC129_SEG0011.wav
REC129_SEG0012_PART01,REC129,SPK009,data/processed/segments/REC129/REC129_SEG0012_PART01.wav,13.224,netta imneɛ adarɣar zeg ufus indeh i t barra i dcar uca issusef di tiṭṭawin nnes issars xas afus nnes isseqsa min ittwara isewḍ inna ttwariɣ iwdan gguren am ticejjura,/Users/mac/masterAI/tarifit_asr_tfm/data/processed/segments/REC129/REC129_SEG0012_PART01.wav
REC129_SEG0012_PART02,REC129,SPK009,data/processed/segments/REC129/REC129_SEG0012_PART02.wav,13.224,xenni issars ɛawed afus nnes x tiṭṭawin nnes xenni iggenfa idwer ittwara marra mliḥ issekk i t ɣar taddart nnes inna war d ttidef dcar war t qqar i ḥed di dcar,/Users/mac/masterAI/tarifit_asr_tfm/data/processed/segments/REC129/REC129_SEG0012_PART02.wav
REC129_SEG0013,REC129,SPK009,data/processed/segments/REC129/REC129_SEG0013.wav,18.768,cchadet n buṭrus x yasuɛ xenni yuyur yasuɛ ak d imeḥḍaren nnes ɣar redcur n qayṣariya filippus deg webrid isseqsa imeḥḍaren nnes inna asen min qqaren iwdan min ɛniɣ necc arrin dd yuḥanna amseɣḍaṣ ca nneɣni nnan iliya,/Users/mac/masterAI/tarifit_asr_tfm/data/processed/segments/REC129/REC129_SEG0013.wav
REC129_SEG0014,REC129,SPK009,data/processed/segments/REC129/REC129_SEG0014.wav,15.824,inneɣni qqaren ijjen zeg inabiyyen inna asen i kenniw min teqqarem xafi yarra dd cimɛun inna as cek d lmasiḥ mmis n arebbi iddaren yumur i ten mliḥ maḥend war tt xas qqaren ura i yijj,/Users/mac/masterAI/tarifit_asr_tfm/data/processed/segments/REC129/REC129_SEG0014.wav
REC129_SEG0015,REC129,SPK009,data/processed/segments/REC129/REC129_SEG0015.wav,3.568,yasuɛ izwar issawar x rmewt d tnukra nnes,/Users/mac/masterAI/tarifit_asr_tfm/data/processed/segments/REC129/REC129_SEG0015.wav
REC129_SEG0016,REC129,SPK009,data/processed/segments/REC129/REC129_SEG0016.wav,11.504,ibda issermad aqa mmis n bnadem ittxeṣṣa ad iweddeb aṭṭas uca ad ittwasseḥqar zeg imɣaren n rgens d imeqqranen n ikehhanen d imsermaden n idlisen,/Users/mac/masterAI/tarifit_asr_tfm/data/processed/segments/REC129/REC129_SEG0016.wav
REC129_SEG0017,REC129,SPK009,data/processed/segments/REC129/REC129_SEG0017.wav,18.704,ad t nɣen uca deg wass wiss trata ad dd ikkar inna awar a s bṭayṭay maca iksi t buṭrus ɣares ɣar uɣezdis uca ibda ittwebbex i t xas uca inneqreb ixzar deg imeḥḍaren nnes uca iwebbex i cimɛun iqqar,/Users/mac/masterAI/tarifit_asr_tfm/data/processed/segments/REC129/REC129_SEG0017.wav
REC129_SEG0018_PART01,REC129,SPK009,data/processed/segments/REC129/REC129_SEG0018_PART01.wav,10.184,aggʷej xafi awarni ayi a cciṭan minzi cek war d ac icqi min iǧan n arebbi maca min iǧan n iwdan iraɣa dd yasuɛ i rɣaci,/Users/mac/masterAI/tarifit_asr_tfm/data/processed/segments/REC129/REC129_SEG0018_PART01.wav
REC129_SEG0018_PART02,REC129,SPK009,data/processed/segments/REC129/REC129_SEG0018_PART02.wav,10.184,ak d imeḥḍaren nnes ɣares inna asen wenni ixsen ad ayi iḍfar ad inkar ixef nnes ad iksi ṣṣalib nnes uca ad ayi iḍfar,/Users/mac/masterAI/tarifit_asr_tfm/data/processed/segments/REC129/REC129_SEG0018_PART02.wav
REC129_SEG0019,REC129,SPK009,data/processed/segments/REC129/REC129_SEG0019.wav,11.376,minzi wenni ixsen ad issenjem tudart nnes ad tt ixsar maca wenni i ɣa ixsaren tudart nnes di ṭṭweɛ inu u di ṭṭweɛ n rexbar aṣebḥan ad tt issenjem,/Users/mac/masterAI/tarifit_asr_tfm/data/processed/segments/REC129/REC129_SEG0019.wav
REC129_SEG0020_PART01,REC129,SPK009,data/processed/segments/REC129/REC129_SEG0020_PART01.wav,12.584,minzi man refḍer n bnadem mara yarbeḥ ddunect marra maca ad ixsar reɛmar nnes minzi min ɣa iwc bnadem deg wemcan n reɛmar nnes minzi wenni,/Users/mac/masterAI/tarifit_asr_tfm/data/processed/segments/REC129/REC129_SEG0020_PART01.wav
REC129_SEG0020_PART02,REC129,SPK009,data/processed/segments/REC129/REC129_SEG0020_PART02.wav,12.584,zzayi i ɣa iseḍḥan u zeg wawaren inu di jjir a izennan ixḍan aqa ura d mmis n bnadem ad zzayes iseḍḥa xmi dd ɣa yas s uɛuǧi n babas ak d lmalakat iqeddsen,/Users/mac/masterAI/tarifit_asr_tfm/data/processed/segments/REC129/REC129_SEG0020_PART02.wav
REC130_SEG0001,REC130,SPK009,data/processed/segments/REC130/REC130_SEG0001.wav,3.984,asɛuǧi n yasuɛ x wedrar ak d musa d iliya,/Users/mac/masterAI/tarifit_asr_tfm/data/processed/segments/REC130/REC130_SEG0001.wav
REC130_SEG0002_PART01,REC130,SPK009,data/processed/segments/REC130/REC130_SEG0002_PART01.wav,13.528,uca inna asen s tidett necc ad awem iniɣ aqa ca zeg inni da ibedden war ttqasin ca rmewt ar ɣa ẓaren tageldit n arebbi tenni ad ɣayasen s jjehd awarni setta n wussan yasuɛ yiwi dd,/Users/mac/masterAI/tarifit_asr_tfm/data/processed/segments/REC130/REC130_SEG0002_PART01.wav
REC130_SEG0002_PART02,REC130,SPK009,data/processed/segments/REC130/REC130_SEG0002_PART02.wav,13.528,akides buṭrus d yaɛqub d yuḥanna weḥḥedsen ɣar ijj n wedrar yuɛran uca ibedder abdur nsen arruḍ nnes idwer yareqq d acemrar aṭṭas am acnaw adfer,/Users/mac/masterAI/tarifit_asr_tfm/data/processed/segments/REC130/REC130_SEG0002_PART02.wav
REC130_SEG0003_PART01,REC130,SPK009,data/processed/segments/REC130/REC130_SEG0003_PART01.wav,13.768,n wedrar yuɛran uca ibedder abdur nsen arruḍ nnes idwer yareqq d acemrar aṭṭas am acnaw adfer war izemmar ura d ijj n bnadem x temmurt ad issemrer amenni iḍhar asen dd iliya ak d musa am tuɣa ssawaren ak d yasuɛ inna as buṭrus a amsermad inu,/Users/mac/masterAI/tarifit_asr_tfm/data/processed/segments/REC130/REC130_SEG0003_PART01.wav
REC130_SEG0003_PART02,REC130,SPK009,data/processed/segments/REC130/REC130_SEG0003_PART02.wav,13.768,aqa mliḥ umi da neǧa ejj aneɣ ad newwet trata n iɛuccuten n tseṭṭa ijjen i cek ijjen i musa u ijjen i iliya maca tuɣa iweddar as min ɣa yini minzi nitni ggʷeden aṭṭas,/Users/mac/masterAI/tarifit_asr_tfm/data/processed/segments/REC130/REC130_SEG0003_PART02.wav
REC130_SEG0004,REC130,SPK009,data/processed/segments/REC130/REC130_SEG0004.wav,17.808,ikka dd useynu issduriy i ten s tiri nnes uca traɣa dd ict n tmijja zeg useynu teqqar wa d mmi iɛizzen srem ɣares umi ssgeɛɛden nitni tiṭṭawin nsen deg ict n tecti war qqimen ttwaran ɛad ḥed akidsen mɣir yasuɛ weḥḥdes,/Users/mac/masterAI/tarifit_asr_tfm/data/processed/segments/REC130/REC130_SEG0004.wav
REC130_SEG0005,REC130,SPK009,data/processed/segments/REC130/REC130_SEG0005.wav,9.68,arami dd hwan zeg wedrar yumur i ten ḥima war ttɛiwiden i ḥed walu zi min ẓrin ar dd ɣa ikkar mmis n bnadem jar imettinen,/Users/mac/masterAI/tarifit_asr_tfm/data/processed/segments/REC130/REC130_SEG0005.wav
REC130_SEG0006_PART01,REC130,SPK009,data/processed/segments/REC130/REC130_SEG0006_PART01.wav,10.696,xemmren awar a deg yixef nsen am tuɣa ttseqsan ixef nsen min ixs ad yini wawar a ar dd ɣa ikkar zi taddart n imettinen sseqsan t nnan as maye,/Users/mac/masterAI/tarifit_asr_tfm/data/processed/segments/REC130/REC130_SEG0006_PART01.wav
REC130_SEG0006_PART02,REC130,SPK009,data/processed/segments/REC130/REC130_SEG0006_PART02.wav,10.696,mmi qqaren imsermaden n idlisen belli ittxeṣṣa ad dd yas iliya d amezwaru yarra dd inna asen aqa iliya ad dd yas d amezwaru uca ad yarr kurci,/Users/mac/masterAI/tarifit_asr_tfm/data/processed/segments/REC130/REC130_SEG0006_PART02.wav
REC130_SEG0007,REC130,SPK009,data/processed/segments/REC130/REC130_SEG0007.wav,12.944,uca ad tiri am mammec tura x mmis n bnadem aqa ad iweddeb aṭṭas uca ad t sseḥqaren maca necc ad awem iniɣ iliya aqa yusa dd uca ggin zzayes min xsen am mammec xas tura,/Users/mac/masterAI/tarifit_asr_tfm/data/processed/segments/REC130/REC130_SEG0007.wav
REC130_SEG0008,REC130,SPK009,data/processed/segments/REC130/REC130_SEG0008.wav,3.376,asgenfi n ijj n abriɣ dayes raryaḥ amengus,/Users/mac/masterAI/tarifit_asr_tfm/data/processed/segments/REC130/REC130_SEG0008.wav
REC130_SEG0009_PART01,REC130,SPK009,data/processed/segments/REC130/REC130_SEG0009_PART01.wav,14.136,rami dd yusa ɣar imeḥḍaren iẓra ijj n rɣaci d ameqqran ittenneḍ asen dd u imsermaden n idlisen ttqacaḥen ten deɣya iẓra i t marra rɣaci tbehten aṭṭas uca uzzren dd ɣares,/Users/mac/masterAI/tarifit_asr_tfm/data/processed/segments/REC130/REC130_SEG0009_PART01.wav
REC130_SEG0009_PART02,REC130,SPK009,data/processed/segments/REC130/REC130_SEG0009_PART02.wav,14.136,seǧmen xas xenni isseqsa imsermaden n idlisen min xef kidsen tettqacaḥem yarra dd ijjen zi rɣaci inna a amseɣɣar iwyeɣ dd mmi ɣarek aqa dayes raryaḥ nni t yarrin d agnaw,/Users/mac/masterAI/tarifit_asr_tfm/data/processed/segments/REC130/REC130_SEG0009_PART02.wav
REC130_SEG0010,REC130,SPK009,data/processed/segments/REC130/REC130_SEG0010.wav,8.432,xmi t itteṭṭef ineṭṭar i t ɣar temmurt itteffeɣ as dd ukuffu zeg uqemmum ittɣezza tiɣmas nnes uca ittaẓeɣ,/Users/mac/masterAI/tarifit_asr_tfm/data/processed/segments/REC130/REC130_SEG0010.wav
REC130_SEG0011_PART01,REC130,SPK009,data/processed/segments/REC130/REC130_SEG0011_PART01.wav,13.176,nniɣ i imeḥḍaren nnec ad t ssuffɣen maca war d as zemmaren yasuɛ yarra dd inna asen a jjir war yuminen mecḥar kidwem i ɣa qqimeɣ mecḥar i kenniw i ɣa yarbuɣ ɛad awyem t i dd ɣari,/Users/mac/masterAI/tarifit_asr_tfm/data/processed/segments/REC130/REC130_SEG0011_PART01.wav
REC130_SEG0011_PART02,REC130,SPK009,data/processed/segments/REC130/REC130_SEG0011_PART02.wav,13.176,uca iwyen t i dd ɣares umi t iẓra rexdenni immenḍar i t raryaḥ ammu d wammu arami iwḍa ɣar temmurt ibda ittbarkikkiḍ ittekk as dd ukuffu zeg uqemmum yasuɛ isseqsa babas,/Users/mac/masterAI/tarifit_asr_tfm/data/processed/segments/REC130/REC130_SEG0011_PART02.wav
REC130_SEG0012_PART01,REC130,SPK009,data/processed/segments/REC130/REC130_SEG0012_PART01.wav,13.976,mecḥar zeg wami t i dd iḥkem uya inna as zi temẓi nnes aṭṭas n imuren ineṭṭar i t di tmessi u deg waman ḥima ad t isshellek maca mara tzemmared x ca,/Users/mac/masterAI/tarifit_asr_tfm/data/processed/segments/REC130/REC130_SEG0012_PART01.wav
REC130_SEG0012_PART02,REC130,SPK009,data/processed/segments/REC130/REC130_SEG0012_PART02.wav,13.976,ɛawen ayi u ḥinn xafi inna as yasuɛ mara tzemmared ad tamned aqa kurci izemmar i wenni yumnen rexdenni isɣuy babas n uḥenjir s imeṭṭawen inna umneɣ a sidi,/Users/mac/masterAI/tarifit_asr_tfm/data/processed/segments/REC130/REC130_SEG0012_PART02.wav
REC130_SEG0013,REC130,SPK009,data/processed/segments/REC130/REC130_SEG0013.wav,13.616,ɛawen l iman ineqṣen inu umi iẓra yasuɛ rɣaci ittazzer uca ssmunen dd ɣares nitni iwebbex raryaḥ amengus inna as a raryaḥ agnaw necc umureɣ cek ffeɣ zzayes,/Users/mac/masterAI/tarifit_asr_tfm/data/processed/segments/REC130/REC130_SEG0013.wav
REC130_SEG0014_PART01,REC130,SPK009,data/processed/segments/REC130/REC130_SEG0014_PART01.wav,11.912,war ttdekkwir dayes ɛemmarṣ isɣuy cciṭan nni aṭṭas ijebbed i t aṭṭas ammu d wammu uca iffeɣ zzayes xenni idwer uḥenjir am yijj n umettin,/Users/mac/masterAI/tarifit_asr_tfm/data/processed/segments/REC130/REC130_SEG0014_PART01.wav
REC130_SEG0014_PART02,REC130,SPK009,data/processed/segments/REC130/REC130_SEG0014_PART02.wav,11.912,arami tuɣa nnan aṭṭas aqa immut iṭṭef i t yasuɛ zeg ufus nnes issbedd i t umi dd yudef ɣar taddart sseqsan t imeḥḍaren nnes weḥḥedsen,/Users/mac/masterAI/tarifit_asr_tfm/data/processed/segments/REC130/REC130_SEG0014_PART02.wav
REC130_SEG0015,REC130,SPK009,data/processed/segments/REC130/REC130_SEG0015.wav,11.184,mayemmi war nzemmar neccin ad t nessuffeɣ inna asen ddegg a war izemmar ad ittwassuffeɣ ura s ict n rḥajjet mɣir s uẓummi d tẓaǧit waha,/Users/mac/masterAI/tarifit_asr_tfm/data/processed/segments/REC130/REC130_SEG0015.wav
REC130_SEG0016,REC130,SPK009,data/processed/segments/REC130/REC130_SEG0016.wav,4.688,yasuɛ issawar x rmewt d tnukra nnes i twara wiss tnayen,/Users/mac/masterAI/tarifit_asr_tfm/data/processed/segments/REC130/REC130_SEG0016.wav
REC130_SEG0017_PART01,REC130,SPK009,data/processed/segments/REC130/REC130_SEG0017_PART01.wav,11.496,ffɣen dd ssenni uca cuqen di ljalil netta tuɣa war ixs ad t iɛqer ura d ijjen maɣar tuɣa issermad imeḥḍaren nnes iqqar asen aqa mmis n bnadem ad immewc,/Users/mac/masterAI/tarifit_asr_tfm/data/processed/segments/REC130/REC130_SEG0017_PART01.wav
REC130_SEG0017_PART02,REC130,SPK009,data/processed/segments/REC130/REC130_SEG0017_PART02.wav,11.496,deg ifassen n iwdan ad t nɣen uca awarni rami t ɣa nɣen ad dd ikkar deg wass wiss trata maca nitni war fhimen i wawar a uca ggʷeden ad t sseqsan ɛad x uya,/Users/mac/masterAI/tarifit_asr_tfm/data/processed/segments/REC130/REC130_SEG0017_PART02.wav
REC130_SEG0018,REC130,SPK009,data/processed/segments/REC130/REC130_SEG0018.wav,11.728,man wen iǧan d ameqqran usin dd ɣar kafarnaḥum u awarni rami udfen ɣar taddart isseqsa ten di min di tuɣa tḥarrḍem ak d wayawya deg webrid,/Users/mac/masterAI/tarifit_asr_tfm/data/processed/segments/REC130/REC130_SEG0018.wav
REC130_SEG0019_PART01,REC130,SPK009,data/processed/segments/REC130/REC130_SEG0019_PART01.wav,10.824,maca sqaren minzi tuɣa ttemqacaḥen deg webrid di win iǧan d ameqqran zzaysen iqqim iraɣa dd i tenɛac inna asen mara ixs ḥed ad yiri d amez,/Users/mac/masterAI/tarifit_asr_tfm/data/processed/segments/REC130/REC130_SEG0019_PART01.wav
REC130_SEG0019_PART02,REC130,SPK009,data/processed/segments/REC130/REC130_SEG0019_PART02.wav,10.824,war ad yiri d aneggar ura d amsexxar i marra iksi aḥenjir issbedd i t di rwesṭ nsen idarreɛ as uca inna asen,/Users/mac/masterAI/tarifit_asr_tfm/data/processed/segments/REC130/REC130_SEG0019_PART02.wav
REC130_SEG0020,REC130,SPK009,data/processed/segments/REC130/REC130_SEG0020.wav,10.096,wi ɣa iqebren mɣir ijj n uḥenjir am uḥenjir a s yisem inu aqa iqber ayi u wi d ayi ɣa iqebren war d ayi iqebber maca iqebber wi d ayi dd issekken,/Users/mac/masterAI/tarifit_asr_tfm/data/processed/segments/REC130/REC130_SEG0020.wav
REC130_SEG0021,REC130,SPK009,data/processed/segments/REC130/REC130_SEG0021.wav,19.472,wi war iǧin ḍidd nneɣ aqa t akidneɣ yarra dd xas yuḥanna inna as a amsermad inu neẓra ijjen issuffuɣ ccwaṭen s yisem nnec u nemneɛ i t minzi netta war dd aneɣ iḍeffar inna yasuɛ war t mennɛem ca minzi war din ura d ijj i ɣa yeggen timegga ijehden s yisem inu,/Users/mac/masterAI/tarifit_asr_tfm/data/processed/segments/REC130/REC130_SEG0021.wav
REC130_SEG0022,REC130,SPK009,data/processed/segments/REC130/REC130_SEG0022.wav,17.776,uca rexdenni deɣya ad xafi issiwer s rɣar minzi wi war iǧin ḍidd nwem aqa t akidwem wi kenniw i ɣa isseswen s yijj n rkas n waman waha minzi aqa kenniw n lmasiḥ i teǧam aqa s tidett necc ad awem iniɣ netta war ixessar ca rmunet nnes,/Users/mac/masterAI/tarifit_asr_tfm/data/processed/segments/REC130/REC130_SEG0022.wav
REC130_SEG0023,REC130,SPK009,data/processed/segments/REC130/REC130_SEG0023.wav,3.952,yasuɛ iɛrem iwdan x min iɣekkʷan i ddnub,/Users/mac/masterAI/tarifit_asr_tfm/data/processed/segments/REC130/REC130_SEG0023.wav
REC130_SEG0024_PART01,REC130,SPK009,data/processed/segments/REC130/REC130_SEG0024_PART01.wav,12.968,wi ɣa issenqraḍen ijjen zeg imeẓyanen a i dayi yumnen iḥra as ad as tettwagg ict n teṣḍart n tsirt tedqer deg iri nnes ad immenḍar di rebḥar mara issenqarḍ cek ufus,/Users/mac/masterAI/tarifit_asr_tfm/data/processed/segments/REC130/REC130_SEG0024_PART01.wav
REC130_SEG0024_PART02,REC130,SPK009,data/processed/segments/REC130/REC130_SEG0024_PART02.wav,12.968,nnec qess i t iḥra ac ad tadfed ɣar tudart d ameɛḍur x wadaf s tnayen n ifassen di jehennama mani tikecca nsen war tettmetti u timessi nsen war txessi,/Users/mac/masterAI/tarifit_asr_tfm/data/processed/segments/REC130/REC130_SEG0024_PART02.wav
REC130_SEG0025,REC130,SPK009,data/processed/segments/REC130/REC130_SEG0025.wav,14.768,mara isseɣwacek cek uḍar nnec qess i t iḥra ac ad tadfed ɣar tudart d aqejdaḥ x uweṭṭu s tnayen n iḍaren di jehennama mani tikecca nsen war tettmetti u timessi nsen war txessi,/Users/mac/masterAI/tarifit_asr_tfm/data/processed/segments/REC130/REC130_SEG0025.wav
REC130_SEG0026_PART01,REC130,SPK009,data/processed/segments/REC130/REC130_SEG0026_PART01.wav,11.624,mara tesseɣwacek cek tiṭṭ nnec qerɛ i tt iḥra ac ad tadfed ɣar tgeldit n arebbi s ict n tiṭṭ x uweṭṭu s tnayen n tiṭṭawin di tmessi n jehennama,/Users/mac/masterAI/tarifit_asr_tfm/data/processed/segments/REC130/REC130_SEG0026_PART01.wav
REC130_SEG0026_PART02,REC130,SPK009,data/processed/segments/REC130/REC130_SEG0026_PART02.wav,11.624,mani tikecca nsent war tettmetti u timessi nsent war txessi minzi kur ijjen ad ittwameǧeḥ s tmessi u kur taɣarṣt ad tettwameǧeḥ s tmeǧaḥt,/Users/mac/masterAI/tarifit_asr_tfm/data/processed/segments/REC130/REC130_SEG0026_PART02.wav
REC130_SEG0027,REC130,SPK009,data/processed/segments/REC130/REC130_SEG0027.wav,11.184,tameǧaḥt teṣbeḥ maca mara tameǧaḥt ixsar ureddi nnes s min zi tt i ɣa ɛedren ad tiri tmeǧaḥt daywem uca ḥḍam rehna jar awem,/Users/mac/masterAI/tarifit_asr_tfm/data/processed/segments/REC130/REC130_SEG0027.wav
REC131_SEG0001,REC131,SPK009,data/processed/segments/REC131/REC131_SEG0001.wav,2.672,yasuɛ issiwer x remrac d waǧaf,/Users/mac/masterAI/tarifit_asr_tfm/data/processed/segments/REC131/REC131_SEG0001.wav
REC131_SEG0002_PART01,REC131,SPK009,data/processed/segments/REC131/REC131_SEG0002_PART01.wav,13.992,ikkar yuyur ssenni uca yiweḍ ɣar temmurt n yahudiyya ɣar wemcan n uẓekkwi n l urdun munen dd xas rɣaci aṭṭas u ɛawed tuɣa issermad i ten am mammec tuɣa innum usin dd ɣares ifarisiyyen sseqsan t,/Users/mac/masterAI/tarifit_asr_tfm/data/processed/segments/REC131/REC131_SEG0002_PART01.wav
REC131_SEG0002_PART02,REC131,SPK009,data/processed/segments/REC131/REC131_SEG0002_PART02.wav,13.992,ḥima ad t jarrben ma iḥeǧer i weryaz ad iǧef i temɣart nnes yarra dd inna asen min xef tuɣa kenniw yumur musa nnan musa iwca ttesriḥ ad tettwari tebrat n waǧaf maḥend aryaz ad as iǧef,/Users/mac/masterAI/tarifit_asr_tfm/data/processed/segments/REC131/REC131_SEG0002_PART02.wav
REC131_SEG0003,REC131,SPK009,data/processed/segments/REC131/REC131_SEG0003.wav,6.416,yarra dd yasuɛ inna asen x ssibbet n reqsaḥet n wurawen nwem aqa yura awem tawṣeyyet a,/Users/mac/masterAI/tarifit_asr_tfm/data/processed/segments/REC131/REC131_SEG0003.wav
REC131_SEG0004_PART01,REC131,SPK009,data/processed/segments/REC131/REC131_SEG0004_PART01.wav,11.8,maca zi beddu zi mani tettwagg ddunect ixreq i ten dd arebbi d awtem d tewtemt s uyenni ad ismeḥ weryaz di babas d yemmas ad iqqen ɣar temɣart nnes,/Users/mac/masterAI/tarifit_asr_tfm/data/processed/segments/REC131/REC131_SEG0004_PART01.wav
REC131_SEG0004_PART02,REC131,SPK009,data/processed/segments/REC131/REC131_SEG0004_PART02.wav,11.8,uca tnayen idsen xenni ad irin d ict n ddat uca ammu war ttirin ɛad d tnayen maca ad irin d ict n arrimet s uya min issmun arebbi war t ibeṭṭi bnadem,/Users/mac/masterAI/tarifit_asr_tfm/data/processed/segments/REC131/REC131_SEG0004_PART02.wav
REC131_SEG0005,REC131,SPK009,data/processed/segments/REC131/REC131_SEG0005.wav,17.008,di taddart sseqsan t imeḥḍaren nnes ɛawed x man aya inna asen wi ɣa iǧfen i temɣart nnes uca ad yawi tenneɣnit aqa netta izna u mara tamɣart teǧef i weryaz nnes uca xenni ad tiri i weryaz nneɣni aqa nettat tezna,/Users/mac/masterAI/tarifit_asr_tfm/data/processed/segments/REC131/REC131_SEG0005.wav
REC131_SEG0006,REC131,SPK009,data/processed/segments/REC131/REC131_SEG0006.wav,8.944,yasuɛ ibarek iḥenjiren iwyen as dd iḥenjiren ḥima ad ten iḥada maca imeḥḍaren webbxen inni ten dd yiwyen ɣares,/Users/mac/masterAI/tarifit_asr_tfm/data/processed/segments/REC131/REC131_SEG0006.wav
REC131_SEG0007_PART01,REC131,SPK009,data/processed/segments/REC131/REC131_SEG0007_PART01.wav,11.576,umi iẓra yasuɛ man aya ixeyyeq inna asen jjem iḥenjiren ad ɣari dd asen war ten mennɛem minzi tageldit n arebbi n yinni iǧan am nitni s tidett necc ad,/Users/mac/masterAI/tarifit_asr_tfm/data/processed/segments/REC131/REC131_SEG0007_PART01.wav
REC131_SEG0007_PART02,REC131,SPK009,data/processed/segments/REC131/REC131_SEG0007_PART02.wav,11.576,awem iniɣ wi war iqebbren tageldit n arebbi am yijj n uḥenjir aqa ɛemmarṣ war ɣares ittidef idarreɛ asen uca am xasen issars ifassen nnes ibark i ten,/Users/mac/masterAI/tarifit_asr_tfm/data/processed/segments/REC131/REC131_SEG0007_PART02.wav
REC131_SEG0008,REC131,SPK009,data/processed/segments/REC131/REC131_SEG0008.wav,2.224,yasuɛ d weryaz bu wagra,/Users/mac/masterAI/tarifit_asr_tfm/data/processed/segments/REC131/REC131_SEG0008.wav
REC131_SEG0009_PART01,REC131,SPK009,data/processed/segments/REC131/REC131_SEG0009_PART01.wav,14.188,umi iffeɣ maḥend ad yuyur deg webrid yuzzer dd ɣares ijjen iwḍa as ɣar ifadden uca isseqsa t inna a amseɣɣar aṣebḥan min ɣa ggeɣ ḥima ad warteɣ tudart ittduman inna as yasuɛ mayemmi d ayi,/Users/mac/masterAI/tarifit_asr_tfm/data/processed/segments/REC131/REC131_SEG0009_PART01.wav
REC131_SEG0009_PART02,REC131,SPK009,data/processed/segments/REC131/REC131_SEG0009_PART02.wav,14.188,tettraɣid aṣebḥan ura d ijj war iǧi d aṣebḥan mɣir ijjen waha arebbi cek tessned tiweṣṣa war zenni war neqq war tticar war cehhed s ẓur war ttɣecca,/Users/mac/masterAI/tarifit_asr_tfm/data/processed/segments/REC131/REC131_SEG0009_PART02.wav
REC131_SEG0010,REC131,SPK009,data/processed/segments/REC131/REC131_SEG0010.wav,8.056,weqqar babac d yemmac yarra dd inna as wah a amseɣɣar aqa marra tina tuɣa ḍeffareɣ tent zi temẓi inu,/Users/mac/masterAI/tarifit_asr_tfm/data/processed/segments/REC131/REC131_SEG0010.wav
REC131_SEG0011_PART01,REC131,SPK009,data/processed/segments/REC131/REC131_SEG0011_PART01.wav,10.728,ixzar dayes yasuɛ uca issɛizz i t inna as teqqim icten ɛad uyur zenz marra min ɣarek ewc i t i imezraḍ uca ad ɣarek yiri ijj n rkenz deg ujenna,/Users/mac/masterAI/tarifit_asr_tfm/data/processed/segments/REC131/REC131_SEG0011_PART01.wav
REC131_SEG0011_PART02,REC131,SPK009,data/processed/segments/REC131/REC131_SEG0011_PART02.wav,10.728,xenni assed ḍḍa ksi ṣṣalib nnec ḍfar ayi dd maca netta tuɣa iḥzen s wawar nni uca iruḥ icḍen minzi tuɣa ɣares aṭṭas n wagra,/Users/mac/masterAI/tarifit_asr_tfm/data/processed/segments/REC131/REC131_SEG0011_PART02.wav
REC131_SEG0012,REC131,SPK009,data/processed/segments/REC131/REC131_SEG0012.wav,10.44,ixzar yasuɛ ɣar inni idass dyenden inna asen i imeḥḍaren nnes mecḥar iwɛar x yinni ɣar iǧa attas n wagra ḥima ad adfen ɣar tgeldit n arebbi,/Users/mac/masterAI/tarifit_asr_tfm/data/processed/segments/REC131/REC131_SEG0012.wav
REC131_SEG0013_PART01,REC131,SPK009,data/processed/segments/REC131/REC131_SEG0013_PART01.wav,12.564,tbehten imeḥḍaren zeg wawaren nnes maca yasuɛ iɛawed iṭṭef deg wawar inna asen a tarwa inu mecḥar iwɛar x yinni ittcaran x wagra nsen maḥend ad dd adfen ɣar,/Users/mac/masterAI/tarifit_asr_tfm/data/processed/segments/REC131/REC131_SEG0013_PART01.wav
REC131_SEG0013_PART02,REC131,SPK009,data/processed/segments/REC131/REC131_SEG0013_PART02.wav,12.564,tgeldit n arebbi ihwen ad yadef werɣem zi tiṭṭ n tsineft zeg wadaf n bu wagra ɣar tgeldit n arebbi immarni daysen ɛad unexriɛ nnan i wayawya,/Users/mac/masterAI/tarifit_asr_tfm/data/processed/segments/REC131/REC131_SEG0013_PART02.wav
REC131_SEG0014,REC131,SPK009,data/processed/segments/REC131/REC131_SEG0014.wav,13.68,wi izemmaren xenni ad ittwassenjem ixzar daysen yasuɛ inna ɣar iwdan war izemmar maca ɣar arebbi war iǧi amenni minzi aqa ɣar arebbi kurci di tzemmar nnes,/Users/mac/masterAI/tarifit_asr_tfm/data/processed/segments/REC131/REC131_SEG0014.wav
REC131_SEG0015,REC131,SPK009,data/processed/segments/REC131/REC131_SEG0015.wav,2.512,rmunet n weḍfar n yasuɛ,/Users/mac/masterAI/tarifit_asr_tfm/data/processed/segments/REC131/REC131_SEG0015.wav
REC131_SEG0016,REC131,SPK009,data/processed/segments/REC131/REC131_SEG0016.wav,5.84,ibda buṭrus ad yini xzar aqa neccin nejja kurci neḍfar i cek dd,/Users/mac/masterAI/tarifit_asr_tfm/data/processed/segments/REC131/REC131_SEG0016.wav
REC131_SEG0017_PART01,REC131,SPK009,data/processed/segments/REC131/REC131_SEG0017_PART01.wav,13.284,yarra dd xas yasuɛ inna s tidett necc ad awem iniɣ war din iǧi ura d ijjen wenni isemḥen di taddart niɣ deg aytmas niɣ di yessmas niɣ di babas niɣ di yemmas niɣ di,/Users/mac/masterAI/tarifit_asr_tfm/data/processed/segments/REC131/REC131_SEG0017_PART01.wav
REC131_SEG0017_PART02,REC131,SPK009,data/processed/segments/REC131/REC131_SEG0017_PART02.wav,13.284,temɣart niɣ di tarrawt ura deg iyyaren di ṭṭweɛ inu u di ṭṭweɛ n rexbar aṣebḥan i war ikessin mya n tseqqar rexxu di zzman a ad iksi tudrin niɣ aytmas niɣ yessmas,/Users/mac/masterAI/tarifit_asr_tfm/data/processed/segments/REC131/REC131_SEG0017_PART02.wav
REC131_SEG0018,REC131,SPK009,data/processed/segments/REC131/REC131_SEG0018.wav,19.816,niɣ tyemmatin niɣ tarrawt d yeyyaren ak d umarret uca di zzman i dd ɣa yasen ad iksi tudart ittduman maca aṭṭas n yinni iǧan d imezwura ad irin d ineggura uca inni iǧan d ineggura ad irin d imezwura,/Users/mac/masterAI/tarifit_asr_tfm/data/processed/segments/REC131/REC131_SEG0018.wav
REC131_SEG0019,REC131,SPK009,data/processed/segments/REC131/REC131_SEG0019.wav,5.68,yasuɛ issawar x rmewt d tnukra nnes i twara wiss trata,/Users/mac/masterAI/tarifit_asr_tfm/data/processed/segments/REC131/REC131_SEG0019.wav
REC131_SEG0020_PART01,REC131,SPK009,data/processed/segments/REC131/REC131_SEG0020_PART01.wav,13.768,tuɣa ten deg webrid maḥend ad geɛɛden ɣar urcalim u yasuɛ tuɣa izwar asen nitni tuɣa ttbehten uca ggʷeden umi t i dd ḍeffaren iksi tenɛac ɣar uɣezdis uca ibda iqqar asen x,/Users/mac/masterAI/tarifit_asr_tfm/data/processed/segments/REC131/REC131_SEG0020_PART01.wav
REC131_SEG0020_PART02,REC131,SPK009,data/processed/segments/REC131/REC131_SEG0020_PART02.wav,13.768,min d as ɣa imsaren inna xzar neccin ad ngeɛɛed ɣar urcalim u mmis n bnadem ad immewc deg ifassen n imeqqranen n ikehhanen d imsermaden n idlisen u nitni ad xas ḥekmen s rmewt,/Users/mac/masterAI/tarifit_asr_tfm/data/processed/segments/REC131/REC131_SEG0020_PART02.wav
REC131_SEG0021,REC131,SPK009,data/processed/segments/REC131/REC131_SEG0021.wav,11.152,ad t sellmen i regnus ad t sseḥqaren ad t hettken s urekkuḍ ad xas ssusfen ad t nɣen uca deg wass wiss trata ad ikkar,/Users/mac/masterAI/tarifit_asr_tfm/data/processed/segments/REC131/REC131_SEG0021.wav
REC131_SEG0022_PART01,REC131,SPK009,data/processed/segments/REC131/REC131_SEG0022_PART01.wav,10.872,tutra n yaɛqub d yuḥanna yusa dd ɣares yaɛqub d yuḥanna tarwa n zabdi nnan as a amseɣɣar nexs ad aneɣ tegged marra min,/Users/mac/masterAI/tarifit_asr_tfm/data/processed/segments/REC131/REC131_SEG0022_PART01.wav
REC131_SEG0022_PART02,REC131,SPK009,data/processed/segments/REC131/REC131_SEG0022_PART02.wav,10.872,zzayek ɣa nettar inna asen min texsem ad awem ggeɣ nnan as ewc aneɣ ad neqqim ijjen ɣar ufusi nnec u wenneɣni ɣar uzermaḍ nnec deg uɛuǧi nnec,/Users/mac/masterAI/tarifit_asr_tfm/data/processed/segments/REC131/REC131_SEG0022_PART02.wav
REC131_SEG0023,REC131,SPK009,data/processed/segments/REC131/REC131_SEG0023.wav,8.176,maca yasuɛ inna asen aqa war tessinem ca min tettarem ma tzemmarem ad teswem rkas i zi ɣa sweɣ necc,/Users/mac/masterAI/tarifit_asr_tfm/data/processed/segments/REC131/REC131_SEG0023.wav
REC131_SEG0024_PART01,REC131,SPK009,data/processed/segments/REC131/REC131_SEG0024_PART01.wav,12.296,niɣ ad tettwassɣeḍṣem s useɣḍeṣ i zi ɣa ttwassɣeḍṣeɣ necc nnan as nzemmar inna asen yasuɛ rkas i ɣa sweɣ necc ad t teswem u aseɣḍeṣ i zi ttwassɣeḍṣeɣ,/Users/mac/masterAI/tarifit_asr_tfm/data/processed/segments/REC131/REC131_SEG0024_PART01.wav
REC131_SEG0024_PART02,REC131,SPK009,data/processed/segments/REC131/REC131_SEG0024_PART02.wav,12.296,necc ad zzayes ttwassɣeḍṣem maca aɣimi x yefus inu niɣ x uzermaḍ inu war ɣari iǧi deg ufus inu maḥend ad t wceɣ maca ad immewc i yinni umi ittwassewjed,/Users/mac/masterAI/tarifit_asr_tfm/data/processed/segments/REC131/REC131_SEG0024_PART02.wav
REC131_SEG0025_PART01,REC131,SPK009,data/processed/segments/REC131/REC131_SEG0025_PART01.wav,12.968,rami srin ɛecra n imeḥḍaren man aya xeyyqen x yaɛqub d yuḥanna xenni iraɣa asen dd yasuɛ ɣares inna asen kenniw tessnem belli inni ittwaḥesben d rḥukkam n regnus,/Users/mac/masterAI/tarifit_asr_tfm/data/processed/segments/REC131/REC131_SEG0025_PART01.wav
REC131_SEG0025_PART02,REC131,SPK009,data/processed/segments/REC131/REC131_SEG0025_PART02.wav,12.968,aqa ḥekkmen xasen u imeqqranen nsen aqa ttṣeǧaḍen ten war ittiri ammu jar awem maca wenni ixsen ad idwer d ameqqran jar awem aqa netta ad yiri d amsexxar nwem,/Users/mac/masterAI/tarifit_asr_tfm/data/processed/segments/REC131/REC131_SEG0025_PART02.wav
REC131_SEG0026,REC131,SPK009,data/processed/segments/REC131/REC131_SEG0026.wav,16.56,u wenni ixsen ad yiri d amezwaru jar awem aqa netta ad yiri d amsexxar i marra minzi ɛawed mmis n bnadem war dd yusi ḥima ad xas sexxaren maca ḥima ad ixdem ad iwc tudart nnes d rehdyet i waṭṭas n iwdan,/Users/mac/masterAI/tarifit_asr_tfm/data/processed/segments/REC131/REC131_SEG0026.wav
REC131_SEG0027,REC131,SPK009,data/processed/segments/REC131/REC131_SEG0027.wav,2.96,asgenfi n mmis n timawus adarɣar,/Users/mac/masterAI/tarifit_asr_tfm/data/processed/segments/REC131/REC131_SEG0027.wav
REC131_SEG0028_PART01,REC131,SPK009,data/processed/segments/REC131/REC131_SEG0028_PART01.wav,14.6,iwḍen dd ɣar ariḥa rami dd iffeɣ zi ariḥa ak d imeḥḍaren nnes d waṭṭas n rɣaci tuɣa timawus mmis n timawuswenni tuɛa d adarɣar iqqim deg webrid ittettar umi isra belli yasuɛ,/Users/mac/masterAI/tarifit_asr_tfm/data/processed/segments/REC131/REC131_SEG0028_PART01.wav
REC131_SEG0028_PART02,REC131,SPK009,data/processed/segments/REC131/REC131_SEG0028_PART02.wav,14.6,nnaṣiri aqa t din ibda isɣuyyu iqqar a mmis n dawud arḥem ayi webbxen t aṭṭas ḥima ad isqar maca netta iqqim isɣuyyu ktar a mmis n dawud arḥem ayi,/Users/mac/masterAI/tarifit_asr_tfm/data/processed/segments/REC131/REC131_SEG0028_PART02.wav
REC131_SEG0029,REC131,SPK009,data/processed/segments/REC131/REC131_SEG0029.wav,3.664,ibedd yasuɛ uca yumur ad xas dd raɣan,/Users/mac/masterAI/tarifit_asr_tfm/data/processed/segments/REC131/REC131_SEG0029.wav
REC131_SEG0030_PART01,REC131,SPK009,data/processed/segments/REC131/REC131_SEG0030_PART01.wav,13.217,raɣan dd i udarɣar nnan as egg ur kkar aqa ittraɣa dd xak inḍar udarɣar ajeǧab nnes ikkar uca yusa dd ɣar yasuɛ yarra dd yasuɛ inna as min texsed ad ac t ggeɣ,/Users/mac/masterAI/tarifit_asr_tfm/data/processed/segments/REC131/REC131_SEG0030_PART01.wav
REC131_SEG0030_PART02,REC131,SPK009,data/processed/segments/REC131/REC131_SEG0030_PART02.wav,13.217,inna as udarɣar a amsermad ḥima ad twariɣ inna as yasuɛ xzar l iman nnec isgenfi ccek rexdenni idwer ittwara uca iḍfar i t deg webrid,/Users/mac/masterAI/tarifit_asr_tfm/data/processed/segments/REC131/REC131_SEG0030_PART02.wav
REC132_SEG0001,REC132,SPK009,data/processed/segments/REC132/REC132_SEG0001.wav,2.896,adaf n yasuɛ ɣar urcalim am ujeǧid,/Users/mac/masterAI/tarifit_asr_tfm/data/processed/segments/REC132/REC132_SEG0001.wav
REC132_SEG0002_PART01,REC132,SPK009,data/processed/segments/REC132/REC132_SEG0002_PART01.wav,11.896,umi dd qarrben ɣar urcalim ɣar bayt faji d bayt ɛanya zzat i wedrar n zzitun issekk tnayen n imeḥḍaren nnes inna asen ruḥem ɣar dcar nni qibac nwem xmi ɣares i,/Users/mac/masterAI/tarifit_asr_tfm/data/processed/segments/REC132/REC132_SEG0002_PART01.wav
REC132_SEG0002_PART02,REC132,SPK009,data/processed/segments/REC132/REC132_SEG0002_PART02.wav,11.896,ɣa tadfem rexdenni ad tafem ijj n wesnus iqqen war xas inyi ura d ijj n bnadem fesyem as dd uca awyem t i dd ɣari mara inna awem ḥed mayemmi i tetteggem aya,/Users/mac/masterAI/tarifit_asr_tfm/data/processed/segments/REC132/REC132_SEG0002_PART02.wav
REC132_SEG0003,REC132,SPK009,data/processed/segments/REC132/REC132_SEG0003.wav,9.808,xenni inim aqa sidi iḥdaj i t uca rexdenni ad t i dd issekk da ɛawed nitni ruḥen ufin asnus nni iqqen ɣar tewwart barra x webrid,/Users/mac/masterAI/tarifit_asr_tfm/data/processed/segments/REC132/REC132_SEG0003.wav
REC132_SEG0004_PART01,REC132,SPK009,data/processed/segments/REC132/REC132_SEG0004_PART01.wav,12.664,rami d as dd arxun nnan asen ca n yinni tuɣa din ibedden min tetteggem tfessyem i wesnus nnan asen am mammec ten iweṣṣa yasuɛ uca jjin ten iwyen dd asnus ɣar yasuɛ,/Users/mac/masterAI/tarifit_asr_tfm/data/processed/segments/REC132/REC132_SEG0004_PART01.wav
REC132_SEG0004_PART02,REC132,SPK009,data/processed/segments/REC132/REC132_SEG0004_PART02.wav,12.664,ssarsen xas arruḍ nsen uca inya xas netta aṭṭas ssun arruḍ nsen x webrid ca nneɣni qessen dd refruɛ s wafriwen zi tcejjura uca ssun ten x webrid,/Users/mac/masterAI/tarifit_asr_tfm/data/processed/segments/REC132/REC132_SEG0004_PART02.wav
REC132_SEG0005_PART01,REC132,SPK009,data/processed/segments/REC132/REC132_SEG0005_PART01.wav,14.408,inni t izwaren d yinni t i dd iḍfaren tuɣa sɣuyyun s jjehd qqaren uṣanna lbaraka i wenni dd yusin s yisem n sidi ad tettwabarek tgeldit tenni i dd ɣa yasen s ufus n babatneɣ dawud uṣan,/Users/mac/masterAI/tarifit_asr_tfm/data/processed/segments/REC132/REC132_SEG0005_PART01.wav
REC132_SEG0005_PART02,REC132,SPK009,data/processed/segments/REC132/REC132_SEG0005_PART02.wav,14.408,na di ruɛra x ruɛra n ijenwan yusa dd yasuɛ ɣar urcalim yudef ɣar zzawect tameqqrant uca iẓra marra min din imsaren rami tuɣa issutem rḥar iffeɣ ɣar bayt ɛanya ak d tenɛac,/Users/mac/masterAI/tarifit_asr_tfm/data/processed/segments/REC132/REC132_SEG0005_PART02.wav
REC132_SEG0006,REC132,SPK009,data/processed/segments/REC132/REC132_SEG0006.wav,1.488,anɛar n wartu,/Users/mac/masterAI/tarifit_asr_tfm/data/processed/segments/REC132/REC132_SEG0006.wav
REC132_SEG0007_PART01,REC132,SPK009,data/processed/segments/REC132/REC132_SEG0007_PART01.wav,14.076,tiwecca nnes rami dd iffeɣ zi bayt ɛanya iṭṭef i t i dd raẓ umi iẓra zi raggʷaj ijj n wartu n tazart ɣares tifray yuyur din ḥima ad yarzu ma ad taɣ ad dayes yaf ca umi ɣares dd yiweḍ war,/Users/mac/masterAI/tarifit_asr_tfm/data/processed/segments/REC132/REC132_SEG0007_PART01.wav
REC132_SEG0007_PART02,REC132,SPK009,data/processed/segments/REC132/REC132_SEG0007_PART02.wav,14.076,yufi walu mɣir tifray minzi war tuɣi bu rweqt n tazart iṭṭef deg wawar inna as i wartu zi rexxu d tsawent war zzayem ittett ura d ijj ɛad rɣiǧet tuɣa imeḥḍaren nnes ttesran,/Users/mac/masterAI/tarifit_asr_tfm/data/processed/segments/REC132/REC132_SEG0007_PART02.wav
REC132_SEG0008,REC132,SPK009,data/processed/segments/REC132/REC132_SEG0008.wav,1.848,min iqqar,/Users/mac/masterAI/tarifit_asr_tfm/data/processed/segments/REC132/REC132_SEG0008.wav
REC132_SEG0009,REC132,SPK009,data/processed/segments/REC132/REC132_SEG0009.wav,3.056,yasuɛ d isebbaben di taddart iqeddsen,/Users/mac/masterAI/tarifit_asr_tfm/data/processed/segments/REC132/REC132_SEG0009.wav
REC132_SEG0010_PART01,REC132,SPK009,data/processed/segments/REC132/REC132_SEG0010_PART01.wav,14.456,ussind ɣar urcalim u umi yudef yasuɛ ɣar zawect temeqrant ibda issuffuɣ isebbaben d imsewwaqen nni iǧan di zzawect tameqqrant uca ibda issneqrab ṭṭwaber n iṣarrafen,/Users/mac/masterAI/tarifit_asr_tfm/data/processed/segments/REC132/REC132_SEG0010_PART01.wav
REC132_SEG0010_PART02,REC132,SPK009,data/processed/segments/REC132/REC132_SEG0010_PART02.wav,14.456,n tmenyat d rekrasi n yinni tuɣa iznuzan idbiren uca war ijji ḥed ad iɛdu zzawect tameqqrant ura s ict n rqecɛet tuɣa issermad inna asen ma war turi,/Users/mac/masterAI/tarifit_asr_tfm/data/processed/segments/REC132/REC132_SEG0010_PART02.wav
REC132_SEG0011,REC132,SPK009,data/processed/segments/REC132/REC132_SEG0011.wav,10.064,taddart inu ad as raɣan taddart n tẓaǧit i marra regnus maca kenniw tarrim tt d ifri n iceffaren,/Users/mac/masterAI/tarifit_asr_tfm/data/processed/segments/REC132/REC132_SEG0011.wav
REC132_SEG0012,REC132,SPK009,data/processed/segments/REC132/REC132_SEG0012.wav,17.84,imsermaden n idlisen d imeqqranen n ikehhanen srin man aya kkaren uca arezzun mammec ɣa ggen ad t nɣen minzi ggʷeden zzayes minzi rɣaci marra tuɣa ittebhet s usermed nnes rami dd tewḍa tmeddit ffɣen ɣar barra n tendint,/Users/mac/masterAI/tarifit_asr_tfm/data/processed/segments/REC132/REC132_SEG0012.wav
REC132_SEG0013,REC132,SPK009,data/processed/segments/REC132/REC132_SEG0013.wav,1.52,artu israw,/Users/mac/masterAI/tarifit_asr_tfm/data/processed/segments/REC132/REC132_SEG0013.wav
REC132_SEG0014_PART01,REC132,SPK009,data/processed/segments/REC132/REC132_SEG0014_PART01.wav,12.808,di ṣṣbeḥ zic rami dinni ɛdun ẓrin belli wartu nni israw zeg iẓewran cimɛun iften xenni inna as a amsermad inu xzar artu i tneɛred aqa israw,/Users/mac/masterAI/tarifit_asr_tfm/data/processed/segments/REC132/REC132_SEG0014_PART01.wav
REC132_SEG0014_PART02,REC132,SPK009,data/processed/segments/REC132/REC132_SEG0014_PART02.wav,12.808,yarra dd yasuɛ inna asen maɛlik ad daywem yiri l iman n arebbi s tidett necc ad awem iniɣ mara ḥed ad yini i wedrar a meksi wḍa di rebḥar,/Users/mac/masterAI/tarifit_asr_tfm/data/processed/segments/REC132/REC132_SEG0014_PART02.wav
REC132_SEG0015,REC132,SPK009,data/processed/segments/REC132/REC132_SEG0015.wav,17.424,war ittcekki deg wur nnes maca ad yamen belli min inna ad iffeɣ iwa aqa ad iffeɣ i netta am mammec inna netta s uyenni necc ad awem iniɣ marra min ɣa tettarem am tettẓaǧam amnen belli ad t tkesbem uca ad ɣarwem yiri,/Users/mac/masterAI/tarifit_asr_tfm/data/processed/segments/REC132/REC132_SEG0015.wav
REC132_SEG0016,REC132,SPK009,data/processed/segments/REC132/REC132_SEG0016.wav,17.104,u xmi ɣa tbeddem tettẓẓaǧam ɣfarem min ɣarwem x ca n ijjen ḥima ad awem iɣfar ɛawed babatwem i iǧan deg ijenwan ddnub nwem mara war tɣeffarem kenniw war d awem iɣeffar ura d babatwem i iǧan deg ijenwan i ddnub nwem,/Users/mac/masterAI/tarifit_asr_tfm/data/processed/segments/REC132/REC132_SEG0016.wav
REC132_SEG0017,REC132,SPK009,data/processed/segments/REC132/REC132_SEG0017.wav,2.224,aseqsi x ttesriḥ n yasuɛ,/Users/mac/masterAI/tarifit_asr_tfm/data/processed/segments/REC132/REC132_SEG0017.wav
REC132_SEG0018_PART01,REC132,SPK009,data/processed/segments/REC132/REC132_SEG0018_PART01.wav,14.908,usin dd ɛawed ɣar urcalim am tuɣa iggur di zzawect tameqqrant qarrben dd ɣares imeqqranen n ikehhanen d imsermaden n idlisen d imɣaren n rgens nnan as s man ttesriḥ i zi tettegged timesrayin a,/Users/mac/masterAI/tarifit_asr_tfm/data/processed/segments/REC132/REC132_SEG0018_PART01.wav
REC132_SEG0018_PART02,REC132,SPK009,data/processed/segments/REC132/REC132_SEG0018_PART02.wav,14.908,wi d ac iwcin ṣṣulṭa ya ḥima ad tegged timesrayin a yarra dd yasuɛ inna asen ura d necc ad kenniw sseqsiɣ ijj n useqsi ḥima kenniw ad xafi tarrim uca xenni ura d necc ad awem iniɣ s man ttesriḥ i zi,/Users/mac/masterAI/tarifit_asr_tfm/data/processed/segments/REC132/REC132_SEG0018_PART02.wav
REC132_SEG0019,REC132,SPK009,data/processed/segments/REC132/REC132_SEG0019.wav,1.016,tteggeɣ aya,/Users/mac/masterAI/tarifit_asr_tfm/data/processed/segments/REC132/REC132_SEG0019.wav
REC132_SEG0020_PART01,REC132,SPK009,data/processed/segments/REC132/REC132_SEG0020_PART01.wav,14.908,aseɣḍaṣ n yuḥanna ma ikka dd zeg ujenna niɣ zeg iwdan arrem dd xafi mcawaren jar asen nnan mara nenna zeg ujenna ad yini mayemmi war zzayes tuminem maca mara nenna,/Users/mac/masterAI/tarifit_asr_tfm/data/processed/segments/REC132/REC132_SEG0020_PART01.wav
REC132_SEG0020_PART02,REC132,SPK009,data/processed/segments/REC132/REC132_SEG0020_PART02.wav,14.908,zeg iwdan xenni ittxeṣṣa ad neggʷed zi rgens minzi marra ḥesben yuḥanna d anabi s tidett arrin dd nnan i yasuɛ war nessin yarred xasen yasuɛ inna xenni ura d necc war d awem,/Users/mac/masterAI/tarifit_asr_tfm/data/processed/segments/REC132/REC132_SEG0020_PART02.wav
REC132_SEG0021,REC132,SPK009,data/processed/segments/REC132/REC132_SEG0021.wav,4.655,qqareɣ zi man ttesriḥ i zi tteggeɣ timesrayin a,/Users/mac/masterAI/tarifit_asr_tfm/data/processed/segments/REC132/REC132_SEG0021.wav
REC133_SEG0001_PART01,REC133,SPK009,data/processed/segments/REC133/REC133_SEG0001_PART01.wav,11.112,amedya n umarjuɛ n tzayart d ixemmasen iɛeffanen ibda issawar akidsen s imedya ijj n bnadem igga ijj n umarjeɛ n uḍir iẓẓu dayes tizayarin,/Users/mac/masterAI/tarifit_asr_tfm/data/processed/segments/REC133/REC133_SEG0001_PART01.wav
REC133_SEG0001_PART02,REC133,SPK009,data/processed/segments/REC133/REC133_SEG0001_PART02.wav,11.112,iqewwar as dd s ijj n wefray iɣza tasirt n uḍir ibna dayes ṣṣumɛet uca iwekker amarjuɛ nni i ixemmasen uca isafa,/Users/mac/masterAI/tarifit_asr_tfm/data/processed/segments/REC133/REC133_SEG0001_PART02.wav
REC133_SEG0002,REC133,SPK009,data/processed/segments/REC133/REC133_SEG0002.wav,14.032,rami dd yiweḍ rḥar issekk amsexxar nnes ɣar ixemmasen ḥima ad iksi tasɣart nnes zeg werqaḍ n umarjeɛ n uḍir maca nitni wtin t uca ssekken t ixwa,/Users/mac/masterAI/tarifit_asr_tfm/data/processed/segments/REC133/REC133_SEG0002.wav
REC133_SEG0003,REC133,SPK009,data/processed/segments/REC133/REC133_SEG0003.wav,19.92,ɛawed issekk ɣarsen ijj n umsexxar nneɣni arejmen t marẓen as uca rami t ssbeḥtren uẓẓren xas ɛawed issekk dd ɣarsen wenneɣni uca nɣin t ura d netta ammu i issekk ɛad aṭṭas n inneɣni hettken ca zzaysen s urekkuḍ d ca nneɣni zzaysen nɣin ten,/Users/mac/masterAI/tarifit_asr_tfm/data/processed/segments/REC133/REC133_SEG0003.wav
REC133_SEG0004,REC133,SPK009,data/processed/segments/REC133/REC133_SEG0004.wav,16.88,ɣar uneggar issekk ɣarsen ayenni n mmis i ɣares i xas iɛizzen inna nican ad weqqaren mmi maca ixemmasen nni nnan jar asen aqa d wa d awrit zidem ad t neneɣ uca ad ɣarneɣ yiri rwart,/Users/mac/masterAI/tarifit_asr_tfm/data/processed/segments/REC133/REC133_SEG0004.wav
REC133_SEG0005,REC133,SPK009,data/processed/segments/REC133/REC133_SEG0005.wav,14.768,ksin t nɣin t uca nḍaren t barra i umarjeɛ n uḍir min ɣa yegg bab n umarjeɛ n uḍir ad dd yas ad ineɣ ixemmasen uca ad iwc amarjeɛ n uḍir i inneɣni ma war teɣrim tira ya,/Users/mac/masterAI/tarifit_asr_tfm/data/processed/segments/REC133/REC133_SEG0005.wav
REC133_SEG0006,REC133,SPK009,data/processed/segments/REC133/REC133_SEG0006.wav,19.344,aẓru i tuɣa immenḍaren ibennayen aqa idwer d aẓru d azeǧif n teɣmart wa yusa dd zi sidi u man aya is tebhaḍ di tiṭṭawin nneɣ xsen ad t ṭṭfen maca nitni ggʷeden zi rɣaci minzi fehmen belli tuɣa issawar xasen s umedya nni nitni jjin t uca uyuren,/Users/mac/masterAI/tarifit_asr_tfm/data/processed/segments/REC133/REC133_SEG0006.wav
REC133_SEG0007,REC133,SPK009,data/processed/segments/REC133/REC133_SEG0007.wav,2.224,axeǧeṣ n ḍḍariba i qayṣar,/Users/mac/masterAI/tarifit_asr_tfm/data/processed/segments/REC133/REC133_SEG0007.wav
REC133_SEG0008_PART01,REC133,SPK009,data/processed/segments/REC133/REC133_SEG0008_PART01.wav,13.272,xenni ssekken ɣares ca n yeryazen zeg ifarisiyyen u ca zi taddart n hirudus ḥima ad as ṭṭfen s wawaren nnes umi dd usin nnan as a amseɣɣar neccin nessen aqa cek d,/Users/mac/masterAI/tarifit_asr_tfm/data/processed/segments/REC133/REC133_SEG0008_PART01.wav
REC133_SEG0008_PART02,REC133,SPK009,data/processed/segments/REC133/REC133_SEG0008_PART02.wav,13.272,tidett war teggʷided zeg iwdan u war txezzared ca ɣar wudem n iwdan maca tessermaded abrid n arebbi s tidett ma iḥeǧer ad newc ddariba i kur ijjen zzayneɣ i qayṣar niɣ lla,/Users/mac/masterAI/tarifit_asr_tfm/data/processed/segments/REC133/REC133_SEG0008_PART02.wav
REC133_SEG0009_PART01,REC133,SPK009,data/processed/segments/REC133/REC133_SEG0009_PART01.wav,13.96,ma ittxeṣṣa aneɣ ad nxeǧeṣ ḍḍariba niɣ lla rami netta yargeb x nnifaq nsen inna asen mayemmi d ayi tettjarrabem awyem ayi dd ijj n dinar ḥima ad t ẓareɣ iwyen as dd ijj n dinar,/Users/mac/masterAI/tarifit_asr_tfm/data/processed/segments/REC133/REC133_SEG0009_PART01.wav
REC133_SEG0009_PART02,REC133,SPK009,data/processed/segments/REC133/REC133_SEG0009_PART02.wav,13.96,xenni inna asen wi yiran taṣwirt a d tira ya nnan as n qayṣar yarra dd yasuɛ inna asen wcem xenni i qayṣar min iǧan i qayṣar u min iǧan i arebbi i arebbi uca ttɛejben dayes,/Users/mac/masterAI/tarifit_asr_tfm/data/processed/segments/REC133/REC133_SEG0009_PART02.wav
REC133_SEG0010_PART01,REC133,SPK009,data/processed/segments/REC133/REC133_SEG0010_PART01.wav,11.736,aseqsi n iṣaduqiyyen x tnukra usin dd ɣares ɛawed iṣaduqiyyen nni iqqaren belli war din bu tnukra sseqsan t nnan a amseɣɣar aqa yura aneɣ musa,/Users/mac/masterAI/tarifit_asr_tfm/data/processed/segments/REC133/REC133_SEG0010_PART01.wav
REC133_SEG0010_PART02,REC133,SPK009,data/processed/segments/REC133/REC133_SEG0010_PART02.wav,11.736,mara immut i ḥed umas uca ijja tamɣart maca war dd ijji bu tarrawt ad yawi umas tamɣart nni uca ad as isggaɛed dduriyet i umas,/Users/mac/masterAI/tarifit_asr_tfm/data/processed/segments/REC133/REC133_SEG0010_PART02.wav
REC133_SEG0011,REC133,SPK009,data/processed/segments/REC133/REC133_SEG0011.wav,2.0,tuɣa din sebɛa n wawmaten,/Users/mac/masterAI/tarifit_asr_tfm/data/processed/segments/REC133/REC133_SEG0011.wav
REC133_SEG0012,REC133,SPK009,data/processed/segments/REC133/REC133_SEG0012.wav,6.096,amezwaru yiwi ict n temɣart uca awarni rami immut war dd ijji bu dduriyet,/Users/mac/masterAI/tarifit_asr_tfm/data/processed/segments/REC133/REC133_SEG0012.wav
REC133_SEG0013,REC133,SPK009,data/processed/segments/REC133/REC133_SEG0013.wav,3.376,xenni yiwyi i tt wenni wiss tnayen uca immut,/Users/mac/masterAI/tarifit_asr_tfm/data/processed/segments/REC133/REC133_SEG0013.wav
REC133_SEG0014,REC133,SPK009,data/processed/segments/REC133/REC133_SEG0014.wav,2.8,war dd ijji bu dduriyet ura d netta,/Users/mac/masterAI/tarifit_asr_tfm/data/processed/segments/REC133/REC133_SEG0014.wav
REC133_SEG0015_PART01,REC133,SPK009,data/processed/segments/REC133/REC133_SEG0015_PART01.wav,14.264,uca ammu ura d wenni wiss trata marra sebɛa nni iwyen tt war dd jjin bu dduriyet aneggar nsen marra temmut temɣart nni ɛawed iwa di tnukra xmi dd ɣa kkaren umi ɣa tiri temɣart,/Users/mac/masterAI/tarifit_asr_tfm/data/processed/segments/REC133/REC133_SEG0015_PART01.wav
REC133_SEG0015_PART02,REC133,SPK009,data/processed/segments/REC133/REC133_SEG0015_PART02.wav,14.264,nni minzi nettat tuɣa tamɣart n sebɛa nni marra yarra dd yasuɛ inna asen ma war txeṭṭim ca minzi war tessinem ca tira iqeddsen d jjehd n arebbi maɣar xmi dd ɣa kkaren jar imettinen war tent ttiwyen d tamɣart,/Users/mac/masterAI/tarifit_asr_tfm/data/processed/segments/REC133/REC133_SEG0015_PART02.wav
REC133_SEG0016_PART01,REC133,SPK009,data/processed/segments/REC133/REC133_SEG0016_PART01.wav,14.248,u war ssmiǧicen timɣarin i yeryazen maca ad irin am lmalakat i iǧan deg ujenna maca zi jjihet n imettinen aqa ttwassnekkaren ma war teɣrim deg wedlis n musa rami tuɣa ɣa tabɣa,/Users/mac/masterAI/tarifit_asr_tfm/data/processed/segments/REC133/REC133_SEG0016_PART01.wav
REC133_SEG0016_PART02,REC133,SPK009,data/processed/segments/REC133/REC133_SEG0016_PART02.wav,14.248,issiwer arebb inna necc arebbi n ibrahim d arebbi n isḥaq d arebbi n yaɛqub netta maci d arebbi n imettinen maca d arebbi n yinni iddaren s uyenni aqa kenniw txeṭṭam aṭṭas,/Users/mac/masterAI/tarifit_asr_tfm/data/processed/segments/REC133/REC133_SEG0016_PART02.wav
REC133_SEG0017,REC133,SPK009,data/processed/segments/REC133/REC133_SEG0017.wav,2.032,tawṣeyyet tameqqrant,/Users/mac/masterAI/tarifit_asr_tfm/data/processed/segments/REC133/REC133_SEG0017.wav
REC133_SEG0018,REC133,SPK009,data/processed/segments/REC133/REC133_SEG0018.wav,12.528,umi isra ijjen zeg imsermaden n idlisen belli tuɣa ttemharwaḍen jar asen uca issen belli netta aqa yarra dd xasen mliḥ xenni yused ɣares isseqsa t,/Users/mac/masterAI/tarifit_asr_tfm/data/processed/segments/REC133/REC133_SEG0018.wav
REC133_SEG0019_PART01,REC133,SPK009,data/processed/segments/REC133/REC133_SEG0019_PART01.wav,11.128,man tent iǧan d tawṣeyyet tamezwarut x kurci yarra dd xas yasuɛ aqa tamezwarut x marra tiweṣṣa ser a israil sidi arebbi nneɣ,/Users/mac/masterAI/tarifit_asr_tfm/data/processed/segments/REC133/REC133_SEG0019_PART01.wav
REC133_SEG0019_PART02,REC133,SPK009,data/processed/segments/REC133/REC133_SEG0019_PART02.wav,11.128,sidi d ijj ad texsed sidi arebbi nnec s marra wur nnec s marra reɛmar nnec s marra reɛqer nnec s marra jjehd nnec ta d tawṣeyyet tamezwarut,/Users/mac/masterAI/tarifit_asr_tfm/data/processed/segments/REC133/REC133_SEG0019_PART02.wav
REC133_SEG0020,REC133,SPK009,data/processed/segments/REC133/REC133_SEG0020.wav,11.28,u tawṣeyyet wiss tnayen amecnaw tanita aqa d ta ad texsed jjar nnec amecnaw ixef nnec war din bu tewṣeyyet nneɣnit d tameqqrant x tina s tnayen,/Users/mac/masterAI/tarifit_asr_tfm/data/processed/segments/REC133/REC133_SEG0020.wav
REC133_SEG0021_PART01,REC133,SPK009,data/processed/segments/REC133/REC133_SEG0021_PART01.wav,13.928,inna as umsermad n idlisen nican a amsermad inu s tidett tennid belli netta d ijjen war din ura d ijj nneɣni mɣir netta u belli mara ijj n bnadem ad t ixs s wur,/Users/mac/masterAI/tarifit_asr_tfm/data/processed/segments/REC133/REC133_SEG0021_PART01.wav
REC133_SEG0021_PART02,REC133,SPK009,data/processed/segments/REC133/REC133_SEG0021_PART02.wav,13.928,marra s reɛqer marra s reɛmar marra u s jjehd marra uca ad ixs jjar nnes amecnaw ixef nnes aqa d man aya ḥsen zi marra tiɣarṣin n wecmaḍ d marra tiɣarṣin nneɣnit,/Users/mac/masterAI/tarifit_asr_tfm/data/processed/segments/REC133/REC133_SEG0021_PART02.wav
REC133_SEG0022,REC133,SPK009,data/processed/segments/REC133/REC133_SEG0022.wav,11.536,umi iẓra yasuɛ belli yarra dd s reɛqer inna as aqa cek war tiggʷijed ca x tgeldit n arebbi xenni war iɛewwer ḥed ad t isseqsa ura deg ict n tmesract,/Users/mac/masterAI/tarifit_asr_tfm/data/processed/segments/REC133/REC133_SEG0022.wav
REC133_SEG0023,REC133,SPK009,data/processed/segments/REC133/REC133_SEG0023.wav,2.384,man wen iǧan d mmis n dawud,/Users/mac/masterAI/tarifit_asr_tfm/data/processed/segments/REC133/REC133_SEG0023.wav
REC133_SEG0024,REC133,SPK009,data/processed/segments/REC133/REC133_SEG0024.wav,9.584,rami tuɣa issermad di zzawect tameqqrant iṭṭef yasuɛ deg wawar inna mammec qqaren imsermaden n idlisen belli lmasiḥ d mmis n dawud,/Users/mac/masterAI/tarifit_asr_tfm/data/processed/segments/REC133/REC133_SEG0024.wav
REC133_SEG0025_PART01,REC133,SPK009,data/processed/segments/REC133/REC133_SEG0025_PART01.wav,10.504,minzi dawud s yixef nnes inna s arruḥ iqeddsen inna sidi i sidi inu qqim dd x ufusi inu ar dd ɣa ggeɣ rɛedyan nnec d,/Users/mac/masterAI/tarifit_asr_tfm/data/processed/segments/REC133/REC133_SEG0025_PART01.wav
REC133_SEG0025_PART02,REC133,SPK009,data/processed/segments/REC133/REC133_SEG0025_PART02.wav,10.504,tanebdat sadu iḍaren nnec s uya ittraɣa as dd dawud sidi inu manis dd ikka d mmis marra rɣaci tuɣa isra as s refraḥet,/Users/mac/masterAI/tarifit_asr_tfm/data/processed/segments/REC133/REC133_SEG0025_PART02.wav
REC133_SEG0026,REC133,SPK009,data/processed/segments/REC133/REC133_SEG0026.wav,3.28,aɛram n yasuɛ i imsermaden n idlisen,/Users/mac/masterAI/tarifit_asr_tfm/data/processed/segments/REC133/REC133_SEG0026.wav
REC133_SEG0027_PART01,REC133,SPK009,data/processed/segments/REC133/REC133_SEG0027_PART01.wav,14.392,inna asen deg usermad nnes ḥḍam ixef nwem zeg imsermaden n idlisen inni umi itteɛjib asen rḥar xmi ɣa uyuren s reɛbayat tizirarin u xmi xasen i ɣa seǧmen iwdan di reswaq inni,/Users/mac/masterAI/tarifit_asr_tfm/data/processed/segments/REC133/REC133_SEG0027_PART01.wav
REC133_SEG0027_PART02,REC133,SPK009,data/processed/segments/REC133/REC133_SEG0027_PART02.wav,14.392,umi itteɛjib asen rekrasi n zzat di temzidawin ura d imucan imezwura ɣar imensiwen n wuraren inni ittetten tudrin n tijjar am ttettaren tiwhibin,/Users/mac/masterAI/tarifit_asr_tfm/data/processed/segments/REC133/REC133_SEG0027_PART02.wav
REC133_SEG0028,REC133,SPK009,data/processed/segments/REC133/REC133_SEG0028.wav,3.152,aqa ina ad ksin rḥukm d ameqqran,/Users/mac/masterAI/tarifit_asr_tfm/data/processed/segments/REC133/REC133_SEG0028.wav
REC133_SEG0029,REC133,SPK009,data/processed/segments/REC133/REC133_SEG0029.wav,1.936,ṣṣedqet n tajjac,/Users/mac/masterAI/tarifit_asr_tfm/data/processed/segments/REC133/REC133_SEG0029.wav
REC133_SEG0030,REC133,SPK009,data/processed/segments/REC133/REC133_SEG0030.wav,10.288,am iqqim yasuɛ qibac i ssenduq n ṣṣedqet iẓra mammec ineṭṭar rɣaci tinɛacin di ssenduq aṭṭas n aytbab n wagra tuɣa neṭṭaren dayes aṭṭas,/Users/mac/masterAI/tarifit_asr_tfm/data/processed/segments/REC133/REC133_SEG0030.wav
REC133_SEG0031_PART01,REC133,SPK009,data/processed/segments/REC133/REC133_SEG0031_PART01.wav,10.236,usa dd ict n tajjac d rmeskina tenḍar dayes tnayen n uqiyyat semman tent camunat xenni iraɣa yasuɛ i imeḥḍaren nnes,/Users/mac/masterAI/tarifit_asr_tfm/data/processed/segments/REC133/REC133_SEG0031_PART01.wav
REC133_SEG0031_PART02,REC133,SPK009,data/processed/segments/REC133/REC133_SEG0031_PART02.wav,10.236,inna asen s tidett necc ad awem iniɣ tajjac a rmeskina aqa tenḍar dayes ktar x marra inni inḍaren di ssenduq n ṣṣedqet,/Users/mac/masterAI/tarifit_asr_tfm/data/processed/segments/REC133/REC133_SEG0031_PART02.wav
REC133_SEG0032,REC133,SPK009,data/processed/segments/REC133/REC133_SEG0032.wav,9.449,minzi marra nḍaren dayes zi min ɣarsen aṭṭas maca ta zi drus nnes tenḍar dayes kurci min ɣares marra rɛutc nnes,/Users/mac/masterAI/tarifit_asr_tfm/data/processed/segments/REC133/REC133_SEG0032.wav
REC134_SEG0001,REC134,SPK009,data/processed/segments/REC134/REC134_SEG0001.wav,2.512,abarreḥ n yasuɛ x qeṭṭu n ddunect,/Users/mac/masterAI/tarifit_asr_tfm/data/processed/segments/REC134/REC134_SEG0001.wav
REC134_SEG0002,REC134,SPK009,data/processed/segments/REC134/REC134_SEG0002.wav,12.88,arami dd iffeɣ zi zzawect tameqqrant inna as ijjen zeg imeḥḍaren nnes a amseɣɣar xzar mammec ǧan iẓra ya d rebni ya yarra dd yasuɛ inna as ma teẓrid rebni ya imɣaren,/Users/mac/masterAI/tarifit_asr_tfm/data/processed/segments/REC134/REC134_SEG0002.wav
REC134_SEG0003,REC134,SPK009,data/processed/segments/REC134/REC134_SEG0003.wav,5.136,war da ittɣimi ura d ijj n weẓru x weẓru nneɣni i war ittnehdim,/Users/mac/masterAI/tarifit_asr_tfm/data/processed/segments/REC134/REC134_SEG0003.wav
REC134_SEG0004,REC134,SPK009,data/processed/segments/REC134/REC134_SEG0004.wav,15.536,rami tuɣa iqqim x wedrar n zzitun qibac i zzawect tameqqrant sseqsan t buṭrus d yaɛqub d yuḥanna d andrawus rami ten tuɣa weḥḥedsen ini aneɣ mermi i ɣa yiri man aya u man ad tiri reɛramet aqa marra aya,/Users/mac/masterAI/tarifit_asr_tfm/data/processed/segments/REC134/REC134_SEG0004.wav
REC134_SEG0005_PART01,REC134,SPK009,data/processed/segments/REC134/REC134_SEG0005_PART01.wav,12.552,ibda yasuɛ iqqar asen xzarem ḥima war kenniw iɣekkwi ḥed aqa aṭṭas ad dd asen s yisem inu qqaren aqa d necc uca ad ɣarren aṭṭas mara tesrim x imenɣan d,/Users/mac/masterAI/tarifit_asr_tfm/data/processed/segments/REC134/REC134_SEG0005_PART01.wav
REC134_SEG0005_PART02,REC134,SPK009,data/processed/segments/REC134/REC134_SEG0005_PART02.wav,12.552,rexbar n rbaruḍ war ttnexriɛem ca minzi s uɣir ad yiri man aya maca war ittiri ɛad d aneggar minzi rgens ad ikkar ḍidd i rgens nneɣni u tageldit ḍidd i tgeldit nneɣni,/Users/mac/masterAI/tarifit_asr_tfm/data/processed/segments/REC134/REC134_SEG0005_PART02.wav
REC134_SEG0006,REC134,SPK009,data/processed/segments/REC134/REC134_SEG0006.wav,8.784,ad irin inhezzan n temmurt zeg wemcan ɣar wemcan nneɣni uca ad yiri raẓ d uɣewwuɣ timesrayin a d beddu n rewjeɛ n tarwa,/Users/mac/masterAI/tarifit_asr_tfm/data/processed/segments/REC134/REC134_SEG0006.wav
REC134_SEG0007_PART01,REC134,SPK009,data/processed/segments/REC134/REC134_SEG0007_PART01.wav,13.544,xzarem ixef nwem minzi ad kenniw sellmen i tudrin n ccreɛ ad kenniw hettken s urekkuḍ di temzidawin nsen uca ad kenniw ssiwḍen ɣar ijeǧiden d rḥukkam di ssibbet inu d cch,/Users/mac/masterAI/tarifit_asr_tfm/data/processed/segments/REC134/REC134_SEG0007_PART01.wav
REC134_SEG0007_PART02,REC134,SPK009,data/processed/segments/REC134/REC134_SEG0007_PART02.wav,13.544,adet i nitni maca ɣar umezwar ittxeṣṣa ad ittwabarreḥ s rexbar aṣebḥan di marra regnus xmi kenniw i ɣa gewwden ḥima ad kenniw sellmen war kessim s wemnus qber zi min ɣa tinim,/Users/mac/masterAI/tarifit_asr_tfm/data/processed/segments/REC134/REC134_SEG0007_PART02.wav
REC134_SEG0008,REC134,SPK009,data/processed/segments/REC134/REC134_SEG0008.wav,13.552,war dayes txarriṣem ca maca min ma d awem i ɣa immewcen di tsaɛɛet nni siwrem zzayes minzi war teǧim d kenniw i issawaren maca d arruḥ iqeddsen,/Users/mac/masterAI/tarifit_asr_tfm/data/processed/segments/REC134/REC134_SEG0008.wav
REC134_SEG0009_PART01,REC134,SPK009,data/processed/segments/REC134/REC134_SEG0009_PART01.wav,13.64,umas ad isellem umas maḥend ad t nɣen u babas ad isellem mmis uca ad tekkar tarwa x lwalidin nnes uca ad ten nɣen ad kenniw carhen marra di ssibbet n yise,/Users/mac/masterAI/tarifit_asr_tfm/data/processed/segments/REC134/REC134_SEG0009_PART01.wav
REC134_SEG0009_PART02,REC134,SPK009,data/processed/segments/REC134/REC134_SEG0009_PART02.wav,13.64,m inu maca wenni i ɣa iṣbaren ar aneggar ad ittwassenjem xmi ɣa tẓarem nnɛi n wareyyeb min xef tuɣa issawar unabi daniyal ittbedda mani war ittxeṣṣa ad ibedd,/Users/mac/masterAI/tarifit_asr_tfm/data/processed/segments/REC134/REC134_SEG0009_PART02.wav
REC134_SEG0010,REC134,SPK009,data/processed/segments/REC134/REC134_SEG0010.wav,7.28,wenni iɣrin ad ifhem rexdenni ittxeṣṣa i yinni iǧan di yahudiyya ad arewren ɣar idurar,/Users/mac/masterAI/tarifit_asr_tfm/data/processed/segments/REC134/REC134_SEG0010.wav
REC134_SEG0011_PART01,REC134,SPK009,data/processed/segments/REC134/REC134_SEG0011_PART01.wav,11.484,u wenni iǧan x tzeqqa war dd ihekkwi ca ɣar taddart u war ittidef ca ḥima ad iksi ca zi taddart nnes u wenni iǧan deg iyyar war dd ittɛiqqib ca ḥima ad,/Users/mac/masterAI/tarifit_asr_tfm/data/processed/segments/REC134/REC134_SEG0011_PART01.wav
REC134_SEG0011_PART02,REC134,SPK009,data/processed/segments/REC134/REC134_SEG0011_PART02.wav,11.484,iksi arud nnes uct x tinni iǧan s ddeyset d tinni issuṭuḍen deg wussan nni ẓaǧem ḥima war tettiri tarewra nwem di rmecta,/Users/mac/masterAI/tarifit_asr_tfm/data/processed/segments/REC134/REC134_SEG0011_PART02.wav
REC134_SEG0012_PART01,REC134,SPK009,data/processed/segments/REC134/REC134_SEG0012_PART01.wav,10.508,minzi deg wussan nni ad din tiri ict n reḥsaret i war tuɣi am nettat zeg wami dd ixreq arebbi ddunect ar rexxu uca war tettiri ɛemmarṣ ɛawed,/Users/mac/masterAI/tarifit_asr_tfm/data/processed/segments/REC134/REC134_SEG0012_PART01.wav
REC134_SEG0012_PART02,REC134,SPK009,data/processed/segments/REC134/REC134_SEG0012_PART02.wav,10.508,mara sidi war issemẓi ussan nni war tnejjem ura d ict n ddat maca di ṭṭweɛ n yinni ittwafarzen inni i ixḍar netta aqa issemẓi ussan nni,/Users/mac/masterAI/tarifit_asr_tfm/data/processed/segments/REC134/REC134_SEG0012_PART02.wav
REC134_SEG0013,REC134,SPK009,data/processed/segments/REC134/REC134_SEG0013.wav,19.088,xenni mara inna awem ijjen aqa lmasiḥ da niɣ aqa t diha war t ttamnem minzi ad kkaren imasiḥen ifalsuten d inabiyyen issxarriqen ad ggen reɛramat d reɛjayeb ḥima mara izemmar ad ɣarren ɛad imextaren,/Users/mac/masterAI/tarifit_asr_tfm/data/processed/segments/REC134/REC134_SEG0013.wav
REC134_SEG0014_PART01,REC134,SPK009,data/processed/segments/REC134/REC134_SEG0014_PART01.wav,12.728,kenniw maca ḥḍam aqa marra nniɣ awem t qber maca deg wussan nni awarni rmeḥnet nni ad tebbarcen tfuct uca taziri war tettic ɛad tafawt nnes itran ad dd wḍan zeg ujen,/Users/mac/masterAI/tarifit_asr_tfm/data/processed/segments/REC134/REC134_SEG0014_PART01.wav
REC134_SEG0014_PART02,REC134,SPK009,data/processed/segments/REC134/REC134_SEG0014_PART02.wav,12.728,na uca ṣṣulaṭat i iǧan deg ijenwan ad ttwanhezzent xenni ad ẓaren mmis n bnadem itased deg iseynuten s jjehd d uɛuǧi ameqqran,/Users/mac/masterAI/tarifit_asr_tfm/data/processed/segments/REC134/REC134_SEG0014_PART02.wav
REC134_SEG0015_PART01,REC134,SPK009,data/processed/segments/REC134/REC134_SEG0015_PART01.wav,11.976,rexdenni ad issekk lmalakat nnes uca ad iyru inni zzayes ittwafarzen zi arebɛa n tɣemmura n usemmiḍ zi ṭṭarf aneggaru n temmurt ar ṭṭarf aneggaru n ujenna,/Users/mac/masterAI/tarifit_asr_tfm/data/processed/segments/REC134/REC134_SEG0015_PART01.wav
REC134_SEG0015_PART02,REC134,SPK009,data/processed/segments/REC134/REC134_SEG0015_PART02.wav,11.976,remdem zeg wartu n tazart amettir a xmi ɣa dewren refruɛ nnes ad dd areḍben uca tifray ad dd ffɣent xenni ad tessnem aqa anebdu yiweḍ dd,/Users/mac/masterAI/tarifit_asr_tfm/data/processed/segments/REC134/REC134_SEG0015_PART02.wav
REC134_SEG0016_PART01,REC134,SPK009,data/processed/segments/REC134/REC134_SEG0016_PART01.wav,14.248,ammu ittxeṣṣa ura d kenniw xmi ɣa tẓarem timesrayin a ttemsarant ad tessnem aqa man aya yudes dd x tewwart s tidett ad awem iniɣ jjir a war iɛeddu ca ar d ɣa yiri,/Users/mac/masterAI/tarifit_asr_tfm/data/processed/segments/REC134/REC134_SEG0016_PART01.wav
REC134_SEG0016_PART02,REC134,SPK009,data/processed/segments/REC134/REC134_SEG0016_PART02.wav,14.248,man aya marra ajenna d temmurt ad ɛdun maca awaren inu war ɛeddun ɛemmarṣ maca ass nni d tsaɛɛet nni ura d ijj war t issin ura d lmalakat nni iǧan deg ujenna,/Users/mac/masterAI/tarifit_asr_tfm/data/processed/segments/REC134/REC134_SEG0016_PART02.wav
REC134_SEG0017,REC134,SPK009,data/processed/segments/REC134/REC134_SEG0017.wav,4.08,ura d tamemmit mɣir tbabat ḥdam,/Users/mac/masterAI/tarifit_asr_tfm/data/processed/segments/REC134/REC134_SEG0017.wav
REC134_SEG0018_PART01,REC134,SPK009,data/processed/segments/REC134/REC134_SEG0018_PART01.wav,14.748,ɛssem zzadjem minzi war tessinem ca mermi dd ɣa taweḍ rweqt nni aqa t am yijj n bnadem ittxeṣṣa as ad isafar ijja taddart nnes iwekker imsexxaren nnes s,/Users/mac/masterAI/tarifit_asr_tfm/data/processed/segments/REC134/REC134_SEG0018_PART01.wav
REC134_SEG0018_PART02,REC134,SPK009,data/processed/segments/REC134/REC134_SEG0018_PART02.wav,14.748,ṣṣulṭa iwca i kur ijj zzaysen rxedmet nnes uca iɛrem as i uɛessas n tewwart maḥend ad iqqim ad iḥḍa iwa ḥḍam xenni minzi war tessinem ca mermi i dd ɣa yas bab n taddart,/Users/mac/masterAI/tarifit_asr_tfm/data/processed/segments/REC134/REC134_SEG0018_PART02.wav
REC134_SEG0019,REC134,SPK009,data/processed/segments/REC134/REC134_SEG0019.wav,16.23,ɣar uɛecci niɣ ɣar wezyen n ǧiret niɣ ɣar usquqeɛ n uyaẓiḍ niɣ ɣar ṣṣbeḥ zic ḥima mara dd ittis deɣya war kenniw ittif tetteṭṭṣem min d awem qqareɣ rexxu qqareɣ t i marra qimem faqem,/Users/mac/masterAI/tarifit_asr_tfm/data/processed/segments/REC134/REC134_SEG0019.wav
REC135_SEG0001_PART01,REC135,SPK009,data/processed/segments/REC135/REC135_SEG0001_PART01.wav,11.816,udayen arezzun ad nɣen yasuɛ iqqimas tnayen n wussan i rɛid n tɣarṣt n useɛdun rɛid n weɣrum bra antun u tuɣa imeqqranen n ikehhanen d imser,/Users/mac/masterAI/tarifit_asr_tfm/data/processed/segments/REC135/REC135_SEG0001_PART01.wav
REC135_SEG0001_PART02,REC135,SPK009,data/processed/segments/REC135/REC135_SEG0001_PART02.wav,11.816,maden n idlisen arezzun ict n tewwart maḥend ad t ṭṭfen s teḥraymect uca ad t nɣen maca nitni nnan war ittiri di rɛid ḥima war ittiri uɣewwuɣ di rgens,/Users/mac/masterAI/tarifit_asr_tfm/data/processed/segments/REC135/REC135_SEG0001_PART02.wav
REC135_SEG0002,REC135,SPK009,data/processed/segments/REC135/REC135_SEG0002.wav,2.896,adhan n yasuɛ di bayt ɛanya,/Users/mac/masterAI/tarifit_asr_tfm/data/processed/segments/REC135/REC135_SEG0002.wav
REC135_SEG0003_PART01,REC135,SPK009,data/processed/segments/REC135/REC135_SEG0003_PART01.wav,11.88,rami tuɣa iqqim ɣar ṭṭabra di bayt ɛanya di taddart n cimɛun wenni di iǧa rbarṣ tusa dd ict n temɣart aqa t ɣares ijj n uɣarraf n alabaster,/Users/mac/masterAI/tarifit_asr_tfm/data/processed/segments/REC135/REC135_SEG0003_PART01.wav
REC135_SEG0003_PART02,REC135,SPK009,data/processed/segments/REC135/REC135_SEG0003_PART02.wav,11.88,dayes reɛṭur n ṣṣenbel teṣbeḥ tiɣra tarzem taziyyat n alabaster uca tfarreɣ i tt x uzeǧif n yasuɛ,/Users/mac/masterAI/tarifit_asr_tfm/data/processed/segments/REC135/REC135_SEG0003_PART02.wav
REC135_SEG0004,REC135,SPK009,data/processed/segments/REC135/REC135_SEG0004.wav,6.032,tuɣa din ca n imeḥḍaren xeyyqen aṭṭas deg ixef nsen x man aya nnan,/Users/mac/masterAI/tarifit_asr_tfm/data/processed/segments/REC135/REC135_SEG0004.wav
REC135_SEG0005_PART01,REC135,SPK009,data/processed/segments/REC135/REC135_SEG0005_PART01.wav,12.136,mayemmi aḍeyyeɛ nreɛṭur n ṣṣenbel minzi iri ad tettwammenz reɛṭur a s ktar zi tert mya dinar uca xenni ad immewc i imezraḍ,/Users/mac/masterAI/tarifit_asr_tfm/data/processed/segments/REC135/REC135_SEG0005_PART01.wav
REC135_SEG0005_PART02,REC135,SPK009,data/processed/segments/REC135/REC135_SEG0005_PART02.wav,12.136,uca xeyyqen xas aṭṭas maca yasuɛ inna jjem tt mayemmi xas tettɛeddam aqa tegga dayi ijj n cɣer icna minzi imezraḍ aqa aten rebda akidwem,/Users/mac/masterAI/tarifit_asr_tfm/data/processed/segments/REC135/REC135_SEG0005_PART02.wav
REC135_SEG0006_PART01,REC135,SPK009,data/processed/segments/REC135/REC135_SEG0006_PART01.wav,12.84,tzemmarem ad kisen teggem rxar mermi ma texsem maca necc war kidwem ttɣimiɣ rebda nettat tegga min umi tzemmar aqa tizzar temseḥ arrimet inu s reɛṭur i wenḍer,/Users/mac/masterAI/tarifit_asr_tfm/data/processed/segments/REC135/REC135_SEG0006_PART01.wav
REC135_SEG0006_PART02,REC135,SPK009,data/processed/segments/REC135/REC135_SEG0006_PART02.wav,12.84,s tidett necc ad awem iniɣ mani ma i ɣa ittwabarreḥ s rexbar a aṣebḥan zzayi di marra ddunect ad xebbaren ɛawed x min tegga d ridaret i nettat,/Users/mac/masterAI/tarifit_asr_tfm/data/processed/segments/REC135/REC135_SEG0006_PART02.wav
REC135_SEG0007,REC135,SPK009,data/processed/segments/REC135/REC135_SEG0007.wav,4.368,yahuda izzenz ixef nnes maḥend ad isellem l masiḥ,/Users/mac/masterAI/tarifit_asr_tfm/data/processed/segments/REC135/REC135_SEG0007.wav
REC135_SEG0008_PART01,REC135,SPK009,data/processed/segments/REC135/REC135_SEG0008_PART01.wav,10.072,xenni iruḥ yahuda isxariyuṭi ijjen zi tenɛac ɣar imeqqranen n ikehhanen ḥima ad asen isellem yasuɛ umi srin man aya,/Users/mac/masterAI/tarifit_asr_tfm/data/processed/segments/REC135/REC135_SEG0008_PART01.wav
REC135_SEG0008_PART02,REC135,SPK009,data/processed/segments/REC135/REC135_SEG0008_PART02.wav,10.072,farḥen uca waɛden ad as wcen tmenyat u netta tuɣa yarezzu ict n tewwart ḥima ad asen t isellem,/Users/mac/masterAI/tarifit_asr_tfm/data/processed/segments/REC135/REC135_SEG0008_PART02.wav
REC135_SEG0009,REC135,SPK009,data/processed/segments/REC135/REC135_SEG0009.wav,3.92,asewjed n amensi rɛid n tɣarṣt n useɛdu,/Users/mac/masterAI/tarifit_asr_tfm/data/processed/segments/REC135/REC135_SEG0009.wav
REC135_SEG0010_PART01,REC135,SPK009,data/processed/segments/REC135/REC135_SEG0010_PART01.wav,13.944,deg wass amezwar n weɣrum bra antun umi ttnuman wudayen ad ɣarṣen i tɣarṣt n useɛdu nnan as imeḥḍaren nnes mani texsed ad nraḥ ḥima ad nessewjed,/Users/mac/masterAI/tarifit_asr_tfm/data/processed/segments/REC135/REC135_SEG0010_PART01.wav
REC135_SEG0010_PART02,REC135,SPK009,data/processed/segments/REC135/REC135_SEG0010_PART02.wav,13.944,maḥend ad tecced amensi n useɛdu issekk tnayen zeg imeḥḍaren nnes inna asen ruḥem ɣar tendint u xzar ad temsagarem ak d ijj n weryaz yarbu ict n teqbuct n waman ḍfarem t,/Users/mac/masterAI/tarifit_asr_tfm/data/processed/segments/REC135/REC135_SEG0010_PART02.wav
REC135_SEG0011_PART01,REC135,SPK009,data/processed/segments/REC135/REC135_SEG0011_PART01.wav,10.12,u mani ɣa yadef inim i bab n taddart amsermad nneɣ iqqar mani teǧa tɣurfet ḥima ad cceɣ amensi n useɛdu,/Users/mac/masterAI/tarifit_asr_tfm/data/processed/segments/REC135/REC135_SEG0011_PART01.wav
REC135_SEG0011_PART02,REC135,SPK009,data/processed/segments/REC135/REC135_SEG0011_PART02.wav,10.12,ak d imeḥḍaren inu xenni netta ad awem immer ijj n arwa imɣar sennej issu iɛder dinni i d aneɣ ɣa tesswejdem,/Users/mac/masterAI/tarifit_asr_tfm/data/processed/segments/REC135/REC135_SEG0011_PART02.wav
REC135_SEG0012,REC135,SPK009,data/processed/segments/REC135/REC135_SEG0012.wav,9.104,ffɣen imeḥḍaren usin dd ɣar tendint uca ufin marra am mammec tuɣa d asen inna xenni sswejden taɣarst n useɛdu,/Users/mac/masterAI/tarifit_asr_tfm/data/processed/segments/REC135/REC135_SEG0012.wav
REC135_SEG0014_PART01,REC135,SPK009,data/processed/segments/REC135/REC135_SEG0014_PART01.wav,12.824,ɣar uɛecci yusa dd ak d tenɛac n rrusul nnes rami tuɣa qqimen ɣar ṭṭabra ttetten inna yasuɛ s tidett necc ad awem iniɣ aqa ijjen zzaywem wenni kidi ittetten,/Users/mac/masterAI/tarifit_asr_tfm/data/processed/segments/REC135/REC135_SEG0014_PART01.wav
REC135_SEG0014_PART02,REC135,SPK009,data/processed/segments/REC135/REC135_SEG0014_PART02.wav,12.824,ad ayi iɣdar bdan ttecḍinen nnan as ijjen awarni wenneɣni ma d necc inna asen aqa t d ijjen zi tenɛac i issisnen akidi aɣrum di ṭṭebṣi,/Users/mac/masterAI/tarifit_asr_tfm/data/processed/segments/REC135/REC135_SEG0014_PART02.wav
REC135_SEG0015,REC135,SPK009,data/processed/segments/REC135/REC135_SEG0015.wav,11.344,aqa mmis n bnadem ad iraḥ mammec d as tura maca uct x weryaz nni zi ɣa ittwaɣdar mmis n bnadem iḥra as i weryaz nni mri war dd ixriq,/Users/mac/masterAI/tarifit_asr_tfm/data/processed/segments/REC135/REC135_SEG0015.wav
REC135_SEG0017,REC135,SPK009,data/processed/segments/REC135/REC135_SEG0017.wav,15.92,rami tuɣa ttetten iksi yasuɛ aɣrum ibarek i t yarẓa i t uca iwca asen t inna ksim ccem aqa ta d arrimet inu xenni iksi aɣarraf iqada ibarek uca iwca asen t,/Users/mac/masterAI/tarifit_asr_tfm/data/processed/segments/REC135/REC135_SEG0017.wav
REC135_SEG0018_PART01,REC135,SPK009,data/processed/segments/REC135/REC135_SEG0018_PART01.wav,13.688,u marra idsen swin zzayes inna asen aqa ina d idammen inu n rɛahd n jdid i ɣa ittwassizren i waṭṭas n iwdan s tidett necc ad awem iniɣ necc war sesseɣ ɛemmar,/Users/mac/masterAI/tarifit_asr_tfm/data/processed/segments/REC135/REC135_SEG0018_PART01.wav
REC135_SEG0018_PART02,REC135,SPK009,data/processed/segments/REC135/REC135_SEG0018_PART02.wav,13.688,ṣ ɛad zi rɣiǧet n tzayart ar ass i di i tt ɣa sweɣ jdid di tgeldit n arebbi xenni awarni rami ɣennjen nitni iẓri n ttesbiḥ ffɣen ɣar wedrar n zzitun,/Users/mac/masterAI/tarifit_asr_tfm/data/processed/segments/REC135/REC135_SEG0018_PART02.wav
REC135_SEG0019,REC135,SPK009,data/processed/segments/REC135/REC135_SEG0019.wav,3.92,yasuɛ izwar issiwer x wenkar n buṭrus,/Users/mac/masterAI/tarifit_asr_tfm/data/processed/segments/REC135/REC135_SEG0019.wav
REC135_SEG0020,REC135,SPK009,data/processed/segments/REC135/REC135_SEG0020.wav,14.928,inna asen yasuɛ aqa marra kenniw ad dayi tenderfem di ǧiret a minzi tura s ufus n nnabi zakarya aqa ad wteɣ ameksaw uca ad ttwazeǧaɛ weǧǧi,/Users/mac/masterAI/tarifit_asr_tfm/data/processed/segments/REC135/REC135_SEG0020.wav
REC135_SEG0021_PART01,REC135,SPK009,data/processed/segments/REC135/REC135_SEG0021_PART01.wav,11.192,maca awarni rami ttwassnekkareɣ ad awem izwareɣ ɣar ljalil inna as buṭrus waxxa ad dayek nderfen marra necc war dayek ttnedrifeɣ ca,/Users/mac/masterAI/tarifit_asr_tfm/data/processed/segments/REC135/REC135_SEG0021_PART01.wav
REC135_SEG0021_PART02,REC135,SPK009,data/processed/segments/REC135/REC135_SEG0021_PART02.wav,11.192,inna as yasuɛ s tidett necc ad ac iniɣ aqa ass a di ǧiret a qber i ɣa issquqeɛ uyaẓiḍ tnayen n twarawin ad ayi tenkared trata n twarawin,/Users/mac/masterAI/tarifit_asr_tfm/data/processed/segments/REC135/REC135_SEG0021_PART02.wav
REC135_SEG0022,REC135,SPK009,data/processed/segments/REC135/REC135_SEG0022.wav,13.296,maca netta tuɣa iqqar s tmijja ijehden ɛad aṭṭas mara ittxeṣṣa ad mmteɣ akidek war cek nekkareɣ a sidi inu uca am netta ammu i nnan ura d nitni marra,/Users/mac/masterAI/tarifit_asr_tfm/data/processed/segments/REC135/REC135_SEG0022.wav
REC135_SEG0023,REC135,SPK009,data/processed/segments/REC135/REC135_SEG0023.wav,3.184,taẓaǧit n yasuɛ di xitsimaniy,/Users/mac/masterAI/tarifit_asr_tfm/data/processed/segments/REC135/REC135_SEG0023.wav
REC135_SEG0024,REC135,SPK009,data/processed/segments/REC135/REC135_SEG0024.wav,3.6,usin dd ɣar wemcan umi qqaren xitsimaniy,/Users/mac/masterAI/tarifit_asr_tfm/data/processed/segments/REC135/REC135_SEG0024.wav
REC135_SEG0025_PART01,REC135,SPK009,data/processed/segments/REC135/REC135_SEG0025_PART01.wav,14.2,inna i imeḥḍaren nnes qqimem da arami ẓuǧeɣ necc xenni iksi akides buṭrus d yaɛqub d yuḥanna uca ibda ittnexraɛ iggʷed aṭṭas inna asen aqa reɛmar inu,/Users/mac/masterAI/tarifit_asr_tfm/data/processed/segments/REC135/REC135_SEG0025_PART01.wav
REC135_SEG0025_PART02,REC135,SPK009,data/processed/segments/REC135/REC135_SEG0025_PART02.wav,14.2,icḍen ar rmewt qqimem da teḥḍam yuyur cwayt ɣar zzat uca iwḍa ɣar temmurt iẓẓuǧ ḥima mara iɛedder ad xas teɛdu tsaɛɛet nni inna baba baba inu,/Users/mac/masterAI/tarifit_asr_tfm/data/processed/segments/REC135/REC135_SEG0025_PART02.wav
REC135_SEG0026,REC135,SPK009,data/processed/segments/REC135/REC135_SEG0026.wav,14.576,kurci tzemmared xas ksi xafi rkas a maca war ittiri min xseɣ necc maca min texsed cek uca idwer dd yufa i ten ṭṭṣen inna as i buṭrus a cimɛun ma aqa cek tetteṭṭṣed,/Users/mac/masterAI/tarifit_asr_tfm/data/processed/segments/REC135/REC135_SEG0026.wav
REC135_SEG0027,REC135,SPK009,data/processed/segments/REC135/REC135_SEG0027.wav,15.024,ma war tzemmared ad teḥḍid ura d ict n tsaɛɛet ḥḍam ẓaǧem ḥima war tettidfem deg ujarreb arruḥ aqa iwjed maca ddat aqa teḍɛef uca yuyur ɛawed iẓẓuǧ iɛawed i wawaren nni d ijjen,/Users/mac/masterAI/tarifit_asr_tfm/data/processed/segments/REC135/REC135_SEG0027.wav
REC135_SEG0028,REC135,SPK009,data/processed/segments/REC135/REC135_SEG0028.wav,9.392,idwer dd ɛawed yusa dd ɣarsen twara nneɣni yufa i ten ṭṭṣen maɣar tuɣa tiṭṭawin nsen deqrent u nitni war ssinen mammec xas dd ɣa yarren,/Users/mac/masterAI/tarifit_asr_tfm/data/processed/segments/REC135/REC135_SEG0028.wav
REC135_SEG0029_PART01,REC135,SPK009,data/processed/segments/REC135/REC135_SEG0029_PART01.wav,10.072,uca idwer dd netta ɣarsen twara wiss trata inna asen ṭṭṣem rexxu tareyyḥem aqa yudes dd uneggar tiweḍ dd tsaɛɛet xza,/Users/mac/masterAI/tarifit_asr_tfm/data/processed/segments/REC135/REC135_SEG0029_PART01.wav
REC135_SEG0029_PART02,REC135,SPK009,data/processed/segments/REC135/REC135_SEG0029_PART02.wav,10.072,rem aqa mmis n bnadem ad immewc deg ifassen n imednab kkarem ad nraḥ xzarem aqa da wenni d ayi ɣa isellmen aqa yudes dd,/Users/mac/masterAI/tarifit_asr_tfm/data/processed/segments/REC135/REC135_SEG0029_PART02.wav
REC135_SEG0030,REC135,SPK009,data/processed/segments/REC135/REC135_SEG0030.wav,1.68,aḥebbes n yasuɛ,/Users/mac/masterAI/tarifit_asr_tfm/data/processed/segments/REC135/REC135_SEG0030.wav
REC135_SEG0031_PART01,REC135,SPK009,data/processed/segments/REC135/REC135_SEG0031_PART01.wav,13.512,am tuɣa ɛad issawar yusa dd yahuda ijjen zi tenɛac tuɣa akides iryazen aṭṭas s resyuf d iɛumad usin dd nitni zeg imeqqranen n ikehhanen d,/Users/mac/masterAI/tarifit_asr_tfm/data/processed/segments/REC135/REC135_SEG0031_PART01.wav
REC135_SEG0031_PART02,REC135,SPK009,data/processed/segments/REC135/REC135_SEG0031_PART02.wav,13.512,imsermaden n idlisen d imɣaren n rgens uca wenni t i ɣa iɣdaren tuɣa ittegg asen ict n reɛramet iqqar wenni i ɣa ssudmeɣ d wenni netta ṭṭfem t uca awyem t i dd,/Users/mac/masterAI/tarifit_asr_tfm/data/processed/segments/REC135/REC135_SEG0031_PART02.wav
REC135_SEG0032_PART01,REC135,SPK009,data/processed/segments/REC135/REC135_SEG0032_PART01.wav,12.984,deɣya yuyur ɣares inna a amsermad inu a amsermad inu uca issudem i t ssarsen xas ifassen uca ṭṭfen t ijjen zeg inni din ibedden ijbed ssif nnes,/Users/mac/masterAI/tarifit_asr_tfm/data/processed/segments/REC135/REC135_SEG0032_PART01.wav
REC135_SEG0032_PART02,REC135,SPK009,data/processed/segments/REC135/REC135_SEG0032_PART02.wav,12.984,iwta amsexxar n arrays n ikehhanen iqess as amezzuɣ yarra dd yasuɛ inna asen ma axmi x yijj n uqṭaṭɛiy i teffɣem xafi s resyuf d iɛumad ḥima ad ayi teṭṭfem,/Users/mac/masterAI/tarifit_asr_tfm/data/processed/segments/REC135/REC135_SEG0032_PART02.wav
REC135_SEG0033_PART01,REC135,SPK009,data/processed/segments/REC135/REC135_SEG0033_PART01.wav,12.856,kur ass tuɣa ayi akidwem di zzawect tameqqrant ssermadeɣ war d ayi teṭṭifem maca man aya imsar ḥima ad ttwakemmrent tira iqeddsen xenni jjin t imeḥḍaren nnes,/Users/mac/masterAI/tarifit_asr_tfm/data/processed/segments/REC135/REC135_SEG0033_PART01.wav
REC135_SEG0033_PART02,REC135,SPK009,data/processed/segments/REC135/REC135_SEG0033_PART02.wav,12.856,uca arewren iḍfar i t ijj n uɛezri tuɣa yarḍ ict n tecḍaḍt n reqṭen waha x tqeddit nnes uca ṭṭfen t i dd maca netta ijja tacḍaḍt uca yarwer zzaysen d aɛaryan,/Users/mac/masterAI/tarifit_asr_tfm/data/processed/segments/REC135/REC135_SEG0033_PART02.wav
REC135_SEG0034,REC135,SPK009,data/processed/segments/REC135/REC135_SEG0034.wav,3.536,l masiḥ zzat i lmeḥkama tameqqrant n wudayen,/Users/mac/masterAI/tarifit_asr_tfm/data/processed/segments/REC135/REC135_SEG0034.wav
REC135_SEG0035,REC135,SPK009,data/processed/segments/REC135/REC135_SEG0035.wav,10.384,iwyen yasuɛ ɣar qayafa arrays n ikehhanen uca munen dd ɣares marra imeqqranen n ikehhanen d imɣaren n rgens d imsermaden n idlisen,/Users/mac/masterAI/tarifit_asr_tfm/data/processed/segments/REC135/REC135_SEG0035.wav
REC135_SEG0036_PART01,REC135,SPK009,data/processed/segments/REC135/REC135_SEG0036_PART01.wav,14.072,tuɣa cimɛun iḍfar i t i dd zi raggʷaj ɣar daxer n remraḥ n arrays n ikehhanen uca tuɣa iqqim jar iɛessasen ittweqqaḥ ixef nnes ɣar tmessi tuɣa imeqqranen n ikehhanen d marra,/Users/mac/masterAI/tarifit_asr_tfm/data/processed/segments/REC135/REC135_SEG0036_PART01.wav
REC135_SEG0036_PART02,REC135,SPK009,data/processed/segments/REC135/REC135_SEG0036_PART02.wav,14.072,l meḥkama tameqqrant arezzun cchadet ḍidd i yasuɛ ḥima ad t nɣen maca war tt ufin minzi aṭṭas tuɣa xas cehhden s ẓur,/Users/mac/masterAI/tarifit_asr_tfm/data/processed/segments/REC135/REC135_SEG0036_PART02.wav
REC135_SEG0037,REC135,SPK009,data/processed/segments/REC135/REC135_SEG0037.wav,19.472,maca cchadat nsen war ttmerqint xenni kkaren ca uca cehden xas s ẓur nnan neccin nesra as umi inna ad hedmeɣ zzawect tameqqrant i ittwaggen s ifassen uca di trata n wussan ad bniɣ icten nneɣnit i war ittwaggen s ifassen,/Users/mac/masterAI/tarifit_asr_tfm/data/processed/segments/REC135/REC135_SEG0037.wav
REC135_SEG0038,REC135,SPK009,data/processed/segments/REC135/REC135_SEG0038.wav,14.128,maca ura ammu war ttmerqint ca cchadat nsen xenni ikkar arrays n ikehhanen di rwesṭ nsen uca isseqsa yasuɛ inna as ma war dd tarrid s ca min xak cehhden yina,/Users/mac/masterAI/tarifit_asr_tfm/data/processed/segments/REC135/REC135_SEG0038.wav
REC135_SEG0039,REC135,SPK009,data/processed/segments/REC135/REC135_SEG0039.wav,16.272,maca netta isqar war dd yarri s ca isseqsa t arrays n ikehhanen ɛawed inna as ma cek d lmasiḥ mmis n lmubarek inna as yasuɛ aqa d necc u kenniw ad tẓarem mmis n bnadem ittɣima x ufusi n jjehd,/Users/mac/masterAI/tarifit_asr_tfm/data/processed/segments/REC135/REC135_SEG0039.wav
REC135_SEG0040_PART01,REC135,SPK009,data/processed/segments/REC135/REC135_SEG0040_PART01.wav,12.952,ad dd yas s iseynuten n ujenna icarreg arrays n ikehhanen tcamir nnes inna mayemmi neḥdaj ɛad rechud aqa tesrim aceqqef nni min dd awem iḍharen uca marra ḥekmen xas,/Users/mac/masterAI/tarifit_asr_tfm/data/processed/segments/REC135/REC135_SEG0040_PART01.wav
REC135_SEG0040_PART02,REC135,SPK009,data/processed/segments/REC135/REC135_SEG0040_PART02.wav,12.952,belli isdaheǧ rmewt ca zzaysen bdan ssusufen xas ttreḥḥafen i uɣembub nnes ccaten t s rpuniyyat qqaren as nabb uca wtin t imxaznyen ar uɣembub,/Users/mac/masterAI/tarifit_asr_tfm/data/processed/segments/REC135/REC135_SEG0040_PART02.wav
REC135_SEG0041,REC135,SPK009,data/processed/segments/REC135/REC135_SEG0041.wav,1.84,ankar n buṭrus,/Users/mac/masterAI/tarifit_asr_tfm/data/processed/segments/REC135/REC135_SEG0041.wav
REC135_SEG0042_PART01,REC135,SPK009,data/processed/segments/REC135/REC135_SEG0042_PART01.wav,10.216,rami tuɣa cimɛun di remraḥ swadday tusa dd din icten zi tiyya n arrays n ikehhanen umi t teẓra ittweqqaḥ texzar dayes tenna,/Users/mac/masterAI/tarifit_asr_tfm/data/processed/segments/REC135/REC135_SEG0042_PART01.wav
REC135_SEG0042_PART02,REC135,SPK009,data/processed/segments/REC135/REC135_SEG0042_PART02.wav,10.216,aqa tuɣa cek ak d yasuɛ nnaṣiri maca netta inkar inna war t ssineɣ war fhimeɣ min teqqared,/Users/mac/masterAI/tarifit_asr_tfm/data/processed/segments/REC135/REC135_SEG0042_PART02.wav
REC135_SEG0043,REC135,SPK009,data/processed/segments/REC135/REC135_SEG0043.wav,16.432,iffeɣ barra ɣar tesqift n tewwart uca rexdenni issquqeɛ uyaẓiḍ umi t teẓra tayya ijj n umur nneɣni tebda teqqar i yinni din ibedden aqa wa d ijjen zzaysen maca netta inkar i umur nneɣni,/Users/mac/masterAI/tarifit_asr_tfm/data/processed/segments/REC135/REC135_SEG0043.wav
REC135_SEG0044,REC135,SPK009,data/processed/segments/REC135/REC135_SEG0044.wav,14.512,cwayt xenni nnan inni tuɣa din ibedden i buṭrus s tidett cek zzaysen nican minzi cek ɛawed d ajalili rḥarḍ nnec am wenni nsen ibda ineɛɛer ixef nnes ittjjaǧa,/Users/mac/masterAI/tarifit_asr_tfm/data/processed/segments/REC135/REC135_SEG0044.wav
REC135_SEG0045,REC135,SPK009,data/processed/segments/REC135/REC135_SEG0045.wav,17.68,war ssineɣ bnadem a mixef tessawarem rexdenni issquqeɛ uyaẓiḍ wiss martayen ifekkar cimɛun deg wawar i inna yasuɛ qber i ɣa issquqeɛ uyaẓiḍ wiss martayen ad ayi tenkared trata n twarawin xenni ibda ittru aṭṭas,/Users/mac/masterAI/tarifit_asr_tfm/data/processed/segments/REC135/REC135_SEG0045.wav
REC136_SEG0001,REC136,SPK009,data/processed/segments/REC136/REC136_SEG0001.wav,2.608,yasuɛ zzat i pilaṭus,/Users/mac/masterAI/tarifit_asr_tfm/data/processed/segments/REC136/REC136_SEG0001.wav
REC136_SEG0002,REC136,SPK009,data/processed/segments/REC136/REC136_SEG0002.wav,17.296,deɣya ɣar ṣṣbeḥ zic mcawaren imeqqranen n ikehhanen ak d imɣaren n rgens d imsermaden n idlisen d marra jmaɛet tameqqrant nitni carfen yasuɛ iwyen t uca sellmen t i pilaṭus,/Users/mac/masterAI/tarifit_asr_tfm/data/processed/segments/REC136/REC136_SEG0002.wav
REC136_SEG0003,REC136,SPK009,data/processed/segments/REC136/REC136_SEG0003.wav,9.008,isseqsa i t pilaṭus ma cek d ajeǧid n wudayen yarra dd xas inna as cek tennid t simant nnec,/Users/mac/masterAI/tarifit_asr_tfm/data/processed/segments/REC136/REC136_SEG0003.wav
REC136_SEG0004,REC136,SPK009,data/processed/segments/REC136/REC136_SEG0004.wav,15.12,tuɣa imeqqranen n ikehhanen ttcetcan zzayes zeg waṭṭas n tmesrayin isseqsa t pilaṭus ɛawed inna as ma war dd tettarid s ca xzar aṭṭas n yinni xak ittcetcan,/Users/mac/masterAI/tarifit_asr_tfm/data/processed/segments/REC136/REC136_SEG0004.wav
REC136_SEG0005,REC136,SPK009,data/processed/segments/REC136/REC136_SEG0005.wav,4.304,war dd yarri yasuɛ s walu arami itebhet pilaṭus,/Users/mac/masterAI/tarifit_asr_tfm/data/processed/segments/REC136/REC136_SEG0005.wav
REC136_SEG0006,REC136,SPK009,data/processed/segments/REC136/REC136_SEG0006.wav,2.096,yasuɛ d bar abbas,/Users/mac/masterAI/tarifit_asr_tfm/data/processed/segments/REC136/REC136_SEG0006.wav
REC136_SEG0007,REC136,SPK009,data/processed/segments/REC136/REC136_SEG0007.wav,12.912,innum iḍeǧeq i ijj n umeḥbus di kur rɛid wenni ixsen nitni tuɣa din ijjen umi qqaren bar abbas ḥebbsen t ak d imɣewwɣen inni inɣin ijjen deg uɣewweɣ,/Users/mac/masterAI/tarifit_asr_tfm/data/processed/segments/REC136/REC136_SEG0007.wav
REC136_SEG0008,REC136,SPK009,data/processed/segments/REC136/REC136_SEG0008.wav,19.184,isɣuyy rɣaci uca nitni bdan ttettarren zzayes ḥima ad igg am mammec tuɣa innum ittegg i nitni yarra dd pilaṭus inna ma texsem ad awem dd arxuɣ i ujeǧid n wudayen minzi tuɣa issen belli imeqqranen n ikehhanen aqa sellmen t zi reḥsed,/Users/mac/masterAI/tarifit_asr_tfm/data/processed/segments/REC136/REC136_SEG0008.wav
REC136_SEG0009_PART01,REC136,SPK009,data/processed/segments/REC136/REC136_SEG0009_PART01.wav,10.136,maca imeqqranen n ikehhanen ɛarnen rɣaci maḥend ad ttaren ad asen dd iḍreq i bar abbas pilaṭus inna asen min texsem,/Users/mac/masterAI/tarifit_asr_tfm/data/processed/segments/REC136/REC136_SEG0009_PART01.wav
REC136_SEG0009_PART02,REC136,SPK009,data/processed/segments/REC136/REC136_SEG0009_PART02.wav,10.136,ad ggeɣ s wenni umi tettraɣam ajeǧid n wudayen sɣuyyen ɛawed ṣellb i t inna asen pilaṭus man tuɛeffna i igga,/Users/mac/masterAI/tarifit_asr_tfm/data/processed/segments/REC136/REC136_SEG0009_PART02.wav
REC136_SEG0010,REC136,SPK009,data/processed/segments/REC136/REC136_SEG0010.wav,16.528,xenni arnin di tɣuyyit ɛad ktar ṣellb i t am tuɣa ixs pilaṭus ad issarḍa rɣaci iḍreq i bar abbas maca isellem asen yasuɛ awarni rami t hettken s urekkuḍ ḥima ad t ṣellben,/Users/mac/masterAI/tarifit_asr_tfm/data/processed/segments/REC136/REC136_SEG0010.wav
REC136_SEG0011,REC136,SPK009,data/processed/segments/REC136/REC136_SEG0011.wav,2.608,iɛeskariyyen sseḥqaran yasuɛ,/Users/mac/masterAI/tarifit_asr_tfm/data/processed/segments/REC136/REC136_SEG0011.wav
REC136_SEG0012,REC136,SPK009,data/processed/segments/REC136/REC136_SEG0012.wav,6.96,gewwden t iɛeskariyyen ɣar daxer n remraḥ n taddart n ccraɛ umi qqaren prituriyum,/Users/mac/masterAI/tarifit_asr_tfm/data/processed/segments/REC136/REC136_SEG0012.wav
REC136_SEG0013_PART01,REC136,SPK009,data/processed/segments/REC136/REC136_SEG0013_PART01.wav,14.568,uca ssmunen marra rkumpaniyyet n rɛeskar ssyarḍen as ijj n werruḍ d azeggʷaɣ muden as ijj n ttaj s isennanen uca qqnen as t bdan ttseǧamen xas qqaren as azul xak a ajeǧid n wudayen,/Users/mac/masterAI/tarifit_asr_tfm/data/processed/segments/REC136/REC136_SEG0013_PART01.wav
REC136_SEG0013_PART02,REC136,SPK009,data/processed/segments/REC136/REC136_SEG0013_PART02.wav,14.568,tuɣa ccaten t ɣar uzeǧif s yijj n weɛmud n uɣanim ssusufen xas uca uḍaren x ifadden nsen ɛebden t awarni rami t sseḥqaren kksen as aserham azeggʷaɣ uca ssyarḍen as arruḍ nnes,/Users/mac/masterAI/tarifit_asr_tfm/data/processed/segments/REC136/REC136_SEG0013_PART02.wav
REC136_SEG0014,REC136,SPK009,data/processed/segments/REC136/REC136_SEG0014.wav,3.6,xenni ssuffɣen t ḥima ad t ṣellben,/Users/mac/masterAI/tarifit_asr_tfm/data/processed/segments/REC136/REC136_SEG0014.wav
REC136_SEG0015,REC136,SPK009,data/processed/segments/REC136/REC136_SEG0015.wav,1.84,abrid ɣar ṣṣalib,/Users/mac/masterAI/tarifit_asr_tfm/data/processed/segments/REC136/REC136_SEG0015.wav
REC136_SEG0016,REC136,SPK009,data/processed/segments/REC136/REC136_SEG0016.wav,5.488,ḥṣaren ijjen wenni dd ikkin ssenni am dd yusa zeg iyyar,/Users/mac/masterAI/tarifit_asr_tfm/data/processed/segments/REC136/REC136_SEG0016.wav
REC136_SEG0017,REC136,SPK009,data/processed/segments/REC136/REC136_SEG0017.wav,15.856,cimɛun zi qayrawan babas n aliksandir d rufus ḥima ad as yarbu ṣṣalib iwyen yeccu ɣar wemcan umi qqaren juljuta min ixs ad yini amcan n tceqquft,/Users/mac/masterAI/tarifit_asr_tfm/data/processed/segments/REC136/REC136_SEG0017.wav
REC136_SEG0018_PART01,REC136,SPK009,data/processed/segments/REC136/REC136_SEG0018_PART01.wav,13.384,wcin as binu ixeǧḍen s mirru d amarzag ḥima ad t isuw maca netta war ixs ad t isuw umi t ṣellben bḍan arruḍ nnes ggin xas akeccuḍ x min ɣa iksi kur,/Users/mac/masterAI/tarifit_asr_tfm/data/processed/segments/REC136/REC136_SEG0018_PART01.wav
REC136_SEG0018_PART02,REC136,SPK009,data/processed/segments/REC136/REC136_SEG0018_PART02.wav,13.384,ijj zzaysen tuɣa tasaɛɛet d trata aqa tt d tesɛa n ṣṣbeḥ umi t ṣellben ssibbet n rmewt nnes aqa tt di tira ya sennej nnes wa d ajeǧid n wudayen,/Users/mac/masterAI/tarifit_asr_tfm/data/processed/segments/REC136/REC136_SEG0018_PART02.wav
REC136_SEG0019,REC136,SPK009,data/processed/segments/REC136/REC136_SEG0019.wav,13.2,ṣellben akides tnayen n ixewwanen ijjen x ufusi nnes wenneɣni x uzermaḍ nnes ammu i ttwakemmrent tira iqqaren ittwaḥseb ak d inni itɛeddan,/Users/mac/masterAI/tarifit_asr_tfm/data/processed/segments/REC136/REC136_SEG0019.wav
REC136_SEG0020,REC136,SPK009,data/processed/segments/REC136/REC136_SEG0020.wav,16.304,inni ssenni dd ittekken tuɣa ttceqqafen dayes tthezzan izeǧifen nsen nnan a cek wenni i ɣa ihedmen zzawect tameqqrant uca ad tt tebnid ɛawed di trata n wussan senjem ixef nnec hwa dd zi ṣṣalib,/Users/mac/masterAI/tarifit_asr_tfm/data/processed/segments/REC136/REC136_SEG0020.wav
REC136_SEG0021_PART01,REC136,SPK009,data/processed/segments/REC136/REC136_SEG0021_PART01.wav,10.984,ammu i t sseḥqaren ɛawed imeqqranen n ikehhanen ak d imsermaden n idlisen nnan tuɣa issenjem inneɣni maca war izemmar ad issenjem ixef nnes,/Users/mac/masterAI/tarifit_asr_tfm/data/processed/segments/REC136/REC136_SEG0021_PART01.wav
REC136_SEG0021_PART02,REC136,SPK009,data/processed/segments/REC136/REC136_SEG0021_PART02.wav,10.984,ejj lmasiḥ ajeǧid n israil ad dd ihwa rexxu zi ṣṣalib ḥima ad nẓar uca ad dayes namen ura d yinni ittwaṣellben akides kkwaren t,/Users/mac/masterAI/tarifit_asr_tfm/data/processed/segments/REC136/REC136_SEG0021_PART02.wav
REC136_SEG0022,REC136,SPK009,data/processed/segments/REC136/REC136_SEG0022.wav,1.456,rmewt n yasuɛ,/Users/mac/masterAI/tarifit_asr_tfm/data/processed/segments/REC136/REC136_SEG0022.wav
REC136_SEG0023,REC136,SPK009,data/processed/segments/REC136/REC136_SEG0023.wav,13.072,umi dd tiweḍ tsaɛɛet setta aqa tt d ḍḍhur tewḍa dd taǧest x temmurt marra ar tesɛa aqa tt d trata n uɛecci di tsaɛɛet tesɛa isɣuy yasuɛ s tmijja tejhed,/Users/mac/masterAI/tarifit_asr_tfm/data/processed/segments/REC136/REC136_SEG0023.wav
REC136_SEG0024_PART01,REC136,SPK009,data/processed/segments/REC136/REC136_SEG0024_PART01.wav,13.672,inna s ires n tramit il il lmana cabaqtani min ixs ad yini a arebbi inu a arebbi inu mayemmi dayi tejjid ca zeg inni din ibedden umi srin aya nnan aqa ne,/Users/mac/masterAI/tarifit_asr_tfm/data/processed/segments/REC136/REC136_SEG0024_PART01.wav
REC136_SEG0024_PART02,REC136,SPK009,data/processed/segments/REC136/REC136_SEG0024_PART02.wav,13.672,tta iraɣa i iliya yuzzer dd ɣares ijjen issuff ict n spunxa s rxeǧ igga i tt x uɣanim iwca as ḥima ad isuw inna raja ejj aneɣ ad nẓar ma ad dd yas iliya ḥima ad t i dd issehwa,/Users/mac/masterAI/tarifit_asr_tfm/data/processed/segments/REC136/REC136_SEG0024_PART02.wav
REC136_SEG0025,REC136,SPK009,data/processed/segments/REC136/REC136_SEG0025.wav,13.104,xenni isɣuy yasuɛ s ict n tmijja tejhed uca isellem arruḥ nnes areḥḥaf n wadaf ɣar zzawect tameqqrant ittwacarreg x tnayen zi sennej ɣar swadday,/Users/mac/masterAI/tarifit_asr_tfm/data/processed/segments/REC136/REC136_SEG0025.wav
REC136_SEG0026,REC136,SPK009,data/processed/segments/REC136/REC136_SEG0026.wav,8.208,umi iẓra rqebṭan n mya i din ibedden zzates isɣuyyu ammu s jjehd uca xenni ibedd usuffeɣ n nnefs,/Users/mac/masterAI/tarifit_asr_tfm/data/processed/segments/REC136/REC136_SEG0026.wav
REC136_SEG0027_PART01,REC136,SPK009,data/processed/segments/REC136/REC136_SEG0027_PART01.wav,13.752,inna s tidett tuɣa bnadem a d mmis n arebbi tuɣa din ɛawed timɣarin xezzarent i dd zi raggʷaj jar asent ɛawed maryam n majdala d maryam yemmas n,/Users/mac/masterAI/tarifit_asr_tfm/data/processed/segments/REC136/REC136_SEG0027_PART01.wav
REC136_SEG0027_PART02,REC136,SPK009,data/processed/segments/REC136/REC136_SEG0027_PART02.wav,13.752,yaɛqub amaẓuẓ u rad yemmas n yusis d salumi tinni t i dd iḍfaren sexxarent xas umi t tuɣa di ljalil tuɣa din ura d aṭṭas n timɣarin nneɣnit tinni tuɣa akides i dd igeɛɛden ɣar urcalim,/Users/mac/masterAI/tarifit_asr_tfm/data/processed/segments/REC136/REC136_SEG0027_PART02.wav
REC136_SEG0028,REC136,SPK009,data/processed/segments/REC136/REC136_SEG0028.wav,1.616,anḍer n yasuɛ,/Users/mac/masterAI/tarifit_asr_tfm/data/processed/segments/REC136/REC136_SEG0028.wav
REC136_SEG0029_PART01,REC136,SPK009,data/processed/segments/REC136/REC136_SEG0029_PART01.wav,14.932,rami dd tiweḍ tmeddit n usewjed tameddit nni iǧan qber i ass n ssebt yusa dd yusuf zi ramta ijj n umcawar icennɛen n meḥkama tameqqrant n udayyen wenni tuɣa ittrajan,/Users/mac/masterAI/tarifit_asr_tfm/data/processed/segments/REC136/REC136_SEG0029_PART01.wav
REC136_SEG0029_PART02,REC136,SPK009,data/processed/segments/REC136/REC136_SEG0029_PART02.wav,14.932,tageldit n arebbi uca netta izɛem ad yadef ɣar pilaṭus maḥend ad as ittar rxecbet n yasuɛ itebhet pilaṭus umi immut ammu deɣya iraɣa dd i rqebṭan n mya isseqsa t,/Users/mac/masterAI/tarifit_asr_tfm/data/processed/segments/REC136/REC136_SEG0029_PART02.wav
REC136_SEG0030,REC136,SPK009,data/processed/segments/REC136/REC136_SEG0030.wav,1.8,ma immut ma ɛad,/Users/mac/masterAI/tarifit_asr_tfm/data/processed/segments/REC136/REC136_SEG0030.wav
REC136_SEG0031_PART01,REC136,SPK009,data/processed/segments/REC136/REC136_SEG0031_PART01.wav,13.663,umi ifhem man aya zi rqebṭan n mya iwca arrimet i yusuf isɣa yusuf recfen n reqṭen azdad iksi t zi ṣṣalib icfen i t di recfen nni issars i t deg wenḍer,/Users/mac/masterAI/tarifit_asr_tfm/data/processed/segments/REC136/REC136_SEG0031_PART01.wav
REC136_SEG0031_PART02,REC136,SPK009,data/processed/segments/REC136/REC136_SEG0031_PART02.wav,13.663,i tuɣa it waxebcen di sseǧaḥ uca isseqnunni ict n teṣḍart x tewwart n wenḍer tuɣa maryam n majdala d maryam yemmas n yusi ẓrint mani t ssarsen,/Users/mac/masterAI/tarifit_asr_tfm/data/processed/segments/REC136/REC136_SEG0031_PART02.wav
REC137_SEG0001,REC137,SPK009,data/processed/segments/REC137/REC137_SEG0001.wav,1.104,tanukra,/Users/mac/masterAI/tarifit_asr_tfm/data/processed/segments/REC137/REC137_SEG0001.wav
REC137_SEG0002,REC137,SPK009,data/processed/segments/REC137/REC137_SEG0002.wav,9.264,umi iɛdu ssebt tesɣa maryam n majdala d maryam yemmas n yaɛqub d salumi reɛṭur ḥima ad t dehnent,/Users/mac/masterAI/tarifit_asr_tfm/data/processed/segments/REC137/REC137_SEG0002.wav
REC137_SEG0003,REC137,SPK009,data/processed/segments/REC137/REC137_SEG0003.wav,14.128,ɣar ṣṣbeḥ zic deg wass amezwar n ssimana iwḍent i dd ɣar wenḍer arami dd tenqar tfuct nnant jar asent wi d aneɣ i ɣa isseqnunnyen taṣḍart nni iǧan x wadaf n wenḍer,/Users/mac/masterAI/tarifit_asr_tfm/data/processed/segments/REC137/REC137_SEG0003.wav
REC137_SEG0004,REC137,SPK009,data/processed/segments/REC137/REC137_SEG0004.wav,6.576,rami xzarent ẓrint aqa taṣḍart tettwasseqnunni zeg wenḍer waxxa tuɣa temɣar aṭṭas,/Users/mac/masterAI/tarifit_asr_tfm/data/processed/segments/REC137/REC137_SEG0004.wav
REC137_SEG0005_PART01,REC137,SPK009,data/processed/segments/REC137/REC137_SEG0005_PART01.wav,13.32,rami udfent ɣar yifri n wenḍer ẓrint ijj n ubriɣ iqqim ɣar uɣezdis afusi yarḍ arruḍ d acemrar dazirar uca nitenti nnxerɛent maca netta inna asent war ttnexriɛent ca,/Users/mac/masterAI/tarifit_asr_tfm/data/processed/segments/REC137/REC137_SEG0005_PART01.wav
REC137_SEG0005_PART02,REC137,SPK009,data/processed/segments/REC137/REC137_SEG0005_PART02.wav,13.32,kennint tarezzunt x yasuɛ nnaṣiri wenni ittwaṣellben aqa netta ikkar war da iǧi xzarent aqa amcan mani t ssarsen maca ruḥent inint i imeḥḍaren nnes ura i buṭrus,/Users/mac/masterAI/tarifit_asr_tfm/data/processed/segments/REC137/REC137_SEG0005_PART02.wav
REC137_SEG0006,REC137,SPK009,data/processed/segments/REC137/REC137_SEG0006.wav,16.176,aqa ad awem izwar ɣar ljalil dinni ad t tẓarem am mammec tuɣa i d awem inna ffɣent deɣya uca arewrent zeg wenḍer minzi tqebs i tent tarjijit d ddehcan uca war t nnint i ḥed minzi tuɣa ggʷedent,/Users/mac/masterAI/tarifit_asr_tfm/data/processed/segments/REC137/REC137_SEG0006.wav
REC137_SEG0007,REC137,SPK009,data/processed/segments/REC137/REC137_SEG0007.wav,3.408,aḍḥar n yasuɛ awarni i tnukra nnes,/Users/mac/masterAI/tarifit_asr_tfm/data/processed/segments/REC137/REC137_SEG0007.wav
REC137_SEG0008,REC137,SPK009,data/processed/segments/REC137/REC137_SEG0008.wav,17.552,rami ed ikkar netta zic deg wass amezwar n ssimana ikkar dd uca iḍhar dd d amezwaru i maryam n majdala tenni zi tuɣa issuffeɣ sebɛa n ccwaṭen tanita truḥ uca txebbar aya i yinni tuɣa akides iǧan inni tuɣa iceḍnen u ttrun,/Users/mac/masterAI/tarifit_asr_tfm/data/processed/segments/REC137/REC137_SEG0008.wav
REC137_SEG0009_PART01,REC137,SPK009,data/processed/segments/REC137/REC137_SEG0009_PART01.wav,10.824,rami ina srin belli netta aqa iddar uca iban asent war zzaysent uminen awarni aya iban dd s yijj n waddud nneɣni i,/Users/mac/masterAI/tarifit_asr_tfm/data/processed/segments/REC137/REC137_SEG0009_PART01.wav
REC137_SEG0009_PART02,REC137,SPK009,data/processed/segments/REC137/REC137_SEG0009_PART02.wav,10.824,tnayen zzaysen umi tuɣa gguren nitni ɣar ijj n dcar ura d ina ruḥen ɛawed uca xebbaren inneɣni maca war t uminen,/Users/mac/masterAI/tarifit_asr_tfm/data/processed/segments/REC137/REC137_SEG0009_PART02.wav
REC137_SEG0011,REC137,SPK009,data/processed/segments/REC137/REC137_SEG0011.wav,16.08,rexdenni iban dd i ḥiṭac arami tuɣa qqimen ɣar ṭṭabra uca iɛayar i ten zi ssibbet n tikkest n l iman nsen u zi ssibbet n reqsaḥet n wurawen nsen minzi war uminen zeg inni t iẓrin awarni rami dd ittwassnekkar netta,/Users/mac/masterAI/tarifit_asr_tfm/data/processed/segments/REC137/REC137_SEG0011.wav
REC137_SEG0012,REC137,SPK009,data/processed/segments/REC137/REC137_SEG0012.wav,15.632,inna asen ruḥem ɣar ddunect marra barrḥem s rexbar aṣebḥan di marra min dd ittwaxerqen wenni yuminen u ittwasseɣḍeṣ aqa iddar maca wenni war yuminen aqa ittwaḥaseb,/Users/mac/masterAI/tarifit_asr_tfm/data/processed/segments/REC137/REC137_SEG0012.wav
REC137_SEG0013_PART01,REC137,SPK009,data/processed/segments/REC137/REC137_SEG0013_PART01.wav,11.656,tina d reɛramat i ɣa iḍfaren inni yuminen aqa nitni ad ssuffɣen ccwaṭen s yisem inu ad ssiwren s irsawen n jdid ad ksin ifiɣ,/Users/mac/masterAI/tarifit_asr_tfm/data/processed/segments/REC137/REC137_SEG0013_PART01.wav
REC137_SEG0013_PART02,REC137,SPK009,data/processed/segments/REC137/REC137_SEG0013_PART02.wav,11.656,ran s ifassen nsen u mara swin min ineqqen war ten iḍḍarri ca man aya uca ad ssarsen ifassen nsen x imehrac xenni ad ggenfan,/Users/mac/masterAI/tarifit_asr_tfm/data/processed/segments/REC137/REC137_SEG0013_PART02.wav
REC137_SEG0014,REC137,SPK009,data/processed/segments/REC137/REC137_SEG0014.wav,2.64,tameksit n yasuɛ ɣar ujenna,/Users/mac/masterAI/tarifit_asr_tfm/data/processed/segments/REC137/REC137_SEG0014.wav
REC137_SEG0015_PART01,REC137,SPK009,data/processed/segments/REC137/REC137_SEG0015_PART01.wav,10.984,awarni rami kidsen issiwer immeksi siditneɣ yasuɛ ɣar ujenna uca issɣim ixef nnes x ufusi n arebbi maca nitni ffɣen uca barrḥen,/Users/mac/masterAI/tarifit_asr_tfm/data/processed/segments/REC137/REC137_SEG0015_PART01.wav
REC137_SEG0015_PART02,REC137,SPK009,data/processed/segments/REC137/REC137_SEG0015_PART02.wav,10.984,kur amcan u siditneɣ tuɣa ixddem akidsen uca issars rxeṭ nnes x wawaren nsen s reɛramat i yeggin amin,/Users/mac/masterAI/tarifit_asr_tfm/data/processed/segments/REC137/REC137_SEG0015_PART02.wav
REC137_SEG0016,REC137,SPK009,data/processed/segments/REC137/REC137_SEG0016.wav,5.264,aneggar n l rexbar asebḥan iqedssen am mammec t ibarreḥ markus,/Users/mac/masterAI/tarifit_asr_tfm/data/processed/segments/REC137/REC137_SEG0016.wav
