segment_id,recording_id,speaker_group_id,audio_path,duration_seconds,transcription,absolute_audio_path
REC094_SEG0001,REC094,SPK009,data/processed/segments/REC094/REC094_SEG0001.wav,3.76,rexbar asbḥan n yasuɛ lmasiḥ sufuss n matta,/Users/mac/masterAI/tarifit_asr_tfm/data/processed/segments/REC094/REC094_SEG0001.wav
REC094_SEG0002,REC094,SPK009,data/processed/segments/REC094/REC094_SEG0002.wav,3.376,adlis n umezruy n wexřaq n yasuɛ lmasiḥ,/Users/mac/masterAI/tarifit_asr_tfm/data/processed/segments/REC094/REC094_SEG0002.wav
REC094_SEG0003,REC094,SPK009,data/processed/segments/REC094/REC094_SEG0003.wav,12.432,adlis n umezruy n wexřaq n yasuɛ lmasiḥ mmis n dawud mmis n ibrahim ibrahim ijja dd isḥaq isḥaq ijja dd yaɛqub yaɛqub ijja dd yahuda d aytmas,/Users/mac/masterAI/tarifit_asr_tfm/data/processed/segments/REC094/REC094_SEG0003.wav
REC094_SEG0004,REC094,SPK009,data/processed/segments/REC094/REC094_SEG0004.wav,18.032,yahuda ijja dd fariṣ d zaraḥ ak d tamar fariṣ ijja dd ḥaṣrun ḥaṣrun ijja dd aram aram ijja dd ɛamminadab ɛamminadab ijja dd naḥcun naḥcun ijja dd salmun salmun ijja dd buɛaz zi raḥab,/Users/mac/masterAI/tarifit_asr_tfm/data/processed/segments/REC094/REC094_SEG0004.wav
REC094_SEG0005,REC094,SPK009,data/processed/segments/REC094/REC094_SEG0005.wav,12.744,buɛaz ijja dd ɛubid ak d raɛut ɛubid ijja dd yassa yassa ijja dd dawud ajeǧid uca dawud ijja dd suliman ak d temɣart n uriya,/Users/mac/masterAI/tarifit_asr_tfm/data/processed/segments/REC094/REC094_SEG0005.wav
REC094_SEG0006_PART01,REC094,SPK009,data/processed/segments/REC094/REC094_SEG0006_PART01.wav,11.732,suliman ijja dd raḥabɛam raḥabɛam ijja dd abiya abiya ijja dd asa asa ijja dd yahucafaṭ yahucafaṭ ijja dd yuram,/Users/mac/masterAI/tarifit_asr_tfm/data/processed/segments/REC094/REC094_SEG0006_PART01.wav
REC094_SEG0006_PART02,REC094,SPK009,data/processed/segments/REC094/REC094_SEG0006_PART02.wav,11.732,yuram ijja dd ɛuzziya ɛuzziya ijja dd yutam yutam ijja dd aḥaz aḥaz ijja dd ḥizqiya ḥizqiya ijja dd manassa manassa ijja dd amun,/Users/mac/masterAI/tarifit_asr_tfm/data/processed/segments/REC094/REC094_SEG0006_PART02.wav
REC094_SEG0007,REC094,SPK009,data/processed/segments/REC094/REC094_SEG0007.wav,7.76,amun ijja dd yuciya yuciya ijja dd yakunya d aytmas deg wussan n nehbast di babil,/Users/mac/masterAI/tarifit_asr_tfm/data/processed/segments/REC094/REC094_SEG0007.wav
REC094_SEG0008_PART01,REC094,SPK009,data/processed/segments/REC094/REC094_SEG0008_PART01.wav,11.988,awarni awmi xsan uzren ɣar di babil yakunya ijja dd caɛaltiyil caɛaltiyil ijja dd zarubbabil zarubbabil ijja dd abihud abihud,/Users/mac/masterAI/tarifit_asr_tfm/data/processed/segments/REC094/REC094_SEG0008_PART01.wav
REC094_SEG0008_PART02,REC094,SPK009,data/processed/segments/REC094/REC094_SEG0008_PART02.wav,11.988,ijja dd alyaqim alyaqim ijja dd ɛazur ɛazur ijja dd ṣaduq ṣaduq ijja dd axim axim ijja dd aliyud aliyud ijja dd aliɛazar,/Users/mac/masterAI/tarifit_asr_tfm/data/processed/segments/REC094/REC094_SEG0008_PART02.wav
REC094_SEG0009_PART01,REC094,SPK009,data/processed/segments/REC094/REC094_SEG0009_PART01.wav,14.212,aliɛazar ijja dd mattan mattan ijja dd yaɛqub yaɛqub ijja dd yusuf aryaz n maryam tenni i dd ijjin yasuɛ umi qqaren lmasiḥ s uyenni marra arrawen zi ibrahim ař dawud,/Users/mac/masterAI/tarifit_asr_tfm/data/processed/segments/REC094/REC094_SEG0009_PART01.wav
REC094_SEG0009_PART02,REC094,SPK009,data/processed/segments/REC094/REC094_SEG0009_PART02.wav,14.212,iwḍen arbeɛṭac n warrawen zi dawud ař lmenfa di babil arbeɛtac n warrawen uca zi tmeḥbast di babil ař lmasiḥ arbeɛtac n warrawen,/Users/mac/masterAI/tarifit_asr_tfm/data/processed/segments/REC094/REC094_SEG0009_PART02.wav
REC094_SEG0010,REC094,SPK009,data/processed/segments/REC094/REC094_SEG0010.wav,2.032,axřaq n yasuɛ lmasiḥ,/Users/mac/masterAI/tarifit_asr_tfm/data/processed/segments/REC094/REC094_SEG0010.wav
REC094_SEG0011,REC094,SPK009,data/processed/segments/REC094/REC094_SEG0011.wav,12.656,ammu i yemsar wexřaq n yasuɛ lmasiḥ umi yemmas maryam tuɣa tt d tanexḍebt n yusuf iḍhar dd belli nettat teksi aɛeddis zi arruḥ iqeddsen qbeř i ɣa meřcen,/Users/mac/masterAI/tarifit_asr_tfm/data/processed/segments/REC094/REC094_SEG0011.wav
REC094_SEG0012_PART01,REC094,SPK009,data/processed/segments/REC094/REC094_SEG0012_PART01.wav,11.528,umi aryaz nnes yusuf tuɣa iggur nican war ixs ca ad tt issbehdeř tuɣa yarezzu ad as iǧef s tnuffra am tuɣa ittxarraṣ di man,/Users/mac/masterAI/tarifit_asr_tfm/data/processed/segments/REC094/REC094_SEG0012_PART01.wav
REC094_SEG0012_PART02,REC094,SPK009,data/processed/segments/REC094/REC094_SEG0012_PART02.wav,11.528,aya iḍhar as dd lmalak n sidi di tarjit inna a yusuf a mmis n dawud war tteggʷed ad dd tawyed maryam d tamɣart nnec,/Users/mac/masterAI/tarifit_asr_tfm/data/processed/segments/REC094/REC094_SEG0012_PART02.wav
REC094_SEG0013,REC094,SPK009,data/processed/segments/REC094/REC094_SEG0013.wav,13.584,minzi wenni i dayes dd ixeřqen aqa netta zi arruḥ iqeddsen nettat ad dd taruw aḥenjir nettat ad t tsemma yasuɛ minzi netta ad issenjem řgens nnes zi ddnub nsen,/Users/mac/masterAI/tarifit_asr_tfm/data/processed/segments/REC094/REC094_SEG0013.wav
REC094_SEG0014,REC094,SPK009,data/processed/segments/REC094/REC094_SEG0014.wav,17.68,marra aya imsar ḥima ad ittwakemmeř min inna sidi s uqemmum n unabi umi inna xẓar taɛzarect ad teksi ddeyset uca ad dd taruw aḥenjir ad as ggen ɛimmanu il min ixs ad yini arebbi nneɣ aqa t akidneɣ,/Users/mac/masterAI/tarifit_asr_tfm/data/processed/segments/REC094/REC094_SEG0014.wav
REC094_SEG0015,REC094,SPK009,data/processed/segments/REC094/REC094_SEG0015.wav,18.352,řami dd ifaq yusuf zeg iḍeṣ igga am mammec tt yumur lmalak n sidi uca yiwyi dd tamɣart nnes ɣares uca netta war ɣares dd iqarreb ca ařami dd turuw mmis amenzu uca tsemma t yeccu,/Users/mac/masterAI/tarifit_asr_tfm/data/processed/segments/REC094/REC094_SEG0015.wav
REC095_SEG0001_PART01,REC095,SPK009,data/processed/segments/REC095/REC095_SEG0001_PART01.wav,13.16,imusnawen n itran zi ccarq řami dd ixřeq yasuɛ di bayt laḥm di yahudiyya deg wussan n ujeǧid hirudus usin dd ca n imusnawen n itran,/Users/mac/masterAI/tarifit_asr_tfm/data/processed/segments/REC095/REC095_SEG0001_PART01.wav
REC095_SEG0001_PART02,REC095,SPK009,data/processed/segments/REC095/REC095_SEG0001_PART02.wav,13.16,zi manis d tneqqar tfuct ɣar urcalim nnan mani iǧa wenni dd ixeřqen d ajeǧid n wudayen aqa neẓra itri nnes di ccarq nusa dd ad as nesjed,/Users/mac/masterAI/tarifit_asr_tfm/data/processed/segments/REC095/REC095_SEG0001_PART02.wav
REC095_SEG0002,REC095,SPK009,data/processed/segments/REC095/REC095_SEG0002.wav,7.248,řami isřa ujeǧid hirudus man aya inneḥweř netta d qaɛ urcalim akides,/Users/mac/masterAI/tarifit_asr_tfm/data/processed/segments/REC095/REC095_SEG0002.wav
REC095_SEG0003_PART01,REC095,SPK009,data/processed/segments/REC095/REC095_SEG0003_PART01.wav,11.4,hirudus issmun dd zi řgens marra imeqqranen n ikehhanen d imseřmaden n idlisen uca isseqsa ten x mani ɣa ixřeq lmasiḥ,/Users/mac/masterAI/tarifit_asr_tfm/data/processed/segments/REC095/REC095_SEG0003_PART01.wav
REC095_SEG0003_PART02,REC095,SPK009,data/processed/segments/REC095/REC095_SEG0003_PART02.wav,11.4,nnan di bayt laḥm di yahudiyya minzi d man aya i yuran s ufus n unabi uřa d cem bayt laḥm di temmurt n yahuda,/Users/mac/masterAI/tarifit_asr_tfm/data/processed/segments/REC095/REC095_SEG0003_PART02.wav
REC095_SEG0004,REC095,SPK009,data/processed/segments/REC095/REC095_SEG0004.wav,11.824,cem war teǧid ca d tameẓyant jar rhukam n yahuda minzi zzayem dd ɣa iffeɣ ujeǧid wenni i ɣa yarewsen řgens inu israil,/Users/mac/masterAI/tarifit_asr_tfm/data/processed/segments/REC095/REC095_SEG0004.wav
REC095_SEG0005_PART01,REC095,SPK009,data/processed/segments/REC095/REC095_SEG0005_PART01.wav,10.696,xenni iřaɣa hirudus x imusnawen n itran s tnuffra uca yiweḍ ad zzaysen issen řweqt i di tuɣa d asen dd iffeɣ,/Users/mac/masterAI/tarifit_asr_tfm/data/processed/segments/REC095/REC095_SEG0005_PART01.wav
REC095_SEG0005_PART02,REC095,SPK009,data/processed/segments/REC095/REC095_SEG0005_PART02.wav,10.696,itri xenni issekk i ten ɣar bayt laḥm inna ruḥem dinni tarzum mliḥ x uḥenjir mařa tufim t asem dd xebbarem ayi,/Users/mac/masterAI/tarifit_asr_tfm/data/processed/segments/REC095/REC095_SEG0005_PART02.wav
REC095_SEG0006,REC095,SPK009,data/processed/segments/REC095/REC095_SEG0006.wav,16.56,ḥima uřa d necc ad dd aseɣ ad as sejdeɣ awarni řami sřin i wawař n ujeǧid ruḥen uca xzar itri i ẓrin di ccarq iggur zzatsen ařami dd yiweḍ uca ibedd sennej i wemcan mani iǧa uḥenjir,/Users/mac/masterAI/tarifit_asr_tfm/data/processed/segments/REC095/REC095_SEG0006.wav
REC095_SEG0007_PART01,REC095,SPK009,data/processed/segments/REC095/REC095_SEG0007_PART01.wav,10.936,řami ẓrin itri farḥen s řefraḥet tameqqrant aṭṭas udfen ɣar taddart ẓrin aḥenjir ak d maryam yemmas wḍan ɣar temmurt uca,/Users/mac/masterAI/tarifit_asr_tfm/data/processed/segments/REC095/REC095_SEG0007_PART01.wav
REC095_SEG0007_PART02,REC095,SPK009,data/processed/segments/REC095/REC095_SEG0007_PART02.wav,10.936,sejden as xenni arezmen řeknuz nsen uca qeddmen as tirzifin ureɣ mirru d řefwaḥet n řebxur,/Users/mac/masterAI/tarifit_asr_tfm/data/processed/segments/REC095/REC095_SEG0007_PART02.wav
REC095_SEG0008,REC095,SPK009,data/processed/segments/REC095/REC095_SEG0008.wav,10.0,umi d asen dd iweḥḥa di tarjit ḥima war ttɛiqqiben ɣar hirudus ɛeqben ɣar temmurt nsen zeg ijj n webrid nneɣni,/Users/mac/masterAI/tarifit_asr_tfm/data/processed/segments/REC095/REC095_SEG0008.wav
REC095_SEG0009,REC095,SPK009,data/processed/segments/REC095/REC095_SEG0009.wav,8.944,tarewřa ɣar miṣra umi ruḥen iḍhar dd lmalak n sidi ɣar yusuf di tarjit inna kkar,/Users/mac/masterAI/tarifit_asr_tfm/data/processed/segments/REC095/REC095_SEG0009.wav
REC095_SEG0010_PART01,REC095,SPK009,data/processed/segments/REC095/REC095_SEG0010_PART01.wav,10.888,awi dd aḥenjir d yemmas arweř ɣar miṣra u qqim din ař cek i ɣa xebbareɣ minzi hirudus yarezzu x uḥenjir ḥima,/Users/mac/masterAI/tarifit_asr_tfm/data/processed/segments/REC095/REC095_SEG0010_PART01.wav
REC095_SEG0010_PART02,REC095,SPK009,data/processed/segments/REC095/REC095_SEG0010_PART02.wav,10.888,ad t isshellek uca ikkar dd yusuf yiwi aḥenjir d yemmas s ǧiřet uca yarweř ɣar miṣra iqqim dinni ařami immut hirudus,/Users/mac/masterAI/tarifit_asr_tfm/data/processed/segments/REC095/REC095_SEG0010_PART02.wav
REC095_SEG0011,REC095,SPK009,data/processed/segments/REC095/REC095_SEG0011.wav,10.16,ḥima ad ittwakemmeř min ittwannan zi sidi zeg unabi i innan řaɣiɣ dd x mmi ḥima ad iffeɣ zi miṣra,/Users/mac/masterAI/tarifit_asr_tfm/data/processed/segments/REC095/REC095_SEG0011.wav
REC095_SEG0012,REC095,SPK009,data/processed/segments/REC095/REC095_SEG0012.wav,2.928,anɣay n iḥenjiren di bayt laḥm,/Users/mac/masterAI/tarifit_asr_tfm/data/processed/segments/REC095/REC095_SEG0012.wav
REC095_SEG0013_PART01,REC095,SPK009,data/processed/segments/REC095/REC095_SEG0013_PART01.wav,12.52,řami iẓra hirudus belli imusnawen cemten t ixeyyeq aṭṭas uca issekk inɣa marra iḥenjiren n bayt laḥm d qaɛ jjwayeh i d as dd yudsen marra iḥ,/Users/mac/masterAI/tarifit_asr_tfm/data/processed/segments/REC095/REC095_SEG0013_PART01.wav
REC095_SEG0013_PART02,REC095,SPK009,data/processed/segments/REC095/REC095_SEG0013_PART02.wav,12.52,enjiren zi tnayen n iseggʷusa swadday ɛlaḥsab řweqt i yiweḍ ad issen zeg imusnawen řexdenni ittwakemmeř min ittwannan zeg unabi irmiya umi inna,/Users/mac/masterAI/tarifit_asr_tfm/data/processed/segments/REC095/REC095_SEG0013_PART02.wav
REC095_SEG0014,REC095,SPK009,data/processed/segments/REC095/REC095_SEG0014.wav,13.616,tmijja tettwaseř di rama imeṭṭawen d tɣuyyit n wecḍan aṭṭas rahil tettru x iḥenjiren nnes war tettexs ad tettwaɛezza minzi nitni war qqimen ɛad,/Users/mac/masterAI/tarifit_asr_tfm/data/processed/segments/REC095/REC095_SEG0014.wav
REC095_SEG0015,REC095,SPK009,data/processed/segments/REC095/REC095_SEG0015.wav,2.672,adwař zi miṣra ɣar nasera,/Users/mac/masterAI/tarifit_asr_tfm/data/processed/segments/REC095/REC095_SEG0015.wav
REC095_SEG0016_PART01,REC095,SPK009,data/processed/segments/REC095/REC095_SEG0016_PART01.wav,13.356,řami immut hirudus iḍhar dd lmalak n sidi di tarjit i yusuf di miṣra inna kkar awi dd aḥenjir d yemmas uca ruḥ ɣar temmurt n israil,/Users/mac/masterAI/tarifit_asr_tfm/data/processed/segments/REC095/REC095_SEG0016_PART01.wav
REC095_SEG0016_PART02,REC095,SPK009,data/processed/segments/REC095/REC095_SEG0016_PART02.wav,13.356,minzi inni tuɣa yarezzun ad nɣen aḥenjir aqa mmuten řexdenni ikkar yiwi dd aḥenjir d yemmas uca yusa dd ɣar temmurt n israil maca ařami isřa belli,/Users/mac/masterAI/tarifit_asr_tfm/data/processed/segments/REC095/REC095_SEG0016_PART02.wav
REC095_SEG0017_PART01,REC095,SPK009,data/processed/segments/REC095/REC095_SEG0017_PART01.wav,12.46,arxilawus idweř d ajeǧid di yahudiyya deg wemcan n babas hirudus iggʷed ad iraḥ dinni xenni iweḥḥa as dd arebbi di tarjit maḥend ad iraḥ ɣar jjwayeh,/Users/mac/masterAI/tarifit_asr_tfm/data/processed/segments/REC095/REC095_SEG0017_PART01.wav
REC095_SEG0017_PART02,REC095,SPK009,data/processed/segments/REC095/REC095_SEG0017_PART02.wav,12.46,n ljalil řami dd yiweḍ izdeɣ di tendint qqaren as nnaṣira ḥima ad ittwakemmeř min ittwannan zeg unabi i innan ad t semman nnaṣiri,/Users/mac/masterAI/tarifit_asr_tfm/data/processed/segments/REC095/REC095_SEG0017_PART02.wav
REC096_SEG0001,REC096,SPK009,data/processed/segments/REC096/REC096_SEG0001.wav,2.896,abarreḥ n yuḥanna amseɣḍaṣ,/Users/mac/masterAI/tarifit_asr_tfm/data/processed/segments/REC096/REC096_SEG0001.wav
REC096_SEG0002,REC096,SPK009,data/processed/segments/REC096/REC096_SEG0002.wav,16.976,deg wussan nni yusa dd yuḥanna amseɣḍaṣ tuɣa ittbarreḥ di řexřa n yahudiyya inna tubem minzi tageldit n ijenwan aqa tudes dd minzi netta d wenni xef ittwannan zeg unabi icaɛya am inna,/Users/mac/masterAI/tarifit_asr_tfm/data/processed/segments/REC096/REC096_SEG0002.wav
REC096_SEG0003_PART01,REC096,SPK009,data/processed/segments/REC096/REC096_SEG0003_PART01.wav,10.92,tmijja i ittřaɣan di řexřa swejdem abrid n sidi seggem imesraq nnes yuḥanna wanita tuɣa yarreḍ arruḍ n ta,/Users/mac/masterAI/tarifit_asr_tfm/data/processed/segments/REC096/REC096_SEG0003_PART01.wav
REC096_SEG0003_PART02,REC096,SPK009,data/processed/segments/REC096/REC096_SEG0003_PART02.wav,10.92,ḍuft n iřeɣman ibekkes ijj n webyas n yiřem uca macca nnes tuɣa d iburexsen d tamment taḥurrect,/Users/mac/masterAI/tarifit_asr_tfm/data/processed/segments/REC096/REC096_SEG0003_PART02.wav
REC096_SEG0004_PART01,REC096,SPK009,data/processed/segments/REC096/REC096_SEG0004_PART01.wav,10.616,řexdenni teffeɣ dd ɣares urcalim d qaɛ yahudiyya d marra jjwayeh i d as dd innḍen i l urdun uca ttwassɣeḍṣen zzayes,/Users/mac/masterAI/tarifit_asr_tfm/data/processed/segments/REC096/REC096_SEG0004_PART01.wav
REC096_SEG0004_PART02,REC096,SPK009,data/processed/segments/REC096/REC096_SEG0004_PART02.wav,10.616,deg iɣzar n l urdun neɛmen s ddnub nsen řami iẓra aṭṭas n ifarisiyyen d iṣaduqiyyen ttasen dd maḥend ad ttwassɣeḍṣen inna asen,/Users/mac/masterAI/tarifit_asr_tfm/data/processed/segments/REC096/REC096_SEG0004_PART02.wav
REC096_SEG0005,REC096,SPK009,data/processed/segments/REC096/REC096_SEG0005.wav,15.248,a tarwa n ifiɣran wi d awem imřen aqa tzemmarem ad tarewřem zeg weɣḍab i dd ɣa yasen ggem řɣiǧet i ɣa iřiqqen i ttubet war ttɣiřem ca ad tinim deg ixef nwem ibrahim d jedditneɣ,/Users/mac/masterAI/tarifit_asr_tfm/data/processed/segments/REC096/REC096_SEG0005.wav
REC096_SEG0006_PART01,REC096,SPK009,data/processed/segments/REC096/REC096_SEG0006_PART01.wav,14.024,minzi necc ad awem iniɣ belli arebbi izemmar ad issnekkar zeg iẓra ya tarwa i ibrahim xzar tacaqurt tettwassars ɣar iẓewran n tcejjura,/Users/mac/masterAI/tarifit_asr_tfm/data/processed/segments/REC096/REC096_SEG0006_PART01.wav
REC096_SEG0006_PART02,REC096,SPK009,data/processed/segments/REC096/REC096_SEG0006_PART02.wav,14.024,s uya kuř tacejjart i war itticen řɣiǧet tecna ad tettwaqess uca ad tewḍa di tmessi necc ad kenniw ssɣeḍṣeɣ deg waman i ttubet maca wenni i dd ɣa yasen awarni ayi netta ijhed xafi,/Users/mac/masterAI/tarifit_asr_tfm/data/processed/segments/REC096/REC096_SEG0006_PART02.wav
REC096_SEG0007_PART01,REC096,SPK009,data/processed/segments/REC096/REC096_SEG0007_PART01.wav,11.752,necc war sdihiǧeɣ ad ksiɣ sandaliyat nnes aqa netta ad kenniw isseɣḍeṣ di arruḥ iqeddsen d tmessi tazzart nnes deg ufus nnes ad izzu,/Users/mac/masterAI/tarifit_asr_tfm/data/processed/segments/REC096/REC096_SEG0007_PART01.wav
REC096_SEG0007_PART02,REC096,SPK009,data/processed/segments/REC096/REC096_SEG0007_PART02.wav,11.752,zar andrar nnes qaɛ ad iyru irden ɣar řemrasi nnes maca icarfa ad ten issecmeḍ s tmessi i war ixessyen,/Users/mac/masterAI/tarifit_asr_tfm/data/processed/segments/REC096/REC096_SEG0007_PART02.wav
REC096_SEG0008,REC096,SPK009,data/processed/segments/REC096/REC096_SEG0008.wav,5.232,aseɣḍeṣ n yasuɛ s waman sufus n yuḥanna amseɣḍas,/Users/mac/masterAI/tarifit_asr_tfm/data/processed/segments/REC096/REC096_SEG0008.wav
REC096_SEG0009,REC096,SPK009,data/processed/segments/REC096/REC096_SEG0009.wav,17.424,řexdenni yusa dd yasuɛ zi ljalil ɣar l urdun ɣar yuḥanna ḥima ad ittwaseɣḍeṣ zzayes maca yuḥanna yugi as inna necc ḥdajeɣ ad ttwassɣeḍṣeɣ zzayek ma aqa d cek i ɣari i dd ɣa yasen,/Users/mac/masterAI/tarifit_asr_tfm/data/processed/segments/REC096/REC096_SEG0009.wav
REC096_SEG0010,REC096,SPK009,data/processed/segments/REC096/REC096_SEG0010.wav,9.232,maca yasuɛ yarra dd inna as ewc řexxu ttesriḥ minzi ammu i d aneɣ ittřiq ḥima ad nkemmeř marra tasegda,/Users/mac/masterAI/tarifit_asr_tfm/data/processed/segments/REC096/REC096_SEG0010.wav
REC096_SEG0011_PART01,REC096,SPK009,data/processed/segments/REC096/REC096_SEG0011_PART01.wav,12.699,řexdenni isamḥ as awarni řami ittwasseɣḍeṣ yasuɛ yuři dd zeg waman deɣya u ttwarzmen as ijenwan uca iẓra arruḥ n are,/Users/mac/masterAI/tarifit_asr_tfm/data/processed/segments/REC096/REC096_SEG0011_PART01.wav
REC096_SEG0011_PART02,REC096,SPK009,data/processed/segments/REC096/REC096_SEG0011_PART02.wav,12.699,bbi ihwa dd am tadbirt tarsa xas xzar tusa dd ict n tmijja zeg ijenwan tenna d wa d mmi iɛizzen dayes ufiɣ arḍa inu xariṭa n temmurt n israil di řweqt n yeccu lmasiḥ mt,/Users/mac/masterAI/tarifit_asr_tfm/data/processed/segments/REC096/REC096_SEG0011_PART02.wav
REC097_SEG0001,REC097,SPK009,data/processed/segments/REC097/REC097_SEG0001.wav,3.472,ibřis ittjarreb yasuɛ di řexřa,/Users/mac/masterAI/tarifit_asr_tfm/data/processed/segments/REC097/REC097_SEG0001.wav
REC097_SEG0002_PART01,REC097,SPK009,data/processed/segments/REC097/REC097_SEG0002_PART01.wav,11.96,řexdenni ittwandeh yasuɛ ɣar řexřa zi arruḥ iqeddsen ḥima ad ittwajarreb zeg ibřis awarni řami tuɣa iẓumm arebɛin n wussan d arebɛin n ǧyaři yusedd,/Users/mac/masterAI/tarifit_asr_tfm/data/processed/segments/REC097/REC097_SEG0002_PART01.wav
REC097_SEG0002_PART02,REC097,SPK009,data/processed/segments/REC097/REC097_SEG0002_PART02.wav,11.96,jjuɛ ɣar uneggar yusa dd ɣares umjarrab inna as mařa cek d mmis n arebbi ini i iẓra ya ad dewřen d aɣrum yarra dd xas inna aqa tura,/Users/mac/masterAI/tarifit_asr_tfm/data/processed/segments/REC097/REC097_SEG0002_PART02.wav
REC097_SEG0003,REC097,SPK009,data/processed/segments/REC097/REC097_SEG0003.wav,7.504,bnadem war iddar s weɣrum waha maca zi kuř awař i dd ittekken zeg uqemmum n arebbi,/Users/mac/masterAI/tarifit_asr_tfm/data/processed/segments/REC097/REC097_SEG0003.wav
REC097_SEG0004_PART01,REC097,SPK009,data/processed/segments/REC097/REC097_SEG0004_PART01.wav,13.032,řexdenni yiwyi t ibřis ɣar tendint iqeddsen uca isgeɛḍ i t ɣar ṭṭarf n tzeqqa n zzawect tameqqrant inna as mařa cek d mmis n arebbi iwa nḍar ixef nnec,/Users/mac/masterAI/tarifit_asr_tfm/data/processed/segments/REC097/REC097_SEG0004_PART01.wav
REC097_SEG0004_PART02,REC097,SPK009,data/processed/segments/REC097/REC097_SEG0004_PART02.wav,13.032,ɣar wadday minzi aqa tura ad yumur lmalakat nnes xak ad cek ksint x ifassen nsent ḥima aḍar nnec war ineggeḥ ca aẓru,/Users/mac/masterAI/tarifit_asr_tfm/data/processed/segments/REC097/REC097_SEG0004_PART02.wav
REC097_SEG0005,REC097,SPK009,data/processed/segments/REC097/REC097_SEG0005.wav,16.624,yasuɛ inna as tura ɛawed war ttjarrab sidi arebbi nnec yiwyi t ɛawed ibřis ɣar wedrar yuɛřan aṭṭas isscen as marra tigeldiwin n ddunect d uɛuǧi nsent inna as,/Users/mac/masterAI/tarifit_asr_tfm/data/processed/segments/REC097/REC097_SEG0005.wav
REC097_SEG0006,REC097,SPK009,data/processed/segments/REC097/REC097_SEG0006.wav,18.0,ad ac wceɣ marra man aya mařa tewḍid ayi ɣar iḍaren ad ayi tsejded inna as yasuɛ ruḥ a cciṭan minzi tura sidi arebbi nnec umi ɣa tsejded u i netta weḥḥdes umi ɣa tsexxared,/Users/mac/masterAI/tarifit_asr_tfm/data/processed/segments/REC097/REC097_SEG0006.wav
REC097_SEG0007,REC097,SPK009,data/processed/segments/REC097/REC097_SEG0007.wav,7.184,řexdenni ijja i t ibřis u xzar lmalakat usint i dd tuɣa sexxarent as,/Users/mac/masterAI/tarifit_asr_tfm/data/processed/segments/REC097/REC097_SEG0007.wav
REC097_SEG0008,REC097,SPK009,data/processed/segments/REC097/REC097_SEG0008.wav,3.76,amezwaru n tsexxart n yasuɛ di ljalil,/Users/mac/masterAI/tarifit_asr_tfm/data/processed/segments/REC097/REC097_SEG0008.wav
REC097_SEG0009_PART01,REC097,SPK009,data/processed/segments/REC097/REC097_SEG0009_PART01.wav,11.24,řami isřa yasuɛ belli yuḥanna tuɣa ittwasellem iruḥ ɣar ljalil ijja nnaṣira uca yusa dd ɣar kafarnaḥum tenni ɣar ṭṭarf n řebḥ,/Users/mac/masterAI/tarifit_asr_tfm/data/processed/segments/REC097/REC097_SEG0009_PART01.wav
REC097_SEG0009_PART02,REC097,SPK009,data/processed/segments/REC097/REC097_SEG0009_PART02.wav,11.24,ar di temmurt n zibulun d naftali uca izdeɣ din ḥima ad ittwakemmeř min ittwannan zeg unabi icaɛya umi inna,/Users/mac/masterAI/tarifit_asr_tfm/data/processed/segments/REC097/REC097_SEG0009_PART02.wav
REC097_SEG0010,REC097,SPK009,data/processed/segments/REC097/REC097_SEG0010.wav,9.68,tammurt n zibulun d temmurt n naftali deg webrid n řebḥar ɣar ujemmaḍ n l urdun ljalil n řegnus,/Users/mac/masterAI/tarifit_asr_tfm/data/processed/segments/REC097/REC097_SEG0010.wav
REC097_SEG0011_PART01,REC097,SPK009,data/processed/segments/REC097/REC097_SEG0011_PART01.wav,10.12,řgens i iqqimen di taǧest iẓra tafawt tameqqrant u x yinni izedɣen di temmurt d tiři n řmewt aqa tenqar dd,/Users/mac/masterAI/tarifit_asr_tfm/data/processed/segments/REC097/REC097_SEG0011_PART01.wav
REC097_SEG0011_PART02,REC097,SPK009,data/processed/segments/REC097/REC097_SEG0011_PART02.wav,10.12,xasen tfawt zi ssin ibda yasuɛ ittbarreḥ inna tubem minzi tageldit n ijenwan aqa tudes dd,/Users/mac/masterAI/tarifit_asr_tfm/data/processed/segments/REC097/REC097_SEG0011_PART02.wav
REC097_SEG0013,REC097,SPK009,data/processed/segments/REC097/REC097_SEG0013.wav,18.896,řami tuɣa netta iggur x tma n řebḥar n ljalil iẓra tnayen n wawmaten cimɛun umi qqaren buṭrus isem wanita ixs ad yini d aẓru d andrawus umas tuɣa neṭṭaren traccawin di řebḥar minzi nitni d ineymaren n iseřman,/Users/mac/masterAI/tarifit_asr_tfm/data/processed/segments/REC097/REC097_SEG0013.wav
REC097_SEG0014,REC097,SPK009,data/processed/segments/REC097/REC097_SEG0014.wav,6.0,inna asen yasuɛ ḍfarem ayi dd ad kenniw arreɣ d ineymaren n iwdan,/Users/mac/masterAI/tarifit_asr_tfm/data/processed/segments/REC097/REC097_SEG0014.wav
REC097_SEG0015_PART01,REC097,SPK009,data/processed/segments/REC097/REC097_SEG0015_PART01.wav,14.152,ssarsen deɣya tiracciwin nsen ḍfaren t řami yeɛdu ssenni iẓra tnayen n wawmaten nneɣni yaɛqub mmis n zabdi d umas yuḥanna tuɣa aten,/Users/mac/masterAI/tarifit_asr_tfm/data/processed/segments/REC097/REC097_SEG0015_PART01.wav
REC097_SEG0015_PART02,REC097,SPK009,data/processed/segments/REC097/REC097_SEG0015_PART02.wav,14.152,ak d babatsen zabdi deg uɣarrabu ɛeddřen tiracciwin nsen uca netta iřaɣa xasen deɣya semḥen deg uɣarrabu u di babatsen ḍfaren t,/Users/mac/masterAI/tarifit_asr_tfm/data/processed/segments/REC097/REC097_SEG0015_PART02.wav
REC097_SEG0017_PART01,REC097,SPK009,data/processed/segments/REC097/REC097_SEG0017_PART01.wav,13.592,tuɣa ittenneḍ di temmurt n ljalil marra isseřmad di temzidawin nsen ittbarreḥ s řexbar aṣebḥan n tgeldit uca issgenfa kuř řehřac d kuř,/Users/mac/masterAI/tarifit_asr_tfm/data/processed/segments/REC097/REC097_SEG0017_PART01.wav
REC097_SEG0017_PART02,REC097,SPK009,data/processed/segments/REC097/REC097_SEG0017_PART02.wav,13.592,řeɛyubat i iǧan di řgens iffeɣ řexbar xas di suriya marra uca iwyen dd ɣares marra imehřac inni ɣar iǧa ɛřam kuř řehřac d řeḥriq,/Users/mac/masterAI/tarifit_asr_tfm/data/processed/segments/REC097/REC097_SEG0017_PART02.wav
REC097_SEG0018,REC097,SPK009,data/processed/segments/REC097/REC097_SEG0018.wav,19.073,mařyaḥen d yinni ittbarkikkiḍen uřa d ineɛḍaben uca issgenfa i ten ḍfaren t i dd aṭṭas n řɣaci zi ljalil zi dikapulis zi urcalim zi yahudiyya u zeg ujemmaḍ n l urdun,/Users/mac/masterAI/tarifit_asr_tfm/data/processed/segments/REC097/REC097_SEG0018.wav
REC098_SEG0001,REC098,SPK009,data/processed/segments/REC098/REC098_SEG0001.wav,3.664,abarreḥ d g wedrar awaren n lbaraka,/Users/mac/masterAI/tarifit_asr_tfm/data/processed/segments/REC098/REC098_SEG0001.wav
REC098_SEG0002,REC098,SPK009,data/processed/segments/REC098/REC098_SEG0002.wav,15.504,řami iẓra yasuɛ řɣaci yuři ɣar wedrar uca awarni řami din iqqim usin dd ɣares imeḥḍaren nnes uca yarzem aqemmum nnes isseřmed i ten inna sseɛd n yinni arruḥ nsen izřeḍ,/Users/mac/masterAI/tarifit_asr_tfm/data/processed/segments/REC098/REC098_SEG0002.wav
REC098_SEG0003_PART01,REC098,SPK009,data/processed/segments/REC098/REC098_SEG0003_PART01.wav,10.824,minzi tageldit n ijenwan aqa tt i nitni sseɛd n yinni ittecḍinen minzi nitni ad ttwaɛezzan sseɛd n imwaḍɛen,/Users/mac/masterAI/tarifit_asr_tfm/data/processed/segments/REC098/REC098_SEG0003_PART01.wav
REC098_SEG0003_PART02,REC098,SPK009,data/processed/segments/REC098/REC098_SEG0003_PART02.wav,10.824,minzi nitni ad warten tammurt sseɛd n yinni ittřaẓan d yinni ittfaden ɣar tsegda minzi nitni ad jjiwnen,/Users/mac/masterAI/tarifit_asr_tfm/data/processed/segments/REC098/REC098_SEG0003_PART02.wav
REC098_SEG0004,REC098,SPK009,data/processed/segments/REC098/REC098_SEG0004.wav,2.32,sseɛd n yinni yareḥḥmen,/Users/mac/masterAI/tarifit_asr_tfm/data/processed/segments/REC098/REC098_SEG0004.wav
REC098_SEG0005_PART01,REC098,SPK009,data/processed/segments/REC098/REC098_SEG0005_PART01.wav,13.56,minzi ad ɣarsen tiři arreḥmet sseɛd n yinni i ɣar iǧa uř izdig minzi nitni ad ẓaren arebbi sseɛd n yinni itteggen řehna,/Users/mac/masterAI/tarifit_asr_tfm/data/processed/segments/REC098/REC098_SEG0005_PART01.wav
REC098_SEG0005_PART02,REC098,SPK009,data/processed/segments/REC098/REC098_SEG0005_PART02.wav,13.56,minzi nitni ad ttwasemman arrawen n arebbi sseɛd n yinni inneḥṣaren x ssibbet n tsegda minzi tageldit n ijenwan ad ɣarsen tiři,/Users/mac/masterAI/tarifit_asr_tfm/data/processed/segments/REC098/REC098_SEG0005_PART02.wav
REC098_SEG0006_PART01,REC098,SPK009,data/processed/segments/REC098/REC098_SEG0006_PART01.wav,12.184,sseɛd i kenniw mařa ttɛayaren u ttdarracen xawem uca ad xawem inin ɛřam kuř awařen iɛeffanen x ssibbet inu waxxa ssxarriqen farḥem,/Users/mac/masterAI/tarifit_asr_tfm/data/processed/segments/REC098/REC098_SEG0006_PART01.wav
REC098_SEG0006_PART02,REC098,SPK009,data/processed/segments/REC098/REC098_SEG0006_PART02.wav,12.184,sřiweřwem minzi řmunet nwem d tameqqrant deg ijenwan minzi ammu i tuɣa ttdarracen inabiyyen inni qbeř nwem,/Users/mac/masterAI/tarifit_asr_tfm/data/processed/segments/REC098/REC098_SEG0006_PART02.wav
REC098_SEG0008,REC098,SPK009,data/processed/segments/REC098/REC098_SEG0008.wav,15.536,kenniw d tameǧaḥt n temmurt maca mařa tameǧaḥt ixsar uředdi nnes mammec ɣa negg ad tt narr d tameǧaḥt war tneffeɛ ɛad i walu ḥaca ad temmenḍar ɣar barra ad xas ɛefsen iwdan,/Users/mac/masterAI/tarifit_asr_tfm/data/processed/segments/REC098/REC098_SEG0008.wav
REC098_SEG0009_PART01,REC098,SPK009,data/processed/segments/REC098/REC098_SEG0009_PART01.wav,13.656,kenniw d tafawt n ddunect tandint i ittwabnan x wedrar war tzemmar ad tennuffar war ssreqqin řefnar uca ad t ssarsen sadu řmud maca ad t ssarsen x řmerfeɛ,/Users/mac/masterAI/tarifit_asr_tfm/data/processed/segments/REC098/REC098_SEG0009_PART01.wav
REC098_SEG0009_PART02,REC098,SPK009,data/processed/segments/REC098/REC098_SEG0009_PART02.wav,13.656,maḥend ad yarɣ i marra inni iǧan di taddart jjem tafawt nwem ad tarɣ i iwdan ḥima ad ẓaren řexdayem nwem icnan ad ssuɛřan babatwem i iǧan deg ijenwan,/Users/mac/masterAI/tarifit_asr_tfm/data/processed/segments/REC098/REC098_SEG0009_PART02.wav
REC098_SEG0011,REC098,SPK009,data/processed/segments/REC098/REC098_SEG0011.wav,12.624,aqa ad awem ittɣiř aqa usiɣ dd ḥima ad ssbeṭṭřeɣ ccariɛa niɣ inabiyyen necc war dd usiɣ ca ḥima ad ssbeṭṭřeɣ maca ḥima ad kemmřeɣ,/Users/mac/masterAI/tarifit_asr_tfm/data/processed/segments/REC098/REC098_SEG0011.wav
REC098_SEG0012_PART01,REC098,SPK009,data/processed/segments/REC098/REC098_SEG0012_PART01.wav,11.768,s tidett necc ad awem iniɣ ař i ɣa iɛdu ujenna d temmurt war ibeṭṭeř uřa d ijjen řḥarf niɣ d taneqqiṭ zi ccariɛa ař ɣa yiři kuřci,/Users/mac/masterAI/tarifit_asr_tfm/data/processed/segments/REC098/REC098_SEG0012_PART01.wav
REC098_SEG0012_PART02,REC098,SPK009,data/processed/segments/REC098/REC098_SEG0012_PART02.wav,11.768,s uya wenni i ɣa issbeṭṭřen zi tweṣṣa ya icten waxxa d tameẓyant uca isseřmad iwdan ammu ad ittwasemma d ameẓyan di tgeldit n ijenwan,/Users/mac/masterAI/tarifit_asr_tfm/data/processed/segments/REC098/REC098_SEG0012_PART02.wav
REC098_SEG0013_PART01,REC098,SPK009,data/processed/segments/REC098/REC098_SEG0013_PART01.wav,10.536,maca wenni zzaysent iggin u isseřmad i tent netta ad ittwasemma d ameqqran di tgeldit n ijenwan minzi necc ad awem iniɣ mařa,/Users/mac/masterAI/tarifit_asr_tfm/data/processed/segments/REC098/REC098_SEG0013_PART01.wav
REC098_SEG0013_PART02,REC098,SPK009,data/processed/segments/REC098/REC098_SEG0013_PART02.wav,10.536,tasegda nwem war tmeqqar ca x tenni n imseřmaden n idlisen d tenni n ifarisiyyen s tidett war tettidfem ca ɣar tgeldit n ijenwan,/Users/mac/masterAI/tarifit_asr_tfm/data/processed/segments/REC098/REC098_SEG0013_PART02.wav
REC098_SEG0014,REC098,SPK009,data/processed/segments/REC098/REC098_SEG0014.wav,2.192,axyeq d wenɣay,/Users/mac/masterAI/tarifit_asr_tfm/data/processed/segments/REC098/REC098_SEG0014.wav
REC098_SEG0015_PART01,REC098,SPK009,data/processed/segments/REC098/REC098_SEG0015_PART01.wav,10.488,aqa tesřim belli ittwanna i řejdud war neqq u wenni ineqqen ad ittwaḥaseb maca necc ad awem iniɣ marra wenni,/Users/mac/masterAI/tarifit_asr_tfm/data/processed/segments/REC098/REC098_SEG0015_PART01.wav
REC098_SEG0015_PART02,REC098,SPK009,data/processed/segments/REC098/REC098_SEG0015_PART02.wav,10.488,ittxeyyaqen x umas břa ssibbet nhřa ma ad xas ittwaḥakem u marra wenni iqqaren i umas ad xak ssusfeɣ,/Users/mac/masterAI/tarifit_asr_tfm/data/processed/segments/REC098/REC098_SEG0015_PART02.wav
REC098_SEG0016,REC098,SPK009,data/processed/segments/REC098/REC098_SEG0016.wav,11.888,axas ṭaḥkem lmeḥkama tameqqrant n wuḍayen u wenni iqqaren a abuhaři ad ittwaḥakem ad yadef ɣar tmessi n jehennama,/Users/mac/masterAI/tarifit_asr_tfm/data/processed/segments/REC098/REC098_SEG0016.wav
REC098_SEG0017,REC098,SPK009,data/processed/segments/REC098/REC098_SEG0017.wav,19.984,mařa tqeddmed tawhibt nnec x uɛalṭar min xef ssarsen tiɣarṣa d tewhibin uca dinni tɛeqřed belli umac aqa t ca xak ejj tawhibt nnec din zzat i uɛalṭar ruḥ amezwaru tṣeřḥed ak d umac xenni dweř dd uca ewc tawhibt nnec,/Users/mac/masterAI/tarifit_asr_tfm/data/processed/segments/REC098/REC098_SEG0017.wav
REC098_SEG0018_PART01,REC098,SPK009,data/processed/segments/REC098/REC098_SEG0018_PART01.wav,11.304,eg deɣya ṭaḍuklit ak d weɣrim nnec umi cek ɛad akides deg webrid ḥima aɣrim nnec war cek ittiwi ɣar řqaḍi xenni,/Users/mac/masterAI/tarifit_asr_tfm/data/processed/segments/REC098/REC098_SEG0018_PART01.wav
REC098_SEG0018_PART02,REC098,SPK009,data/processed/segments/REC098/REC098_SEG0018_PART02.wav,11.304,řqaḍi ad cek yawi ɣar umxazni uca ad temmenḍared di řeḥbes s tidett necc ad ac iniɣ war dd teffɣed ssenni ař ɣa txeǧṣed aṣuldi aneggaru,/Users/mac/masterAI/tarifit_asr_tfm/data/processed/segments/REC098/REC098_SEG0018_PART02.wav
REC098_SEG0020_PART01,REC098,SPK009,data/processed/segments/REC098/REC098_SEG0020_PART01.wav,13.944,aqa tesřim belli ittwanna war zenni ca maca necc ad awem iniɣ marra wenni i ɣa ixzaren ɣar temɣart s nnecwet aqa izna deɣya akides deg wuř nnes,/Users/mac/masterAI/tarifit_asr_tfm/data/processed/segments/REC098/REC098_SEG0020_PART01.wav
REC098_SEG0020_PART02,REC098,SPK009,data/processed/segments/REC098/REC098_SEG0020_PART02.wav,13.944,mařa tessenqarḍ cek tiṭṭ nnec tafusect qess i tt nḍar i tt xak iḥřa ac mařa iweddar ijj n ṭṭarf n arrimet nnec x uweṭṭu n arrimet nnec marra di jehennama,/Users/mac/masterAI/tarifit_asr_tfm/data/processed/segments/REC098/REC098_SEG0020_PART02.wav
REC098_SEG0021,REC098,SPK009,data/processed/segments/REC098/REC098_SEG0021.wav,14.928,mařa tessenqarḍ cek afus nnec afusi qess i t nḍar i t xak minzi iḥřa ac mařa iweddar ijj n ṭṭarf n arrimet nnec waha x uweṭṭu n arrimet nnec marra di jehennama,/Users/mac/masterAI/tarifit_asr_tfm/data/processed/segments/REC098/REC098_SEG0021.wav
REC098_SEG0022,REC098,SPK009,data/processed/segments/REC098/REC098_SEG0022.wav,1.072,aǧaf,/Users/mac/masterAI/tarifit_asr_tfm/data/processed/segments/REC098/REC098_SEG0022.wav
REC098_SEG0023_PART01,REC098,SPK009,data/processed/segments/REC098/REC098_SEG0023_PART01.wav,10.664,aqa ittwanna ɛawed wenni i ɣa iǧfen i temɣart nnes ad as iwc tabrat n waǧaf maca necc ad awem iniɣ marra wenni i ɣa iǧfen,/Users/mac/masterAI/tarifit_asr_tfm/data/processed/segments/REC098/REC098_SEG0023_PART01.wav
REC098_SEG0023_PART02,REC098,SPK009,data/processed/segments/REC098/REC098_SEG0023_PART02.wav,10.664,i temɣart nnes war iǧi zi ssibbet n farq ccɣeř ittarra i tt ad tezna uca wenni i ɣa imeřcen tenni umi iǧfen aqa netta izna,/Users/mac/masterAI/tarifit_asr_tfm/data/processed/segments/REC098/REC098_SEG0023_PART02.wav
REC098_SEG0025,REC098,SPK009,data/processed/segments/REC098/REC098_SEG0025.wav,19.248,aqa tesřim ɛawed belli ittwanna i řejdud war tejjaǧid ẓur maca egg min tejjuǧed i sidi maca necc ad awem iniɣ war tejjaǧam ɛemmarṣ uřa ɣar ujenna minzi netta d řɛarc n arebbi,/Users/mac/masterAI/tarifit_asr_tfm/data/processed/segments/REC098/REC098_SEG0025.wav
REC098_SEG0026,REC098,SPK009,data/processed/segments/REC098/REC098_SEG0026.wav,5.392,uřa ɣar temmurt minzi nettat d tanebdat sadu iḍaren nnes,/Users/mac/masterAI/tarifit_asr_tfm/data/processed/segments/REC098/REC098_SEG0026.wav
REC098_SEG0027_PART01,REC098,SPK009,data/processed/segments/REC098/REC098_SEG0027_PART01.wav,12.888,uřa ɣar tendint n urcalim minzi nettat d tandint n ujeǧid d ameqqran war tejjaǧam uřa ɣar uzeǧif nnec minzi war tzemmared ad tarred uřa d ijj n uẓeṭṭu,/Users/mac/masterAI/tarifit_asr_tfm/data/processed/segments/REC098/REC098_SEG0027_PART01.wav
REC098_SEG0027_PART02,REC098,SPK009,data/processed/segments/REC098/REC098_SEG0027_PART02.wav,12.888,n ucuwwaf d acemřař niɣ d abarcan ad iqqim wawař nwem wah d wah lla d lla mana ktar zi man aya aqa netta zeg umɛeffan,/Users/mac/masterAI/tarifit_asr_tfm/data/processed/segments/REC098/REC098_SEG0027_PART02.wav
REC098_SEG0029,REC098,SPK009,data/processed/segments/REC098/REC098_SEG0029.wav,5.872,aqa tesřim belli ittwanna tiṭṭ s tiṭṭ d tiɣmest s teɣmest,/Users/mac/masterAI/tarifit_asr_tfm/data/processed/segments/REC098/REC098_SEG0029.wav
REC098_SEG0030_PART01,REC098,SPK009,data/processed/segments/REC098/REC098_SEG0030_PART01.wav,14.664,maca necc ad awem iniɣ war tettemɛařam ca ak d ijj n uɛeffan maca wenni i ɣa isseqqřen ameggiz nnec afusi seřqa yas uřa d wnneɣni mařa din ḥed ixs ad kik igg ccreɛ,/Users/mac/masterAI/tarifit_asr_tfm/data/processed/segments/REC098/REC098_SEG0030_PART01.wav
REC098_SEG0030_PART02,REC098,SPK009,data/processed/segments/REC098/REC098_SEG0030_PART02.wav,14.664,uca netta ad xak ikkes tcamir nnec ejj i t ad iksi uřa d ajeǧab wenni xak iggin bezzez ḥima ad kides tuyured ijj n kilumitr uyur akides tnayen,/Users/mac/masterAI/tarifit_asr_tfm/data/processed/segments/REC098/REC098_SEG0030_PART02.wav
REC098_SEG0031,REC098,SPK009,data/processed/segments/REC098/REC098_SEG0031.wav,6.8,man wen d ac i ɣa ittaren ca n řḥajjet ewc as tt u wenni yarezzun ad xak yarḍeř war d t ttarra amenni,/Users/mac/masterAI/tarifit_asr_tfm/data/processed/segments/REC098/REC098_SEG0031.wav
REC098_SEG0033_PART01,REC098,SPK009,data/processed/segments/REC098/REC098_SEG0033_PART01.wav,11.64,aqa tesřim belli ittwanna ad texsed jjar nnec ad tcarhed řeɛdu nnec maca necc ad awem iniɣ xsem řɛedyan nwem u barkem inni kenniw ineɛɛřen,/Users/mac/masterAI/tarifit_asr_tfm/data/processed/segments/REC098/REC098_SEG0033_PART01.wav
REC098_SEG0033_PART02,REC098,SPK009,data/processed/segments/REC098/REC098_SEG0033_PART02.wav,11.64,ggem tcuni i yinni kenniw icarrhen ẓaǧem i yinni kenniw ittawyen d imeḥbas d yinni xawem ittdarracen ḥima ad tiřim d tarwa n babatwem i iǧan deg ijenwan,/Users/mac/masterAI/tarifit_asr_tfm/data/processed/segments/REC098/REC098_SEG0033_PART02.wav
REC098_SEG0034_PART01,REC098,SPK009,data/processed/segments/REC098/REC098_SEG0034_PART01.wav,13.78,minzi netta issneqqar tafuct nnes x iɛeffanen d iṣebḥanen uca netta yarexxu dd i wenẓar ḥima ad iwwet x imseggaden u x yinni war iseggden minzi mařa texsem,/Users/mac/masterAI/tarifit_asr_tfm/data/processed/segments/REC098/REC098_SEG0034_PART01.wav
REC098_SEG0034_PART02,REC098,SPK009,data/processed/segments/REC098/REC098_SEG0034_PART02.wav,13.78,inni kenniw ittexsen man arbeḥ i ɣarwem ma war tteggen ayt n ḍḍariba uřa ammu mařa tseǧmem x wawmaten nwem waha min i tetteggem ktar x wenneɣni ma war tteggen ayt n ḍḍariba uřa ammu,/Users/mac/masterAI/tarifit_asr_tfm/data/processed/segments/REC098/REC098_SEG0034_PART02.wav
REC098_SEG0035,REC098,SPK009,data/processed/segments/REC098/REC098_SEG0035.wav,5.494,iřim nican qaɛ am mammec uřa d babatwem i iǧan deg ijenwan,/Users/mac/masterAI/tarifit_asr_tfm/data/processed/segments/REC098/REC098_SEG0035.wav
REC099_SEG0002_PART01,REC099,SPK009,data/processed/segments/REC099/REC099_SEG0002_PART01.wav,14.476,ḥḍam war tṣeddaqem zzat i iwdan ḥima ad kenniw ẓaren mařa amya war ɣarwem ittiři bu řajar zi babatwem i iǧan deg ijenwan mařa tṣeddqed war tt ttegg di řbu,/Users/mac/masterAI/tarifit_asr_tfm/data/processed/segments/REC099/REC099_SEG0002_PART01.wav
REC099_SEG0002_PART02,REC099,SPK009,data/processed/segments/REC099/REC099_SEG0002_PART02.wav,14.476,uq am mammec t tteggen imnafqen di temzidawin u di zznaqi ḥima ad ten cennɛen iwdan s tidett necc ad awem iniɣ nitni aqa ufin řajar nsen zi beɛda maca cek,/Users/mac/masterAI/tarifit_asr_tfm/data/processed/segments/REC099/REC099_SEG0002_PART02.wav
REC099_SEG0003,REC099,SPK009,data/processed/segments/REC099/REC099_SEG0003.wav,16.344,xmi ɣa tṣeddqed ittxeṣṣa afus nnec azeřmaḍ war issin min ittegg ufusi nnec ḥima ṣṣedqet nnec ad tiři s tnuffra uca babac wenni ittwařan di tnuffra ad cek ixeǧeṣ s bṭayṭay,/Users/mac/masterAI/tarifit_asr_tfm/data/processed/segments/REC099/REC099_SEG0003.wav
REC099_SEG0004,REC099,SPK009,data/processed/segments/REC099/REC099_SEG0004.wav,1.104,tazaǧit,/Users/mac/masterAI/tarifit_asr_tfm/data/processed/segments/REC099/REC099_SEG0004.wav
REC099_SEG0005_PART01,REC099,SPK009,data/processed/segments/REC099/REC099_SEG0005_PART01.wav,10.248,mařa teẓẓuǧed war ttiři ca am yimnafqen inni umi iɛjeb asen řḥař ad ẓẓaǧen am bedden di temzidawin d tɣemmu,/Users/mac/masterAI/tarifit_asr_tfm/data/processed/segments/REC099/REC099_SEG0005_PART01.wav
REC099_SEG0005_PART02,REC099,SPK009,data/processed/segments/REC099/REC099_SEG0005_PART02.wav,10.248,ra n zznaqi ḥima ad ten ẓaren iwdan s tidett necc ad awem iniɣ aqa nitni ufin řajar nsen zi beɛda maca cek,/Users/mac/masterAI/tarifit_asr_tfm/data/processed/segments/REC099/REC099_SEG0005_PART02.wav
REC099_SEG0006_PART01,REC099,SPK009,data/processed/segments/REC099/REC099_SEG0006_PART01.wav,13.704,mařa teẓẓuǧed adef ɣar wexxam nnec belleɛ tawwart ẓẓaǧ i babac wenni iǧan di tnuffra uca babac i ittwařan di tnuffra d netta i cek i ɣa ixeǧṣen s,/Users/mac/masterAI/tarifit_asr_tfm/data/processed/segments/REC099/REC099_SEG0006_PART01.wav
REC099_SEG0006_PART02,REC099,SPK009,data/processed/segments/REC099/REC099_SEG0006_PART02.wav,13.704,bṭayṭay mařa teẓẓuǧem war ttɛawadem i wawař am mammec ttẓaǧan lkuffar minzi ittɣiř asen s wawařen nsen aṭṭas ad asen ittwaseř,/Users/mac/masterAI/tarifit_asr_tfm/data/processed/segments/REC099/REC099_SEG0006_PART02.wav
REC099_SEG0007_PART01,REC099,SPK009,data/processed/segments/REC099/REC099_SEG0007_PART01.wav,12.12,war ttiřim xenni am nitni minzi babatwem issen min teḥdajem qbeř d as i ɣa tettarem ca ammu i ɣa teẓẓaǧem kenniw a babatneɣ i iǧan deg ijenwan,/Users/mac/masterAI/tarifit_asr_tfm/data/processed/segments/REC099/REC099_SEG0007_PART01.wav
REC099_SEG0007_PART02,REC099,SPK009,data/processed/segments/REC099/REC099_SEG0007_PART02.wav,12.12,isem nnec ad yiři ittwaqeddes ejj ad dd tas tgeldit nnec ad yiři řxaḍar nnec am deg ujenna ammu ɛawed di temmurt ewc aneɣ ass a aɣrum n kur ass,/Users/mac/masterAI/tarifit_asr_tfm/data/processed/segments/REC099/REC099_SEG0007_PART02.wav
REC099_SEG0008,REC099,SPK009,data/processed/segments/REC099/REC099_SEG0008.wav,17.712,ɣfar aneɣ imarwusa nneɣ am mammec nsameḥ ɛawed i yinni dd aneɣ ittursen u war d aneɣ sidif ca deg ujarreb maca fekk aneɣ zeg umɛeffan minzi tageldit d jjehd d uɛuǧi ad iřin i cek i řebda qaɛ amin,/Users/mac/masterAI/tarifit_asr_tfm/data/processed/segments/REC099/REC099_SEG0008.wav
REC099_SEG0009_PART01,REC099,SPK009,data/processed/segments/REC099/REC099_SEG0009_PART01.wav,10.152,maɣar mařa kenniw tsamḥem i iwdan i iɛeddiyen nsen uřa d babatwem i iǧan deg ijenwan ad awem iɣfar,/Users/mac/masterAI/tarifit_asr_tfm/data/processed/segments/REC099/REC099_SEG0009_PART01.wav
REC099_SEG0009_PART02,REC099,SPK009,data/processed/segments/REC099/REC099_SEG0009_PART02.wav,10.152,maca mařa kenniw war tettsimiḥem i iwdan aqa uřa d babatwem war iɣeffar ca iɛeddiyen nwem,/Users/mac/masterAI/tarifit_asr_tfm/data/processed/segments/REC099/REC099_SEG0009_PART02.wav
REC099_SEG0010,REC099,SPK009,data/processed/segments/REC099/REC099_SEG0010.wav,18.864,azummi mara tẓummem war tteggem aɣembub abarcan am yimnafqen inni issneqřaben aɣembub nsen ḥima ad ten ẓaren iwdan belli aqa ẓummen s tidett necc ad awem iniɣ aqa nitni ufin řajar nsen zi beɛda,/Users/mac/masterAI/tarifit_asr_tfm/data/processed/segments/REC099/REC099_SEG0010.wav
REC099_SEG0011,REC099,SPK009,data/processed/segments/REC099/REC099_SEG0011.wav,18.768,maca cek mařa tẓummed dhen azeǧif nnec uca sired aɣembub nnec ḥima war tbinid ca i iwdan belli tettẓummed maca i babac wenni iǧan di tnuffra uca babac i ittwařan di tnuffra aqa netta i cek i ɣa ixeǧṣen,/Users/mac/masterAI/tarifit_asr_tfm/data/processed/segments/REC099/REC099_SEG0011.wav
REC099_SEG0012,REC099,SPK009,data/processed/segments/REC099/REC099_SEG0012.wav,2.0,řeknuz d gjunna,/Users/mac/masterAI/tarifit_asr_tfm/data/processed/segments/REC099/REC099_SEG0012.wav
REC099_SEG0013,REC099,SPK009,data/processed/segments/REC099/REC099_SEG0013.wav,6.384,war smunam ca řeknuz da di ddunect mani i ten ɣa tecc tcinda d ddra,/Users/mac/masterAI/tarifit_asr_tfm/data/processed/segments/REC099/REC099_SEG0013.wav
REC099_SEG0014_PART01,REC099,SPK009,data/processed/segments/REC099/REC099_SEG0014_PART01.wav,11.64,u mani ɣa ssnuqqben ixewwanen ad ten acaren maca smunem i yixef nwem řeknuz deg ujenna mani war ten tettett ca tcinda,/Users/mac/masterAI/tarifit_asr_tfm/data/processed/segments/REC099/REC099_SEG0014_PART01.wav
REC099_SEG0014_PART02,REC099,SPK009,data/processed/segments/REC099/REC099_SEG0014_PART02.wav,11.64,d ddra u mani war ssnuqquben ixewwanen war ten ttacaren minzi mani ɣa yiři řkenz nnec aqa ad din yiři uřa d uř nnec,/Users/mac/masterAI/tarifit_asr_tfm/data/processed/segments/REC099/REC099_SEG0014_PART02.wav
REC099_SEG0015,REC099,SPK009,data/processed/segments/REC099/REC099_SEG0015.wav,1.872,řefnar n arrimet,/Users/mac/masterAI/tarifit_asr_tfm/data/processed/segments/REC099/REC099_SEG0015.wav
REC099_SEG0016,REC099,SPK009,data/processed/segments/REC099/REC099_SEG0016.wav,8.56,řefnar n arrimet netta d tiṭṭ mařa xenni tiṭṭ nnec aqa teṣfa ad tiři arrimet nnec marra d tafawt,/Users/mac/masterAI/tarifit_asr_tfm/data/processed/segments/REC099/REC099_SEG0016.wav
REC099_SEG0017,REC099,SPK009,data/processed/segments/REC099/REC099_SEG0017.wav,6.288,mara tiṭṭ nnec d taɛeffant xenni ad tiři arrimet nnec marra d taǧest,/Users/mac/masterAI/tarifit_asr_tfm/data/processed/segments/REC099/REC099_SEG0017.wav
REC099_SEG0018_PART01,REC099,SPK009,data/processed/segments/REC099/REC099_SEG0018_PART01.wav,10.232,mařa tafawt tenni dayek d taǧest mecḥař temɣar taǧest uřa d ijj war izemmar ad ixdem i tnayen n isiditen minzi xenni,/Users/mac/masterAI/tarifit_asr_tfm/data/processed/segments/REC099/REC099_SEG0018_PART01.wav
REC099_SEG0018_PART02,REC099,SPK009,data/processed/segments/REC099/REC099_SEG0018_PART02.wav,10.232,netta ad icarh ijjen ad ixs wenneɣni niɣ ad iweqqar ijjen ad isseḥqar wenneɣni kenniw war tzemmarem ad tsexxarem i arebbi d tenɛacin,/Users/mac/masterAI/tarifit_asr_tfm/data/processed/segments/REC099/REC099_SEG0018_PART02.wav
REC099_SEG0019,REC099,SPK009,data/processed/segments/REC099/REC099_SEG0019.wav,1.168,imunas,/Users/mac/masterAI/tarifit_asr_tfm/data/processed/segments/REC099/REC099_SEG0019.wav
REC099_SEG0020,REC099,SPK009,data/processed/segments/REC099/REC099_SEG0020.wav,10.84,s uyani necc ad awem iniɣ war kessim amnus di tudart nwem min ɣa teccem niɣ min ɣa teswem uřa i arrimet nwem mammec tt i ɣa tessyarḍem,/Users/mac/masterAI/tarifit_asr_tfm/data/processed/segments/REC099/REC099_SEG0020.wav
REC099_SEG0021_PART01,REC099,SPK009,data/processed/segments/REC099/REC099_SEG0021_PART01.wav,12.952,ma war teḥři tudart x macca niɣ arrimet x warruḍ xzarem ɣar ijḍaḍ n ujenna aqa nitni war zarrɛen war mejjaren uca war ttxemmiřen di řemrasi waxxa amenni,/Users/mac/masterAI/tarifit_asr_tfm/data/processed/segments/REC099/REC099_SEG0021_PART01.wav
REC099_SEG0021_PART02,REC099,SPK009,data/processed/segments/REC099/REC099_SEG0021_PART02.wav,12.952,babatwem i iǧan deg ijenwan i ten isseccan xzarem ma kenniw war tessekkwim ca ktar aṭṭas xasen man wen zzaywem izemmar s wemnus nnes ad yarni mɣir ijj n uɣiř di tuzzeggart nnes,/Users/mac/masterAI/tarifit_asr_tfm/data/processed/segments/REC099/REC099_SEG0021_PART02.wav
REC099_SEG0022,REC099,SPK009,data/processed/segments/REC099/REC099_SEG0022.wav,8.744,u mayemmi tkessim amnus i warruḍ xzarem mammec ɣemmyent tlillicin deg iyyar nitenti war xeddment war ttqarḍcent,/Users/mac/masterAI/tarifit_asr_tfm/data/processed/segments/REC099/REC099_SEG0022.wav
REC099_SEG0023_PART01,REC099,SPK009,data/processed/segments/REC099/REC099_SEG0023_PART01.wav,10.644,maca necc ad awem iniɣ uřa d suliman di marra aɛuǧi nnes war yarḍ ca am yijjen zzaysen mařa arebbi issyarḍ ammu arbiɛ n iyyar i i,/Users/mac/masterAI/tarifit_asr_tfm/data/processed/segments/REC099/REC099_SEG0023_PART01.wav
REC099_SEG0023_PART02,REC099,SPK009,data/processed/segments/REC099/REC099_SEG0023_PART02.wav,10.644,ǧan ass a uca tiwecca ad immenḍar di tefqunt ma xenni war kenniw issyirreḍ aṭṭas ḥsen zzayes a kenniw i di iǧa drus n l iman,/Users/mac/masterAI/tarifit_asr_tfm/data/processed/segments/REC099/REC099_SEG0023_PART02.wav
REC099_SEG0024_PART01,REC099,SPK009,data/processed/segments/REC099/REC099_SEG0024_PART01.wav,11.136,s uyani war kessim ca amnus war qqarem min ɣa necc u min ɣa nsu niɣ min ɣa nyarḍ maɣar řegnus n ddunect arezzun man aya marra maca babatwem i iǧan deg ijenwan,/Users/mac/masterAI/tarifit_asr_tfm/data/processed/segments/REC099/REC099_SEG0024_PART01.wav
REC099_SEG0024_PART02,REC099,SPK009,data/processed/segments/REC099/REC099_SEG0024_PART02.wav,11.136,issen blli teḥdajem man aya marra arzum amezwaru x tgeldit n arebbi d tsegda nnes uca man aya marra ad ɣarwem immarni ɛawed,/Users/mac/masterAI/tarifit_asr_tfm/data/processed/segments/REC099/REC099_SEG0024_PART02.wav
REC099_SEG0025,REC099,SPK009,data/processed/segments/REC099/REC099_SEG0025.wav,8.968,xni war kessim amnus i min i ɣa yiři tiwecca minzi tiwecca ad teksi amnus i yixef nnes icfa i kuř ass tuɛeffna nnes,/Users/mac/masterAI/tarifit_asr_tfm/data/processed/segments/REC099/REC099_SEG0025.wav
REC100_SEG0002,REC100,SPK009,data/processed/segments/REC100/REC100_SEG0002.wav,7.568,war ḥekkmem ḥima war tettwaḥakamem minzi ɛlaḥsab řḥukm i zi ɣa tḥekmem ad tettwaḥakmem,/Users/mac/masterAI/tarifit_asr_tfm/data/processed/segments/REC100/REC100_SEG0002.wav
REC100_SEG0003_PART01,REC100,SPK009,data/processed/segments/REC100/REC100_SEG0003_PART01.wav,11.076,u ɛlaḥsab řeɛbar i zi ɣa teɛbarem ad tettwaɛbarem ɛawed mayemmi txezzared ɣar uxecciw di tiṭṭ n umac maca war tḥekkared ca i teḥnact ten,/Users/mac/masterAI/tarifit_asr_tfm/data/processed/segments/REC100/REC100_SEG0003_PART01.wav
REC100_SEG0003_PART02,REC100,SPK009,data/processed/segments/REC100/REC100_SEG0003_PART02.wav,11.076,ni di tiṭṭ nnec xenni mammec ɣa tegged ad tinid i umac ejj ayi ad ac dd ssuffɣeɣ axecciw zi tiṭṭ nnec uca xzar aqa cek ɣarek taḥnact di tiṭṭ nnec,/Users/mac/masterAI/tarifit_asr_tfm/data/processed/segments/REC100/REC100_SEG0003_PART02.wav
REC100_SEG0004_PART01,REC100,SPK009,data/processed/segments/REC100/REC100_SEG0004_PART01.wav,11.38,cek a amnafeq suffeɣ dd amezwaru taḥnact zi tiṭṭ nnec xenni tzemmared ad texzared mliḥ ḥima ad tessuffɣed axecciw zi tiṭṭ n umac war tticem min iqedd,/Users/mac/masterAI/tarifit_asr_tfm/data/processed/segments/REC100/REC100_SEG0004_PART01.wav
REC100_SEG0004_PART02,REC100,SPK009,data/processed/segments/REC100/REC100_SEG0004_PART02.wav,11.38,sen i yiṭan war neṭṭarem ca tiyaqutin nwem i iřfan ḥima war xasent ɛeffsen s iḍaren nsen uca ad ɣarwem dd nqeřben ad kenniw mezzqen,/Users/mac/masterAI/tarifit_asr_tfm/data/processed/segments/REC100/REC100_SEG0004_PART02.wav
REC100_SEG0005,REC100,SPK009,data/processed/segments/REC100/REC100_SEG0005.wav,1.904,acejjeɛ i tẓaǧit,/Users/mac/masterAI/tarifit_asr_tfm/data/processed/segments/REC100/REC100_SEG0005.wav
REC100_SEG0006_PART01,REC100,SPK009,data/processed/segments/REC100/REC100_SEG0006_PART01.wav,12.264,ttarem ad awem immewc arzum ad tafem sqarqbem ad awem ittwarzem maɣar marra wenni i ɣa ittaren ad iṭṭef u wenni i ɣa yarzun ad yaf u,/Users/mac/masterAI/tarifit_asr_tfm/data/processed/segments/REC100/REC100_SEG0006_PART01.wav
REC100_SEG0006_PART02,REC100,SPK009,data/processed/segments/REC100/REC100_SEG0006_PART02.wav,12.264,wenni i ɣa issqarqben ad as ittwarzem niɣ man bnadem jar awem mařa mmis ittar as aɣrum ad as iwc aẓru niɣ mařa ittar as tasřemt ad as iwc afiɣar,/Users/mac/masterAI/tarifit_asr_tfm/data/processed/segments/REC100/REC100_SEG0006_PART02.wav
REC100_SEG0007_PART01,REC100,SPK009,data/processed/segments/REC100/REC100_SEG0007_PART01.wav,11.672,mařa kenniw waxxa kenniw d iɛeffanen aqa tessnem mammec ɣa tewcem min iṣebḥen i tarwa nwem mecḥař ɛad babatwem i iǧan deg ijenwan ad yewc min iṣebḥen i yinni,/Users/mac/masterAI/tarifit_asr_tfm/data/processed/segments/REC100/REC100_SEG0007_PART01.wav
REC100_SEG0007_PART02,REC100,SPK009,data/processed/segments/REC100/REC100_SEG0007_PART02.wav,11.672,d as i ɣa ittaren qaɛ am mammec texsem ad awem ggen iwdan ggem amya kenniw i nitni minzi man aya d ccariɛa d inabiyyen,/Users/mac/masterAI/tarifit_asr_tfm/data/processed/segments/REC100/REC100_SEG0007_PART02.wav
REC100_SEG0008,REC100,SPK009,data/processed/segments/REC100/REC100_SEG0008.wav,1.296,tnayn ibriḍen,/Users/mac/masterAI/tarifit_asr_tfm/data/processed/segments/REC100/REC100_SEG0008.wav
REC100_SEG0009,REC100,SPK009,data/processed/segments/REC100/REC100_SEG0009.wav,17.904,adfem zi tewwart iḥṣaren minzi tawwart temɣar uřa d abrid i ittawyen ɣar uhellek d miriw uca aṭṭas i zzayes ittadfen mammec teḥṣar tewwart u mammec imẓi webrid i ittawyen ɣar tudart mɣir drus n yinni t ittafen,/Users/mac/masterAI/tarifit_asr_tfm/data/processed/segments/REC100/REC100_SEG0009.wav
REC100_SEG0011,REC100,SPK009,data/processed/segments/REC100/REC100_SEG0011.wav,11.152,ḥḍam ixef nwem zeg inabiyyen issxarriqen i dd ittasen ɣarwem s thiḍurt n izmaren maca deg iɛeddisen nsen aqa nitni d uccanen itteṭṭfen,/Users/mac/masterAI/tarifit_asr_tfm/data/processed/segments/REC100/REC100_SEG0011.wav
REC100_SEG0012_PART01,REC100,SPK009,data/processed/segments/REC100/REC100_SEG0012_PART01.wav,11.576,zi řɣiǧet nsen ad ten tessnem ma ad řeqḍen aḍiř zeg isennanen niɣ tazart zi tzeggʷart ammu kuř tacejjart taṣebḥant,/Users/mac/masterAI/tarifit_asr_tfm/data/processed/segments/REC100/REC100_SEG0012_PART01.wav
REC100_SEG0012_PART02,REC100,SPK009,data/processed/segments/REC100/REC100_SEG0012_PART02.wav,11.576,tettawi dd řɣiǧet teṣbeḥ uca tacejjart taɛeffant tettawi dd řɣiǧet taɛeffant tacejjart taṣebḥant war tzemmar ad tewc řɣiǧet taɛeffant,/Users/mac/masterAI/tarifit_asr_tfm/data/processed/segments/REC100/REC100_SEG0012_PART02.wav
REC100_SEG0013,REC100,SPK009,data/processed/segments/REC100/REC100_SEG0013.wav,15.92,uca tacejjart taɛeffant war tzemmar ad tewc řɣiǧet taṣebḥant kuř tacejjart tenni war itticen řɣiǧet teṣbeḥ ad tettwaqess uca ad temmenḍar di tmessi s uyenni ad ten tessnem zi řɣiǧet nsen,/Users/mac/masterAI/tarifit_asr_tfm/data/processed/segments/REC100/REC100_SEG0013.wav
REC100_SEG0015,REC100,SPK009,data/processed/segments/REC100/REC100_SEG0015.wav,12.144,war iǧi ca kuř ijjen wenni d ayi ɣa inin a sidi a sidi ad yadef ɣar tgeldit n ijenwan maca d wenni itteggen min ixs baba i iǧan deg ijenwan,/Users/mac/masterAI/tarifit_asr_tfm/data/processed/segments/REC100/REC100_SEG0015.wav
REC100_SEG0016_PART01,REC100,SPK009,data/processed/segments/REC100/REC100_SEG0016_PART01.wav,10.984,aṭṭas i d ayi ɣa inin deg wass nni a sidi a sidi ma war nettnabb ca s yisem nnec ma war nuẓẓiř x ccwaṭen s yisem nnec u s yisem nnec,/Users/mac/masterAI/tarifit_asr_tfm/data/processed/segments/REC100/REC100_SEG0016_PART01.wav
REC100_SEG0016_PART02,REC100,SPK009,data/processed/segments/REC100/REC100_SEG0016_PART02.wav,10.984,ma war neggi aṭṭas n řeɛjayeb xenni necc ad asen iniɣ nican ɛemmarṣ war kenniw ssineɣ beɛɛdem xafi a kenniw inni itteggen min iǧan daɛffan,/Users/mac/masterAI/tarifit_asr_tfm/data/processed/segments/REC100/REC100_SEG0016_PART02.wav
REC100_SEG0018,REC100,SPK009,data/processed/segments/REC100/REC100_SEG0018.wav,18.0,marra wenni ittesřan i wawařen inu ittegg zzaysen ad ittwamqudda ak d ijj n bnadem d amiɣis wenni ibnan taddart nnes x sseǧaḥ xenni iwta wenẓar ḥemřen dd iɣezran suḍen dd isemmiḍen uca řeqfen taddart nni,/Users/mac/masterAI/tarifit_asr_tfm/data/processed/segments/REC100/REC100_SEG0018.wav
REC100_SEG0019,REC100,SPK009,data/processed/segments/REC100/REC100_SEG0019.wav,14.352,waxxa amenni war dd tewḍi ca minzi dsas nnes immars x sseǧaḥ maca marra wenni ittesřan i wawařen inu war zzaysen ittegg ad yiři am yijj n bnadem d afɣuř,/Users/mac/masterAI/tarifit_asr_tfm/data/processed/segments/REC100/REC100_SEG0019.wav
REC100_SEG0020,REC100,SPK009,data/processed/segments/REC100/REC100_SEG0020.wav,19.504,i ibna taddart nnes x ijdi xenni iwta wenẓar ḥemřen dd iɣezran suḍen dd isemmiḍen řeqfen taddart nni uca tewḍa tuɣa aweṭṭu nnes d ameqqran awarni řami ikemmeř yasuɛ awařen a aqa imsar belli řɣaci iqqim ittebhet s tɣuri nnes,/Users/mac/masterAI/tarifit_asr_tfm/data/processed/segments/REC100/REC100_SEG0020.wav
REC100_SEG0021,REC100,SPK009,data/processed/segments/REC100/REC100_SEG0021.wav,10.202,minzi tuɣa isseřmad i ten amecnaw wenni ɣar teǧa ṣṣulṭa war iǧi ca am yimseřmaden n idlisen d ifarisiyyen,/Users/mac/masterAI/tarifit_asr_tfm/data/processed/segments/REC100/REC100_SEG0021.wav
REC101_SEG0001,REC101,SPK009,data/processed/segments/REC101/REC101_SEG0001.wav,2.352,asgenfi n ijj n bu řbarṣ,/Users/mac/masterAI/tarifit_asr_tfm/data/processed/segments/REC101/REC101_SEG0001.wav
REC101_SEG0002,REC101,SPK009,data/processed/segments/REC101/REC101_SEG0002.wav,14.224,řami dd ihwa zeg wedrar ḍfaren t i dd aṭṭas n řɣaci xzar yusa dd ɣares ijjen i di iǧa řbarṣ isjed as inna a sidi mařa texsed tzemmared ad ayi tessizdeged,/Users/mac/masterAI/tarifit_asr_tfm/data/processed/segments/REC101/REC101_SEG0002.wav
REC101_SEG0003_PART01,REC101,SPK009,data/processed/segments/REC101/REC101_SEG0003_PART01.wav,12.712,yasuɛ isswiẓẓeḍ afus nnes uca iḥada t inna necc xseɣ zdeg uca ittwassizdeg zi řbarṣ nnes řexdenni xenni inna as yasuɛ xzar,/Users/mac/masterAI/tarifit_asr_tfm/data/processed/segments/REC101/REC101_SEG0003_PART01.wav
REC101_SEG0003_PART02,REC101,SPK009,data/processed/segments/REC101/REC101_SEG0003_PART02.wav,12.712,war tteqqar i ḥed maca ruḥ scen ixef nnec i ukehhan uca ewc taɣarṣt i arebbi ɛlaḥsab min zzayes iweṣṣa musa aqa tt d cchadet i nitni,/Users/mac/masterAI/tarifit_asr_tfm/data/processed/segments/REC101/REC101_SEG0003_PART02.wav
REC101_SEG0004,REC101,SPK009,data/processed/segments/REC101/REC101_SEG0004.wav,2.8,amsexxar n řqebṭan arumani,/Users/mac/masterAI/tarifit_asr_tfm/data/processed/segments/REC101/REC101_SEG0004.wav
REC101_SEG0005,REC101,SPK009,data/processed/segments/REC101/REC101_SEG0005.wav,18.256,řami yudef yasuɛ ɣar kafarnaḥum yusa dd ɣares ijj n řqebṭan x mya ittar zzayes ammu inna a sidi amsexxar ameẓyan inu izzeř di taddart d aneɛḍab aqa dayes řeḥriq aṭṭas inna as yasuɛ necc ad dd aseɣ ad t ssgenfiɣ,/Users/mac/masterAI/tarifit_asr_tfm/data/processed/segments/REC101/REC101_SEG0005.wav
REC101_SEG0006_PART01,REC101,SPK009,data/processed/segments/REC101/REC101_SEG0006_PART01.wav,12.552,uca řqebṭan x mya yarra dd inna a sidi necc war sdiheǧeɣ ad tadfed swadday i tzeqqa inu maca ini ijj n wawař waha xenni ad iggenfa uḥenjar inu minzi,/Users/mac/masterAI/tarifit_asr_tfm/data/processed/segments/REC101/REC101_SEG0006_PART01.wav
REC101_SEG0006_PART02,REC101,SPK009,data/processed/segments/REC101/REC101_SEG0006_PART02.wav,12.552,uřa d necc ɛawed d bnadem sadu ifassen uca ɣari iɛeskariyyen sadu ufus inu qqareɣ i wa ruḥ xenni ad iraḥ u i wenneɣni as dd xenni ad dd yas,/Users/mac/masterAI/tarifit_asr_tfm/data/processed/segments/REC101/REC101_SEG0006_PART02.wav
REC101_SEG0007,REC101,SPK009,data/processed/segments/REC101/REC101_SEG0007.wav,5.456,u i umsexxar inu qqareɣ as egg man aya uca ad t igg,/Users/mac/masterAI/tarifit_asr_tfm/data/processed/segments/REC101/REC101_SEG0007.wav
REC101_SEG0008_PART01,REC101,SPK009,data/processed/segments/REC101/REC101_SEG0008_PART01.wav,12.008,řami isřa yasuɛ man aya ittebhet inna i yinni akides iǧan s tidett necc ad awem iniɣ war ufiɣ uřa di israil l iman am wanita,/Users/mac/masterAI/tarifit_asr_tfm/data/processed/segments/REC101/REC101_SEG0008_PART01.wav
REC101_SEG0008_PART02,REC101,SPK009,data/processed/segments/REC101/REC101_SEG0008_PART02.wav,12.008,necc ad awem iniɣ belli aṭṭas i dd ɣa yasen zi ccarq u zi řɣarb ad qqimen ɣar ṭṭabřa ak d ibrahim d isḥaq d yaɛqub di tgeldit n ijenwan,/Users/mac/masterAI/tarifit_asr_tfm/data/processed/segments/REC101/REC101_SEG0008_PART02.wav
REC101_SEG0009,REC101,SPK009,data/processed/segments/REC101/REC101_SEG0009.wav,18.864,maca tarwa n tgeldit ad mmenḍaren barra ɣar ṭṭarf aneggaru n taǧest dinni ad iřin imeṭṭawen d uɣezzi n teɣmas yasuɛ inna i řqebṭan x mya ruḥ ad imsar am mammec tumned uca iggenfa uḥenjir nnes di tsaɛɛet nni,/Users/mac/masterAI/tarifit_asr_tfm/data/processed/segments/REC101/REC101_SEG0009.wav
REC101_SEG0010,REC101,SPK009,data/processed/segments/REC101/REC101_SEG0010.wav,2.512,asgenfi n tḍekkwac n buṭrus,/Users/mac/masterAI/tarifit_asr_tfm/data/processed/segments/REC101/REC101_SEG0010.wav
REC101_SEG0011,REC101,SPK009,data/processed/segments/REC101/REC101_SEG0011.wav,13.2,řexdenni yusa dd yasuɛ ɣar taddart n cimɛun iẓra taḍekkwac nnes tezzeř dayes timessi iḥada afus nnes uca truḥ as tmessi řexdenni tekkar tsexxar xas,/Users/mac/masterAI/tarifit_asr_tfm/data/processed/segments/REC101/REC101_SEG0011.wav
REC101_SEG0012,REC101,SPK009,data/processed/segments/REC101/REC101_SEG0012.wav,18.512,ɣar uɛecci iwyen dd ɣares aṭṭas n imaryaḥen i daysen ccwaṭen issuffeɣ ccwaṭen nsen s yijj n wawař waha uca issgenfa marra imehřac ḥima ad ittwakemmeř min ittwannan zeg unabi icaɛya ad iksi řeḥriq nneɣ u ad yarbu řehřac nneɣ,/Users/mac/masterAI/tarifit_asr_tfm/data/processed/segments/REC101/REC101_SEG0012.wav
REC101_SEG0013,REC101,SPK009,data/processed/segments/REC101/REC101_SEG0013.wav,8.336,aḍfar n yasuɛ řami iẓra yasuɛ řɣaci ameqqran i d as dd innḍen yumur i ten ad ẓwan ɣar ujemmaḍ,/Users/mac/masterAI/tarifit_asr_tfm/data/processed/segments/REC101/REC101_SEG0013.wav
REC101_SEG0014_PART01,REC101,SPK009,data/processed/segments/REC101/REC101_SEG0014_PART01.wav,13.352,uca yusa dd ɣares ijj n umseřmad n idlisen inna as a amseřmad inu ad cek ḍfareɣ mani ma i ɣa traḥed inna as yasuɛ iceɛban ɣarsen ifran u ijḍaḍ n ujenna ɣarse,/Users/mac/masterAI/tarifit_asr_tfm/data/processed/segments/REC101/REC101_SEG0014_PART01.wav
REC101_SEG0014_PART02,REC101,SPK009,data/processed/segments/REC101/REC101_SEG0014_PART02.wav,13.352,n řeɛwacc maca mmis n bnadem war yufi ca mani ɣa isenned azeǧif nnes inna as ijjen nneɣni zeg imeḥḍaren nnes a sidi ejj ayi d amezwar ad uyureɣ ad neḍřeɣ baba,/Users/mac/masterAI/tarifit_asr_tfm/data/processed/segments/REC101/REC101_SEG0014_PART02.wav
REC101_SEG0015,REC101,SPK009,data/processed/segments/REC101/REC101_SEG0015.wav,5.744,inna as yasuɛ ḍfar ayi dd ejj imettinen ad neḍřen imettinen nsen,/Users/mac/masterAI/tarifit_asr_tfm/data/processed/segments/REC101/REC101_SEG0015.wav
REC101_SEG0016,REC101,SPK009,data/processed/segments/REC101/REC101_SEG0016.wav,1.904,yasuɛ d tḥaryaḍt,/Users/mac/masterAI/tarifit_asr_tfm/data/processed/segments/REC101/REC101_SEG0016.wav
REC101_SEG0017_PART01,REC101,SPK009,data/processed/segments/REC101/REC101_SEG0017_PART01.wav,10.232,řami inya di tɣarrabut nyin imeḥḍaren nnes akides uca xzar tekkar dd ict n tḥaryaḍt di řebḥar ař mani dřint řemwaj aɣarrabu,/Users/mac/masterAI/tarifit_asr_tfm/data/processed/segments/REC101/REC101_SEG0017_PART01.wav
REC101_SEG0017_PART02,REC101,SPK009,data/processed/segments/REC101/REC101_SEG0017_PART02.wav,10.232,maca yasuɛ tuɣa iṭṭeṣ usin dd ɣares imeḥḍaren nnes uca ssfaqen t i d nnan as a siditneɣ senjem aneɣ aqa ad nettwahellek,/Users/mac/masterAI/tarifit_asr_tfm/data/processed/segments/REC101/REC101_SEG0017_PART02.wav
REC101_SEG0018,REC101,SPK009,data/processed/segments/REC101/REC101_SEG0018.wav,18.672,inna asen mayemmi tetteggʷedem a kenniw i di iǧa drus n l iman xenni ikkar iwebbex asemmiḍ d řebḥar uca tusa dd řhudnet tameqqrant tbehten iwdan nnan min iɛna wa umi isemmiḍen d řebḥar tteṭṭaɛen as,/Users/mac/masterAI/tarifit_asr_tfm/data/processed/segments/REC101/REC101_SEG0018.wav
REC101_SEG0019,REC101,SPK009,data/processed/segments/REC101/REC101_SEG0019.wav,2.608,asgenfi n tnayen n imeryaḥen,/Users/mac/masterAI/tarifit_asr_tfm/data/processed/segments/REC101/REC101_SEG0019.wav
REC101_SEG0020_PART01,REC101,SPK009,data/processed/segments/REC101/REC101_SEG0020_PART01.wav,12.6,řami yiweḍ ɣar ujemmaḍ ɣar temmurt n gadarinis řqan t i dd tnayen n imaryaḥen ffɣen dd zeg imeḍřan tuɣa mmuzzaren aṭṭas ař mani uřa d ijj war izemm,/Users/mac/masterAI/tarifit_asr_tfm/data/processed/segments/REC101/REC101_SEG0020_PART01.wav
REC101_SEG0020_PART02,REC101,SPK009,data/processed/segments/REC101/REC101_SEG0020_PART02.wav,12.6,ar ad yekk abrid nni sɣuyyen nnan min din jar aneɣ d cek a yasuɛ mmis n arebbi ma tusid dd danita ḥima ad aneɣ tɛeddbed qbeř řweqt,/Users/mac/masterAI/tarifit_asr_tfm/data/processed/segments/REC101/REC101_SEG0020_PART02.wav
REC101_SEG0021_PART01,REC101,SPK009,data/processed/segments/REC101/REC101_SEG0021_PART01.wav,13.768,tuɣa din ict n tḥimart n iřfan tameqqrant tiggʷej xasen thedda din uca ccwaṭen ttaren zzayes nnan mařa tessuffɣed aneɣ ejj aneɣ ad nadef ɣar tḥimart n yeřfan inna a,/Users/mac/masterAI/tarifit_asr_tfm/data/processed/segments/REC101/REC101_SEG0021_PART01.wav
REC101_SEG0021_PART02,REC101,SPK009,data/processed/segments/REC101/REC101_SEG0021_PART02.wav,13.768,sen ruḥem řexdenni ffɣen dd udfen deg iřfan uca xzar taḥimart n iřfan amen tmun teḥduddar zi teysart uca iřfan wḍan di řebḥar ṭmmuṭ deg waman,/Users/mac/masterAI/tarifit_asr_tfm/data/processed/segments/REC101/REC101_SEG0021_PART02.wav
REC101_SEG0022,REC101,SPK009,data/processed/segments/REC101/REC101_SEG0022.wav,19.184,imeksawen uca řami iwḍen ɣar tendint xebbaren x kuřci min imsaren uřa x imaryaḥen uca xzar ffɣen dd aytbab n tendint marra i umsagar ak d yasuɛ umi t ẓrin ttaren zzayes maḥend ad iffeɣ zi temmurt nsen,/Users/mac/masterAI/tarifit_asr_tfm/data/processed/segments/REC101/REC101_SEG0022.wav
REC102_SEG0001,REC102,SPK009,data/processed/segments/REC102/REC102_SEG0001.wav,2.128,asgenfi n ijj n uneɛḍab,/Users/mac/masterAI/tarifit_asr_tfm/data/processed/segments/REC102/REC102_SEG0001.wav
REC102_SEG0002,REC102,SPK009,data/processed/segments/REC102/REC102_SEG0002.wav,18.448,awarni řami inya deg uɣarrabu iẓwa řebḥar yiweḍ ɣar tendint nnes uca iwyen as dd ijj n uneɛḍab i tuɣa izzřen di tassut řami iẓra yasuɛ l iman nsen inna i uneɛḍab egg uř a mmi ddnub nnec ttwaɣfaren,/Users/mac/masterAI/tarifit_asr_tfm/data/processed/segments/REC102/REC102_SEG0002.wav
REC102_SEG0003,REC102,SPK009,data/processed/segments/REC102/REC102_SEG0003.wav,1.136,uca xzar,/Users/mac/masterAI/tarifit_asr_tfm/data/processed/segments/REC102/REC102_SEG0003.wav
REC102_SEG0004_PART01,REC102,SPK009,data/processed/segments/REC102/REC102_SEG0004_PART01.wav,14.172,ca n imseřmaden n idlisen nnan deg yixef nsen wanita ittceqqaf di arebbi yasuɛ umi issen min di tuɣa ttfekkaren inna asen mayemmi tettxemmamem di min war iḥřin deg wuřawen nwem maɣar min ihewnen,/Users/mac/masterAI/tarifit_asr_tfm/data/processed/segments/REC102/REC102_SEG0004_PART01.wav
REC102_SEG0004_PART02,REC102,SPK009,data/processed/segments/REC102/REC102_SEG0004_PART02.wav,14.172,ad iniɣ i wanita ddnub nnec ttwaɣfaren niɣ ad iniɣ kkar uyur maca ḥima ad tessnem belli mmis n bnadem ɣares ṣṣulṭa di temmurt ḥima ad iɣfar ddnub ad iniɣ i uneɛḍab a kkar,/Users/mac/masterAI/tarifit_asr_tfm/data/processed/segments/REC102/REC102_SEG0004_PART02.wav
REC102_SEG0005,REC102,SPK009,data/processed/segments/REC102/REC102_SEG0005.wav,14.264,ksi tassut nnec tarekkweḥed ɣar taddart nnec xenni ikkar iruḥ ɣar taddart nnes řami iẓra řɣaci man aya tbehten ssɛuǧen arebbi wenni iwcin ṣṣulṭa am tanita i iwdan,/Users/mac/masterAI/tarifit_asr_tfm/data/processed/segments/REC102/REC102_SEG0005.wav
REC102_SEG0006,REC102,SPK009,data/processed/segments/REC102/REC102_SEG0006.wav,1.584,ařaɣi n yasuɛ x matta,/Users/mac/masterAI/tarifit_asr_tfm/data/processed/segments/REC102/REC102_SEG0006.wav
REC102_SEG0007,REC102,SPK009,data/processed/segments/REC102/REC102_SEG0007.wav,17.392,řami ssenni ikka yasuɛ iẓra aryaz wenni umi qqaren matta iqqim ɣar taddart n ḍḍariba inna as ḍfar ayi dd uca ikkar iḍfar i t řami qqimen nitni ɣar ṭṭabřa di taddart usin dd waṭṭas n ayt n ḍḍariba d imednab,/Users/mac/masterAI/tarifit_asr_tfm/data/processed/segments/REC102/REC102_SEG0007.wav
REC102_SEG0008,REC102,SPK009,data/processed/segments/REC102/REC102_SEG0008.wav,17.136,qqimen ɣar ṭṭabřa ak d yasuɛ d imeḥḍaren nnes řami ẓrin ifarisiyyen man aya nnan i imeḥḍaren nnes mayemmi ittett umseřmad nwem ak d ayt n ḍḍariba d imednab umi isřa yasuɛ man aya inna asen inni iṣeḥḥen war ḥdijen ca aḍbib maca imehřac,/Users/mac/masterAI/tarifit_asr_tfm/data/processed/segments/REC102/REC102_SEG0008.wav
REC102_SEG0009,REC102,SPK009,data/processed/segments/REC102/REC102_SEG0009.wav,12.336,ruḥem ad třemdem min ixs ad yini wawař a xseɣ arreḥmet war xseɣ ca taɣarṣt minzi necc war dd usiɣ ḥima ad řaɣiɣ x imseggaden maca x imednab,/Users/mac/masterAI/tarifit_asr_tfm/data/processed/segments/REC102/REC102_SEG0009.wav
REC102_SEG0010,REC102,SPK009,data/processed/segments/REC102/REC102_SEG0010.wav,1.808,aseqsi x uẓummi,/Users/mac/masterAI/tarifit_asr_tfm/data/processed/segments/REC102/REC102_SEG0010.wav
REC102_SEG0011_PART01,REC102,SPK009,data/processed/segments/REC102/REC102_SEG0011_PART01.wav,11.848,xenni usin dd ɣares imeḥḍaren n yuḥanna nnan as mayemmi nettẓumma neccin d ifarisiyyen aṭṭas maca imeḥḍaren nnec war ttẓummin ca yasuɛ inna asen ma,/Users/mac/masterAI/tarifit_asr_tfm/data/processed/segments/REC102/REC102_SEG0011_PART01.wav
REC102_SEG0011_PART02,REC102,SPK009,data/processed/segments/REC102/REC102_SEG0011_PART02.wav,11.848,izemmar ad ceḍnen řeḥbab n umuřay umi amuřay ɛad akidsen ad dd asen wussan ad xasen immeksi umuřay xenni ad ẓummen,/Users/mac/masterAI/tarifit_asr_tfm/data/processed/segments/REC102/REC102_SEG0011_PART02.wav
REC102_SEG0012,REC102,SPK009,data/processed/segments/REC102/REC102_SEG0012.wav,11.6,uřa d ijj war ittegg taneqqic n tcuqqet n jdid x warruḍ aqdim ḥima war tqeǧiɛ tneqqic zeg warruḍ uca ad iqqarṣ warruḍ ktar,/Users/mac/masterAI/tarifit_asr_tfm/data/processed/segments/REC102/REC102_SEG0012.wav
REC102_SEG0013,REC102,SPK009,data/processed/segments/REC102/REC102_SEG0013.wav,18.0,uřa d binu n jdid war ittwagg ca di txuncay tibuřay ḥima war dduqquzent txuncay ad izeǧeɛ binu uca tixuncay ad ḍeyyɛent ittxeṣṣa ad tteggen binu n jdid di txuncay n jdid ḥima ad ttwaxemmřen nitni s tnayen,/Users/mac/masterAI/tarifit_asr_tfm/data/processed/segments/REC102/REC102_SEG0013.wav
REC102_SEG0015_PART01,REC102,SPK009,data/processed/segments/REC102/REC102_SEG0015_PART01.wav,13.848,am tuɣa issawař akidsen x tmesřayin a yusa dd ijj n umeqqran isjed as inna řexxu yeǧi bḥřa temmut maca as dd sars xas afus nnec uca ad teddar ɛawed yasuɛ ikk,/Users/mac/masterAI/tarifit_asr_tfm/data/processed/segments/REC102/REC102_SEG0015_PART01.wav
REC102_SEG0015_PART02,REC102,SPK009,data/processed/segments/REC102/REC102_SEG0015_PART02.wav,13.848,ar iḍfar i t ak d imeḥḍaren nnes uca xzar ict n temɣart tuɣa ttazzřen zzayes idammen řmijař n tenɛac n iseggʷusa tekka as dd ɣar ḍeffar uca tḥada abeḥřuř n ujeǧab nnes,/Users/mac/masterAI/tarifit_asr_tfm/data/processed/segments/REC102/REC102_SEG0015_PART02.wav
REC102_SEG0016,REC102,SPK009,data/processed/segments/REC102/REC102_SEG0016.wav,6.448,minzi nettat tuɣa tenna deg ixef nnes icfa mɣir ad ḥadiɣ ajeǧab nnes ad ggenfiɣ,/Users/mac/masterAI/tarifit_asr_tfm/data/processed/segments/REC102/REC102_SEG0016.wav
REC102_SEG0017_PART01,REC102,SPK009,data/processed/segments/REC102/REC102_SEG0017_PART01.wav,11.528,maca inneqřeb dd yasuɛ iẓra i tt inna egg uř a yeǧi aqa l iman nnem i cem issnejmen uca tettwassggenfa temɣart nni di tsaɛɛet nni,/Users/mac/masterAI/tarifit_asr_tfm/data/processed/segments/REC102/REC102_SEG0017_PART01.wav
REC102_SEG0017_PART02,REC102,SPK009,data/processed/segments/REC102/REC102_SEG0017_PART02.wav,11.528,xenni yusa dd yasuɛ ɣar taddart n umeqqran iẓra iɣeyyaḍen d řɣaci sɣuyyun inna asen ffɣem ssa taḥenjirt war temmut ca aqa teṭṭeṣ,/Users/mac/masterAI/tarifit_asr_tfm/data/processed/segments/REC102/REC102_SEG0017_PART02.wav
REC102_SEG0018,REC102,SPK009,data/processed/segments/REC102/REC102_SEG0018.wav,12.432,maca nitni ḍeḥcen dayes ařami issuffeɣ řɣaci yudef ɣar daxeř uca iṭṭef i tt zeg ufus nnes xenni tekkar tḥenjirt uca iffeɣ řexbar ɣar temmurt nni marra,/Users/mac/masterAI/tarifit_asr_tfm/data/processed/segments/REC102/REC102_SEG0018.wav
REC102_SEG0020_PART01,REC102,SPK009,data/processed/segments/REC102/REC102_SEG0020_PART01.wav,13.176,řami ssenni ikka yasuɛ ḍfaren t tnayen n idarɣařen ttřaɣan qqaren arḥem aneɣ a mmis n dawud ařami yudef ɣar taddart usin dd ɣares idarɣařen nni yasuɛ inna asen ma,/Users/mac/masterAI/tarifit_asr_tfm/data/processed/segments/REC102/REC102_SEG0020_PART01.wav
REC102_SEG0020_PART02,REC102,SPK009,data/processed/segments/REC102/REC102_SEG0020_PART02.wav,13.176,tumnem belli zemmareɣ ad ggeɣ man aya nnan as wah a siditneɣ řexdenni iḥada tiṭṭawin nsen inna ad ɣarwem yiři ɛlaḥsab l iman nwem řexdenni ttwarezment tiṭṭawin nsen,/Users/mac/masterAI/tarifit_asr_tfm/data/processed/segments/REC102/REC102_SEG0020_PART02.wav
REC102_SEG0021,REC102,SPK009,data/processed/segments/REC102/REC102_SEG0021.wav,9.936,xenni iḥarrem i ten yasuɛ inna ɣarwem war ssargabem ḥed maca nitni ařami ruḥen ssuffɣen xas řexbar di marra tammurt,/Users/mac/masterAI/tarifit_asr_tfm/data/processed/segments/REC102/REC102_SEG0021.wav
REC102_SEG0022_PART01,REC102,SPK009,data/processed/segments/REC102/REC102_SEG0022_PART01.wav,11.112,řami dd ffɣen nitni iwyen as dd ijj n weryaz aynaw n řami iffeɣ raryaḥ aɛfffan nni issiweř weynaw tuɣa ittebhet řɣaci nnan,/Users/mac/masterAI/tarifit_asr_tfm/data/processed/segments/REC102/REC102_SEG0022_PART01.wav
REC102_SEG0022_PART02,REC102,SPK009,data/processed/segments/REC102/REC102_SEG0022_PART02.wav,11.112,ɛemmarṣ war neẓri am wanita di israil maca ifarisiyyen nnan s umeqqran n aryaḥ iɛfffanen issuffuɣ raryaḥ iɛfffanen,/Users/mac/masterAI/tarifit_asr_tfm/data/processed/segments/REC102/REC102_SEG0022_PART02.wav
REC102_SEG0024_PART01,REC102,SPK009,data/processed/segments/REC102/REC102_SEG0024_PART01.wav,12.072,yasuɛ tuɣa ittenneḍ x marra tineddam d dcurat isseřmad i ten di temzidawin nsen tuɣa ittbarreḥ s řexbar aṣebḥan n tgeldit uca issgenfa marra,/Users/mac/masterAI/tarifit_asr_tfm/data/processed/segments/REC102/REC102_SEG0024_PART01.wav
REC102_SEG0024_PART02,REC102,SPK009,data/processed/segments/REC102/REC102_SEG0024_PART02.wav,12.072,řehřacat d řeɛyub n řgens řami iẓra yasuɛ řɣaci iḥinn xasen minzi uḥřen nnhewřen am wuǧi i war ɣar iǧi umeksaw,/Users/mac/masterAI/tarifit_asr_tfm/data/processed/segments/REC102/REC102_SEG0024_PART02.wav
REC102_SEG0025,REC102,SPK009,data/processed/segments/REC102/REC102_SEG0025.wav,14.134,xenni inna i imeḥḍaren nnes tameyra temɣar aṭṭas maca aqa din drus n icewwařen s uyenni ttarem i bab n tmeyra ad dd issekk icewwařen i tmeyra nnes,/Users/mac/masterAI/tarifit_asr_tfm/data/processed/segments/REC102/REC102_SEG0025.wav
REC103_SEG0001,REC103,SPK009,data/processed/segments/REC103/REC103_SEG0001.wav,3.152,ařaɣi d usseki n tenɛac n rrusul,/Users/mac/masterAI/tarifit_asr_tfm/data/processed/segments/REC103/REC103_SEG0001.wav
REC103_SEG0002,REC103,SPK009,data/processed/segments/REC103/REC103_SEG0002.wav,11.408,iřaɣa yasuɛ x tenɛac n imeḥḍaren nnes iwca asen ṣṣulṭa ḥima ad ssuffɣen řaryaḥ imengas u ḥima ad ssgenfan marra řehřacat d řeɛyubat,/Users/mac/masterAI/tarifit_asr_tfm/data/processed/segments/REC103/REC103_SEG0002.wav
REC103_SEG0003_PART01,REC103,SPK009,data/processed/segments/REC103/REC103_SEG0003_PART01.wav,10.04,ismawen n tenɛac n rrusul d yina amezwaru nsen cimɛun umi qqaren buṭrus ixs ad yini aẓru d umas andrawus,/Users/mac/masterAI/tarifit_asr_tfm/data/processed/segments/REC103/REC103_SEG0003_PART01.wav
REC103_SEG0003_PART02,REC103,SPK009,data/processed/segments/REC103/REC103_SEG0003_PART02.wav,10.04,d yaɛqub mmis n zabdi d umas yuḥanna d filippus d bar tulumawus tuma d matta,/Users/mac/masterAI/tarifit_asr_tfm/data/processed/segments/REC103/REC103_SEG0003_PART02.wav
REC103_SEG0004_PART01,REC103,SPK009,data/processed/segments/REC103/REC103_SEG0004_PART01.wav,14.408,wenni d bu ḍḍariba d yaɛqub mmis n ḥalfa d labbawus umi qqaren tadday d cimɛun wenni d amɛessab d yahuda isxariyuṭi wenni t isellmen,/Users/mac/masterAI/tarifit_asr_tfm/data/processed/segments/REC103/REC103_SEG0004_PART01.wav
REC103_SEG0004_PART02,REC103,SPK009,data/processed/segments/REC103/REC103_SEG0004_PART02.wav,14.408,yasuɛ issekk tenɛac a yumur i ten inna war ttruḥem ca x webrid n regnuss war ttadfem ca ɣar tendint n isamariyyen maca ḥsen ad traḥem ɣar wuǧi iweddaren n taddart n israil,/Users/mac/masterAI/tarifit_asr_tfm/data/processed/segments/REC103/REC103_SEG0004_PART02.wav
REC103_SEG0005,REC103,SPK009,data/processed/segments/REC103/REC103_SEG0005.wav,16.752,xmi ɣa traḥem barrḥem am teqqarem tageldit n ijenwan aqa tiweḍ dd sgenfam imehřac sizdgem inni di iǧa řbarṣ suffɣem ccwaṭen kenniw teksim břa ca xenni wcem tt břa ca,/Users/mac/masterAI/tarifit_asr_tfm/data/processed/segments/REC103/REC103_SEG0005.wav
REC103_SEG0006,REC103,SPK009,data/processed/segments/REC103/REC103_SEG0006.wav,16.784,war kessim ca wureɣ uřa d nnuqart uřa d nnḥas deg ibuyas nwem war kessim ca ttesṭim i webrid řa d tnayen n tcamirat řa d sandaliyat uřa d taɣɣarct nneɣni minzi axeddam isdaheǧ macca nnes,/Users/mac/masterAI/tarifit_asr_tfm/data/processed/segments/REC103/REC103_SEG0006.wav
REC103_SEG0007,REC103,SPK009,data/processed/segments/REC103/REC103_SEG0007.wav,8.304,man tandint niɣ dcar i ɣa tadfem arzum wi dayes isdaheǧ uca qqimem din ař d traḥem,/Users/mac/masterAI/tarifit_asr_tfm/data/processed/segments/REC103/REC103_SEG0007.wav
REC103_SEG0008_PART01,REC103,SPK009,data/processed/segments/REC103/REC103_SEG0008_PART01.wav,11.144,mařa tudfem ɣar taddart seǧmem x aytbab n taddart s řehna mařa taddart tesdaheǧ jjem xas řehna nwem mařa war t tesdiheǧ,/Users/mac/masterAI/tarifit_asr_tfm/data/processed/segments/REC103/REC103_SEG0008_PART01.wav
REC103_SEG0008_PART02,REC103,SPK009,data/processed/segments/REC103/REC103_SEG0008_PART02.wav,11.144,xenni řehna nwem ad ɣarwem dd iɛqeb mařa tufim ca n yijjen war kenniw iqebbeř u war ittesři i wawařen nwem ffɣem zi taddart nni niɣ zi ṭendint nni,/Users/mac/masterAI/tarifit_asr_tfm/data/processed/segments/REC103/REC103_SEG0008_PART02.wav
REC103_SEG0009,REC103,SPK009,data/processed/segments/REC103/REC103_SEG0009.wav,13.424,zzerzem taɛejjajt zeg iḍaren nwem s tidett necc ad awem iniɣ ad yiři řḥař i temmurt n sadum d ɛamurra ihwen zi tendint nni deg wass n lḥisab,/Users/mac/masterAI/tarifit_asr_tfm/data/processed/segments/REC103/REC103_SEG0009.wav
REC103_SEG0010,REC103,SPK009,data/processed/segments/REC103/REC103_SEG0010.wav,3.888,yasuɛ issawař x řeḥṣaret d udarrec,/Users/mac/masterAI/tarifit_asr_tfm/data/processed/segments/REC103/REC103_SEG0010.wav
REC103_SEG0011,REC103,SPK009,data/processed/segments/REC103/REC103_SEG0011.wav,9.904,xzarem řexxu ad kenniw ssekkeɣ am uǧi di řwesṭ n wuccanen iřim tfettnem amecnaw ifiɣran u ɣeffřem am idbiren,/Users/mac/masterAI/tarifit_asr_tfm/data/processed/segments/REC103/REC103_SEG0011.wav
REC103_SEG0012,REC103,SPK009,data/processed/segments/REC103/REC103_SEG0012.wav,6.96,maca ḥḍam ixef nwem zeg iwdan minzi nitni ad kenniw sellmen i taddart n ccreɛ,/Users/mac/masterAI/tarifit_asr_tfm/data/processed/segments/REC103/REC103_SEG0012.wav
REC103_SEG0013_PART01,REC103,SPK009,data/processed/segments/REC103/REC103_SEG0013_PART01.wav,12.872,ad kenniw hettken s urekkuḍ di temzidawin nsen ad kenniw nedhen zzat i řḥukkam d zzat i ijeǧiden di ssibbet inu ḥima ad tiřim d cchadet i nitni u,/Users/mac/masterAI/tarifit_asr_tfm/data/processed/segments/REC103/REC103_SEG0013_PART01.wav
REC103_SEG0013_PART02,REC103,SPK009,data/processed/segments/REC103/REC103_SEG0013_PART02.wav,12.872,řa i řegnus mařa sellmen kenniw war kessim ca s wemnus mammec d min ɣa tessiwřem minzi ad awem immewc di tsaɛɛet nni min ittxeṣṣa ad tinim,/Users/mac/masterAI/tarifit_asr_tfm/data/processed/segments/REC103/REC103_SEG0013_PART02.wav
REC103_SEG0014_PART01,REC103,SPK009,data/processed/segments/REC103/REC103_SEG0014_PART01.wav,10.968,maɣar war iǧi d kenniw inni issawařen maca d arruḥ n babatwem d netta i daywem issawařen umas ad isellem umas ɣar el,/Users/mac/masterAI/tarifit_asr_tfm/data/processed/segments/REC103/REC103_SEG0014_PART01.wav
REC103_SEG0014_PART02,REC103,SPK009,data/processed/segments/REC103/REC103_SEG0014_PART02.wav,10.968,muṭ u babas mmis uca ad kkaren tarwa d aɣezdis i lwalidin nsen ad ten nɣen ad kenniw carhen marra idsen x ssibbet n yisem inu,/Users/mac/masterAI/tarifit_asr_tfm/data/processed/segments/REC103/REC103_SEG0014_PART02.wav
REC103_SEG0015,REC103,SPK009,data/processed/segments/REC103/REC103_SEG0015.wav,17.488,maca wenni i ɣa iṣbaren ař aneggaru ad ittwassenjem mařa darrcen xawem di tendint a arewřem ɣar tenneɣnit s tidett necc ad awem iniɣ kenniw war tettekkem ca x marra tineddam n israil ař dd ɣa yas mmis n bnadem,/Users/mac/masterAI/tarifit_asr_tfm/data/processed/segments/REC103/REC103_SEG0015.wav
REC103_SEG0016,REC103,SPK009,data/processed/segments/REC103/REC103_SEG0016.wav,13.136,war iǧi umeḥḍar yuɛřa x umseřmad nnes uřa d amsexxar x bab nnes ikfa i umeḥḍar ad yiři am umseřmad nnes u amsexxar am bab nnes,/Users/mac/masterAI/tarifit_asr_tfm/data/processed/segments/REC103/REC103_SEG0016.wav
REC103_SEG0017_PART01,REC103,SPK009,data/processed/segments/REC103/REC103_SEG0017_PART01.wav,14.664,mařa řaɣan as i bab n taddart beɛalzabul ixs ad yini ibřis mecḥař ɛad i aytbab n taddart nnes war tteggʷedem ca zzaysen minzi war din min idřin ad iqqim war,/Users/mac/masterAI/tarifit_asr_tfm/data/processed/segments/REC103/REC103_SEG0017_PART01.wav
REC103_SEG0017_PART02,REC103,SPK009,data/processed/segments/REC103/REC103_SEG0017_PART02.wav,14.664,ittwaɛarri uřa war din min inuffaren ad iqqim war ittwissen min d awem qqareɣ di taǧest inim t di tfawt min tesřim qqaren t deg imezzuɣen nwem barrḥem zzayes x tzeɣwin,/Users/mac/masterAI/tarifit_asr_tfm/data/processed/segments/REC103/REC103_SEG0017_PART02.wav
REC103_SEG0018,REC103,SPK009,data/processed/segments/REC103/REC103_SEG0018.wav,18.064,war tteggʷedem ca zeg inni ineqqen arrimet maca war zemmaren ad nɣen řeɛmar ggʷedem d amezwaru zeg wenni izemmaren ad isshellek řeɛmar d arrimet di jehennama ma war ttmenzin tnayen n ẓẓawec s yijj n uṣuldi n nnḥas,/Users/mac/masterAI/tarifit_asr_tfm/data/processed/segments/REC103/REC103_SEG0018.wav
REC103_SEG0019_PART01,REC103,SPK009,data/processed/segments/REC103/REC103_SEG0019_PART01.wav,12.184,uřa d ijj zzaysen war dd iweṭṭi ca x temmurt břa babatwem maca uřa d iẓuṭṭan n ucuwwaf n uzeǧif nwem ttwaḥessben marra s uyenni war tteggʷedem,/Users/mac/masterAI/tarifit_asr_tfm/data/processed/segments/REC103/REC103_SEG0019_PART01.wav
REC103_SEG0019_PART02,REC103,SPK009,data/processed/segments/REC103/REC103_SEG0019_PART02.wav,12.184,ca aqa kenniw teɛdum ẓẓawec aṭṭas s uya kuř ijjen wenni zzayi i ɣa icehden zzat i iwdan uřa d necc ad zzayes cehdeɣ zzat i baba i iǧan deg ijenwan,/Users/mac/masterAI/tarifit_asr_tfm/data/processed/segments/REC103/REC103_SEG0019_PART02.wav
REC103_SEG0020,REC103,SPK009,data/processed/segments/REC103/REC103_SEG0020.wav,17.36,maca wenni d ayi ɣa inkaren zzat i iwdan uřa d necc ad t nkareɣ zzat i baba i iǧan deg ijenwan war ttɣiřem ca belli usiɣ dd ḥima ad awyeɣ řehna i ddunect necc war dd usiɣ ca ḥima ad awyeɣ řehna maca ssif,/Users/mac/masterAI/tarifit_asr_tfm/data/processed/segments/REC103/REC103_SEG0020.wav
REC103_SEG0021,REC103,SPK009,data/processed/segments/REC103/REC103_SEG0021.wav,12.464,usiɣ dd ḥima ad bḍiɣ aryaz x babas d yeǧis x yemmas d tesřit x řallas aytbab n taddart n bnadem ad iřin d řɛedyan nnes,/Users/mac/masterAI/tarifit_asr_tfm/data/processed/segments/REC103/REC103_SEG0021.wav
REC103_SEG0022_PART01,REC103,SPK009,data/processed/segments/REC103/REC103_SEG0022_PART01.wav,10.84,wenni ittexsen babas niɣ d yemmas xafi war d ayi isdiheǧ ca uca wenni ittexsen mmis niɣ d yeǧis xafi war d ayi isdihe,/Users/mac/masterAI/tarifit_asr_tfm/data/processed/segments/REC103/REC103_SEG0022_PART01.wav
REC103_SEG0022_PART02,REC103,SPK009,data/processed/segments/REC103/REC103_SEG0022_PART02.wav,10.84,ǧ ca wenni war ikessin ṣṣalib nnes uca ad ayi dd iḍfar aqa netta war d ayi isdiheǧ ca wenni i ɣa yafen tudart nnes ad tt ixsar,/Users/mac/masterAI/tarifit_asr_tfm/data/processed/segments/REC103/REC103_SEG0022_PART02.wav
REC103_SEG0023_PART01,REC103,SPK009,data/processed/segments/REC103/REC103_SEG0023_PART01.wav,12.76,d wenni i ɣa ixsaren tudart nnes di ṭṭweɛ inu ad tt yaf wenni kenniw i ɣa iqebřen iqebbeř ayi u wenni d ayi ɣa iqebřen iqebbeř wenni d ayi dd issekken,/Users/mac/masterAI/tarifit_asr_tfm/data/processed/segments/REC103/REC103_SEG0023_PART01.wav
REC103_SEG0023_PART02,REC103,SPK009,data/processed/segments/REC103/REC103_SEG0023_PART02.wav,12.76,wenni i ɣa iqebřen anabi s isem n nnabi ad iṭṭef řmunet n unabi d wenni i ɣa iqebřen amseggad s isem n umseggad,/Users/mac/masterAI/tarifit_asr_tfm/data/processed/segments/REC103/REC103_SEG0023_PART02.wav
REC103_SEG0024,REC103,SPK009,data/processed/segments/REC103/REC103_SEG0024.wav,19.117,ad iṭṭef řmunet n umseggad wenni i ɣa iwcen i yijjen zeg ina imeẓyanen ijj n řkas n waman d asemmaḍ mɣir minzi netta d ameḥḍar inu s tidett necc ad awem iniɣ war d as tettriḥ řmunet nnes ɛemmarṣ,/Users/mac/masterAI/tarifit_asr_tfm/data/processed/segments/REC103/REC103_SEG0024.wav
REC104_SEG0001,REC104,SPK009,data/processed/segments/REC104/REC104_SEG0001.wav,2.576,yasuɛ d yuḥanna amseɣḍaṣ,/Users/mac/masterAI/tarifit_asr_tfm/data/processed/segments/REC104/REC104_SEG0001.wav
REC104_SEG0002,REC104,SPK009,data/processed/segments/REC104/REC104_SEG0002.wav,10.16,awarni řami ikemmeř yasuɛ řumur nnes i tenɛac n imeḥḍaren nnes yuyur ssenni ḥima ad isseřmed u ad ibarreḥ di tneddam nsen,/Users/mac/masterAI/tarifit_asr_tfm/data/processed/segments/REC104/REC104_SEG0002.wav
REC104_SEG0003_PART01,REC104,SPK009,data/processed/segments/REC104/REC104_SEG0003_PART01.wav,13.016,řami tuɣa yuḥanna ittesřa di řeḥbes x řexdayem n lmasiḥ issekk ca zeg imeḥḍaren nnes inna as ma d cek d wenni dd ɣa yasen niɣ ittxeṣṣa ad nraja ijjen nneɣni yarra dd,/Users/mac/masterAI/tarifit_asr_tfm/data/processed/segments/REC104/REC104_SEG0003_PART01.wav
REC104_SEG0003_PART02,REC104,SPK009,data/processed/segments/REC104/REC104_SEG0003_PART02.wav,13.016,yasuɛ inna asen ruḥem tɛawdem i yuḥanna min tesřam d min teẓrim aqa idarɣařen ttwařan ineɛḍaben gguren d yinni di iǧa řbarṣ ttwassizdigen,/Users/mac/masterAI/tarifit_asr_tfm/data/processed/segments/REC104/REC104_SEG0003_PART02.wav
REC104_SEG0004,REC104,SPK009,data/processed/segments/REC104/REC104_SEG0004.wav,7.44,idehcar dewřen ttesřan imettinen ttwassnekkaren dd u řexbar aṣebḥan ittwabarraḥ i imezřaḍ,/Users/mac/masterAI/tarifit_asr_tfm/data/processed/segments/REC104/REC104_SEG0004.wav
REC104_SEG0005,REC104,SPK009,data/processed/segments/REC104/REC104_SEG0005.wav,13.296,sseɛd n wenni war dayi ittendrifen řami uyuren ina ibda yasuɛ issawař ak d řɣaci x yuḥanna inna min ɣar dd teffɣem ɣar řexřa maḥend ad t tẓarem,/Users/mac/masterAI/tarifit_asr_tfm/data/processed/segments/REC104/REC104_SEG0005.wav
REC104_SEG0006_PART01,REC104,SPK009,data/processed/segments/REC104/REC104_SEG0006_PART01.wav,14.632,ma ɣar ijj n uɣanim issenhezza t usemmiḍ mařa lla min ɣar dd teffɣem ad t tẓarem ma ɣar ijj n bnadem s warruḍ yarḍeb xzar inni yarrḍen arruḍ iɣřan yarḍeb a,/Users/mac/masterAI/tarifit_asr_tfm/data/processed/segments/REC104/REC104_SEG0006_PART01.wav
REC104_SEG0006_PART02,REC104,SPK009,data/processed/segments/REC104/REC104_SEG0006_PART02.wav,14.632,qa aten di tudrin n ujeǧid min ɣar dd teffɣem xenni maḥend ad t tẓarem ijj n unabi wah necc ad awem iniɣ aqa d ameqqran ɛad x unabi maɣar aqa d wa d wenni i xef ittwari wawař a xẓar,/Users/mac/masterAI/tarifit_asr_tfm/data/processed/segments/REC104/REC104_SEG0006_PART02.wav
REC104_SEG0007,REC104,SPK009,data/processed/segments/REC104/REC104_SEG0007.wav,8.208,ad dd ssekkeɣ lmalak inu zzat i wudem nnec wenni i ɣa isswejden abrid nnec zzatek s tidett necc ad awem iniɣ,/Users/mac/masterAI/tarifit_asr_tfm/data/processed/segments/REC104/REC104_SEG0007.wav
REC104_SEG0008_PART01,REC104,SPK009,data/processed/segments/REC104/REC104_SEG0008_PART01.wav,10.68,jar inni dd ittwaxeřqen zi temɣarin war dd iffiɣ uřa d ijj d ameqqran x yuḥanna amseɣḍaṣ waxxa amenni ameẓyan di tgeldit n ijenwan d ameqqran xas ze,/Users/mac/masterAI/tarifit_asr_tfm/data/processed/segments/REC104/REC104_SEG0008_PART01.wav
REC104_SEG0008_PART02,REC104,SPK009,data/processed/segments/REC104/REC104_SEG0008_PART02.wav,10.68,g wussan n yuḥanna amseɣḍaṣ ař iḍa temmars tgeldit n ijenwan i lɛunf uca ayt n bu řexcunet arezzun tteṭṭfen tt,/Users/mac/masterAI/tarifit_asr_tfm/data/processed/segments/REC104/REC104_SEG0008_PART02.wav
REC104_SEG0009,REC104,SPK009,data/processed/segments/REC104/REC104_SEG0009.wav,17.936,minzi marra inabiyyen d ccariɛa tuɣa ttnabban ař dd yas yuḥanna mařa texsem qebřem aqa wanita d iliya wenni ad dd yas wenni ɣar iǧa imezzuɣen i useǧi ad iseř,/Users/mac/masterAI/tarifit_asr_tfm/data/processed/segments/REC104/REC104_SEG0009.wav
REC104_SEG0010,REC104,SPK009,data/processed/segments/REC104/REC104_SEG0010.wav,2.864,wi ak d i ɣa ssemquddeɣ jjiř a,/Users/mac/masterAI/tarifit_asr_tfm/data/processed/segments/REC104/REC104_SEG0010.wav
REC104_SEG0011_PART01,REC104,SPK009,data/processed/segments/REC104/REC104_SEG0011_PART01.wav,13.82,aqa t amecnaw iḥenjiren iqqimen di řeswaq ttřaɣan x imeddukkař nsen qqaren aqa nɣennej i kenniw kenniw war tecḍiḥem aqa newta awem agejdur,/Users/mac/masterAI/tarifit_asr_tfm/data/processed/segments/REC104/REC104_SEG0011_PART01.wav
REC104_SEG0011_PART02,REC104,SPK009,data/processed/segments/REC104/REC104_SEG0011_PART02.wav,13.82,uca war tecḍinem maɣar yusa dd yuḥanna war ittett war isess uca qqaren nitni dayes ijj n aryaḥ aɛfan aqa mmis n bnadem yusa dd,/Users/mac/masterAI/tarifit_asr_tfm/data/processed/segments/REC104/REC104_SEG0011_PART02.wav
REC104_SEG0012,REC104,SPK009,data/processed/segments/REC104/REC104_SEG0012.wav,13.432,ittett isess uca nitni qqaren aqa din bnadem iřhef x macca d binu netta d ameddukkeř n ayt n ḍḍariba d imednab maca tiɣit tettwasegged s řexdayem nnes,/Users/mac/masterAI/tarifit_asr_tfm/data/processed/segments/REC104/REC104_SEG0012.wav
REC104_SEG0013,REC104,SPK009,data/processed/segments/REC104/REC104_SEG0013.wav,3.248,řḥukm x tneddam i war yuminen,/Users/mac/masterAI/tarifit_asr_tfm/data/processed/segments/REC104/REC104_SEG0013.wav
REC104_SEG0014_PART01,REC104,SPK009,data/processed/segments/REC104/REC104_SEG0014_PART01.wav,12.552,řexdenni ibda ittwebbex tineddam i di igga aṭṭas n řeɛjayeb nnes minzi nitenti war tubent ca uct xam a xurazin,/Users/mac/masterAI/tarifit_asr_tfm/data/processed/segments/REC104/REC104_SEG0014_PART01.wav
REC104_SEG0014_PART02,REC104,SPK009,data/processed/segments/REC104/REC104_SEG0014_PART02.wav,12.552,uct xam a bayt ṣayda mři tuɣa ttwaggent di ṣur d ṣaydun řeɛjayeb ijehden tinni ittwaggen daykent iři aqa tubent aṭṭas zeg wami,/Users/mac/masterAI/tarifit_asr_tfm/data/processed/segments/REC104/REC104_SEG0014_PART02.wav
REC104_SEG0015,REC104,SPK009,data/processed/segments/REC104/REC104_SEG0015.wav,4.816,s txancet n wecḍan d yiɣɣeḍ x izeǧifen nsent,/Users/mac/masterAI/tarifit_asr_tfm/data/processed/segments/REC104/REC104_SEG0015.wav
REC104_SEG0016_PART01,REC104,SPK009,data/processed/segments/REC104/REC104_SEG0016_PART01.wav,13.048,maca necc ad awem iniɣ ad yiři řḥař i tendint n ṣur d ṣaydun ihwen zi řḥař nwem deg wass n lḥisab i cem a tandint n kafarnaḥum tenni ittwassgeɛɛden,/Users/mac/masterAI/tarifit_asr_tfm/data/processed/segments/REC104/REC104_SEG0016_PART01.wav
REC104_SEG0016_PART02,REC104,SPK009,data/processed/segments/REC104/REC104_SEG0016_PART02.wav,13.048,ař ajenna ɣar řaxart i ɣar dd ɣa tehwid minzi mařa ttwaggent di sadum řeɛjayeb ijehden i dayem ittwaggen iři aqa teqqim ař ass n yiḍa maca necc ad am iniɣ,/Users/mac/masterAI/tarifit_asr_tfm/data/processed/segments/REC104/REC104_SEG0016_PART02.wav
REC104_SEG0017,REC104,SPK009,data/processed/segments/REC104/REC104_SEG0017.wav,6.576,ad yiři řḥař i temmurt n sadum ihwen zi řḥař nnem deg wass n lḥisab,/Users/mac/masterAI/tarifit_asr_tfm/data/processed/segments/REC104/REC104_SEG0017.wav
REC104_SEG0018,REC104,SPK009,data/processed/segments/REC104/REC104_SEG0018.wav,2.064,taẓaǧit n yasuɛ,/Users/mac/masterAI/tarifit_asr_tfm/data/processed/segments/REC104/REC104_SEG0018.wav
REC104_SEG0019_PART01,REC104,SPK009,data/processed/segments/REC104/REC104_SEG0019_PART01.wav,10.92,di tsaɛet nni ibda yasuɛ ad yini ḥemdeɣ cek a baba sidi n ujenna d temmurt minzi tessnuffared aya x imiɣisen d imusna,/Users/mac/masterAI/tarifit_asr_tfm/data/processed/segments/REC104/REC104_SEG0019_PART01.wav
REC104_SEG0019_PART02,REC104,SPK009,data/processed/segments/REC104/REC104_SEG0019_PART02.wav,10.92,wen maca tessaregbed aya i iḥenjiren wah a baba minzi d wa d arḍa i cek marra min iǧan immewc ayi dd zi baba,/Users/mac/masterAI/tarifit_asr_tfm/data/processed/segments/REC104/REC104_SEG0019_PART02.wav
REC104_SEG0020_PART01,REC104,SPK009,data/processed/segments/REC104/REC104_SEG0020_PART01.wav,10.408,uca uřa d ijj war issin tammemmit mɣir tababbat uca uřa d ijj war issin tababbat mɣir tammemmit u wi umi ixs,/Users/mac/masterAI/tarifit_asr_tfm/data/processed/segments/REC104/REC104_SEG0020_PART01.wav
REC104_SEG0020_PART02,REC104,SPK009,data/processed/segments/REC104/REC104_SEG0020_PART02.wav,10.408,tammemmit ad t issargeb asem dd ɣari marra kenniw inni yuḥřen d yinni yarbun ddqeř uca necc ad awem wceɣ arraḥet,/Users/mac/masterAI/tarifit_asr_tfm/data/processed/segments/REC104/REC104_SEG0020_PART02.wav
REC104_SEG0021,REC104,SPK009,data/processed/segments/REC104/REC104_SEG0021.wav,14.035,ksim dd azayřu inu xawem řemdem zzayi minzi necc d amhin d amwaḍeɛ n wuř uca ad tafem arraḥet i řeɛmur nwem minzi azayřu d řeḥmeř inu fsusen,/Users/mac/masterAI/tarifit_asr_tfm/data/processed/segments/REC104/REC104_SEG0021.wav
REC105_SEG0001,REC105,SPK009,data/processed/segments/REC105/REC105_SEG0001.wav,2.736,yasuɛ d bab n wass n ssebt,/Users/mac/masterAI/tarifit_asr_tfm/data/processed/segments/REC105/REC105_SEG0001.wav
REC105_SEG0002_PART01,REC105,SPK009,data/processed/segments/REC105/REC105_SEG0002_PART01.wav,13.236,di řweqt nni icuq yasuɛ deg iyyaren n zzariɛet n imendi di ssebt tuɣa imeḥḍaren nnes ǧuẓen uca bdan řeqqḍen tidrin ccin zzaysent ařami ten ẓrin ifarisiyyen,/Users/mac/masterAI/tarifit_asr_tfm/data/processed/segments/REC105/REC105_SEG0002_PART01.wav
REC105_SEG0002_PART02,REC105,SPK009,data/processed/segments/REC105/REC105_SEG0002_PART02.wav,13.236,nnan as xzar imeḥḍaren nnec tteggen min war iɛeddřen di ssebt yarra dd xasen ma war teɣřim ca min igga dawud umi iǧuẓ netta d yinni akides,/Users/mac/masterAI/tarifit_asr_tfm/data/processed/segments/REC105/REC105_SEG0002_PART02.wav
REC105_SEG0003_PART01,REC105,SPK009,data/processed/segments/REC105/REC105_SEG0003_PART01.wav,12.676,mammec yudef ɣar taddart n arebbi icca aɣrum n wescan zi tzewḍa n sidi i war iḥeǧřen macca nnes i netta uřa i yinni akides maca mɣir i ikehhanen,/Users/mac/masterAI/tarifit_asr_tfm/data/processed/segments/REC105/REC105_SEG0003_PART01.wav
REC105_SEG0003_PART02,REC105,SPK009,data/processed/segments/REC105/REC105_SEG0003_PART02.wav,12.676,waha niɣ war teɣrim ca di ccariɛa belli ikehhanen inni iǧan di zzawect tameqqrant di ssebt xeṭṭan di tewṣiyyet n ssebt waxxa amenni war xasen ibin řɛib,/Users/mac/masterAI/tarifit_asr_tfm/data/processed/segments/REC105/REC105_SEG0003_PART02.wav
REC105_SEG0004,REC105,SPK009,data/processed/segments/REC105/REC105_SEG0004.wav,17.616,necc ad awem iniɣ wenni iǧan d ameqqran x zzawect tameqqrant aqa t danita maca mařa tuɣa tfehmen min ixs ad yini necc xseɣ arreḥmet war iǧi d taɣarṣt xenni ad tiři war tettḥasabem ca x imezdagen minzi mmis n bnadem d bab n ssebt,/Users/mac/masterAI/tarifit_asr_tfm/data/processed/segments/REC105/REC105_SEG0004.wav
REC105_SEG0006,REC105,SPK009,data/processed/segments/REC105/REC105_SEG0006.wav,11.248,yasuɛ yuyur ssenni yudef ɣar temzida nsen xzar tuɣa din ijj n weryaz afus nnes iqucceḥ sseqsan t maḥend adas ggan taxceft nnan,/Users/mac/masterAI/tarifit_asr_tfm/data/processed/segments/REC105/REC105_SEG0006.wav
REC105_SEG0007_PART01,REC105,SPK009,data/processed/segments/REC105/REC105_SEG0007_PART01.wav,10.344,ma iɛeddeř usgenfi di ssebt inna asen man bnadem i dinni jar awem wenni ɣar iǧa izmar i iwḍan di tesraft di,/Users/mac/masterAI/tarifit_asr_tfm/data/processed/segments/REC105/REC105_SEG0007_PART01.wav
REC105_SEG0007_PART02,REC105,SPK009,data/processed/segments/REC105/REC105_SEG0007_PART02.wav,10.344,ssebt war t itteṭṭef ḥima ad t i dd issuffeɣ mecḥař iɛdu bnadem x izmar s uyenni iɛeddeř ad ittwagg min iṣebḥen di ssebt,/Users/mac/masterAI/tarifit_asr_tfm/data/processed/segments/REC105/REC105_SEG0007_PART02.wav
REC105_SEG0008,REC105,SPK009,data/processed/segments/REC105/REC105_SEG0008.wav,14.448,řexdenni inna as i bnadem nni swiẓẓeḍ afus nnec isswiẓẓeḍ afus nnes uca idweř iggenfa am wenneɣni ifarisiyyen ffɣen dd ɣar barra mcawaren xas mammec ɣa ggen ad t nɣen,/Users/mac/masterAI/tarifit_asr_tfm/data/processed/segments/REC105/REC105_SEG0008.wav
REC105_SEG0010,REC105,SPK009,data/processed/segments/REC105/REC105_SEG0010.wav,10.32,maca yasuɛ issen aya uca yuyur ssenni iḍfar i t i dd ijj n řɣaci d ameqqran issgenfa i ten marra,/Users/mac/masterAI/tarifit_asr_tfm/data/processed/segments/REC105/REC105_SEG0010.wav
REC105_SEG0011,REC105,SPK009,data/processed/segments/REC105/REC105_SEG0011.wav,9.648,yumur i ten s jjehd maḥend war xas ssuffuɣen řexbar ḥima ad ittwakemmeř wawař i innan unabi icaɛya,/Users/mac/masterAI/tarifit_asr_tfm/data/processed/segments/REC105/REC105_SEG0011.wav
REC105_SEG0012,REC105,SPK009,data/processed/segments/REC105/REC105_SEG0012.wav,3.856,xzar amsexxar inu wenni farrzeɣ,/Users/mac/masterAI/tarifit_asr_tfm/data/processed/segments/REC105/REC105_SEG0012.wav
REC105_SEG0013,REC105,SPK009,data/processed/segments/REC105/REC105_SEG0013.wav,3.856,amɛizz inu wenni di ufiɣ arḍa inu,/Users/mac/masterAI/tarifit_asr_tfm/data/processed/segments/REC105/REC105_SEG0013.wav
REC105_SEG0014,REC105,SPK009,data/processed/segments/REC105/REC105_SEG0014.wav,2.384,ad xas ssarseɣ arruḥ inu,/Users/mac/masterAI/tarifit_asr_tfm/data/processed/segments/REC105/REC105_SEG0014.wav
REC105_SEG0015,REC105,SPK009,data/processed/segments/REC105/REC105_SEG0015.wav,3.76,u netta ad ibarreḥ s řḥukm i řegnus,/Users/mac/masterAI/tarifit_asr_tfm/data/processed/segments/REC105/REC105_SEG0015.wav
REC105_SEG0016_PART01,REC105,SPK009,data/processed/segments/REC105/REC105_SEG0016_PART01.wav,10.36,war ittemcubbuc war isɣuyyu uřa d ijj war ittesři tmijja nnes deg ibriden aɣanim yarẓen war t yareẓẓi,/Users/mac/masterAI/tarifit_asr_tfm/data/processed/segments/REC105/REC105_SEG0016_PART01.wav
REC105_SEG0016_PART02,REC105,SPK009,data/processed/segments/REC105/REC105_SEG0016_PART02.wav,10.36,uřa d taftic idduxxunen war tt issxessi ař dd ɣa issuffeɣ řeḥkam i ɣa inedhen i uɣelleb uca ad ssitmen řegnus deg yisem nnes,/Users/mac/masterAI/tarifit_asr_tfm/data/processed/segments/REC105/REC105_SEG0016_PART02.wav
REC105_SEG0017,REC105,SPK009,data/processed/segments/REC105/REC105_SEG0017.wav,2.768,awař n yasuɛ x arruḥ iqeddsen,/Users/mac/masterAI/tarifit_asr_tfm/data/processed/segments/REC105/REC105_SEG0017.wav
REC105_SEG0018,REC105,SPK009,data/processed/segments/REC105/REC105_SEG0018.wav,7.408,řexdenni iwyen as dd ijj n umeryaḥ tuɣa t d adarɣař d aynaw uca netta issgenfa i t,/Users/mac/masterAI/tarifit_asr_tfm/data/processed/segments/REC105/REC105_SEG0018.wav
REC105_SEG0019,REC105,SPK009,data/processed/segments/REC105/REC105_SEG0019.wav,10.256,ařami wenni tuɣa iǧan d aynaw d adarɣař idweř issawař u ittwařa itebhet řɣaci marra nnan ma wanita war iǧi d mmis n dawud,/Users/mac/masterAI/tarifit_asr_tfm/data/processed/segments/REC105/REC105_SEG0019.wav
REC105_SEG0020,REC105,SPK009,data/processed/segments/REC105/REC105_SEG0020.wav,10.0,maca sřin ifarisiyyen man aya nnan wanita issuffuɣ ccwaṭen mɣir s webrid n beɛalzabub ameqqran n ccwaṭen,/Users/mac/masterAI/tarifit_asr_tfm/data/processed/segments/REC105/REC105_SEG0020.wav
REC105_SEG0021_PART01,REC105,SPK009,data/processed/segments/REC105/REC105_SEG0021_PART01.wav,12.68,maca yasuɛ issen ixarriṣen nsen inna asen kuř tageldit ittemsebḍan x yixef nnes ad tettwahellek u kuř tandint niɣ taddart ittemsebḍan x,/Users/mac/masterAI/tarifit_asr_tfm/data/processed/segments/REC105/REC105_SEG0021_PART01.wav
REC105_SEG0021_PART02,REC105,SPK009,data/processed/segments/REC105/REC105_SEG0021_PART02.wav,12.68,yixef nnes war tettɣimi ca mařa aqa t d cciṭan issuffuɣ cciṭan aqa netta ittemsebḍa x yixef nnes xenni mammec ɣa teqqim tgeldit nnes,/Users/mac/masterAI/tarifit_asr_tfm/data/processed/segments/REC105/REC105_SEG0021_PART02.wav
REC105_SEG0022,REC105,SPK009,data/processed/segments/REC105/REC105_SEG0022.wav,13.264,mařa necc ssuffuɣeɣ ccwaṭen s webrid n beɛalzabub s min zi ten i ɣa ssuffɣen tarwa nwem s uyenni nitni ad iřin d řquḍat xawem,/Users/mac/masterAI/tarifit_asr_tfm/data/processed/segments/REC105/REC105_SEG0022.wav
REC105_SEG0023,REC105,SPK009,data/processed/segments/REC105/REC105_SEG0023.wav,18.416,maca mařa necc ssuffuɣeɣ ccwaṭen s arruḥ n arebbi aqa tudes awem dd tgeldit n arebbi niɣ mammec izemmar ḥed ad yadef ɣar taddart n wenni ijehden maḥend ad ikecceḍ řeqcuɛ nnes mařa war icarf wenni ijehden amezwaru,/Users/mac/masterAI/tarifit_asr_tfm/data/processed/segments/REC105/REC105_SEG0023.wav
REC105_SEG0024_PART01,REC105,SPK009,data/processed/segments/REC105/REC105_SEG0024_PART01.wav,10.424,awarnas ad ikecceḍ taddart nnes wenni war iǧin akidi aqa t ḍidd inu wenni war kidi issmunan aqa ittzeǧaɛ waha,/Users/mac/masterAI/tarifit_asr_tfm/data/processed/segments/REC105/REC105_SEG0024_PART01.wav
REC105_SEG0025,REC105,SPK009,data/processed/segments/REC105/REC105_SEG0025.wav,9.232,wenni i ɣa inin awař d aɛeffan x mmis n bnadem ad as ittwaɣfar maca wenni i ɣa inin awař d aɛeffan x arruḥ iqeddsen,/Users/mac/masterAI/tarifit_asr_tfm/data/processed/segments/REC105/REC105_SEG0025.wav
REC105_SEG0026_PART01,REC105,SPK009,data/processed/segments/REC105/REC105_SEG0026_PART01.wav,10.216,war d as ittwaɣfar ca uřa di řweqt a uřa di řweqt i dd ɣa yasen ḥesbem tacejjart d taṣebḥant uřa d řɣiǧet nnes d taṣebḥant,/Users/mac/masterAI/tarifit_asr_tfm/data/processed/segments/REC105/REC105_SEG0026_PART01.wav
REC105_SEG0026_PART02,REC105,SPK009,data/processed/segments/REC105/REC105_SEG0026_PART02.wav,10.216,niɣ ḥesbem tacejjart texsar uřa d řɣiǧet nnes texsar minzi tacejjart tettwassen zi řɣiǧet nnes,/Users/mac/masterAI/tarifit_asr_tfm/data/processed/segments/REC105/REC105_SEG0026_PART02.wav
REC105_SEG0027,REC105,SPK009,data/processed/segments/REC105/REC105_SEG0027.wav,1.584,uř d uqemmum,/Users/mac/masterAI/tarifit_asr_tfm/data/processed/segments/REC105/REC105_SEG0027.wav
REC105_SEG0028,REC105,SPK009,data/processed/segments/REC105/REC105_SEG0028.wav,6.8,a tarwa n ifiɣran mammec ɣa teggem ad tessiwřem x min iṣebḥen waxxa kenniw d iɛeffanen,/Users/mac/masterAI/tarifit_asr_tfm/data/processed/segments/REC105/REC105_SEG0028.wav
REC105_SEG0029_PART01,REC105,SPK009,data/processed/segments/REC105/REC105_SEG0029_PART01.wav,13.7,minzi zeg uɛemmar n wuř ad issiweř uqemmum bnadem aṣebḥan issuffuɣ dd min iṣebḥen zi řkenz aṣebḥan n wuř nnes uca bnadem aɛeffan issuffuɣ dd zi řkenz aɛeffan nn,/Users/mac/masterAI/tarifit_asr_tfm/data/processed/segments/REC105/REC105_SEG0029_PART01.wav
REC105_SEG0029_PART02,REC105,SPK009,data/processed/segments/REC105/REC105_SEG0029_PART02.wav,13.7,es min iɛeffnen maca necc ad awem iniɣ belli kuř awař ixwan ad zzayes ssiwřen iwdan ad zzayes ttwaḥasben deg wass n lḥisab minzi s wawařen nnec ad tettwaseggded,/Users/mac/masterAI/tarifit_asr_tfm/data/processed/segments/REC105/REC105_SEG0029_PART02.wav
REC105_SEG0030,REC105,SPK009,data/processed/segments/REC105/REC105_SEG0030.wav,3.144,uca s wawařen nnec ad tettwaḥasbed,/Users/mac/masterAI/tarifit_asr_tfm/data/processed/segments/REC105/REC105_SEG0030.wav
REC105_SEG0031,REC105,SPK009,data/processed/segments/REC105/REC105_SEG0031.wav,1.936,řeɛřamet n yunus,/Users/mac/masterAI/tarifit_asr_tfm/data/processed/segments/REC105/REC105_SEG0031.wav
REC105_SEG0032,REC105,SPK009,data/processed/segments/REC105/REC105_SEG0032.wav,15.28,ca n imseřmaden n idlisen d ifarisiyyen arrin dd xas a amseɣɣar neccin nexs ad nẓar ict n řeɛřamet zzayek maca netta yarra dd xasen jjiř aɛeffan izennan ittettar ijjen řeɛřamet,/Users/mac/masterAI/tarifit_asr_tfm/data/processed/segments/REC105/REC105_SEG0032.wav
REC105_SEG0033_PART01,REC105,SPK009,data/processed/segments/REC105/REC105_SEG0033_PART01.wav,14.056,war d as ittmewci uřa d ict n řeɛřamet mɣir řeɛřamet n yunus minzi am mammec tuɣa yunus třata n wussan jar ǧyaři d wussan deg uɛeddis n wesřem,/Users/mac/masterAI/tarifit_asr_tfm/data/processed/segments/REC105/REC105_SEG0033_PART01.wav
REC105_SEG0033_PART02,REC105,SPK009,data/processed/segments/REC105/REC105_SEG0033_PART02.wav,14.056,ammu i ɣa yiři uřa d mmis n bnadem deg wuř n temmurt třata n wussan jar ǧyaři d wussan iryazen n ninwa ad dd kkaren deg wass n lḥisab ak d jjiř a ad t ḥasben,/Users/mac/masterAI/tarifit_asr_tfm/data/processed/segments/REC105/REC105_SEG0033_PART02.wav
REC105_SEG0034,REC105,SPK009,data/processed/segments/REC105/REC105_SEG0034.wav,13.968,minzi nitni tuben s tbarreḥt n yunus uca xzarem aqa da wenni iǧan d ameqqran x yunus tajeǧidt n ljanub ad tekkar deg wass n lḥisab ak d jjiř a,/Users/mac/masterAI/tarifit_asr_tfm/data/processed/segments/REC105/REC105_SEG0034.wav
REC105_SEG0035,REC105,SPK009,data/processed/segments/REC105/REC105_SEG0035.wav,11.344,ad xas teḥkem minzi nettat tusa dd zeg uneggaru n ddunect ḥima ad tseř i tiɣit n suliman uca xzarem aqa da wenni iǧan d ameqqran x suliman,/Users/mac/masterAI/tarifit_asr_tfm/data/processed/segments/REC105/REC105_SEG0035.wav
REC105_SEG0036,REC105,SPK009,data/processed/segments/REC105/REC105_SEG0036.wav,4.368,awař n yasuɛ x řxedmet n řaryaḥ amengus,/Users/mac/masterAI/tarifit_asr_tfm/data/processed/segments/REC105/REC105_SEG0036.wav
REC105_SEG0037,REC105,SPK009,data/processed/segments/REC105/REC105_SEG0037.wav,9.68,ařami iffeɣ řaryaḥ amengus zi bnadem ibda ittsara deg imucan war daysen bu waman yarezzu arraḥet war tt ittif,/Users/mac/masterAI/tarifit_asr_tfm/data/processed/segments/REC105/REC105_SEG0037.wav
REC105_SEG0038_PART01,REC105,SPK009,data/processed/segments/REC105/REC105_SEG0038_PART01.wav,10.616,řexdenni ad yini ad dewřeɣ ɣar taddart inu manis dd ffɣeɣ uca iruḥ yufa i tt texwa tfarḍ tsettef řexden,/Users/mac/masterAI/tarifit_asr_tfm/data/processed/segments/REC105/REC105_SEG0038_PART01.wav
REC105_SEG0038_PART02,REC105,SPK009,data/processed/segments/REC105/REC105_SEG0038_PART02.wav,10.616,ni yuyur uca yiwi akides sebɛa n řaryaḥ nneɣni d iɛeffanen ktar zzayes ad dd adfen ad raḥen ad zedɣen diha,/Users/mac/masterAI/tarifit_asr_tfm/data/processed/segments/REC105/REC105_SEG0038_PART02.wav
REC105_SEG0039,REC105,SPK009,data/processed/segments/REC105/REC105_SEG0039.wav,9.264,uca aneggaru n bnadem nni ad idweř mahu x umezwaru ammu i ɣa yiři ɛawed ak d jjiř a aɛeffan,/Users/mac/masterAI/tarifit_asr_tfm/data/processed/segments/REC105/REC105_SEG0039.wav
REC105_SEG0040,REC105,SPK009,data/processed/segments/REC105/REC105_SEG0040.wav,2.512,yemmas d aytmas n yasuɛ,/Users/mac/masterAI/tarifit_asr_tfm/data/processed/segments/REC105/REC105_SEG0040.wav
REC105_SEG0041,REC105,SPK009,data/processed/segments/REC105/REC105_SEG0041.wav,19.472,řami tuɣa ɛad issawař ak d řɣaci xzar yemmas d aytmas bedden barra arezzun ad kides ssiwřen inna as ijjen xzar yemmac d aytmac bedden di barra arezzun ad kidek ssiwřen maca netta yarra dd x wenni tuɣa d as t innan inna,/Users/mac/masterAI/tarifit_asr_tfm/data/processed/segments/REC105/REC105_SEG0041.wav
REC105_SEG0042,REC105,SPK009,data/processed/segments/REC105/REC105_SEG0042.wav,18.806,min teɛna yemma d min ɛnan aytma xas uca isswiẓẓeḍ s ufus nnes ɣar imeḥḍaren nnes inna xzar yemma xzar aytma minzi man wen itteggen min ixs baba i iǧan deg ijenwan aqa netta d uma d ucma d yemma,/Users/mac/masterAI/tarifit_asr_tfm/data/processed/segments/REC105/REC105_SEG0042.wav
REC106_SEG0001,REC106,SPK009,data/processed/segments/REC106/REC106_SEG0001.wav,2.512,amedya n ufeǧaḥ izarrɛen,/Users/mac/masterAI/tarifit_asr_tfm/data/processed/segments/REC106/REC106_SEG0001.wav
REC106_SEG0002,REC106,SPK009,data/processed/segments/REC106/REC106_SEG0002.wav,14.448,deg wass nni iffeɣ yasuɛ zi taddart iruḥ iqqim x tma n řebḥar imun dd xas ijj n uhimur n řɣaci ařami yenya di uɣarrabu iqqim dayes uca řɣaci marra bedden x tma,/Users/mac/masterAI/tarifit_asr_tfm/data/processed/segments/REC106/REC106_SEG0002.wav
REC106_SEG0003,REC106,SPK009,data/processed/segments/REC106/REC106_SEG0003.wav,11.952,issiweř akidsen x waṭṭas n tmesřayin s imedya inna xzar afeǧaḥ iffeɣ ḥima ad izarɛ am tuɣa izarreɛ tewḍa ca n zzariɛet x tma n webrid,/Users/mac/masterAI/tarifit_asr_tfm/data/processed/segments/REC106/REC106_SEG0003.wav
REC106_SEG0004,REC106,SPK009,data/processed/segments/REC106/REC106_SEG0004.wav,11.824,xeccen dd ijḍaḍ neqben tt tewḍa ca nneɣni x weẓru mani tuɣa war iǧi ucař aṭṭas deɣya teɣmi dd s minzi tammurt war tuǧiɣ,/Users/mac/masterAI/tarifit_asr_tfm/data/processed/segments/REC106/REC106_SEG0004.wav
REC106_SEG0005_PART01,REC106,SPK009,data/processed/segments/REC106/REC106_SEG0005_PART01.wav,13.224,umi dd tenqar tfuct icmeḍ uɣemmuy uca isřaw minzi war ɣares tuɣi bu weẓwar ca nneɣni tewḍa x isennanen mɣaren isennanen jiyyfen tt ca nneɣn,/Users/mac/masterAI/tarifit_asr_tfm/data/processed/segments/REC106/REC106_SEG0005_PART01.wav
REC106_SEG0005_PART02,REC106,SPK009,data/processed/segments/REC106/REC106_SEG0005_PART02.wav,13.224,i tewḍa x temmurt taṣebḥant tiwi dd řɣiǧet ca mya ca nneɣni settin ca nneɣni třatin n tseqqar wenni ɣar iǧa imezzuɣen i useǧi ejj i t ad iseř,/Users/mac/masterAI/tarifit_asr_tfm/data/processed/segments/REC106/REC106_SEG0005_PART02.wav
REC106_SEG0006,REC106,SPK009,data/processed/segments/REC106/REC106_SEG0006.wav,16.496,xas uca usin dd ɣares imeḥḍaren nnes nnan as mayemmi akidsen tessawařed s imedya netta yarra dd inna asen minzi immewc awem ad tessnem ssirr n tgeldit n ijenwan,/Users/mac/masterAI/tarifit_asr_tfm/data/processed/segments/REC106/REC106_SEG0006.wav
REC106_SEG0007,REC106,SPK009,data/processed/segments/REC106/REC106_SEG0007.wav,15.12,nitni maca war d asen t immewc ca minzi wenni ɣar iǧa ad as immewc uca ad ɣares yiři s waṭṭas maca wenni war ɣar iǧi ca ad zzayes ittwakkes uřa d min ɣares,/Users/mac/masterAI/tarifit_asr_tfm/data/processed/segments/REC106/REC106_SEG0007.wav
REC106_SEG0008,REC106,SPK009,data/processed/segments/REC106/REC106_SEG0008.wav,17.552,s uyenni ssawařeɣ akidsen s imedya ařami nitni ttwařan am war ttwiřin u ttesřan am war ttesřin war fehhmen daysen i ɣa ikemmeř wawař i inebba icaɛya inna s useǧi ad tesřem maca war tfehhmen,/Users/mac/masterAI/tarifit_asr_tfm/data/processed/segments/REC106/REC106_SEG0008.wav
REC106_SEG0009_PART01,REC106,SPK009,data/processed/segments/REC106/REC106_SEG0009_PART01.wav,11.848,s tmuɣři ad tẓarem maca war tfettnem maɣar uř n řgens a aqa iqbubbez imezzuɣen nsen ḍeqřen deg useǧi u nitni aqa,/Users/mac/masterAI/tarifit_asr_tfm/data/processed/segments/REC106/REC106_SEG0009_PART01.wav
REC106_SEG0009_PART02,REC106,SPK009,data/processed/segments/REC106/REC106_SEG0009_PART02.wav,11.848,qqnen tiṭṭawin nsen maḥend war ttwiřin s tiṭṭawin nsen ad sřen s imezzuɣen nsen ad fehmen s wuř nsen ḥima ad tuben uca necc ad ten ssgenfiɣ,/Users/mac/masterAI/tarifit_asr_tfm/data/processed/segments/REC106/REC106_SEG0009_PART02.wav
REC106_SEG0010,REC106,SPK009,data/processed/segments/REC106/REC106_SEG0010.wav,18.96,maca sseɛd n tiṭṭawin nwem umi ttwařant sseɛd n imezzuɣen nwem umi ttesřan s tidett necc ad awem iniɣ aṭṭas n inabiyyen d imseggaden tuɣa xsen ad ẓaren min teẓrim maca war t ẓrin xsen ad sřen min tesřim war t sřin,/Users/mac/masterAI/tarifit_asr_tfm/data/processed/segments/REC106/REC106_SEG0010.wav
REC106_SEG0012_PART01,REC106,SPK009,data/processed/segments/REC106/REC106_SEG0012_PART01.wav,13.24,xenni kenniw sřem i umedya n wenni izarrɛen kuř ijjen wenni ittesřan i wawař n tgeldit uca war t ifhim ad ɣares dd yas umɛeffan ad ixḍef min ittwaz,/Users/mac/masterAI/tarifit_asr_tfm/data/processed/segments/REC106/REC106_SEG0012_PART01.wav
REC106_SEG0012_PART02,REC106,SPK009,data/processed/segments/REC106/REC106_SEG0012_PART02.wav,13.24,arɛen deg wuř nnes aqa d man aya min ittwazarɛen x tma n webrid min ittwazarɛen x weẓru aqa wa d wenni i ɣa iseǧen awař ad t iqbeř deɣya s řefraḥet,/Users/mac/masterAI/tarifit_asr_tfm/data/processed/segments/REC106/REC106_SEG0012_PART02.wav
REC106_SEG0013,REC106,SPK009,data/processed/segments/REC106/REC106_SEG0013.wav,11.952,maca war d as iwti ca weẓwar deg ixef nnes ad iqqim drus waha xmi dd ɣa tas řmeḥnet niɣ amarret di ṭṭweɛ n wawař ad innedref deɣya,/Users/mac/masterAI/tarifit_asr_tfm/data/processed/segments/REC106/REC106_SEG0013.wav
REC106_SEG0014_PART01,REC106,SPK009,data/processed/segments/REC106/REC106_SEG0014_PART01.wav,14.44,min ittwazarɛen jar isennanen aqa wa d wenni ittesřan awař maca amnus n řweqt a d uɣekkwi n wagřa ad jiyyfen awař uca netta war dd ittiwi ca řɣiǧet min ittwazarɛen,/Users/mac/masterAI/tarifit_asr_tfm/data/processed/segments/REC106/REC106_SEG0014_PART01.wav
REC106_SEG0014_PART02,REC106,SPK009,data/processed/segments/REC106/REC106_SEG0014_PART02.wav,14.44,di temmurt taṣebḥant aqa wa d wenni ittesřan awař uca ad t ifhem ad yarbu u ad dd yawi xenni řɣiǧet ijjen ad yařu mya n tseqqar wenneɣni settin uca wenneɣni třatin,/Users/mac/masterAI/tarifit_asr_tfm/data/processed/segments/REC106/REC106_SEG0014_PART02.wav
REC106_SEG0015,REC106,SPK009,data/processed/segments/REC106/REC106_SEG0015.wav,3.312,amedya n řḥayyar di řwest n yirden,/Users/mac/masterAI/tarifit_asr_tfm/data/processed/segments/REC106/REC106_SEG0015.wav
REC106_SEG0016,REC106,SPK009,data/processed/segments/REC106/REC106_SEG0016.wav,9.68,iwca asen ijj n umedya nneɣni inna tageldit n ijenwan am yijj n bnadem tuɣa izarreɛ zzariɛet taṣebḥant deg iyyar nnes,/Users/mac/masterAI/tarifit_asr_tfm/data/processed/segments/REC106/REC106_SEG0016.wav
REC106_SEG0017_PART01,REC106,SPK009,data/processed/segments/REC106/REC106_SEG0017_PART01.wav,12.504,ařami tuɣa iwdan ṭṭṣen yusa dd řeɛdu nnes izarɛ řḥayyar di řwesṭ n yirden uca yuyur ařami dd imɣar uɣemmuy uca yiwi dd řɣiǧet řexdenni iḍhar,/Users/mac/masterAI/tarifit_asr_tfm/data/processed/segments/REC106/REC106_SEG0017_PART01.wav
REC106_SEG0017_PART02,REC106,SPK009,data/processed/segments/REC106/REC106_SEG0017_PART02.wav,12.504,dd řḥayyar tanya xenni usin dd imsexxaren n bab n taddart nnan as a siditneɣ ma war tzarɛed ca zzariɛet taṣebḥant deg iyyar nnec,/Users/mac/masterAI/tarifit_asr_tfm/data/processed/segments/REC106/REC106_SEG0017_PART02.wav
REC106_SEG0018_PART01,REC106,SPK009,data/processed/segments/REC106/REC106_SEG0018_PART01.wav,12.392,manis i dd yusa řḥayyar a n inna asen aqa řeɛdu igga man aya nnan as imsexxaren ma texsed ad nraḥ ad t neyru maca netta inna lla,/Users/mac/masterAI/tarifit_asr_tfm/data/processed/segments/REC106/REC106_SEG0018_PART01.wav
REC106_SEG0018_PART02,REC106,SPK009,data/processed/segments/REC106/REC106_SEG0018_PART02.wav,12.392,ḥima xmi ɣa tyarrwem řḥayyar war kis tqeǧɛem uřa d irden ejj i ten ad mɣaren s tnayen ař tameyra di řweqt n tmeyra ad iniɣ i icuwaren,/Users/mac/masterAI/tarifit_asr_tfm/data/processed/segments/REC106/REC106_SEG0018_PART02.wav
REC106_SEG0019,REC106,SPK009,data/processed/segments/REC106/REC106_SEG0019.wav,9.488,yarwem amezwar řḥayyar ceddem t di tqebbiṭin ḥima ad ittwassecmeḍ maca irden yarwem t di řmarsi inu,/Users/mac/masterAI/tarifit_asr_tfm/data/processed/segments/REC106/REC106_SEG0019.wav
REC106_SEG0020,REC106,SPK009,data/processed/segments/REC106/REC106_SEG0020.wav,5.392,amedya n tḥebbuct n zzariɛet n uxerdel d umedya n wentun,/Users/mac/masterAI/tarifit_asr_tfm/data/processed/segments/REC106/REC106_SEG0020.wav
REC106_SEG0021_PART01,REC106,SPK009,data/processed/segments/REC106/REC106_SEG0021_PART01.wav,14.248,iwca asen ɛawed ijj n umedya nneɣni inna tageldit n ijenwan am yict n tḥebbuct n zzariɛet n uxerdel yiwyi tt i dd ijj n weryaz izarɛ i tt deg iyyar nnes waxxa nettat d tameẓyant qaɛ,/Users/mac/masterAI/tarifit_asr_tfm/data/processed/segments/REC106/REC106_SEG0021_PART01.wav
REC106_SEG0021_PART02,REC106,SPK009,data/processed/segments/REC106/REC106_SEG0021_PART02.wav,14.248,zi marra zzariɛet nneɣni xmi tmeqqar teddekkwař d tameqqrant zi marra tinni uca tdekkwař d tacejjart maḥend ad ɣares dd asen yijḍaḍ n ujenna uca ad ggen řeɛwacc nsen x řefruɛ nnes,/Users/mac/masterAI/tarifit_asr_tfm/data/processed/segments/REC106/REC106_SEG0021_PART02.wav
REC106_SEG0022,REC106,SPK009,data/processed/segments/REC106/REC106_SEG0022.wav,11.088,iwca asen ɛawed ijj n umedya nneɣni inna tageldit n ijenwan am wentun tiwyi t i dd ict n temɣart uca tessnuffar i t di třata n řemdud n waren,/Users/mac/masterAI/tarifit_asr_tfm/data/processed/segments/REC106/REC106_SEG0022.wav
REC106_SEG0023_PART01,REC106,SPK009,data/processed/segments/REC106/REC106_SEG0023_PART01.wav,11.48,ařami issmemm warecti qaɛ marra man aya issiweř zzayes yasuɛ i řɣaci s imettiřen uca břa amedya war kisen issiweř ca ḥi,/Users/mac/masterAI/tarifit_asr_tfm/data/processed/segments/REC106/REC106_SEG0023_PART01.wav
REC106_SEG0023_PART02,REC106,SPK009,data/processed/segments/REC106/REC106_SEG0023_PART02.wav,11.48,ima ad ittwakemmeř min xef issiweř unabi i innan ad arezmeɣ aqemmum inu s imedya ad barrḥeɣ s min innufaren zeg wami ittwagg dsas n ddunect,/Users/mac/masterAI/tarifit_asr_tfm/data/processed/segments/REC106/REC106_SEG0023_PART02.wav
REC106_SEG0024,REC106,SPK009,data/processed/segments/REC106/REC106_SEG0024.wav,4.4,afessar n umedya n řḥayyar di řwest n yirden,/Users/mac/masterAI/tarifit_asr_tfm/data/processed/segments/REC106/REC106_SEG0024.wav
REC106_SEG0025_PART01,REC106,SPK009,data/processed/segments/REC106/REC106_SEG0025_PART01.wav,14.152,řami ismeḥ yasuɛ di řɣaci ad uyuren iruḥ ɣar taddart usin dd ɣares imeḥḍaren nnes qqaren ini aneɣ min ixs ad yini umedya n řḥayyar d iyyar yarra dd inna asen,/Users/mac/masterAI/tarifit_asr_tfm/data/processed/segments/REC106/REC106_SEG0025_PART01.wav
REC106_SEG0025_PART02,REC106,SPK009,data/processed/segments/REC106/REC106_SEG0025_PART02.wav,14.152,wenni izarrɛen zzariɛet taṣebḥant netta d mmis n bnadem iyyar d ddunect uca zzariɛet taṣebḥant nettat d tarwa n tgeldit uca řḥayyar netta d tarwa n umɛeffan,/Users/mac/masterAI/tarifit_asr_tfm/data/processed/segments/REC106/REC106_SEG0025_PART02.wav
REC106_SEG0026,REC106,SPK009,data/processed/segments/REC106/REC106_SEG0026.wav,4.496,řeɛdu wenni t izarɛen aqa netta d cciṭan,/Users/mac/masterAI/tarifit_asr_tfm/data/processed/segments/REC106/REC106_SEG0026.wav
REC106_SEG0027_PART01,REC106,SPK009,data/processed/segments/REC106/REC106_SEG0027_PART01.wav,12.696,uca ṣṣabet aqa nettat d qeṭṭu n ddunect u inni imejjaren nitni d lmalakat am mammec ssmunen řḥayyar uca sscemḍen t s tmessi,/Users/mac/masterAI/tarifit_asr_tfm/data/processed/segments/REC106/REC106_SEG0027_PART01.wav
REC106_SEG0027_PART02,REC106,SPK009,data/processed/segments/REC106/REC106_SEG0027_PART02.wav,12.696,ammu i ɣa yiři ɣar qeṭṭu n ddunect a mmis n bnadem ad dd issekk lmalakat nnes ad ssḥeyydent zi tgeldit nnes qaɛ tiɛenkřifin d marra iɛeffanen,/Users/mac/masterAI/tarifit_asr_tfm/data/processed/segments/REC106/REC106_SEG0027_PART02.wav
REC106_SEG0028,REC106,SPK009,data/processed/segments/REC106/REC106_SEG0028.wav,17.04,ad ten nḍaren di řkuccet n tmessi mani ɣa yiřin imeṭṭawen d uɣezzi n teɣmas xenni imseggaden ad arɣen am tfuct di tgeldit n babatsen wenni ɣar iǧa imezzuɣen i useǧi ad iseř,/Users/mac/masterAI/tarifit_asr_tfm/data/processed/segments/REC106/REC106_SEG0028.wav
REC106_SEG0029,REC106,SPK009,data/processed/segments/REC106/REC106_SEG0029.wav,5.136,amedya n řkenz deg iyyar d umedya n tyaqut,/Users/mac/masterAI/tarifit_asr_tfm/data/processed/segments/REC106/REC106_SEG0029.wav
REC106_SEG0030_PART01,REC106,SPK009,data/processed/segments/REC106/REC106_SEG0030_PART01.wav,14.472,tageldit n ijenwan ɛawed am yijj n řkenz ittwassnuffaren deg iyyar yufa i t ijj n weryaz issnuffar i t uca di řefraḥet nnes yuyur izzenz qaɛ min iǧan ɣares uca,/Users/mac/masterAI/tarifit_asr_tfm/data/processed/segments/REC106/REC106_SEG0030_PART01.wav
REC106_SEG0030_PART02,REC106,SPK009,data/processed/segments/REC106/REC106_SEG0030_PART02.wav,14.472,isɣa iyyar nni tageldit n ijenwan ɛawed am yijj n usebbab i yarezzun tiyaqutin tiṣebḥanin řami yufa ict n tyaqut tiɣřa aṭṭas yuyur izzenz marra min tuɣa ɣares xenni isɣa i tt,/Users/mac/masterAI/tarifit_asr_tfm/data/processed/segments/REC106/REC106_SEG0030_PART02.wav
REC106_SEG0031,REC106,SPK009,data/processed/segments/REC106/REC106_SEG0031.wav,2.32,amedya n tracca n iseřman,/Users/mac/masterAI/tarifit_asr_tfm/data/processed/segments/REC106/REC106_SEG0031.wav
REC106_SEG0032_PART01,REC106,SPK009,data/processed/segments/REC106/REC106_SEG0032_PART01.wav,11.272,tageldit n ijenwan ɛawed am tracca mmenḍaren tt di řebḥar teyru ɛřam kuř asřem xmi teccur ssuffɣen tt i dd ibeḥriyyen ɣar tma n řebḥar,/Users/mac/masterAI/tarifit_asr_tfm/data/processed/segments/REC106/REC106_SEG0032_PART01.wav
REC106_SEG0032_PART02,REC106,SPK009,data/processed/segments/REC106/REC106_SEG0032_PART02.wav,11.272,uca add qqimen uca farzen zzayes min iṣebḥen di řeqcuɛ nsen maca min war iḥřin nḍaren t ammu i ɣa tiři di qeṭṭu n ddunect,/Users/mac/masterAI/tarifit_asr_tfm/data/processed/segments/REC106/REC106_SEG0032_PART02.wav
REC106_SEG0033,REC106,SPK009,data/processed/segments/REC106/REC106_SEG0033.wav,11.856,ad dd ffɣent lmalakat ad farnent iɛeffanen zi řwesṭ n imseggaden ad ten nḍarent di řkuccet n tmessi mani ɣa yiřin imeṭṭawen d uɣezzi n teɣmas,/Users/mac/masterAI/tarifit_asr_tfm/data/processed/segments/REC106/REC106_SEG0033.wav
REC106_SEG0034_PART01,REC106,SPK009,data/processed/segments/REC106/REC106_SEG0034_PART01.wav,10.648,inna asen yasuɛ ma tfehmem i marra man aya nnan as wah a siditneɣ xenni inna asen s uya kuř amseřmad n idlisen wen,/Users/mac/masterAI/tarifit_asr_tfm/data/processed/segments/REC106/REC106_SEG0034_PART01.wav
REC106_SEG0034_PART02,REC106,SPK009,data/processed/segments/REC106/REC106_SEG0034_PART02.wav,10.648,ni idweř d ameḥḍar n tgeldit n ijenwan aqa igga am yijj n bab n taddart issuffuɣ zi řkenz nnes min iǧan d jdid u min iǧan d aqdim,/Users/mac/masterAI/tarifit_asr_tfm/data/processed/segments/REC106/REC106_SEG0034_PART02.wav
REC106_SEG0035,REC106,SPK009,data/processed/segments/REC106/REC106_SEG0035.wav,4.624,anabi war ɣares bu ccan di tendint nnes,/Users/mac/masterAI/tarifit_asr_tfm/data/processed/segments/REC106/REC106_SEG0035.wav
REC106_SEG0036_PART01,REC106,SPK009,data/processed/segments/REC106/REC106_SEG0036_PART01.wav,10.552,řami ikemmeř yasuɛ imedya ya yuyur ssenni řami dd yusa ɣar temmurt nnes ikkar isseřmad i ten di te,/Users/mac/masterAI/tarifit_asr_tfm/data/processed/segments/REC106/REC106_SEG0036_PART01.wav
REC106_SEG0036_PART02,REC106,SPK009,data/processed/segments/REC106/REC106_SEG0036_PART02.wav,10.552,mzida nsen ařami qqimen tbehten nnan manis d as dd tekka tiɣit a d řeɛjayeb a ma war iǧi wa d mmis n unejjar,/Users/mac/masterAI/tarifit_asr_tfm/data/processed/segments/REC106/REC106_SEG0036_PART02.wav
REC106_SEG0037,REC106,SPK009,data/processed/segments/REC106/REC106_SEG0037.wav,8.304,ma war qqaren i yemmas maryam d aytmas ma war d asen qqaren yaɛqub d yasi d cimɛun d yahuda,/Users/mac/masterAI/tarifit_asr_tfm/data/processed/segments/REC106/REC106_SEG0037.wav
REC106_SEG0038,REC106,SPK009,data/processed/segments/REC106/REC106_SEG0038.wav,2.512,ma war ǧint suyetmas qaɛ ɣarneɣ,/Users/mac/masterAI/tarifit_asr_tfm/data/processed/segments/REC106/REC106_SEG0038.wav
REC106_SEG0039,REC106,SPK009,data/processed/segments/REC106/REC106_SEG0039.wav,18.48,manis d as dd ikka man aya marra uca nderfen zzayes maca yasuɛ inna asen anabi ɛemmarṣ war iǧi břa ccan mɣir di tendint nnes u di taddart nnes uca war iggi diha řeɛjayeb aṭṭas zi ssibbet n břa l iman nsen,/Users/mac/masterAI/tarifit_asr_tfm/data/processed/segments/REC106/REC106_SEG0039.wav
REC107_SEG0001,REC107,SPK009,data/processed/segments/REC107/REC107_SEG0001.wav,2.384,řmewt n yuḥanna amseɣḍaṣ,/Users/mac/masterAI/tarifit_asr_tfm/data/processed/segments/REC107/REC107_SEG0001.wav
REC107_SEG0002_PART01,REC107,SPK009,data/processed/segments/REC107/REC107_SEG0002_PART01.wav,13.908,di řweqt nni isřa hirudus řḥakem x ijj n arbaɛ n temmurt řexbar x yasuɛ inna i yimsexxaren nnes wanita d yuḥanna amseɣḍaṣ aqa ittwassnekkar dd zi taddart n imettinen,/Users/mac/masterAI/tarifit_asr_tfm/data/processed/segments/REC107/REC107_SEG0002_PART01.wav
REC107_SEG0002_PART02,REC107,SPK009,data/processed/segments/REC107/REC107_SEG0002_PART02.wav,13.908,s uyenni xedmment dayes řeɛjayeb nni minzi hirudus tuɣa iṭṭef yuḥanna icarf i t igga i t di řeḥbes zi ssibbet n hirudiyya tenni d tamɣart n filippus,/Users/mac/masterAI/tarifit_asr_tfm/data/processed/segments/REC107/REC107_SEG0002_PART02.wav
REC107_SEG0003,REC107,SPK009,data/processed/segments/REC107/REC107_SEG0003.wav,17.0,wenni d umas n hirudus minzi yuḥanna tuɣa iqqar as war ɣarek bu ttesriḥ aqa tiwyed tt d tamɣart nnec s uya tuɣa ixs ad t ineɣ maca tuɣa iggʷed zi řɣaci minzi nitni ḥesben t d anabi,/Users/mac/masterAI/tarifit_asr_tfm/data/processed/segments/REC107/REC107_SEG0003.wav
REC107_SEG0004,REC107,SPK009,data/processed/segments/REC107/REC107_SEG0004.wav,16.016,maca řami dd yiweḍ wass n wexřaq n hirudus tecḍeḥ yeǧis n hirudiyya zzat i inewjiwen i dinni iqqimen uca teɛjeb as i hirudus s uyenni inna as s ict n tjaǧit ad as iwc marra min i ɣa tettar,/Users/mac/masterAI/tarifit_asr_tfm/data/processed/segments/REC107/REC107_SEG0004.wav
REC107_SEG0005_PART01,REC107,SPK009,data/processed/segments/REC107/REC107_SEG0005_PART01.wav,11.464,uca nettat am tt tuɣa tettwaɛarren zeg yemmas tenna ewc ayi da x ṭṭebṣi azeǧif n yuḥanna amseɣḍaṣ icḍen ujeǧid maca umi tuɣa ij,/Users/mac/masterAI/tarifit_asr_tfm/data/processed/segments/REC107/REC107_SEG0005_PART01.wav
REC107_SEG0005_PART02,REC107,SPK009,data/processed/segments/REC107/REC107_SEG0005_PART02.wav,11.464,juǧ u x ssibbet n yinni akides iqqimen yumur ad as immewc uzeǧif issekk ḥed ɣares ḥima ad iqess azeǧif i yuḥanna di řeḥbes,/Users/mac/masterAI/tarifit_asr_tfm/data/processed/segments/REC107/REC107_SEG0005_PART02.wav
REC107_SEG0006,REC107,SPK009,data/processed/segments/REC107/REC107_SEG0006.wav,13.68,iwyen dd azeǧif nnes di ṭṭebṣi immewc as i tḥenjirt uca nettat tiwyi t i yemmas usin dd imeḥḍaren nnes ksin řxecbet neḍřen tt řexdenni ruḥen xebbaren yasuɛ,/Users/mac/masterAI/tarifit_asr_tfm/data/processed/segments/REC107/REC107_SEG0006.wav
REC107_SEG0007,REC107,SPK009,data/processed/segments/REC107/REC107_SEG0007.wav,5.392,lmuɛjiza n usecci amezwaru,/Users/mac/masterAI/tarifit_asr_tfm/data/processed/segments/REC107/REC107_SEG0007.wav
REC107_SEG0008_PART01,REC107,SPK009,data/processed/segments/REC107/REC107_SEG0008_PART01.wav,11.0,řami isřa yasuɛ man aya iffeɣ ssenni deg uɣarrabu ɣar ijj n wemcan ixřan tuɣa t din weḥḥdes isřa řɣaci x man aya uca ḍfaren,/Users/mac/masterAI/tarifit_asr_tfm/data/processed/segments/REC107/REC107_SEG0008_PART01.wav
REC107_SEG0008_PART02,REC107,SPK009,data/processed/segments/REC107/REC107_SEG0008_PART02.wav,11.0,t x temmurt zi tneddam umi dd iffeɣ yasuɛ zi tɣarrabut iẓra aṭṭas n řɣaci uca iḥinn xasen issgenfa imehřac nsen,/Users/mac/masterAI/tarifit_asr_tfm/data/processed/segments/REC107/REC107_SEG0008_PART02.wav
REC107_SEG0009,REC107,SPK009,data/processed/segments/REC107/REC107_SEG0009.wav,14.96,řami dd tiweḍ tmeddit usin dd ɣares imeḥḍaren nnes nnan aqa amcan a ixřa u řweqt teɛdu zeɛma sqebbeḍ řɣaci ḥima ad uyuren ɣar ředcur ad sɣen min ɣa ccen i yixef nsen,/Users/mac/masterAI/tarifit_asr_tfm/data/processed/segments/REC107/REC107_SEG0009.wav
REC107_SEG0010_PART01,REC107,SPK009,data/processed/segments/REC107/REC107_SEG0010_PART01.wav,10.616,inna asen nhřa ma ruḥen wcem asen kenniw min ɣa ccen nnan as war da walu mɣir xemsa n tecnifin d tnayen n iseřman,/Users/mac/masterAI/tarifit_asr_tfm/data/processed/segments/REC107/REC107_SEG0010_PART01.wav
REC107_SEG0010_PART02,REC107,SPK009,data/processed/segments/REC107/REC107_SEG0010_PART02.wav,10.616,inna awyem ten dd da ɣari xenni yumur řɣaci ad qqimen x arbiɛ xenni iṭṭef xemsa n tecnifin d tnayen nni n iseřman,/Users/mac/masterAI/tarifit_asr_tfm/data/processed/segments/REC107/REC107_SEG0010_PART02.wav
REC107_SEG0011_PART01,REC107,SPK009,data/processed/segments/REC107/REC107_SEG0011_PART01.wav,11.672,ixzar ɣar ujenna ibarek yarẓa i tent uca iwca ticnifin nni i imeḥḍaren u imeḥḍaren wcin tent i řɣaci marra ccin jjiwnen,/Users/mac/masterAI/tarifit_asr_tfm/data/processed/segments/REC107/REC107_SEG0011_PART01.wav
REC107_SEG0011_PART02,REC107,SPK009,data/processed/segments/REC107/REC107_SEG0011_PART02.wav,11.672,řexdenni ksin iřeqqwaz iceṭṭen tuɣa din tenɛac n tsuǧatin ɛemmarent inni ccin tuɣa aten di xemsa ařef n yeryazen břa timɣarin d iḥenjiren,/Users/mac/masterAI/tarifit_asr_tfm/data/processed/segments/REC107/REC107_SEG0011_PART02.wav
REC107_SEG0012,REC107,SPK009,data/processed/segments/REC107/REC107_SEG0012.wav,11.024,yasuɛ iggur x waman n řebḥar deɣya iziyyar yasuɛ imeḥḍaren nnes ad nyen di tɣarrabut uca ad as izwaren ɣar ujemmaḍ,/Users/mac/masterAI/tarifit_asr_tfm/data/processed/segments/REC107/REC107_SEG0012.wav
REC107_SEG0013_PART01,REC107,SPK009,data/processed/segments/REC107/REC107_SEG0013_PART01.wav,14.552,am issqebbeḍ netta řɣaci awarni řami issqebbeḍ řɣaci igeɛɛed ɣar wedrar weḥḥdes ḥima ad iẓẓaǧ řami dd tiweḍ tmeddit tuɣa iqqim din weḥḥdes aɣarrabu tuɣa tiggʷej x temmurt,/Users/mac/masterAI/tarifit_asr_tfm/data/processed/segments/REC107/REC107_SEG0013_PART01.wav
REC107_SEG0013_PART02,REC107,SPK009,data/processed/segments/REC107/REC107_SEG0013_PART02.wav,14.552,kilumiter uca tettwaɛarn zi ssa ɣar diha s řemwaj minzi asemmiḍ yusa asen dd deg wudem maca deg ḥeṭṭu wiss arebɛa n ǧiřet yusa dd ɣarsen yasuɛ am iggur x waman n řebḥar,/Users/mac/masterAI/tarifit_asr_tfm/data/processed/segments/REC107/REC107_SEG0013_PART02.wav
REC107_SEG0014,REC107,SPK009,data/processed/segments/REC107/REC107_SEG0014.wav,4.944,umi t ẓrin imeḥḍaren iggur x waman n řebḥar nnxeřɛen nnan,/Users/mac/masterAI/tarifit_asr_tfm/data/processed/segments/REC107/REC107_SEG0014.wav
REC107_SEG0015_PART01,REC107,SPK009,data/processed/segments/REC107/REC107_SEG0015_PART01.wav,13.78,wa d řewḥiy aɣeddar uca sɣuyen zi tiggʷudi deɣya issiweř dd ɣarsen yasuɛ inna ggem uř aqa d necc war tteggʷedem ca buṭrus yarra dd xas inna,/Users/mac/masterAI/tarifit_asr_tfm/data/processed/segments/REC107/REC107_SEG0015_PART01.wav
REC107_SEG0015_PART02,REC107,SPK009,data/processed/segments/REC107/REC107_SEG0015_PART02.wav,13.78,a sidi mařa d cek weṣṣa ayi ad ɣarek dd aseɣ x waman inna as as dd ihwa dd buṭrus zeg uɣarrabu yuyur x waman ḥima ad dd yaweḍ ɣar yasuɛ,/Users/mac/masterAI/tarifit_asr_tfm/data/processed/segments/REC107/REC107_SEG0015_PART02.wav
REC107_SEG0016,REC107,SPK009,data/processed/segments/REC107/REC107_SEG0016.wav,10.152,maca umi iẓra asemmiḍ ijhed teřqef i t tiggʷudi uca am ibda iɣarreq iřaɣa inna a sidi senjem ayi,/Users/mac/masterAI/tarifit_asr_tfm/data/processed/segments/REC107/REC107_SEG0016.wav
REC107_SEG0017_PART01,REC107,SPK009,data/processed/segments/REC107/REC107_SEG0017_PART01.wav,10.248,yasuɛ isswiẓẓeḍ siditneɣ afus nnes iṭṭef dayes inna as a cek wenni di iǧa drus n l iman mayemmi dayek yudef ccek awarni,/Users/mac/masterAI/tarifit_asr_tfm/data/processed/segments/REC107/REC107_SEG0017_PART01.wav
REC107_SEG0017_PART02,REC107,SPK009,data/processed/segments/REC107/REC107_SEG0017_PART02.wav,10.248,řami nyin deg uɣarrabu yarsa usemmiḍ inni iǧan deg uɣarrabu usin dd ɣares sejden as nnan s tidett cek d mmis n arebbi,/Users/mac/masterAI/tarifit_asr_tfm/data/processed/segments/REC107/REC107_SEG0017_PART02.wav
REC107_SEG0019_PART01,REC107,SPK009,data/processed/segments/REC107/REC107_SEG0019_PART01.wav,11.913,awarni řami ẓwan řebḥar iwḍen ɣar temmurt n jinnisaret řami t ɛeqřen yeryazen n temmurt nni ssuffɣen řexbar di marra dcurat i d as dd innḍen iwyen dd ɣares,/Users/mac/masterAI/tarifit_asr_tfm/data/processed/segments/REC107/REC107_SEG0019_PART01.wav
REC107_SEG0019_PART02,REC107,SPK009,data/processed/segments/REC107/REC107_SEG0019_PART02.wav,11.913,marra inni tuɣa iheřcen aṭṭas uca ttaren zzayes ad ten yejj ad ḥadan mɣir abeḥřuř n ujeǧab nnes u marra inni t iḥadan dewřen ggenfan,/Users/mac/masterAI/tarifit_asr_tfm/data/processed/segments/REC107/REC107_SEG0019_PART02.wav
REC108_SEG0001,REC108,SPK009,data/processed/segments/REC108/REC108_SEG0001.wav,4.24,ccariɛa n arebbi war tettis ak d tɣuri d tweṣṣa n iwdan,/Users/mac/masterAI/tarifit_asr_tfm/data/processed/segments/REC108/REC108_SEG0001.wav
REC108_SEG0002_PART01,REC108,SPK009,data/processed/segments/REC108/REC108_SEG0002_PART01.wav,12.632,řexdenni usin dd imseřmaden n idlisen d ifarisiyyen zi urcalim ɣar yasuɛ nnan mayemmi ttɛeddan imeḥḍaren nnec x tubbart n imɣaren nneɣ,/Users/mac/masterAI/tarifit_asr_tfm/data/processed/segments/REC108/REC108_SEG0002_PART01.wav
REC108_SEG0002_PART02,REC108,SPK009,data/processed/segments/REC108/REC108_SEG0002_PART02.wav,12.632,nitni war ssiriden ca ifassen nsen qbeř i ɣa ccen aɣrum yarra dd yasuɛ inna asen mayemmi kenniw ɛawed tettɛeddam x tewṣeyyet n arebbi zi ssibbet n tubbart nwem,/Users/mac/masterAI/tarifit_asr_tfm/data/processed/segments/REC108/REC108_SEG0002_PART02.wav
REC108_SEG0003,REC108,SPK009,data/processed/segments/REC108/REC108_SEG0003.wav,10.288,minzi arebbi tuɣa inna weqqar babac d yemmac u wenni i ɣa ineɛren x babas niɣ yemmas ittxeṣṣa as ad immet,/Users/mac/masterAI/tarifit_asr_tfm/data/processed/segments/REC108/REC108_SEG0003.wav
REC108_SEG0004,REC108,SPK009,data/processed/segments/REC108/REC108_SEG0004.wav,17.424,maca kenniw teqqarem marra wi ɣa yinin i babas niɣ i yemmas marra min tzemmarem ad zzayi tnefɛem aqa ggiɣ t d tawhibt i arebbi aqa netta war iḥdij ɛad ad iweqqar babas niɣ yemmas s marra man aya,/Users/mac/masterAI/tarifit_asr_tfm/data/processed/segments/REC108/REC108_SEG0004.wav
REC108_SEG0005_PART01,REC108,SPK009,data/processed/segments/REC108/REC108_SEG0005_PART01.wav,12.456,ammu tbeṭṭřem awař n arebbi di ṭṭweɛ n tubbart nwem kenniw a imnafqen icaɛya tuɣa ittnabba xawem s ṣṣeḥ inna řgens a ittcenneɛ ayi s iyenc,/Users/mac/masterAI/tarifit_asr_tfm/data/processed/segments/REC108/REC108_SEG0005_PART01.wav
REC108_SEG0005_PART02,REC108,SPK009,data/processed/segments/REC108/REC108_SEG0005_PART02.wav,12.456,icen nsen maca uř nsen iggʷej xafi aqa nitni cennɛen ayi baṭeř minzi nitni sseřmaden tiɣuriwin nni iǧan d tiweṣṣa n iwdan,/Users/mac/masterAI/tarifit_asr_tfm/data/processed/segments/REC108/REC108_SEG0005_PART02.wav
REC108_SEG0006,REC108,SPK009,data/processed/segments/REC108/REC108_SEG0006.wav,14.416,řami d iřaɣa dd x řɣaci ɣares inna asen sřem mliḥ fehmem war iǧi min ittadfen deg uqemmum issexmej bnadem maca min i dd itteffɣen zeg uqemmum d man aya i issexmajen bnadem,/Users/mac/masterAI/tarifit_asr_tfm/data/processed/segments/REC108/REC108_SEG0006.wav
REC108_SEG0007,REC108,SPK009,data/processed/segments/REC108/REC108_SEG0007.wav,15.696,denni usin dd ɣares imeḥḍaren nnes nnan as ma tessned belli ifarisiyyen nderfen di man aya řami t sřin maca netta yarra dd inna asen kuř aɣeddu war t iẓẓu baba wenni iǧan deg ijenna ad ittwaqřeɛ,/Users/mac/masterAI/tarifit_asr_tfm/data/processed/segments/REC108/REC108_SEG0007.wav
REC108_SEG0008,REC108,SPK009,data/processed/segments/REC108/REC108_SEG0008.wav,9.744,ejj i ten nitni d idarɣařen neddhen idarɣařen mařa adarɣař ineddeh adarɣař ad wḍan s tnayen idsen deg weḥfur,/Users/mac/masterAI/tarifit_asr_tfm/data/processed/segments/REC108/REC108_SEG0008.wav
REC108_SEG0009_PART01,REC108,SPK009,data/processed/segments/REC108/REC108_SEG0009_PART01.wav,11.144,yarra dd cimɛun buṭrus inna as a sidi fessar aneɣ amedya ya maca yasuɛ inna asen ma kenniw ɛad břa řefhamet ař řexxu ma war tefhimem ca be,/Users/mac/masterAI/tarifit_asr_tfm/data/processed/segments/REC108/REC108_SEG0009_PART01.wav
REC108_SEG0009_PART02,REC108,SPK009,data/processed/segments/REC108/REC108_SEG0009_PART02.wav,11.144,lli marra min ɣa yadfen deg uqemmum ad iraḥ ɣar uɛeddis uca ssenni ad ittwassuffeɣ barra i usizdeg maca min i dd itteffɣen zeg uqemmum ittas dd zeg wuř,/Users/mac/masterAI/tarifit_asr_tfm/data/processed/segments/REC108/REC108_SEG0009_PART02.wav
REC108_SEG0010_PART01,REC108,SPK009,data/processed/segments/REC108/REC108_SEG0010_PART01.wav,12.152,arq ccɣeř tuceffra cchadat s ẓur d uceqqef aqa d man aya min issxemmajen bnadem maca macca s ifassen war issirden war tessxemmij ca bnadem,/Users/mac/masterAI/tarifit_asr_tfm/data/processed/segments/REC108/REC108_SEG0010_PART01.wav
REC108_SEG0010_PART02,REC108,SPK009,data/processed/segments/REC108/REC108_SEG0010_PART02.wav,12.152,qa d man aya i issxemmajen bnadem minzi zeg wuř n iwdan i dd tteffɣen ixarriṣen iɛeffanen zzina anɣay f,/Users/mac/masterAI/tarifit_asr_tfm/data/processed/segments/REC108/REC108_SEG0010_PART02.wav
REC108_SEG0011,REC108,SPK009,data/processed/segments/REC108/REC108_SEG0011.wav,2.864,l iman n temɣart zeg ayt n kenɛan,/Users/mac/masterAI/tarifit_asr_tfm/data/processed/segments/REC108/REC108_SEG0011.wav
REC108_SEG0012,REC108,SPK009,data/processed/segments/REC108/REC108_SEG0012.wav,14.512,řexdenni iffeɣ dd yasuɛ ssenni iruḥ ɣar jjwayeh n ṣur d ṣaydun u xzar ict n temɣart zeg ayt n kenɛan zi tammurt nni tesɣuy tenna a sidi a mmis n dawud arḥem ayi,/Users/mac/masterAI/tarifit_asr_tfm/data/processed/segments/REC108/REC108_SEG0012.wav
REC108_SEG0013_PART01,REC108,SPK009,data/processed/segments/REC108/REC108_SEG0013_PART01.wav,13.832,yeǧi aqa dayes cciṭan issnexřaɛen maca netta war xas dd yarri ca uřa s yijj n wawař usin dd ɣares imeḥḍaren nnes ttaren zzayes nnan aẓẓeř xas minzi nettat teḍfar aneɣ dd,/Users/mac/masterAI/tarifit_asr_tfm/data/processed/segments/REC108/REC108_SEG0013_PART01.wav
REC108_SEG0013_PART02,REC108,SPK009,data/processed/segments/REC108/REC108_SEG0013_PART02.wav,13.832,s iɣuyyan netta yarra dd inna asen necc ttwassekkeɣ dd ɣar wuǧi iweddaren n taddart n israil waha maca nettat tusa dd tesjed as tenna a sidi ɛawen ayi,/Users/mac/masterAI/tarifit_asr_tfm/data/processed/segments/REC108/REC108_SEG0013_PART02.wav
REC108_SEG0014_PART01,REC108,SPK009,data/processed/segments/REC108/REC108_SEG0014_PART01.wav,13.688,maca netta yarra dd inna war iɛeddeř ad immeksi weɣrum n iḥenjiren maḥend ad immenḍar i yiṭan maca nettat tenna wah a sidi maɣar uřa d iṭan ttetten iřeqqwaz i dd iweṭṭan,/Users/mac/masterAI/tarifit_asr_tfm/data/processed/segments/REC108/REC108_SEG0014_PART01.wav
REC108_SEG0014_PART02,REC108,SPK009,data/processed/segments/REC108/REC108_SEG0014_PART02.wav,13.688,zi ṭṭabřa n siditsen uca ttɣiman ddaren řexdenni inna as yasuɛ a tamɣart l iman nnem imɣar ad yiři am mammec řxaḍar nnem uca yeǧis teggenfa di tsaɛɛet nni,/Users/mac/masterAI/tarifit_asr_tfm/data/processed/segments/REC108/REC108_SEG0014_PART02.wav
REC108_SEG0016_PART01,REC108,SPK009,data/processed/segments/REC108/REC108_SEG0016_PART01.wav,14.228,uca yuyur yasuɛ ssenni yiweḍ dd ɣar tma n řebḥar n ljalil igeɛɛed ɣar wedrar iqqim dinni yusa dd ɣares ijj n ubarru ameqqran n řɣaci iwyen dd akidsen ineɛ,/Users/mac/masterAI/tarifit_asr_tfm/data/processed/segments/REC108/REC108_SEG0016_PART01.wav
REC108_SEG0016_PART02,REC108,SPK009,data/processed/segments/REC108/REC108_SEG0016_PART02.wav,14.228,ḍaben d idarɣařen d ignawen d iqejdaḥen d inneɣni aṭṭas ssarsen ten ɣar iḍaren n yasuɛ uca issgenfa ten ařami itebhet řɣaci aqa ẓrin ignawen ssawařen,/Users/mac/masterAI/tarifit_asr_tfm/data/processed/segments/REC108/REC108_SEG0016_PART02.wav
REC108_SEG0017,REC108,SPK009,data/processed/segments/REC108/REC108_SEG0017.wav,8.296,iqejdaḥen ggenfan ineɛḍaben gguren idarɣařen ttwařan uca ssɛuǧen arebbi n israil,/Users/mac/masterAI/tarifit_asr_tfm/data/processed/segments/REC108/REC108_SEG0017.wav
REC108_SEG0018,REC108,SPK009,data/processed/segments/REC108/REC108_SEG0018.wav,5.584,lmuɛjiza n usecci i twařa wiss tnayen kta n arebɛa ařaf n yaryazen,/Users/mac/masterAI/tarifit_asr_tfm/data/processed/segments/REC108/REC108_SEG0018.wav
REC108_SEG0019,REC108,SPK009,data/processed/segments/REC108/REC108_SEG0019.wav,6.928,yasuɛ iřaɣa dd x imeḥḍaren nnes inna asen ḥinneɣ x řɣaci minzi qqimen akidi třata n wussan,/Users/mac/masterAI/tarifit_asr_tfm/data/processed/segments/REC108/REC108_SEG0019.wav
REC108_SEG0020_PART01,REC108,SPK009,data/processed/segments/REC108/REC108_SEG0020_PART01.wav,12.524,war ɣarsen min ɣa ccen war xseɣ ca ad ten ssqebbḍeɣ ttẓuman ḥima war tteḍɛifen ca deg webrid nnan as imeḥḍaren nnes manis d ɣa nawi aɣr,/Users/mac/masterAI/tarifit_asr_tfm/data/processed/segments/REC108/REC108_SEG0020_PART01.wav
REC108_SEG0020_PART02,REC108,SPK009,data/processed/segments/REC108/REC108_SEG0020_PART02.wav,12.524,um di řexřa ya i zi ɣa nessecc ijj n řɣaci d ameqqran am wanita inna asen yasuɛ mecḥař ɣarwem d aɣrum nnan as sebɛa n tecnifin d ca n iseřman imeẓyanen,/Users/mac/masterAI/tarifit_asr_tfm/data/processed/segments/REC108/REC108_SEG0020_PART02.wav
REC108_SEG0021,REC108,SPK009,data/processed/segments/REC108/REC108_SEG0021.wav,12.824,xenni yumur řɣaci ḥima ad qqimen di temmurt iksi sebɛa n tecnifin d iseřman nni iqada yarẓa i tent uca iwca i tent i imeḥḍaren nnes uca imeḥḍaren wcin tent i iwdan,/Users/mac/masterAI/tarifit_asr_tfm/data/processed/segments/REC108/REC108_SEG0021.wav
REC108_SEG0022_PART01,REC108,SPK009,data/processed/segments/REC108/REC108_SEG0022_PART01.wav,11.288,marra ccin jjiwnen xenni yarwen dd iřeqqwaz iceṭṭen tuɣa din sebɛa n tsuǧatin ɛemmarent inni tuɣa iccen aqa aten di arebɛa ařaf,/Users/mac/masterAI/tarifit_asr_tfm/data/processed/segments/REC108/REC108_SEG0022_PART01.wav
REC108_SEG0022_PART02,REC108,SPK009,data/processed/segments/REC108/REC108_SEG0022_PART02.wav,11.288,n yeryazen břa timɣarin d iḥenjiren awarni řami issqebbeḍ řɣaci,/Users/mac/masterAI/tarifit_asr_tfm/data/processed/segments/REC108/REC108_SEG0022_PART02.wav
REC109_SEG0001,REC109,SPK009,data/processed/segments/REC109/REC109_SEG0001.wav,2.8,ifarisiyyen ttaren ict n řeɛřamet,/Users/mac/masterAI/tarifit_asr_tfm/data/processed/segments/REC109/REC109_SEG0001.wav
REC109_SEG0002,REC109,SPK009,data/processed/segments/REC109/REC109_SEG0002.wav,9.04,usin dd ɣares ifarisiyyen d iṣaduqiyyen sseqsan t ḥima ad t jarrben ma ad asen isscen ca n řeɛřamet zeg ujenna,/Users/mac/masterAI/tarifit_asr_tfm/data/processed/segments/REC109/REC109_SEG0002.wav
REC109_SEG0003_PART01,REC109,SPK009,data/processed/segments/REC109/REC109_SEG0003_PART01.wav,13.64,maca netta yarra dd inna asen ɣar tmeddit ad tinim aqa řḥař iffeɣ minzi ajenna d azeggʷaɣ u ɣar řefjar ad tinim aqa ass a ad isuḍ usemmiḍ minzi ajenna d azeg,/Users/mac/masterAI/tarifit_asr_tfm/data/processed/segments/REC109/REC109_SEG0003_PART01.wav
REC109_SEG0003_PART02,REC109,SPK009,data/processed/segments/REC109/REC109_SEG0003_PART02.wav,13.64,ggʷaɣ ař abarcan a imnafqen kenniw tessnem ad tfarzem udem n ujenna maca řeɛřamat n zzman a war tzemmarem ad tent tfarzem jjiř aɛeffan izennan yarezzu ict n řeɛřamet,/Users/mac/masterAI/tarifit_asr_tfm/data/processed/segments/REC109/REC109_SEG0003_PART02.wav
REC109_SEG0004,REC109,SPK009,data/processed/segments/REC109/REC109_SEG0004.wav,7.76,maca war d as ittmewci uřa d ict n řeɛřamet mɣir řeɛřamet n yunus anabi xenni ijja i ten iruḥ,/Users/mac/masterAI/tarifit_asr_tfm/data/processed/segments/REC109/REC109_SEG0004.wav
REC109_SEG0005,REC109,SPK009,data/processed/segments/REC109/REC109_SEG0005.wav,2.768,antun n ifarisiyyen d isaḍuqiyyen,/Users/mac/masterAI/tarifit_asr_tfm/data/processed/segments/REC109/REC109_SEG0005.wav
REC109_SEG0006,REC109,SPK009,data/processed/segments/REC109/REC109_SEG0006.wav,18.128,řami dd iwḍen imeḥḍaren nnes ɣar ujemmaḍ n řebḥar ttun ad kisen dd awyen aɣrum inna asen yasuɛ ḥḍam ixef nwem zeg wentun n ifarisiyyen d iṣaduqiyyen nitni mcawaren jar asen x man aya nnan aqa inna man aya minzi war d niwi ca aɣrum,/Users/mac/masterAI/tarifit_asr_tfm/data/processed/segments/REC109/REC109_SEG0006.wav
REC109_SEG0007,REC109,SPK009,data/processed/segments/REC109/REC109_SEG0007.wav,14.544,yasuɛ am tuɣa issen man aya inna asen a kenniw i di iǧa drus n l iman mayemmi temcawarem jar awem aqa man aya iǧa umi war dd tiwyem aɣrum ma ɛad war tefhimem ca,/Users/mac/masterAI/tarifit_asr_tfm/data/processed/segments/REC109/REC109_SEG0007.wav
REC109_SEG0008,REC109,SPK009,data/processed/segments/REC109/REC109_SEG0008.wav,7.376,ma war teɛqiřem ca x xemsa n iřeqqwaz n weɣrum i xemsa ařaf u mecḥař n tsuǧatin i tyarwem,/Users/mac/masterAI/tarifit_asr_tfm/data/processed/segments/REC109/REC109_SEG0008.wav
REC109_SEG0009_PART01,REC109,SPK009,data/processed/segments/REC109/REC109_SEG0009_PART01.wav,12.552,niɣ x sebɛa n iřeqqwaz n weɣrum i arebɛa ařaf u mecḥař n tsuǧatin i tyarwem ma ɛad war tefhimen ca belli necc war kiwem ssiwřeɣ ca x weɣrum umi d awem nniɣ,/Users/mac/masterAI/tarifit_asr_tfm/data/processed/segments/REC109/REC109_SEG0009_PART01.wav
REC109_SEG0009_PART02,REC109,SPK009,data/processed/segments/REC109/REC109_SEG0009_PART02.wav,12.552,ḥḍam ixef nwem zeg wentun n ifarisiyyen d iṣaduqiyyen ssenni fehmen aqa netta war d asen inni maḥend ad ḥḍan ixef nsen zeg wentun n weɣrum maca zi tɣuri n ifarisiyyen d iṣaduqiyyen,/Users/mac/masterAI/tarifit_asr_tfm/data/processed/segments/REC109/REC109_SEG0009_PART02.wav
REC109_SEG0010,REC109,SPK009,data/processed/segments/REC109/REC109_SEG0010.wav,2.864,lmasiḥ d mmis n arebbi iddaren,/Users/mac/masterAI/tarifit_asr_tfm/data/processed/segments/REC109/REC109_SEG0010.wav
REC109_SEG0011,REC109,SPK009,data/processed/segments/REC109/REC109_SEG0011.wav,13.776,řami dd yiweḍ yasuɛ ɣar temmurt n qayṣariya filippus isseqsa imeḥḍaren nnes min ɛniɣ necc mmis n bnadem ɛlaḥsab min qqaren iwdan nnan as ca qqaren d yuḥanna amseɣḍaṣ,/Users/mac/masterAI/tarifit_asr_tfm/data/processed/segments/REC109/REC109_SEG0011.wav
REC109_SEG0012,REC109,SPK009,data/processed/segments/REC109/REC109_SEG0012.wav,4.72,u wenneɣni d iliya u wenneɣni ɛawed d irmiya,/Users/mac/masterAI/tarifit_asr_tfm/data/processed/segments/REC109/REC109_SEG0012.wav
REC109_SEG0013_PART01,REC109,SPK009,data/processed/segments/REC109/REC109_SEG0013_PART01.wav,13.096,niɣ d ijjen zeg inabiyyen inna asen maca kenniw min xafi teqqarem yarra dd xas cimɛun buṭrus inna cek d lmasiḥ mmis n arebbi iddaren yarra dd xas yasuɛ,/Users/mac/masterAI/tarifit_asr_tfm/data/processed/segments/REC109/REC109_SEG0013_PART01.wav
REC109_SEG0013_PART02,REC109,SPK009,data/processed/segments/REC109/REC109_SEG0013_PART02.wav,13.096,inna as sseɛd nnec a cimɛun mmis n yuna minzi war iǧi d aysum niɣ d idammen i d ac imřen man aya maca d baba i iǧan deg ijenwan necc ad ac iniɣ,/Users/mac/masterAI/tarifit_asr_tfm/data/processed/segments/REC109/REC109_SEG0013_PART02.wav
REC109_SEG0014,REC109,SPK009,data/processed/segments/REC109/REC109_SEG0014.wav,7.888,aqa cek d buṭrus d tasḍat n weẓru u x tasḍarta ya ad bniɣ tamesmunt inu i yenni daytiqqan,/Users/mac/masterAI/tarifit_asr_tfm/data/processed/segments/REC109/REC109_SEG0014.wav
REC109_SEG0015_PART01,REC109,SPK009,data/processed/segments/REC109/REC109_SEG0015_PART01.wav,12.216,uca tiwwura n řaxart war d as zemmarent d necc ad ac wceɣ tisarutin n tgeldit n ijenwan u marra min ɣa tcedded di temmurt ad yiři icedd deg,/Users/mac/masterAI/tarifit_asr_tfm/data/processed/segments/REC109/REC109_SEG0015_PART01.wav
REC109_SEG0015_PART02,REC109,SPK009,data/processed/segments/REC109/REC109_SEG0015_PART02.wav,12.216,ijenwan u marra min ɣa tfesyed di temmurt ad yiři ifsi deg ijenwan řexdenni yumur imeḥḍaren nnes ḥima war xebbaren ḥed belli netta d lmasiḥ,/Users/mac/masterAI/tarifit_asr_tfm/data/processed/segments/REC109/REC109_SEG0015_PART02.wav
REC109_SEG0016,REC109,SPK009,data/processed/segments/REC109/REC109_SEG0016.wav,4.848,yasuɛ izwar issawař x řmewt d tnukra nnes i twařa tamezwarut,/Users/mac/masterAI/tarifit_asr_tfm/data/processed/segments/REC109/REC109_SEG0016.wav
REC109_SEG0017,REC109,SPK009,data/processed/segments/REC109/REC109_SEG0017.wav,17.84,ssenni ibda yasuɛ ad isscen i imeḥḍaren nnes belli ittxeṣṣa as ad iraḥ ɣar urcalim ad iweddeb aṭṭas zeg imɣaren n řgens u zeg imeqqranen n ikehhanen d imseřmaden n idlisen ad ittwaneɣ uca ad dd ittwassnekkar ɛawed deg wass wiss třata,/Users/mac/masterAI/tarifit_asr_tfm/data/processed/segments/REC109/REC109_SEG0017.wav
REC109_SEG0018_PART01,REC109,SPK009,data/processed/segments/REC109/REC109_SEG0018_PART01.wav,11.272,maca buṭrus yiwyi t weḥḥdes ibda ittwebbex i t inna war ittiři a sidi man aya war d ac ittemsar ɛemmarṣ maca netta inneqřeb,/Users/mac/masterAI/tarifit_asr_tfm/data/processed/segments/REC109/REC109_SEG0018_PART01.wav
REC109_SEG0018_PART02,REC109,SPK009,data/processed/segments/REC109/REC109_SEG0018_PART02.wav,11.272,inna i buṭrus ffeɣ xafi a cciṭan cek d ict n tɛenkrift i necc minzi war cek icqi min iǧan n arebbi maca min iǧan n iwdan,/Users/mac/masterAI/tarifit_asr_tfm/data/processed/segments/REC109/REC109_SEG0018_PART02.wav
REC109_SEG0019,REC109,SPK009,data/processed/segments/REC109/REC109_SEG0019.wav,15.28,řexdenni inna yasuɛ i imeḥḍaren nnes mařa ca n ijjen ixs ad ayi iḍfar ad inkar ixef nnes ad iksi ṣṣalib nnes uca ad ayi iḍfar minzi wenni ixsen ad issenjem tudart nnes ad tt iweddar,/Users/mac/masterAI/tarifit_asr_tfm/data/processed/segments/REC109/REC109_SEG0019.wav
REC109_SEG0020_PART01,REC109,SPK009,data/processed/segments/REC109/REC109_SEG0020_PART01.wav,10.872,maca wenni i ɣa iweddaren tudart nnes di ṭṭweɛ inu ad tt yaf minzi man řefḍeř i ɣares ɣar bnadem mařa yarbeḥ ddunect marra maca iřqef i t d,/Users/mac/masterAI/tarifit_asr_tfm/data/processed/segments/REC109/REC109_SEG0020_PART01.wav
REC109_SEG0020_PART02,REC109,SPK009,data/processed/segments/REC109/REC109_SEG0020_PART02.wav,10.872,ruct di řeɛmar nnes niɣ min ɣa iwc bnadem i weṣřaḥ n řeɛmar nnes minzi mmis n bnadem ad dd yas s uɛuǧi n babas ak d lmalakat nnes,/Users/mac/masterAI/tarifit_asr_tfm/data/processed/segments/REC109/REC109_SEG0020_PART02.wav
REC109_SEG0021,REC109,SPK009,data/processed/segments/REC109/REC109_SEG0021.wav,15.28,uca xenni ad ixeǧeṣ kuř ijjen ɛlaḥsab min igga s tidett necc ad awem iniɣ aqa ca zeg ina i da ibedden war ttqisin ca řmewt ař ɣa ẓaren mmis n bnadem ittas dd di tgeldit nnes,/Users/mac/masterAI/tarifit_asr_tfm/data/processed/segments/REC109/REC109_SEG0021.wav
REC110_SEG0001,REC110,SPK009,data/processed/segments/REC110/REC110_SEG0001.wav,3.088,yasuɛ x wedrar ak d musa d iliya,/Users/mac/masterAI/tarifit_asr_tfm/data/processed/segments/REC110/REC110_SEG0001.wav
REC110_SEG0002,REC110,SPK009,data/processed/segments/REC110/REC110_SEG0002.wav,10.992,awarni setta n wussan yasuɛ yiwi dd buṭrus d yaɛqub d umas yuḥanna akides yiwyi i ten weḥḥedsen ɣar ijj n wedrar yuɛřa,/Users/mac/masterAI/tarifit_asr_tfm/data/processed/segments/REC110/REC110_SEG0002.wav
REC110_SEG0003_PART01,REC110,SPK009,data/processed/segments/REC110/REC110_SEG0003_PART01.wav,11.304,uca ittwabeddeř waddud n yasuɛ qibac nsen tuɣa aɣembub nnes ittceɛciɛ am tfuct idweř warruḍ nnes d acemřař am tfawt uřa d musa,/Users/mac/masterAI/tarifit_asr_tfm/data/processed/segments/REC110/REC110_SEG0003_PART01.wav
REC110_SEG0003_PART02,REC110,SPK009,data/processed/segments/REC110/REC110_SEG0003_PART02.wav,11.304,d iliya ḍharen asen dd ssawařen akides buṭrus iṭṭef deg wawař inna i yasuɛ a sidi aqa mliḥ umi i da neǧa,/Users/mac/masterAI/tarifit_asr_tfm/data/processed/segments/REC110/REC110_SEG0003_PART02.wav
REC110_SEG0004_PART01,REC110,SPK009,data/processed/segments/REC110/REC110_SEG0004_PART01.wav,13.496,mařa texsed ad newwet danita třata n iɛuccuten n tseṭṭa ijjen i cek ijjen i musa u ijjen i iliya am tuɣa issawař ɛad ikka dd xasen ijj n useynu,/Users/mac/masterAI/tarifit_asr_tfm/data/processed/segments/REC110/REC110_SEG0004_PART01.wav
REC110_SEG0004_PART02,REC110,SPK009,data/processed/segments/REC110/REC110_SEG0004_PART02.wav,13.496,ittseqsiq issduriy ten s tiři nnes uca xzar aqa ij tmijja zeg ujenna tenna d wa d mmi iɛizzen dayes ufiɣ arḍa inu sřem ɣares,/Users/mac/masterAI/tarifit_asr_tfm/data/processed/segments/REC110/REC110_SEG0004_PART02.wav
REC110_SEG0005,REC110,SPK009,data/processed/segments/REC110/REC110_SEG0005.wav,16.688,řami sřin imeḥḍaren man aya wḍan x uɣembub nsen uca ggʷeden aṭṭas yusa dd ɣarsen yasuɛ iḥada ten inna kkarem war tteggʷedem ca řami ssgeɛɛden tiṭṭawin nsen war ẓrin ḥed mɣir yasuɛ netta waha,/Users/mac/masterAI/tarifit_asr_tfm/data/processed/segments/REC110/REC110_SEG0005.wav
REC110_SEG0006_PART01,REC110,SPK009,data/processed/segments/REC110/REC110_SEG0006_PART01.wav,14.104,am dd hwan zeg wedrar yumur i ten yasuɛ inna asen war ssiwiřem x řewḥiy a am ɣarwem iǧa ijj nneɣni ař dd ɣa ikkar mmis n bnadem jar imettinen,/Users/mac/masterAI/tarifit_asr_tfm/data/processed/segments/REC110/REC110_SEG0006_PART01.wav
REC110_SEG0006_PART02,REC110,SPK009,data/processed/segments/REC110/REC110_SEG0006_PART02.wav,14.104,imeḥḍaren sseqsan t nnan as mayemmi qqaren imseřmaden n idlisen aqa iliya ad dd yas d amezwaru yarra dd yasuɛ inna iliya ad dd yas d amezwaru ḥima ad ittwakemmeř marra,/Users/mac/masterAI/tarifit_asr_tfm/data/processed/segments/REC110/REC110_SEG0006_PART02.wav
REC110_SEG0007_PART01,REC110,SPK009,data/processed/segments/REC110/REC110_SEG0007_PART01.wav,10.184,maca necc ad awem iniɣ xzar iliya aqa yusa dd war zzayes steɛtarifen maca ggin zzayes min xsen ammu uřa d,/Users/mac/masterAI/tarifit_asr_tfm/data/processed/segments/REC110/REC110_SEG0007_PART01.wav
REC110_SEG0007_PART02,REC110,SPK009,data/processed/segments/REC110/REC110_SEG0007_PART02.wav,10.184,mmis n bnadem ad zzaysen iweddeb řexdenni fehmen imeḥḍaren belli tuɣa issawař akidsen x yuḥanna amseɣḍaṣ,/Users/mac/masterAI/tarifit_asr_tfm/data/processed/segments/REC110/REC110_SEG0007_PART02.wav
REC110_SEG0008,REC110,SPK009,data/processed/segments/REC110/REC110_SEG0008.wav,2.96,yasuɛ issgenfa aḥenjir amaryaḥ,/Users/mac/masterAI/tarifit_asr_tfm/data/processed/segments/REC110/REC110_SEG0008.wav
REC110_SEG0009_PART01,REC110,SPK009,data/processed/segments/REC110/REC110_SEG0009_PART01.wav,11.784,řami dd usin ɣar řɣaci yusa dd ɣares ijj n bnadem iwḍa as ɣar iḍaren inna as a sidi zziǧez i mmi minzi aqa netta ittbarkik,/Users/mac/masterAI/tarifit_asr_tfm/data/processed/segments/REC110/REC110_SEG0009_PART01.wav
REC110_SEG0009_PART02,REC110,SPK009,data/processed/segments/REC110/REC110_SEG0009_PART02.wav,11.784,kiḍ immarni xas řḥar maɣar aṭṭas n twařawin iwḍa di tmessi u deg waman iwyeɣ t ɣar imeḥḍaren nnec maca nitni war zemmaren ad t ssgenfan,/Users/mac/masterAI/tarifit_asr_tfm/data/processed/segments/REC110/REC110_SEG0009_PART02.wav
REC110_SEG0010,REC110,SPK009,data/processed/segments/REC110/REC110_SEG0010.wav,10.544,yasuɛ yarra dd inna a jjiř i war yuminen d imufriɣen mecḥař i ɣa qqimeɣ ɛad akidwem mecḥař ɛad i ɣa qqimeɣ ṣbareɣ awem,/Users/mac/masterAI/tarifit_asr_tfm/data/processed/segments/REC110/REC110_SEG0010.wav
REC110_SEG0011,REC110,SPK009,data/processed/segments/REC110/REC110_SEG0011.wav,16.816,awyem t i dd ɣari xenni iwebbex i t yasuɛ uca iffeɣ zzayes cciṭan uca idweř uḥenjir iggenfa zi tsaɛɛet nni řexdenni usin dd imeḥḍaren weḥḥedsen ɣar yasuɛ nnan as mayemmi neccin war nzemmar ad t nessufeɣ,/Users/mac/masterAI/tarifit_asr_tfm/data/processed/segments/REC110/REC110_SEG0011.wav
REC110_SEG0012_PART01,REC110,SPK009,data/processed/segments/REC110/REC110_SEG0012_PART01.wav,14.296,inna asen yasuɛ sminzi wa tuminemca s tidett ad awem iniɣ mařa daywem l iman anect n ict n tḥebbuct n zzariɛet n uxerdel ad as tinim i wedrar a muṭṭi,/Users/mac/masterAI/tarifit_asr_tfm/data/processed/segments/REC110/REC110_SEG0012_PART01.wav
REC110_SEG0012_PART02,REC110,SPK009,data/processed/segments/REC110/REC110_SEG0012_PART02.wav,14.296,ssa ar diha xenni ad immuṭṭi uca war din ittiři ɛad uřa d ict n řḥajjet war d as tzemmarem ɛad maca ddarb a war dd itteffeɣ mɣir s tẓaǧit d uẓummi,/Users/mac/masterAI/tarifit_asr_tfm/data/processed/segments/REC110/REC110_SEG0012_PART02.wav
REC110_SEG0013,REC110,SPK009,data/processed/segments/REC110/REC110_SEG0013.wav,5.296,yasuɛ issawař x řmewt d tnukra nnes i twařa wiss tnayen,/Users/mac/masterAI/tarifit_asr_tfm/data/processed/segments/REC110/REC110_SEG0013.wav
REC110_SEG0014,REC110,SPK009,data/processed/segments/REC110/REC110_SEG0014.wav,14.32,řami tuɣa ttsaran di ljalil inna asen yasuɛ i imeḥḍaren nnes mmis n bnadem ad immewc deg ifassen n iwdan ad t nɣen uca ad dd ittwassnekkar deg wass wiss třata xenni ceḍnen aṭṭas,/Users/mac/masterAI/tarifit_asr_tfm/data/processed/segments/REC110/REC110_SEG0014.wav
REC110_SEG0015,REC110,SPK009,data/processed/segments/REC110/REC110_SEG0015.wav,3.824,awař n yasuɛ x ḍḍariba i zzawect tameqqrant,/Users/mac/masterAI/tarifit_asr_tfm/data/processed/segments/REC110/REC110_SEG0015.wav
REC110_SEG0016,REC110,SPK009,data/processed/segments/REC110/REC110_SEG0016.wav,11.92,řami dd usin ɣar kafarnaḥum qarrben dd ayt n ḍḍariba ɣar buṭrus nnan amseřmad nwem ma war ittxeǧiṣ tnayen n drahemmai zzawect tameqqrant,/Users/mac/masterAI/tarifit_asr_tfm/data/processed/segments/REC110/REC110_SEG0016.wav
REC110_SEG0017,REC110,SPK009,data/processed/segments/REC110/REC110_SEG0017.wav,1.2,inna wah,/Users/mac/masterAI/tarifit_asr_tfm/data/processed/segments/REC110/REC110_SEG0017.wav
REC110_SEG0018_PART01,REC110,SPK009,data/processed/segments/REC110/REC110_SEG0018_PART01.wav,14.148,ařami dd yudef buṭrus ɣar taddart izwar as dd yasuɛ inna cimɛun mammec twařid cek wi zi ṭṭfen ijeǧiden n ddunect řeɛcur d tenɛacin i izemmen i kuř azeǧif,/Users/mac/masterAI/tarifit_asr_tfm/data/processed/segments/REC110/REC110_SEG0018_PART01.wav
REC110_SEG0018_PART02,REC110,SPK009,data/processed/segments/REC110/REC110_SEG0018_PART02.wav,14.148,ma zi tarwa nsen niɣ zeg ibarraniyyen inna as cimɛun zeg ibarraniyyen inna as yasuɛ s uya ǧan tarwa d iḥurriyyen maca ḥima war ten nessendrif ruḥ ɣar řebḥar,/Users/mac/masterAI/tarifit_asr_tfm/data/processed/segments/REC110/REC110_SEG0018_PART02.wav
REC110_SEG0019,REC110,SPK009,data/processed/segments/REC110/REC110_SEG0019.wav,14.792,nḍar taṣennart uca arzem aqemmum i tesřemt tamezwarut i dd ɣa iffɣen uca ad tafed ict n tepyist n uṣulḍi n ustatir ksi tt uca ewc i tt xafi u x yixef nnec,/Users/mac/masterAI/tarifit_asr_tfm/data/processed/segments/REC110/REC110_SEG0019.wav
REC111_SEG0001,REC111,SPK009,data/processed/segments/REC111/REC111_SEG0001.wav,3.824,man wen iǧan d ameqqran di tgeldit n ijenwan,/Users/mac/masterAI/tarifit_asr_tfm/data/processed/segments/REC111/REC111_SEG0001.wav
REC111_SEG0002_PART01,REC111,SPK009,data/processed/segments/REC111/REC111_SEG0002_PART01.wav,14.52,di tsaɛɛet nni usin dd imeḥḍaren ɣar yasuɛ nnan man wen iǧan d ameqqran di tgeldit n ijenwan yasuɛ iřaɣa dd x ijj n uḥenjir ɣares issbedd i t di řwesṭ nsen inna s tidett necc ad awem i,/Users/mac/masterAI/tarifit_asr_tfm/data/processed/segments/REC111/REC111_SEG0002_PART01.wav
REC111_SEG0002_PART02,REC111,SPK009,data/processed/segments/REC111/REC111_SEG0002_PART02.wav,14.52,niɣ mařa war ttubem u tdewřem am iḥenjiren ɛemmarṣ ad tadfem ɣar tgeldit n ijenwan s uya wenni i ɣa issmeẓyen ixef nnes am uḥenjir a aqa d wenni d ameqqran di tgeldit n ijenwan,/Users/mac/masterAI/tarifit_asr_tfm/data/processed/segments/REC111/REC111_SEG0002_PART02.wav
REC111_SEG0003,REC111,SPK009,data/processed/segments/REC111/REC111_SEG0003.wav,6.256,u wenni i ɣa iqebřen ijj n uḥenjir i iǧan am uḥenjir a s yisem inu iqebbeř ayi,/Users/mac/masterAI/tarifit_asr_tfm/data/processed/segments/REC111/REC111_SEG0003.wav
REC111_SEG0004,REC111,SPK009,data/processed/segments/REC111/REC111_SEG0004.wav,3.44,aɛřam ɣar řgens x min i ɣa iɣarren i ddenb,/Users/mac/masterAI/tarifit_asr_tfm/data/processed/segments/REC111/REC111_SEG0004.wav
REC111_SEG0005_PART01,REC111,SPK009,data/processed/segments/REC111/REC111_SEG0005_PART01.wav,11.064,maca kuř ijjen wenni i ɣa issenqarḍen ijjen zeg imeẓyanen a i zzayi ittamnen iḥřa as ad as tettwagg ict n teṣḍart n tsirt,/Users/mac/masterAI/tarifit_asr_tfm/data/processed/segments/REC111/REC111_SEG0005_PART01.wav
REC111_SEG0005_PART02,REC111,SPK009,data/processed/segments/REC111/REC111_SEG0005_PART02.wav,11.064,tedqeř ɣar yiri nnes ad ittwassɣareq di řaǧaɣ n řebḥar uct x ddunect x ssibbet n tɛenkrifin iwa ittxeṣṣa ad dd asent tɛenkrifin,/Users/mac/masterAI/tarifit_asr_tfm/data/processed/segments/REC111/REC111_SEG0005_PART02.wav
REC111_SEG0006_PART01,REC111,SPK009,data/processed/segments/REC111/REC111_SEG0006_PART01.wav,12.616,maca amcum n bnadem nni itteggen taɛenkrift mařa issenqarḍ cek ufus nnec niɣ aḍar nnec xenni qess i t nḍar i t xak iḥřa ac ad,/Users/mac/masterAI/tarifit_asr_tfm/data/processed/segments/REC111/REC111_SEG0006_PART01.wav
REC111_SEG0006_PART02,REC111,SPK009,data/processed/segments/REC111/REC111_SEG0006_PART02.wav,12.616,tadfed ɣar tudart d aqejdaḥ niɣ d ameɛḍuř x umenḍar s tnayen n ifassen niɣ s tnayen n iḍaren di tmessi i řebda mařa tessenqarḍ cek tiṭṭ nnec,/Users/mac/masterAI/tarifit_asr_tfm/data/processed/segments/REC111/REC111_SEG0006_PART02.wav
REC111_SEG0007,REC111,SPK009,data/processed/segments/REC111/REC111_SEG0007.wav,10.768,xenni qeřɛ i tt nḍar i tt xak iḥřa ac ad tadfed ɣar tudart s ict n tiṭṭ x uweṭṭu di jehennama iccuren s tmessi s tnayen n tiṭṭawin,/Users/mac/masterAI/tarifit_asr_tfm/data/processed/segments/REC111/REC111_SEG0007.wav
REC111_SEG0008,REC111,SPK009,data/processed/segments/REC111/REC111_SEG0008.wav,2.0,amedya n wuǧi iweddaren,/Users/mac/masterAI/tarifit_asr_tfm/data/processed/segments/REC111/REC111_SEG0008.wav
REC111_SEG0009,REC111,SPK009,data/processed/segments/REC111/REC111_SEG0009.wav,11.76,ɣarwem ad tesseḥqarem ijjen zeg imeẓyanen a minzi necc ad awem iniɣ aqa lmalakat nsen deg ijenwan aqa řebda ttwařant tifras n baba i iǧan deg ijenwan,/Users/mac/masterAI/tarifit_asr_tfm/data/processed/segments/REC111/REC111_SEG0009.wav
REC111_SEG0010,REC111,SPK009,data/processed/segments/REC111/REC111_SEG0010.wav,18.096,minzi mmis n bnadem yusa dd ḥima ad issenjem min tuɣa iweddaren mammec i d awem ittɣiř mařa din ca n bnadem ɣares mya n wuǧi uca ijjen zzaysen iweddar ma xenni war ittejji tesɛa u tesɛin deg idurar ad iraḥ ad yarzu x wenni iweddaren,/Users/mac/masterAI/tarifit_asr_tfm/data/processed/segments/REC111/REC111_SEG0010.wav
REC111_SEG0011,REC111,SPK009,data/processed/segments/REC111/REC111_SEG0011.wav,18.416,u mařa yufa i t s tidett necc ad awem iniɣ ad zzayes ifarḥ ktar zi min ɣa ifarḥ zi tesɛa u tesɛin inni war iweddaren ammu uřa d babatwem i iǧan deg ijenwan war ixs ad iweddar uřa d ijj zeg imeẓyanen a,/Users/mac/masterAI/tarifit_asr_tfm/data/processed/segments/REC111/REC111_SEG0011.wav
REC111_SEG0012,REC111,SPK009,data/processed/segments/REC111/REC111_SEG0012.wav,2.032,ddenb n ijj n uma,/Users/mac/masterAI/tarifit_asr_tfm/data/processed/segments/REC111/REC111_SEG0012.wav
REC111_SEG0013,REC111,SPK009,data/processed/segments/REC111/REC111_SEG0013.wav,7.92,mařa ixḍa umac akidek ruḥ ɣares webbex i t mɣir jar ac d jar as waha,/Users/mac/masterAI/tarifit_asr_tfm/data/processed/segments/REC111/REC111_SEG0013.wav
REC111_SEG0014_PART01,REC111,SPK009,data/processed/segments/REC111/REC111_SEG0014_PART01.wav,14.636,mařa isřa ɣarek aqa tarbeḥed umac mařa war ɣarek isři ca awi akidek ca n ijjen nneɣni niɣ tnayen ḥima x uqemmum n tnayen niɣ n třata n řechud ad itt,/Users/mac/masterAI/tarifit_asr_tfm/data/processed/segments/REC111/REC111_SEG0014_PART01.wav
REC111_SEG0014_PART02,REC111,SPK009,data/processed/segments/REC111/REC111_SEG0014_PART02.wav,14.636,waḍmen wawař marra mařa netta war ɣarsen isři xenni ini tt i tmesmunt n řmuminin uca mařa war isři uřa ɣar tmesmunt xenni ejj i t ad ɣarwem yiři,/Users/mac/masterAI/tarifit_asr_tfm/data/processed/segments/REC111/REC111_SEG0014_PART02.wav
REC111_SEG0015,REC111,SPK009,data/processed/segments/REC111/REC111_SEG0015.wav,3.864,am yijj n bu ḍḍariba niɣ am yijj n kuffar,/Users/mac/masterAI/tarifit_asr_tfm/data/processed/segments/REC111/REC111_SEG0015.wav
REC111_SEG0016_PART01,REC111,SPK009,data/processed/segments/REC111/REC111_SEG0016_PART01.wav,14.184,s tidett necc ad awem iniɣ marra min ɣa tceddem di temmurt ad yiři icedd deg ujenna uca marra min ɣa tfesyem di temmurt ad yiři ifsi deg ujenna ad awem iniɣ,/Users/mac/masterAI/tarifit_asr_tfm/data/processed/segments/REC111/REC111_SEG0016_PART01.wav
REC111_SEG0016_PART02,REC111,SPK009,data/processed/segments/REC111/REC111_SEG0016_PART02.wav,14.184,ɛawed mařa tnayen n iwdan ad mmsetfaqen x temmurt x ca n řḥajjet i ɣa ttaren aqa d man aya d asen i ɣa ittwagg zi baba i iǧan deg ijenwan,/Users/mac/masterAI/tarifit_asr_tfm/data/processed/segments/REC111/REC111_SEG0016_PART02.wav
REC111_SEG0017,REC111,SPK009,data/processed/segments/REC111/REC111_SEG0017.wav,7.632,minzi mani ɣa munen tnayen niɣ třata s yisem inu necc ad din iřiɣ di řwesṭ nsen,/Users/mac/masterAI/tarifit_asr_tfm/data/processed/segments/REC111/REC111_SEG0017.wav
REC111_SEG0018,REC111,SPK009,data/processed/segments/REC111/REC111_SEG0018.wav,2.704,amedya n umsexxar aɛeffan,/Users/mac/masterAI/tarifit_asr_tfm/data/processed/segments/REC111/REC111_SEG0018.wav
REC111_SEG0019,REC111,SPK009,data/processed/segments/REC111/REC111_SEG0019.wav,19.376,řexdenni yusa dd ɣares buṭrus inna a sidi mecḥař n twařawin i ɣa ixḍa akidi uma necc ad as samḥeɣ ma ař sebɛa n twařawin inna as yasuɛ war d ac qqareɣ ca ař sebɛa maca ař sebɛin di sebɛa n imuren,/Users/mac/masterAI/tarifit_asr_tfm/data/processed/segments/REC111/REC111_SEG0019.wav
REC111_SEG0020,REC111,SPK009,data/processed/segments/REC111/REC111_SEG0020.wav,10.96,suyenni tgeldit n ijenwan deg ijj n weryaz d ajeǧid i ixsen ad yegg řeḥsab ak d imsexxaren nnes umi ibda ad imseḥseb,/Users/mac/masterAI/tarifit_asr_tfm/data/processed/segments/REC111/REC111_SEG0020.wav
REC111_SEG0021_PART01,REC111,SPK009,data/processed/segments/REC111/REC111_SEG0021_PART01.wav,14.408,iwyen dd ɣares ijj n bnadem itturs as ɛecra ařaf talint am war tuɣi ɣares min zi ɣa yarr amarwas yumur bab nnes ḥima ad ittwammenz,/Users/mac/masterAI/tarifit_asr_tfm/data/processed/segments/REC111/REC111_SEG0021_PART01.wav
REC111_SEG0021_PART02,REC111,SPK009,data/processed/segments/REC111/REC111_SEG0021_PART02.wav,14.408,netta d temɣart nnes d tarwa nnes d marra min ɣares ḥima ad ittwaxeǧeṣ umarwas iwḍa as umsexxar nni ɣar iḍaren isjed as inna a sidi ṣbar xafi ad ac arreɣ marra,/Users/mac/masterAI/tarifit_asr_tfm/data/processed/segments/REC111/REC111_SEG0021_PART02.wav
REC111_SEG0022,REC111,SPK009,data/processed/segments/REC111/REC111_SEG0022.wav,7.12,aqa izziǧez as bab n umsexxar nni iḍřeq as uca isamḥ as deg umarwas,/Users/mac/masterAI/tarifit_asr_tfm/data/processed/segments/REC111/REC111_SEG0022.wav
REC111_SEG0023_PART01,REC111,SPK009,data/processed/segments/REC111/REC111_SEG0023_PART01.wav,12.76,řami dd iffeɣ umsexxar nni yufa ijjen zeg inni tuɣa d imsexxaren imɛacaren nnes u wanita itturs as mya dinar iṭṭef i t icebbar as deg yiri inna as,/Users/mac/masterAI/tarifit_asr_tfm/data/processed/segments/REC111/REC111_SEG0023_PART01.wav
REC111_SEG0023_PART02,REC111,SPK009,data/processed/segments/REC111/REC111_SEG0023_PART02.wav,12.76,xeǧeṣ min d ac tturseɣ iwḍa yas umsexxar amɛacar nnes ɣar iḍaren iḥeccmit i t inna ṣbar xafi ad ac arreɣ marra maca netta war ixs,/Users/mac/masterAI/tarifit_asr_tfm/data/processed/segments/REC111/REC111_SEG0023_PART02.wav
REC111_SEG0024,REC111,SPK009,data/processed/segments/REC111/REC111_SEG0024.wav,4.336,iruḥ inḍar i t di řeḥbes ař dd ɣa yarr amarwas,/Users/mac/masterAI/tarifit_asr_tfm/data/processed/segments/REC111/REC111_SEG0024.wav
REC111_SEG0025,REC111,SPK009,data/processed/segments/REC111/REC111_SEG0025.wav,17.488,řami ẓřin imsexxaren imɛacaren nnes min imsaren ceḍnen aṭṭas uca ruḥen nnan tt i bab nsen uca iřaɣa dd xas sidis inna as a cek amsexxar aɛeffan marra min d ac tturseɣ samḥeɣ ac minzi tettared ayi,/Users/mac/masterAI/tarifit_asr_tfm/data/processed/segments/REC111/REC111_SEG0025.wav
REC111_SEG0026_PART01,REC111,SPK009,data/processed/segments/REC111/REC111_SEG0026_PART01.wav,14.825,ma war iǧi zeɛma uřa d cek xak ad ac izziǧez wenni d amsexxar amɛacar nnec am mammec i d ayi tezziǧed cek xenni ixeyyeq sidis isseɛdu t deg ifassen n imɛaddeben,/Users/mac/masterAI/tarifit_asr_tfm/data/processed/segments/REC111/REC111_SEG0026_PART01.wav
REC111_SEG0026_PART02,REC111,SPK009,data/processed/segments/REC111/REC111_SEG0026_PART02.wav,14.825,ař ɣa ixeǧeṣ marra min dayes d amarwas ammu i ɣa yegg baba wenni iǧan deg ujenna i kenniw mařa kenniw war tsimiḥem s wuř kuř ijjen zzaywem i umas ixeṭṭan nnes,/Users/mac/masterAI/tarifit_asr_tfm/data/processed/segments/REC111/REC111_SEG0026_PART02.wav
REC112_SEG0001,REC112,SPK009,data/processed/segments/REC112/REC112_SEG0001.wav,3.568,awařen n yasuɛ x řemřac d waǧaf,/Users/mac/masterAI/tarifit_asr_tfm/data/processed/segments/REC112/REC112_SEG0001.wav
REC112_SEG0002,REC112,SPK009,data/processed/segments/REC112/REC112_SEG0002.wav,14.928,ařami ikemmeř yasuɛ awařen a iffeɣ zi ljalil yiweḍ ɣar jjwayeh n temmurt n yahudiyya ɣar ujemmaḍ n yeɣzar n l urdun aqa iḍfar i t ijj n řɣaci d ameqqran,/Users/mac/masterAI/tarifit_asr_tfm/data/processed/segments/REC112/REC112_SEG0002.wav
REC112_SEG0003,REC112,SPK009,data/processed/segments/REC112/REC112_SEG0003.wav,1.904,issgenfa i ten dinni,/Users/mac/masterAI/tarifit_asr_tfm/data/processed/segments/REC112/REC112_SEG0003.wav
REC112_SEG0004_PART01,REC112,SPK009,data/processed/segments/REC112/REC112_SEG0004_PART01.wav,11.64,usin dd ɣares uřa d ifarisiyyen tuɣa arezzun ad t jarrben nnan as ma iḥeǧeř i weryaz ad iǧef i temɣart nnes zi mkuř sibbet,/Users/mac/masterAI/tarifit_asr_tfm/data/processed/segments/REC112/REC112_SEG0004_PART01.wav
REC112_SEG0004_PART02,REC112,SPK009,data/processed/segments/REC112/REC112_SEG0004_PART02.wav,11.64,yarra dd inna asen ma war teɣrim ca belli wenni ten dd ixeřqen zeg umezwaru ixřeq i ten dd d awtem d tewtemt uca aqa inna,/Users/mac/masterAI/tarifit_asr_tfm/data/processed/segments/REC112/REC112_SEG0004_PART02.wav
REC112_SEG0005,REC112,SPK009,data/processed/segments/REC112/REC112_SEG0005.wav,11.472,s uyenni ad ismeḥ weryaz di babas d yemmas ad iqqen ɣar temɣart nnes uca tnayen idsen nni ad iřin d iijjen arimet,/Users/mac/masterAI/tarifit_asr_tfm/data/processed/segments/REC112/REC112_SEG0005.wav
REC112_SEG0006,REC112,SPK009,data/processed/segments/REC112/REC112_SEG0006.wav,5.744,ammu war ttiřin ɛad d tnayen maca d ijjen n arrimet,/Users/mac/masterAI/tarifit_asr_tfm/data/processed/segments/REC112/REC112_SEG0006.wav
REC112_SEG0007_PART01,REC112,SPK009,data/processed/segments/REC112/REC112_SEG0007_PART01.wav,13.844,min issmun arebbi war t ibeṭṭi bnadem nnan as mayemmi yumur musa xenni maḥend ad iwc tabrat n waǧaf ḥima ad as iǧef inna asen musa,/Users/mac/masterAI/tarifit_asr_tfm/data/processed/segments/REC112/REC112_SEG0007_PART01.wav
REC112_SEG0007_PART02,REC112,SPK009,data/processed/segments/REC112/REC112_SEG0007_PART02.wav,13.844,ijja kenniw ad teǧfem i temɣarin nwem zi ssibbet n řeqsaḥet n wuřawen nwem maca war iǧi ammu zeg umezwaru maca necc ad awem iniɣ wenni i ɣa iǧfen i temɣart nnes,/Users/mac/masterAI/tarifit_asr_tfm/data/processed/segments/REC112/REC112_SEG0007_PART02.wav
REC112_SEG0008,REC112,SPK009,data/processed/segments/REC112/REC112_SEG0008.wav,19.528,wa iǧii sibbet n faqcɣer uca adimrec icten nneɣni aqa netta izenna u wenni i ɣa iwyen tamɣart tenni i iǧfen aqa uřa d netta izenna imeḥḍaren nnes nnan as mařa ammu i teǧa tmesřact jar bnadem d temɣart nnes,/Users/mac/masterAI/tarifit_asr_tfm/data/processed/segments/REC112/REC112_SEG0008.wav
REC112_SEG0009,REC112,SPK009,data/processed/segments/REC112/REC112_SEG0009.wav,15.152,xenni nhřa ma ad imřec maca netta inna asen war iǧi marra zemmaren ad qebřen awař a mɣir inni umi temmewc ad t iqbeř minzi aqa din inni ittwaqessen minzi nitni d inni dd ittwaxeřqen ammu zeg uɛeddis n yemmatsen,/Users/mac/masterAI/tarifit_asr_tfm/data/processed/segments/REC112/REC112_SEG0009.wav
REC112_SEG0010,REC112,SPK009,data/processed/segments/REC112/REC112_SEG0010.wav,14.48,uca aqa din inni ittwaqessen minzi nitni ttwaqessen zeg ifassen n iwdan uca aqa din inni ittwaqessen minzi nitni qessen ixef nsen di ṭṭweɛ n tgeldit n ijenwan wenni izemmaren ad t iqbeř ejj i t ad t iqbeř,/Users/mac/masterAI/tarifit_asr_tfm/data/processed/segments/REC112/REC112_SEG0010.wav
REC112_SEG0011,REC112,SPK009,data/processed/segments/REC112/REC112_SEG0011.wav,3.088,yasuɛ ibarek iḥenjiren imeẓyanen,/Users/mac/masterAI/tarifit_asr_tfm/data/processed/segments/REC112/REC112_SEG0011.wav
REC112_SEG0012,REC112,SPK009,data/processed/segments/REC112/REC112_SEG0012.wav,8.144,řexdenni iwyen as dd iḥenjiren imeẓyanen maḥend ad xasen issars afus nnes uca ad asen iksi s řmeɛruf,/Users/mac/masterAI/tarifit_asr_tfm/data/processed/segments/REC112/REC112_SEG0012.wav
REC112_SEG0013,REC112,SPK009,data/processed/segments/REC112/REC112_SEG0013.wav,16.816,maca imeḥḍaren nnes webbxen ten maca yasuɛ inna asen jjem iḥenjiren ad ɣari dd asen war ten mennɛem ca minzi tageldit n ijenwan i yinni am nitni issars xasen afus nnes uca iruḥ ssenni,/Users/mac/masterAI/tarifit_asr_tfm/data/processed/segments/REC112/REC112_SEG0013.wav
REC112_SEG0014,REC112,SPK009,data/processed/segments/REC112/REC112_SEG0014.wav,3.824,yasuɛ ak d webřiɣ wenni d bab n wagřa,/Users/mac/masterAI/tarifit_asr_tfm/data/processed/segments/REC112/REC112_SEG0014.wav
REC112_SEG0015,REC112,SPK009,data/processed/segments/REC112/REC112_SEG0015.wav,19.376,uca xzar iqarreb dd ijjen inna as a amseɣɣar aṣebḥan min ɣa ggeɣ d aṣebḥan ḥima ad ɣari tiři tudart ittduman inna as yasuɛ mayemmi d ayi třaɣid aṣebḥan war iǧi ḥed d aṣebḥan mɣir ijjen aqa t d arebbi,/Users/mac/masterAI/tarifit_asr_tfm/data/processed/segments/REC112/REC112_SEG0015.wav
REC112_SEG0016_PART01,REC112,SPK009,data/processed/segments/REC112/REC112_SEG0016_PART01.wav,13.176,maca mařa texsed ad tadfed ɣar tudart ṭṭef di tweṣṣa inna as man tina inna as yasuɛ war neqq war zenni war tticar war cehhed s z,/Users/mac/masterAI/tarifit_asr_tfm/data/processed/segments/REC112/REC112_SEG0016_PART01.wav
REC112_SEG0016_PART02,REC112,SPK009,data/processed/segments/REC112/REC112_SEG0016_PART02.wav,13.176,ẓur weqqar babac d yemmac uca ad amqarreb nnec am yixef nnec abřiɣ inna as aqa ḍfareɣ timesřayin a marra zi temẓi inu min d ayi ittxiṣṣen ɛad,/Users/mac/masterAI/tarifit_asr_tfm/data/processed/segments/REC112/REC112_SEG0016_PART02.wav
REC112_SEG0017_PART01,REC112,SPK009,data/processed/segments/REC112/REC112_SEG0017_PART01.wav,10.776,yasuɛ inna as mařa texsed ad tiřid tkemmřed ruḥ zenz marra min ɣarek ewc i t i imezřaḍ uca ad ɣarek yiři ijj n řkenz deg ijenwan,/Users/mac/masterAI/tarifit_asr_tfm/data/processed/segments/REC112/REC112_SEG0017_PART01.wav
REC112_SEG0017_PART02,REC112,SPK009,data/processed/segments/REC112/REC112_SEG0017_PART02.wav,10.776,xenni as dd ḍfar ayi dd řami isřa webřiɣ awař a iruḥ icḍen minzi tuɣa ɣares aṭṭas n wagřa,/Users/mac/masterAI/tarifit_asr_tfm/data/processed/segments/REC112/REC112_SEG0017_PART02.wav
REC112_SEG0018,REC112,SPK009,data/processed/segments/REC112/REC112_SEG0018.wav,9.264,xas uca inna yasuɛ i imeḥḍaren nnes s tidett necc ad awem iniɣ aqa yewɛar x bab n wagřa ad yadef ɣar tgeldit n ijenwan,/Users/mac/masterAI/tarifit_asr_tfm/data/processed/segments/REC112/REC112_SEG0018.wav
REC112_SEG0019_PART01,REC112,SPK009,data/processed/segments/REC112/REC112_SEG0019_PART01.wav,12.76,uca necc ad awem iniɣ ɛawed aqa ihwen i weřɣem ad yekk zi tiṭṭ n tsineft x bu wagřa ad yadef ɣar tgeldit n arebbi umi tt sřin imeḥḍaren nnes nnxeř,/Users/mac/masterAI/tarifit_asr_tfm/data/processed/segments/REC112/REC112_SEG0019_PART01.wav
REC112_SEG0019_PART02,REC112,SPK009,data/processed/segments/REC112/REC112_SEG0019_PART02.wav,12.76,ɛen nnan wi izemmaren xenni ad iṭṭef tudart ɛad am tuɣa daysen ixezzar yasuɛ inna asen ɣar iwdan man aya war izemmar maca ɣar arebbi kuřci di tzemmar nnes,/Users/mac/masterAI/tarifit_asr_tfm/data/processed/segments/REC112/REC112_SEG0019_PART02.wav
REC112_SEG0020,REC112,SPK009,data/processed/segments/REC112/REC112_SEG0020.wav,8.592,xenni yarra dd buṭrus inna as xzar aqa neccin nejja kuřci neḍfar i cek min ɣarneɣ i ɣa yiřin,/Users/mac/masterAI/tarifit_asr_tfm/data/processed/segments/REC112/REC112_SEG0020.wav
REC112_SEG0021_PART01,REC112,SPK009,data/processed/segments/REC112/REC112_SEG0021_PART01.wav,10.552,yasuɛ inna asen s tidett necc ad awem iniɣ i kenniw inni d ayi dd iḍfaren aqa xmi ɣa tiři marra ddunect d jdid xmi ɣa iqqim mmis n bnadem x řɛarc n uɛuǧi,/Users/mac/masterAI/tarifit_asr_tfm/data/processed/segments/REC112/REC112_SEG0021_PART01.wav
REC112_SEG0021_PART02,REC112,SPK009,data/processed/segments/REC112/REC112_SEG0021_PART02.wav,10.552,nnes aqa uřa d kenniw ad teqqimem x tenɛac n řekrasi igellden ḥima ad tḥekmem x tenɛac n tqebbař n ayt n israil,/Users/mac/masterAI/tarifit_asr_tfm/data/processed/segments/REC112/REC112_SEG0021_PART02.wav
REC112_SEG0022_PART01,REC112,SPK009,data/processed/segments/REC112/REC112_SEG0022_PART01.wav,14.589,kuř ijjen wenni isemḥen di tudrin niɣ deg aytmas niɣ di suyetmas niɣ di babas niɣ deg yemmas niɣ di temɣart nnes d tarwa nnes uřa deg yeyyaren di ṭṭweɛ n yisem inu,/Users/mac/masterAI/tarifit_asr_tfm/data/processed/segments/REC112/REC112_SEG0022_PART01.wav
REC112_SEG0022_PART02,REC112,SPK009,data/processed/segments/REC112/REC112_SEG0022_PART02.wav,14.589,ad iksi mya n tseqqar uca ad iwart tudart ittduman maca aṭṭas n yinni iǧan d imezwura ad iřin d ineggura uca ineggura ad iřin d imezwura,/Users/mac/masterAI/tarifit_asr_tfm/data/processed/segments/REC112/REC112_SEG0022_PART02.wav
REC113_SEG0001,REC113,SPK009,data/processed/segments/REC113/REC113_SEG0001.wav,3.632,amedya n ixemmasen deg umarjuɛ n uḍiř,/Users/mac/masterAI/tarifit_asr_tfm/data/processed/segments/REC113/REC113_SEG0001.wav
REC113_SEG0002,REC113,SPK009,data/processed/segments/REC113/REC113_SEG0002.wav,11.088,minzi tageldit n ijenwan am yijj n bab n taddart iffeɣ ɣar ṣṣbeḥ zic ḥima ad icra ixemmasen i umarjeɛ nnes n uḍiř,/Users/mac/masterAI/tarifit_asr_tfm/data/processed/segments/REC113/REC113_SEG0002.wav
REC113_SEG0003_PART01,REC113,SPK009,data/processed/segments/REC113/REC113_SEG0003_PART01.wav,10.248,řami ikkes awař ak d icewwařen s yijjen dinar i yijjen wass issekk i ten ɣar umarjeɛ nnes n uḍiř řami dd iffeɣ netta,/Users/mac/masterAI/tarifit_asr_tfm/data/processed/segments/REC113/REC113_SEG0003_PART01.wav
REC113_SEG0003_PART02,REC113,SPK009,data/processed/segments/REC113/REC113_SEG0003_PART02.wav,10.248,ɛawed di jjwayeh n tsaɛɛet wiss třata ixs ad yini ɣar tesɛa di ṣṣbeḥ iẓra inneɣni bedden di řmewqef břa řxedmet,/Users/mac/masterAI/tarifit_asr_tfm/data/processed/segments/REC113/REC113_SEG0003_PART02.wav
REC113_SEG0004,REC113,SPK009,data/processed/segments/REC113/REC113_SEG0004.wav,15.568,netta inna asen ruḥem uřa d kenniw ɣar umarjeɛ inu n uḍiř ad awem wceɣ min d awem dd ikkaren uca ruḥen iffeɣ dd ɛawed di jjwayeh n tsaɛɛet wiss setta d wiss tesɛa uca igga amenni ɛawed,/Users/mac/masterAI/tarifit_asr_tfm/data/processed/segments/REC113/REC113_SEG0004.wav
REC113_SEG0005_PART01,REC113,SPK009,data/processed/segments/REC113/REC113_SEG0005_PART01.wav,12.616,řami dd iffeɣ di jjwayeh n tsaɛɛet wiss hiṭɛac ixs ad yini ɣar xemsa n tmeddit yufa din ɛawed inneɣni bedden din břa řxedmet inna asen,/Users/mac/masterAI/tarifit_asr_tfm/data/processed/segments/REC113/REC113_SEG0005_PART01.wav
REC113_SEG0005_PART02,REC113,SPK009,data/processed/segments/REC113/REC113_SEG0005_PART02.wav,12.616,mayemmi tbeddem da ass ikmeř břa řxedmet nnan as minzi war d aneɣ icri ḥed inna asen ruḥem uřa d kenniw ɣar umarjeɛ inu n uḍiř ad teṭṭfem min d awem dd ikkaren,/Users/mac/masterAI/tarifit_asr_tfm/data/processed/segments/REC113/REC113_SEG0005_PART02.wav
REC113_SEG0006,REC113,SPK009,data/processed/segments/REC113/REC113_SEG0006.wav,13.584,řami dd tiweḍ tmeddit inna bab n umarjeɛ n uḍiř i uweqqaf nnes řaɣa dd x ixemmasen xeǧeṣ asen řmunet sizwar zeg inni dd yusin d ineggura uca ammu ař imezwura,/Users/mac/masterAI/tarifit_asr_tfm/data/processed/segments/REC113/REC113_SEG0006.wav
REC113_SEG0007,REC113,SPK009,data/processed/segments/REC113/REC113_SEG0007.wav,19.408,uca usin dd inni d icra di jjwayeh n tsaɛɛet wiss ḥiṭac uca kuř ijjen zzaysen iṭṭef ijjen dinar řami dd usin inni tuɣa d imezwura ittɣiř asen ad ṭṭfen ktar maca uřa d nitni ṭṭfen i kuř ijjen zzaysen ijj n dinar,/Users/mac/masterAI/tarifit_asr_tfm/data/processed/segments/REC113/REC113_SEG0007.wav
REC113_SEG0008_PART01,REC113,SPK009,data/processed/segments/REC113/REC113_SEG0008_PART01.wav,13.608,aqa xeyyqen x bab n taddart nnan aqa ina d inni d ineggura xedmen ict n tsaɛɛet u cek temqudd i ten akidneɣ neccin inni yarebbun,/Users/mac/masterAI/tarifit_asr_tfm/data/processed/segments/REC113/REC113_SEG0008_PART01.wav
REC113_SEG0008_PART02,REC113,SPK009,data/processed/segments/REC113/REC113_SEG0008_PART02.wav,13.608,ddqeř n wass d řeḥmu maca netta yarra dd x ijjen zzaysen inna a ameddukkeř inu necc war cek ḍřimeɣ ma war kidi tekkised awař x ijj n dinar,/Users/mac/masterAI/tarifit_asr_tfm/data/processed/segments/REC113/REC113_SEG0008_PART02.wav
REC113_SEG0009,REC113,SPK009,data/processed/segments/REC113/REC113_SEG0009.wav,13.552,ṭṭef min iǧan nnec uca uyur necc xseɣ ad wceɣ i ina d inni d ineggura anect min d ac wciɣ niɣ ma war ɣari bu řḥeqq maḥend ad ggeɣ min xseɣ ak d min iǧan inu,/Users/mac/masterAI/tarifit_asr_tfm/data/processed/segments/REC113/REC113_SEG0009.wav
REC113_SEG0010,REC113,SPK009,data/processed/segments/REC113/REC113_SEG0010.wav,15.184,niɣ tiṭṭ nnec d taɛeffant minzi necc d aṣebḥan ammu i ɣa dewřen ineggura d imezwura uca imezwura ad dewřen d ineggura minzi aṭṭas inni ittwařaɣan maca drus inni ittwaxdaren,/Users/mac/masterAI/tarifit_asr_tfm/data/processed/segments/REC113/REC113_SEG0010.wav
REC113_SEG0011,REC113,SPK009,data/processed/segments/REC113/REC113_SEG0011.wav,6.16,yasuɛ issawař x řmewt d tnukra nnes i twařa wiss třata,/Users/mac/masterAI/tarifit_asr_tfm/data/processed/segments/REC113/REC113_SEG0011.wav
REC113_SEG0012_PART01,REC113,SPK009,data/processed/segments/REC113/REC113_SEG0012_PART01.wav,11.528,řami ikkar dd yasuɛ maḥend ad igeɛɛed ɣar urcalim yiwi tenɛac n imeḥḍaren nnes ɣar uɣezdis deg webrid inna asen xzar ad ngeɛɛed ɣar,/Users/mac/masterAI/tarifit_asr_tfm/data/processed/segments/REC113/REC113_SEG0012_PART01.wav
REC113_SEG0012_PART02,REC113,SPK009,data/processed/segments/REC113/REC113_SEG0012_PART02.wav,11.528,urcalim uca ad immewc mmis n bnadem deg ifassen n imeqqranen n ikehhanen d imseřmaden n idlisen u nitni ad xas ḥekmen s řmewt,/Users/mac/masterAI/tarifit_asr_tfm/data/processed/segments/REC113/REC113_SEG0012_PART02.wav
REC113_SEG0013,REC113,SPK009,data/processed/segments/REC113/REC113_SEG0013.wav,11.344,ad t sellmen i řegnus maḥend ad zzayes stehzan ad t hettken s urekkuḍ uca ad t ṣellben maca deg wass wiss třata ad dd ikkar,/Users/mac/masterAI/tarifit_asr_tfm/data/processed/segments/REC113/REC113_SEG0013.wav
REC113_SEG0014,REC113,SPK009,data/processed/segments/REC113/REC113_SEG0014.wav,3.12,tutra n yemmas n yaɛqub d yuḥanna,/Users/mac/masterAI/tarifit_asr_tfm/data/processed/segments/REC113/REC113_SEG0014.wav
REC113_SEG0015_PART01,REC113,SPK009,data/processed/segments/REC113/REC113_SEG0015_PART01.wav,11.032,řexdenni tusa dd ɣares yemmas n tarwa n zabdi ak d iḥenjiren nnes tesjed as ḥima ad zzayes tettar ca n řḥajjet inna as netta mi,/Users/mac/masterAI/tarifit_asr_tfm/data/processed/segments/REC113/REC113_SEG0015_PART01.wav
REC113_SEG0015_PART02,REC113,SPK009,data/processed/segments/REC113/REC113_SEG0015_PART02.wav,11.032,n texsed tenna as nettat ini maḥend ad qqimen tnayen n iḥenjiren a inu ijjen ɣar ufusi nnec u wenneɣni ɣar uzeřmaḍ nnec di tgeldit nnec,/Users/mac/masterAI/tarifit_asr_tfm/data/processed/segments/REC113/REC113_SEG0015_PART02.wav
REC113_SEG0016,REC113,SPK009,data/processed/segments/REC113/REC113_SEG0016.wav,15.344,yasuɛ yarra dd xasen inna kenniw war tessinem ca min tettarem ma tzemmarem ad teswem řkas i ɣa sweɣ necc niɣ ad tettwassɣeḍṣem s useɣḍeṣ i zi ɣa ttwassɣeḍṣeɣ necc nnan as nzemmar,/Users/mac/masterAI/tarifit_asr_tfm/data/processed/segments/REC113/REC113_SEG0016.wav
REC113_SEG0017,REC113,SPK009,data/processed/segments/REC113/REC113_SEG0017.wav,17.776,netta inna asen řkas inu ad t teswem u aseɣḍeṣ i zi ɣa ttwassɣeḍṣeɣ ad zzayes tettwassɣeḍṣem maca aɣimi ɣar ufusi inu d uzeřmaḍ inu war iǧi i necc maḥend ad t wceɣ maca ad yiři i yinni umi t issewjed baba,/Users/mac/masterAI/tarifit_asr_tfm/data/processed/segments/REC113/REC113_SEG0017.wav
REC113_SEG0018,REC113,SPK009,data/processed/segments/REC113/REC113_SEG0018.wav,17.616,řami sřin ɛecra n imeḥḍaren nneɣni man aya xeyyqen aṭṭas x tnayen n wawmaten maca yasuɛ iřaɣa dd xasen ɣares inna kenniw aqa tessnem belli řḥukkam n řegnus ḥekkmen xasen uca uřa d imeqqranen ttṣellaṭen xasen,/Users/mac/masterAI/tarifit_asr_tfm/data/processed/segments/REC113/REC113_SEG0018.wav
REC113_SEG0019_PART01,REC113,SPK009,data/processed/segments/REC113/REC113_SEG0019_PART01.wav,13.912,war ittiři ammu jar awem maca s řmeqřub wenni ixsen ad yiři d ameqqran jar awem ad yiři d amsexxar nwem u wenni ixsen ad yiři d amezwaru jar awem jit ad yiři,/Users/mac/masterAI/tarifit_asr_tfm/data/processed/segments/REC113/REC113_SEG0019_PART01.wav
REC113_SEG0019_PART02,REC113,SPK009,data/processed/segments/REC113/REC113_SEG0019_PART02.wav,13.912,d amsexxar nwem am mammec mmis n bnadem war dd yusi ḥima ad xas sexxaren maca ḥima ad xasen isexxar uca ad iwc tudart nnes d aṣřaḥ i waṭṭas n yewdan,/Users/mac/masterAI/tarifit_asr_tfm/data/processed/segments/REC113/REC113_SEG0019_PART02.wav
REC113_SEG0020,REC113,SPK009,data/processed/segments/REC113/REC113_SEG0020.wav,2.704,yasuɛ issgenfa tnayen n idarɣařen,/Users/mac/masterAI/tarifit_asr_tfm/data/processed/segments/REC113/REC113_SEG0020.wav
REC113_SEG0021,REC113,SPK009,data/processed/segments/REC113/REC113_SEG0021.wav,8.816,řami dd iffeɣ yasuɛ zi ariḥa iḍfar i t i dd aṭṭas n řɣaci xzar aqa din tnayen n idarɣařen qqimen x ṭṭarf n webrid,/Users/mac/masterAI/tarifit_asr_tfm/data/processed/segments/REC113/REC113_SEG0021.wav
REC113_SEG0022_PART01,REC113,SPK009,data/processed/segments/REC113/REC113_SEG0022_PART01.wav,14.488,řami sřin belli yasuɛ ad iɛdu řaɣan nnan a sidi mmis n dawud arḥem aneɣ maca řɣaci iziyyar xasen ḥima ad sqaren maca nitni sɣuyen s jjehd ktar nnan,/Users/mac/masterAI/tarifit_asr_tfm/data/processed/segments/REC113/REC113_SEG0022_PART01.wav
REC113_SEG0022_PART02,REC113,SPK009,data/processed/segments/REC113/REC113_SEG0022_PART02.wav,14.488,arḥem aneɣ a siditneɣ mmis n dawud xenni ibedd yasuɛ iřaɣa dd xasen inna min texsem ad awem ggeɣ nnan as nitni a siditneɣ mařa texsed ad ttwarezment tiṭṭawin nneɣ,/Users/mac/masterAI/tarifit_asr_tfm/data/processed/segments/REC113/REC113_SEG0022_PART02.wav
REC113_SEG0023,REC113,SPK009,data/processed/segments/REC113/REC113_SEG0023.wav,7.28,yasuɛ iḥinn xasen xenni iḥada tiṭṭawin nsen řexdenni dewřent tiṭṭawin nsen ttwařant,/Users/mac/masterAI/tarifit_asr_tfm/data/processed/segments/REC113/REC113_SEG0023.wav
REC114_SEG0001,REC114,SPK009,data/processed/segments/REC114/REC114_SEG0001.wav,3.472,adaf n yasuɛ ɣar urcalim am ujeǧid,/Users/mac/masterAI/tarifit_asr_tfm/data/processed/segments/REC114/REC114_SEG0001.wav
REC114_SEG0002,REC114,SPK009,data/processed/segments/REC114/REC114_SEG0002.wav,7.088,řami dd qarrben ɣar urcalim iwḍen ɣar bayt faji ɣar uɣezdis n wedrar n zzitun,/Users/mac/masterAI/tarifit_asr_tfm/data/processed/segments/REC114/REC114_SEG0002.wav
REC114_SEG0003_PART01,REC114,SPK009,data/processed/segments/REC114/REC114_SEG0003_PART01.wav,11.32,issekk yasuɛ tnayen n imeḥḍaren nnes inna asen ruḥem ɣar dcar nni qibac nwem deɣya ad tafem ict n teɣyuc teqqen d ijj n wesnus akides,/Users/mac/masterAI/tarifit_asr_tfm/data/processed/segments/REC114/REC114_SEG0003_PART01.wav
REC114_SEG0003_PART02,REC114,SPK009,data/processed/segments/REC114/REC114_SEG0003_PART02.wav,11.32,fesyem asen tawyem ten dd ɣari mařa inna awem ḥed ca arrem xas ammu aqa siditneɣ iḥdaj i ten netta ad ten dd yarr deɣya,/Users/mac/masterAI/tarifit_asr_tfm/data/processed/segments/REC114/REC114_SEG0003_PART02.wav
REC114_SEG0004,REC114,SPK009,data/processed/segments/REC114/REC114_SEG0004.wav,13.072,man aya qaɛ imsar ḥima ad ittwakemmeř marra min ittwannan zeg unabi am inna inim i yeǧis n ṣihyun xzar ajeǧid nnem ad ɣarem dd yas s uwaḍeɛ,/Users/mac/masterAI/tarifit_asr_tfm/data/processed/segments/REC114/REC114_SEG0004.wav
REC114_SEG0005_PART01,REC114,SPK009,data/processed/segments/REC114/REC114_SEG0005_PART01.wav,13.192,yenya x weɣyuř d wesnus aqa d mmis n teɣyuc ruḥen imeḥḍaren uca ggin am mammec ten yumur yasuɛ iwyen dd aɣyuř d wesnus sarsen arruḍ nsen,/Users/mac/masterAI/tarifit_asr_tfm/data/processed/segments/REC114/REC114_SEG0005_PART01.wav
REC114_SEG0005_PART02,REC114,SPK009,data/processed/segments/REC114/REC114_SEG0005_PART02.wav,13.192,x wesnus uca inya xas yasuɛ aṭṭas zi řɣaci ssun arruḍ nsen deg webrid u inneɣni qessen řefruɛ zi tcejjura sun ten deg webrid,/Users/mac/masterAI/tarifit_asr_tfm/data/processed/segments/REC114/REC114_SEG0005_PART02.wav
REC114_SEG0006,REC114,SPK009,data/processed/segments/REC114/REC114_SEG0006.wav,18.832,uca abarru n řɣaci nni d as izwaren d yinni i t i dd iḍfaren tuɣa sɣuyyun nnan uṣanna i mmis n dawud lbaraka i wenni dd yusin s yisem n sidi uṣanna di řuɛřa x řuɛřa n ijenwan,/Users/mac/masterAI/tarifit_asr_tfm/data/processed/segments/REC114/REC114_SEG0006.wav
REC114_SEG0007,REC114,SPK009,data/processed/segments/REC114/REC114_SEG0007.wav,11.216,řami yudef ɣar urcalim thaj tendint qaɛ iwdan nnan min iɛna wa řɣaci inna d wa d anabi yasuɛ zi nnaṣira di ljalil,/Users/mac/masterAI/tarifit_asr_tfm/data/processed/segments/REC114/REC114_SEG0007.wav
REC114_SEG0008,REC114,SPK009,data/processed/segments/REC114/REC114_SEG0008.wav,2.896,adaf n yasuɛ di zzawect tameqqrant,/Users/mac/masterAI/tarifit_asr_tfm/data/processed/segments/REC114/REC114_SEG0008.wav
REC114_SEG0009_PART01,REC114,SPK009,data/processed/segments/REC114/REC114_SEG0009_PART01.wav,13.5,yudef yasuɛ ɣar zzawect tameqqrant n arebbi issuffeɣ marra inni izznuzan d yinni issaɣen di zzawect tameqqrant uca iqřeb ṭṭwabeř n iṣarrafen n tenɛacin d řekrasi n yinni i,/Users/mac/masterAI/tarifit_asr_tfm/data/processed/segments/REC114/REC114_SEG0009_PART01.wav
REC114_SEG0009_PART02,REC114,SPK009,data/processed/segments/REC114/REC114_SEG0009_PART02.wav,13.5,zznuzan idbiren inna asen aqa tura taddart inu ad tettwasemma taddart n tẓaǧit maca kenniw tarrim tt d ifri n iceffaren iwyen dd ɣares di zzawect tameqqrant,/Users/mac/masterAI/tarifit_asr_tfm/data/processed/segments/REC114/REC114_SEG0009_PART02.wav
REC114_SEG0010,REC114,SPK009,data/processed/segments/REC114/REC114_SEG0010.wav,13.432,idarɣařen d ineɛḍaben uca issgenfa ten umi ẓrin imeqqranen n ikehhanen d imseřmaden n idlisen lmuɛjizat i yegga u aqa iḥenjiren ttřaɣan di zzawect tameqqrant qqaren,/Users/mac/masterAI/tarifit_asr_tfm/data/processed/segments/REC114/REC114_SEG0010.wav
REC114_SEG0011_PART01,REC114,SPK009,data/processed/segments/REC114/REC114_SEG0011_PART01.wav,11.176,uṣanna i mmis n dawud xeyyqen aṭṭas nnan as ma tesřid min qqaren yina inna asen yasuɛ wah ma war teɣrim ɛemmarṣ,/Users/mac/masterAI/tarifit_asr_tfm/data/processed/segments/REC114/REC114_SEG0011_PART01.wav
REC114_SEG0011_PART02,REC114,SPK009,data/processed/segments/REC114/REC114_SEG0011_PART02.wav,11.176,zeg iqemmumen n iḥenjiren d iseyman tesswejded cek ttesbiḥ řexdenni ismeḥ daysen iffeɣ barra i tendint ɣar bayt ɛanya insa din,/Users/mac/masterAI/tarifit_asr_tfm/data/processed/segments/REC114/REC114_SEG0011_PART02.wav
REC114_SEG0012,REC114,SPK009,data/processed/segments/REC114/REC114_SEG0012.wav,1.392,artu yuẓɣen,/Users/mac/masterAI/tarifit_asr_tfm/data/processed/segments/REC114/REC114_SEG0012.wav
REC114_SEG0013,REC114,SPK009,data/processed/segments/REC114/REC114_SEG0013.wav,16.88,ɣar ṣṣbeḥ zic řami dd idweř ɣar tendint tuɣa dayes řaẓ iẓra ijj n wartu x webrid iruḥ ɣares war dayes yufi mɣir tifray waha xenni inna i wartu war zzayek tteffeɣ řɣiǧet ɛemmarṣ řexdenni yuẓeɣ wartu deɣya,/Users/mac/masterAI/tarifit_asr_tfm/data/processed/segments/REC114/REC114_SEG0013.wav
REC114_SEG0014_PART01,REC114,SPK009,data/processed/segments/REC114/REC114_SEG0014_PART01.wav,13.256,umi ẓrin imeḥḍaren man aya tbehten nnan mammec igga wartu yuẓeɣ deɣya yasuɛ yarra dd inna asen s tidett necc ad awem iniɣ mařa daywem l iman u war tcekkim ca aqa war tetteggem,/Users/mac/masterAI/tarifit_asr_tfm/data/processed/segments/REC114/REC114_SEG0014_PART01.wav
REC114_SEG0014_PART02,REC114,SPK009,data/processed/segments/REC114/REC114_SEG0014_PART02.wav,13.256,min imsaren i wartu waha maca ɛawed mařa tennam i wedrar a meksi wḍa di řebḥar ad yiři d qaɛ min ɣa tettarem di tẓaǧit s l iman ad t teṭṭfem,/Users/mac/masterAI/tarifit_asr_tfm/data/processed/segments/REC114/REC114_SEG0014_PART02.wav
REC114_SEG0015,REC114,SPK009,data/processed/segments/REC114/REC114_SEG0015.wav,2.32,aseqsi x ttesriḥ n yasuɛ,/Users/mac/masterAI/tarifit_asr_tfm/data/processed/segments/REC114/REC114_SEG0015.wav
REC114_SEG0016_PART01,REC114,SPK009,data/processed/segments/REC114/REC114_SEG0016_PART01.wav,13.88,řami yudef ɣar zzawect tameqqrant usin dd ɣares imeqqranen n ikehhanen d imɣaren n řgens am tuɣa isseřmad nnan s man ṣṣulṭa i teggid timesřayin a wi d ac iwcin ṣṣulṭa ya,/Users/mac/masterAI/tarifit_asr_tfm/data/processed/segments/REC114/REC114_SEG0016_PART01.wav
REC114_SEG0016_PART02,REC114,SPK009,data/processed/segments/REC114/REC114_SEG0016_PART02.wav,13.88,yasuɛ yarra dd inna asen uřa d necc ad kenniw sseqsiɣ ijj n useqsi u mařa tarrim dd xafi uřa d necc ad awem iniɣ s man ṣṣulṭa i tteggeɣ timesřayin a,/Users/mac/masterAI/tarifit_asr_tfm/data/processed/segments/REC114/REC114_SEG0016_PART02.wav
REC114_SEG0017,REC114,SPK009,data/processed/segments/REC114/REC114_SEG0017.wav,15.472,aseɣḍaṣ n yuḥanna manis netta zeg ujenna niɣ zeg iwdan mcawaren nitni jar asen nnan mařa nenna zeg ujenna ad aneɣ ini mayemmi war zzayes tuminem u mařa nenna,/Users/mac/masterAI/tarifit_asr_tfm/data/processed/segments/REC114/REC114_SEG0017.wav
REC114_SEG0018,REC114,SPK009,data/processed/segments/REC114/REC114_SEG0018.wav,19.024,zeg iwdan xenni dayneɣ tiggʷudi zi řɣaci minzi marra ḥessben yuḥanna d anabi arrin dd nnan war nessin inna asen netta xenni uřa d necc war d awem qqareɣ s man ṣṣulṭa i tteggeɣ man aya,/Users/mac/masterAI/tarifit_asr_tfm/data/processed/segments/REC114/REC114_SEG0018.wav
REC114_SEG0019_PART01,REC114,SPK009,data/processed/segments/REC114/REC114_SEG0019_PART01.wav,11.064,amedya n tnayen n wawmaten min d awem ittɣiř kenniw ijj n weryaz tuɣa ɣares tnayen n iḥenjiren iřaɣa x umezwaru inna a mmi uyur,/Users/mac/masterAI/tarifit_asr_tfm/data/processed/segments/REC114/REC114_SEG0019_PART01.wav
REC114_SEG0019_PART02,REC114,SPK009,data/processed/segments/REC114/REC114_SEG0019_PART02.wav,11.064,ass a ad txedmed deg umarjeɛ n uḍiř netta yarra dd inna necc war xseɣ ca maca awarni man aya indem uca iruḥ din,/Users/mac/masterAI/tarifit_asr_tfm/data/processed/segments/REC114/REC114_SEG0019_PART02.wav
REC114_SEG0020,REC114,SPK009,data/processed/segments/REC114/REC114_SEG0020.wav,14.224,uca yusa dd netta ɣar wenni wiss tnayen inna as amenni beɛda wanita yarra dd xas wah a sidi maca war iruḥ ca man wen zzaysen i iggin řxaḍar i babas nitni arrin dd xas,/Users/mac/masterAI/tarifit_asr_tfm/data/processed/segments/REC114/REC114_SEG0020.wav
REC114_SEG0021_PART01,REC114,SPK009,data/processed/segments/REC114/REC114_SEG0021_PART01.wav,13.864,wenni d amezwaru yasuɛ inna asen s tidett necc ad awem iniɣ aqa ayt n ḍḍariba d temɣarin n farq ccɣeř ad awem izwaren ɣar tgeldit n arebbi minzi yuḥanna yusa dd ɣarwem deg webrid n t,/Users/mac/masterAI/tarifit_asr_tfm/data/processed/segments/REC114/REC114_SEG0021_PART01.wav
REC114_SEG0021_PART02,REC114,SPK009,data/processed/segments/REC114/REC114_SEG0021_PART02.wav,13.864,segda kenniw war zzayes tuminem maca ayt n ḍḍariba d temɣarin n farq ccɣeř aqa nitni umnen zzayes řami teẓrim man aya war tetubem ca ɣar uneggaru maḥend ad zzayes tamnem,/Users/mac/masterAI/tarifit_asr_tfm/data/processed/segments/REC114/REC114_SEG0021_PART02.wav
REC114_SEG0022,REC114,SPK009,data/processed/segments/REC114/REC114_SEG0022.wav,3.376,amedya n ixemmasen deg umarjuɛ n tzayart,/Users/mac/masterAI/tarifit_asr_tfm/data/processed/segments/REC114/REC114_SEG0022.wav
REC114_SEG0023_PART01,REC114,SPK009,data/processed/segments/REC114/REC114_SEG0023_PART01.wav,11.736,sřem ɛawed i yijj n umedya nneɣni tuɣa din ijj n weryaz bab n taddart igga ijj n umarjeɛ n uḍiř iẓẓu dayes tizayarin netta iquwwar as dd s,/Users/mac/masterAI/tarifit_asr_tfm/data/processed/segments/REC114/REC114_SEG0023_PART01.wav
REC114_SEG0023_PART02,REC114,SPK009,data/processed/segments/REC114/REC114_SEG0023_PART02.wav,11.736,yijj n wefray iɣza dayes tasirt n uḍiř uca ibna dayes ict n ṣṣumɛet xenni yarhen amarjeɛ nni n uḍiř i ca n ixemmasen uca isafar,/Users/mac/masterAI/tarifit_asr_tfm/data/processed/segments/REC114/REC114_SEG0023_PART02.wav
REC114_SEG0024,REC114,SPK009,data/processed/segments/REC114/REC114_SEG0024.wav,9.072,umi dd tiweḍ řweqt n ṣṣabet n řɣiǧet issekk imsexxaren nnes ɣar ixemmasen nni ḥima ad dd awyen řɣiǧet nnes,/Users/mac/masterAI/tarifit_asr_tfm/data/processed/segments/REC114/REC114_SEG0024.wav
REC114_SEG0025_PART01,REC114,SPK009,data/processed/segments/REC114/REC114_SEG0025_PART01.wav,13.32,ixemmasen ṭṭfen imsexxaren nnes wtin ijjen nɣin nneɣni uca arejmen ɛawed ijjen nneɣni ɛawed issekk imsexxaren nneɣni ktar zeg umezwaru uca,/Users/mac/masterAI/tarifit_asr_tfm/data/processed/segments/REC114/REC114_SEG0025_PART01.wav
REC114_SEG0025_PART02,REC114,SPK009,data/processed/segments/REC114/REC114_SEG0025_PART02.wav,13.32,ggin daysen ɛawed amenni ɣar uneggar issekk asen dd mmis inna nican ad weqqaren mmi maca řami ẓrin ixemmasen mmis nnan jar asen aqa d awrit,/Users/mac/masterAI/tarifit_asr_tfm/data/processed/segments/REC114/REC114_SEG0025_PART02.wav
REC114_SEG0026,REC114,SPK009,data/processed/segments/REC114/REC114_SEG0026.wav,8.752,zidem ad t neneɣ ad as nekkes řwart i neccin ṭṭfen t nḍaren t barra i umarjeɛ n uḍiř uca nɣin t,/Users/mac/masterAI/tarifit_asr_tfm/data/processed/segments/REC114/REC114_SEG0026.wav
REC114_SEG0027,REC114,SPK009,data/processed/segments/REC114/REC114_SEG0027.wav,19.6,mařa yusa dd bab n umarjeɛ nni min ɣa yegg deg ixemmasen nni nnan as ad yareddeǧ iɛeffanen nni qaɛ uca ad iwc amarjeɛ n uḍiř i ixemmasen nneɣni inni d as i ɣa iwcen řɣiǧet di řweqt nnes yasuɛ inna asen ma war teɣrim ɛemmarṣ deg idlisen,/Users/mac/masterAI/tarifit_asr_tfm/data/processed/segments/REC114/REC114_SEG0027.wav
REC114_SEG0028,REC114,SPK009,data/processed/segments/REC114/REC114_SEG0028.wav,12.24,aẓru i iɛiffen ibennayen aqa idweř d aẓru azeǧif n teɣmart manaya it wag zi sidi aqqat ijjen ḥajjet s ṭebhet tiṭṭawin nneɣ,/Users/mac/masterAI/tarifit_asr_tfm/data/processed/segments/REC114/REC114_SEG0028.wav
REC114_SEG0029,REC114,SPK009,data/processed/segments/REC114/REC114_SEG0029.wav,9.808,s uyenni ad awem iniɣ belli tageldit n arebbi ad awem tettwakkes uca ad temmewc i yijj n řgens i ɣa iwcen řɣiǧet nnes,/Users/mac/masterAI/tarifit_asr_tfm/data/processed/segments/REC114/REC114_SEG0029.wav
REC114_SEG0030,REC114,SPK009,data/processed/segments/REC114/REC114_SEG0030.wav,19.924,wi ɣa iwḍan x weẓru ya ad ittwařbez u wi xef i ɣa iwḍa ad t iřbez řami sřin imeqqranen n ikehhanen d ifarisiyyen imedya nnes fehmen belli issawař xasen arezzun ad t ṭṭfen maca ggʷeden zi řɣaci minzi řɣaci tuɣa iḥesseb i t d ijj n unabi,/Users/mac/masterAI/tarifit_asr_tfm/data/processed/segments/REC114/REC114_SEG0030.wav
REC115_SEG0001,REC115,SPK009,data/processed/segments/REC115/REC115_SEG0001.wav,3.312,amedya x inni ittwaɛarḍen ɣar wurar,/Users/mac/masterAI/tarifit_asr_tfm/data/processed/segments/REC115/REC115_SEG0001.wav
REC115_SEG0002,REC115,SPK009,data/processed/segments/REC115/REC115_SEG0002.wav,18.448,iṭṭef yasuɛ ɛawed deg wawař uca issiweř akidsen ɛawed s imedya inna tageldit n ijenwan am yijj n weryaz ijj n ujeǧid igga urar i mmis issekk dd imsexxaren nnes ḥima ad řaɣan x yinni ittwaɛarḍen ɣar wurar maca ugin ad dd asen,/Users/mac/masterAI/tarifit_asr_tfm/data/processed/segments/REC115/REC115_SEG0002.wav
REC115_SEG0003,REC115,SPK009,data/processed/segments/REC115/REC115_SEG0003.wav,15.312,ɛawed issekk dd imsexxaren nneɣni inna inim i yinni ittwaɛarḍen aqa sswejdeɣ awem amecři ɣarṣeɣ i iyenduzen inu d řmař inu iṣeḥḥen aqa marra iwjed asem dd ɣar wurar,/Users/mac/masterAI/tarifit_asr_tfm/data/processed/segments/REC115/REC115_SEG0003.wav
REC115_SEG0004,REC115,SPK009,data/processed/segments/REC115/REC115_SEG0004.wav,14.128,nitni maca war wcin ca taynit i man aya ruḥen ijjen ɣar řeɛraṣi nnes u wenneɣni ɣar ttijara nnes inni iqqimen ṭṭfen imsexxaren nnes ɣezzan daysen uca nɣin ten,/Users/mac/masterAI/tarifit_asr_tfm/data/processed/segments/REC115/REC115_SEG0004.wav
REC115_SEG0005,REC115,SPK009,data/processed/segments/REC115/REC115_SEG0005.wav,10.512,řami isřa ujeǧid man aya ixeyyeq aṭṭas issekk dd řɛeskar nnes uca yareyyeb iqettařen nni uca issecmeḍ tandint nsen,/Users/mac/masterAI/tarifit_asr_tfm/data/processed/segments/REC115/REC115_SEG0005.wav
REC115_SEG0006,REC115,SPK009,data/processed/segments/REC115/REC115_SEG0006.wav,15.216,xenni inna i imsexxaren nnes aqa urar iwjed maca inni tuɣa ittwaɛarḍen war t sdihiǧen ca s uya uyurem ɣar mani ttemsebḍan ibriden řaɣam dd x marra inni i ɣa tafem din ɣar wurar,/Users/mac/masterAI/tarifit_asr_tfm/data/processed/segments/REC115/REC115_SEG0006.wav
REC115_SEG0007_PART01,REC115,SPK009,data/processed/segments/REC115/REC115_SEG0007_PART01.wav,11.72,xenni ffɣen dd imsexxaren nni ɣar ibriden uca ssmunen marra inni ufin am yiṣebḥanen am yiɛeffanen uca amcan n wurar tedweř teccur s inewjiwen i iqqimen,/Users/mac/masterAI/tarifit_asr_tfm/data/processed/segments/REC115/REC115_SEG0007_PART01.wav
REC115_SEG0007_PART02,REC115,SPK009,data/processed/segments/REC115/REC115_SEG0007_PART02.wav,11.72,dinni řami dd yudef ujeǧid maḥend ad iẓar inewjiwen nni iqqimen dinni iḥekkar i yijj n bnadem war yarḍ ca arruḍ n wurar inna as a ameddukkeř inu,/Users/mac/masterAI/tarifit_asr_tfm/data/processed/segments/REC115/REC115_SEG0007_PART02.wav
REC115_SEG0008_PART01,REC115,SPK009,data/processed/segments/REC115/REC115_SEG0008_PART01.wav,11.512,mammec dd tudfed danita břa arruḍ n wurar maca netta idweř ignu xenni inna ujeǧid i imsexxaren carfem t s ifassen d iḍaren uca nḍarem,/Users/mac/masterAI/tarifit_asr_tfm/data/processed/segments/REC115/REC115_SEG0008_PART01.wav
REC115_SEG0008_PART02,REC115,SPK009,data/processed/segments/REC115/REC115_SEG0008_PART02.wav,11.512,t barra ɣar uneggar n taǧest mani ɣa iřin imeṭṭawen d uɣezzi n teɣmas minzi aqa din aṭṭas inni ittwařaɣan maca drus inni ittwafarzen,/Users/mac/masterAI/tarifit_asr_tfm/data/processed/segments/REC115/REC115_SEG0008_PART02.wav
REC115_SEG0009,REC115,SPK009,data/processed/segments/REC115/REC115_SEG0009.wav,2.288,aseqsi x ḍḍariba i qayṣar,/Users/mac/masterAI/tarifit_asr_tfm/data/processed/segments/REC115/REC115_SEG0009.wav
REC115_SEG0010_PART01,REC115,SPK009,data/processed/segments/REC115/REC115_SEG0010_PART01.wav,13.896,xenni ruḥen ifarisiyyen mcawaren meḥend ad as ggen ijj n řfex di ssibbet n wawařen nnes ssekken ɣares imeḥḍaren nsen ak d inni zi taddart n hirudus nnan a amseɣɣar aqa nessen be,/Users/mac/masterAI/tarifit_asr_tfm/data/processed/segments/REC115/REC115_SEG0010_PART01.wav
REC115_SEG0010_PART02,REC115,SPK009,data/processed/segments/REC115/REC115_SEG0010_PART02.wav,13.896,lli cek d tidett tesseřmaded abrid n arebbi s tidett nhřa ma tesseřqid uřa x yijj minzi cek war tqebřed ca řxezřat ɣar iɣenbab n iwdan iwa ini aneɣ mammec i twařid cek,/Users/mac/masterAI/tarifit_asr_tfm/data/processed/segments/REC115/REC115_SEG0010_PART02.wav
REC115_SEG0011,REC115,SPK009,data/processed/segments/REC115/REC115_SEG0011.wav,4.656,ma iḥeqq ɛlaḥsab ccariɛa ad tettwaxeǧeṣ ḍḍariba i qayṣar niɣ lla,/Users/mac/masterAI/tarifit_asr_tfm/data/processed/segments/REC115/REC115_SEG0011.wav
REC115_SEG0012_PART01,REC115,SPK009,data/processed/segments/REC115/REC115_SEG0012_PART01.wav,12.712,maca yasuɛ issen taḥraymect nsen uca inna mayemmi d ayi tettjarrabem kenniw a imnafqen seccnem ayi ijj n uqiyya n dinar n ḍḍariba x kuř azeǧif iwyen as dd,/Users/mac/masterAI/tarifit_asr_tfm/data/processed/segments/REC115/REC115_SEG0012_PART01.wav
REC115_SEG0012_PART02,REC115,SPK009,data/processed/segments/REC115/REC115_SEG0012_PART02.wav,12.712,ijj n dinar xenni inna asen wi yiřan taṣwirt a d tira ya nnan as n qayṣar xenni inna asen wcem i qayṣar min iǧan i qayṣar u i arebbi min iǧan i arebbi,/Users/mac/masterAI/tarifit_asr_tfm/data/processed/segments/REC115/REC115_SEG0012_PART02.wav
REC115_SEG0013,REC115,SPK009,data/processed/segments/REC115/REC115_SEG0013.wav,4.528,řami sřin man aya tbehten semḥen dayes uca ruḥen,/Users/mac/masterAI/tarifit_asr_tfm/data/processed/segments/REC115/REC115_SEG0013.wav
REC115_SEG0014,REC115,SPK009,data/processed/segments/REC115/REC115_SEG0014.wav,2.832,aseqsi n iṣaduqiyyen x tnukra,/Users/mac/masterAI/tarifit_asr_tfm/data/processed/segments/REC115/REC115_SEG0014.wav
REC115_SEG0015_PART01,REC115,SPK009,data/processed/segments/REC115/REC115_SEG0015_PART01.wav,10.584,deg wass nni usin dd ɣares iṣaduqiyyen qqaren as aqa war din bu tnukra uca sseqsan t nnan as a amseɣɣar musa aqa,/Users/mac/masterAI/tarifit_asr_tfm/data/processed/segments/REC115/REC115_SEG0015_PART01.wav
REC115_SEG0015_PART02,REC115,SPK009,data/processed/segments/REC115/REC115_SEG0015_PART02.wav,10.584,inna mařa immut ḥed war dd yejji bu tarwa ittxeṣṣa i umas ad imřec ak d temɣart nnes ad kides dd yejj aḥenjir i umas,/Users/mac/masterAI/tarifit_asr_tfm/data/processed/segments/REC115/REC115_SEG0015_PART02.wav
REC115_SEG0016,REC115,SPK009,data/processed/segments/REC115/REC115_SEG0016.wav,19.312,tuɣa ɣarneɣ sebɛa n wawmaten amezwaru imřec immut umi war dd yejji ca tarwa aqa ijja tamɣart nnes i umas ammu i immut uřa d wenni wiss tnayen d wiss třata ař wenni wiss sebɛa ɣar uneggaru nsen marra temmut temɣart,/Users/mac/masterAI/tarifit_asr_tfm/data/processed/segments/REC115/REC115_SEG0016.wav
REC115_SEG0017,REC115,SPK009,data/processed/segments/REC115/REC115_SEG0017.wav,7.248,i man wen zzaysen i ɣa tiři temɣart di tnukra minzi tuɣa tamɣart nsen marra,/Users/mac/masterAI/tarifit_asr_tfm/data/processed/segments/REC115/REC115_SEG0017.wav
REC115_SEG0018,REC115,SPK009,data/processed/segments/REC115/REC115_SEG0018.wav,9.296,yasuɛ yarra dd inna asen aqa kenniw tweddarem minzi war tessinem ca tira iqeddsen uřa d jjehd n arebbi,/Users/mac/masterAI/tarifit_asr_tfm/data/processed/segments/REC115/REC115_SEG0018.wav
REC115_SEG0019_PART01,REC115,SPK009,data/processed/segments/REC115/REC115_SEG0019_PART01.wav,14.408,minzi di tnukra war ttiwyen nitni timɣarin u timɣarin war ttiřint i yeryazen maca ad iřin am lmalakat n arebbi deg ujenna maca zi jjihet n tnukra,/Users/mac/masterAI/tarifit_asr_tfm/data/processed/segments/REC115/REC115_SEG0019_PART01.wav
REC115_SEG0019_PART02,REC115,SPK009,data/processed/segments/REC115/REC115_SEG0019_PART02.wav,14.408,jar imettinen ma war teɣrim ca min d awem inna arebbi i iqqaren aqa necc d arebbi n ibrahim arebbi n isḥaq arebbi n yaɛqub arebbi war iǧi d arebbi n imettinen maca n yinni iddaren,/Users/mac/masterAI/tarifit_asr_tfm/data/processed/segments/REC115/REC115_SEG0019_PART02.wav
REC115_SEG0020,REC115,SPK009,data/processed/segments/REC115/REC115_SEG0020.wav,4.848,řami sřin řɣaci man aya tbehten deg useřmed nnes,/Users/mac/masterAI/tarifit_asr_tfm/data/processed/segments/REC115/REC115_SEG0020.wav
REC115_SEG0021,REC115,SPK009,data/processed/segments/REC115/REC115_SEG0021.wav,1.84,tawṣeyyet tameqqrant,/Users/mac/masterAI/tarifit_asr_tfm/data/processed/segments/REC115/REC115_SEG0021.wav
REC115_SEG0022_PART01,REC115,SPK009,data/processed/segments/REC115/REC115_SEG0022_PART01.wav,14.536,řami sřin ifarisiyyen belli netta ibelleɛ aqemmum n iṣaduqiyyen munen jar asen ijjen zzaysen ijjen wenni issnen ccariɛa mliḥ isseqsa t ḥima ad t ijarreb a amseɣɣar man tawṣeyyet i iǧan d,/Users/mac/masterAI/tarifit_asr_tfm/data/processed/segments/REC115/REC115_SEG0022_PART01.wav
REC115_SEG0022_PART02,REC115,SPK009,data/processed/segments/REC115/REC115_SEG0022_PART02.wav,14.536,tameqqrant di ccariɛa inna as yasuɛ ad texsed sidi arebbi nnec s marra wuř nnec s marra řeɛmar nnec s marra jjehd nnec u s marra řeɛqeř nnec d ta d tawṣeyyet tameqqrant d tamezwarut,/Users/mac/masterAI/tarifit_asr_tfm/data/processed/segments/REC115/REC115_SEG0022_PART02.wav
REC115_SEG0023,REC115,SPK009,data/processed/segments/REC115/REC115_SEG0023.wav,12.56,tenni wiss tnayen tarwes dayes aqa nettat ad texsed jjar nnec amecnaw ixef nnec x tnayen n tweṣṣa ya tettwabna marra ccariɛa d inabiyyen,/Users/mac/masterAI/tarifit_asr_tfm/data/processed/segments/REC115/REC115_SEG0023.wav
REC115_SEG0024,REC115,SPK009,data/processed/segments/REC115/REC115_SEG0024.wav,3.536,yasuɛ isseqsa ifarisiyyen x mmis n dawud,/Users/mac/masterAI/tarifit_asr_tfm/data/processed/segments/REC115/REC115_SEG0024.wav
REC115_SEG0025_PART01,REC115,SPK009,data/processed/segments/REC115/REC115_SEG0025_PART01.wav,14.28,am tuɣa munen ifarisiyyen isseqsa ten yasuɛ inna min teqqarem x lmasiḥ umi igga mmis nnan as mmis n dawud inna asen mammec i ɣa yegg dawud ad as isemma zi arruḥ,/Users/mac/masterAI/tarifit_asr_tfm/data/processed/segments/REC115/REC115_SEG0025_PART01.wav
REC115_SEG0025_PART02,REC115,SPK009,data/processed/segments/REC115/REC115_SEG0025_PART02.wav,14.28,sidi am iqqar sidi inna i sidi inu qqim dd x ufusi inu ař ɣa ggeɣ řɛedyan nnec sadu iḍaren nnec mařa dawud iřaɣa as sidi mammec ɣa yiři d mmis,/Users/mac/masterAI/tarifit_asr_tfm/data/processed/segments/REC115/REC115_SEG0025_PART02.wav
REC115_SEG0026,REC115,SPK009,data/processed/segments/REC115/REC115_SEG0026.wav,8.464,uřa d ijjen war izemmar ad xas dd yarr u uřa d ijj war iqqim izeɛɛem ittseqsa t ca ɛad zeg wass nni,/Users/mac/masterAI/tarifit_asr_tfm/data/processed/segments/REC115/REC115_SEG0026.wav
REC116_SEG0001,REC116,SPK009,data/processed/segments/REC116/REC116_SEG0001.wav,4.304,awařen iqesḥen x imseřmaden n ccariɛa d ifarisiyyen,/Users/mac/masterAI/tarifit_asr_tfm/data/processed/segments/REC116/REC116_SEG0001.wav
REC116_SEG0002_PART01,REC116,SPK009,data/processed/segments/REC116/REC116_SEG0002_PART01.wav,11.352,řexdenni issiweř yasuɛ ak d řɣaci u ak d imeḥḍaren nnes inna imseřmaden n idlisen d ifarisiyyen ssɣimen simant nsen x řkursi n musa s uya marra,/Users/mac/masterAI/tarifit_asr_tfm/data/processed/segments/REC116/REC116_SEG0002_PART01.wav
REC116_SEG0002_PART02,REC116,SPK009,data/processed/segments/REC116/REC116_SEG0002_PART02.wav,11.352,min d awem qqaren maḥend ad dayes tcebbarem ggem t maca war tteggem ɛlaḥsab řexdayem nsen minzi nitni waxxa qqaren t war t tteggen maca,/Users/mac/masterAI/tarifit_asr_tfm/data/processed/segments/REC116/REC116_SEG0002_PART02.wav
REC116_SEG0003,REC116,SPK009,data/processed/segments/REC116/REC116_SEG0003.wav,10.192,ttceddan řeḥmeř iḍeqřen ssrusan ten x tɣardin n iwdan maca nitni s yixef nsen war xsen ad ten ssenhezzen uřa s yijj n uḍaḍ,/Users/mac/masterAI/tarifit_asr_tfm/data/processed/segments/REC116/REC116_SEG0003.wav
REC116_SEG0004_PART01,REC116,SPK009,data/processed/segments/REC116/REC116_SEG0004_PART01.wav,12.632,marra řexdayem nsen i itteggen tteggen tent ḥima ad ten ẓaren iwdan minzi nitni tteggen tiḥezzanin nsen n tẓaǧit d imiriwen uca ticrurin i iǧan,/Users/mac/masterAI/tarifit_asr_tfm/data/processed/segments/REC116/REC116_SEG0004_PART01.wav
REC116_SEG0004_PART02,REC116,SPK009,data/processed/segments/REC116/REC116_SEG0004_PART02.wav,12.632,ɣar ubeḥřuř n řkacni n tẓaǧit nsen ggin tent d timeqqranin nitni ttexsen imucan iṣebḥen ɣar řefruḥ u řekrasi iṣebḥen di temzidawin,/Users/mac/masterAI/tarifit_asr_tfm/data/processed/segments/REC116/REC116_SEG0004_PART02.wav
REC116_SEG0005_PART01,REC116,SPK009,data/processed/segments/REC116/REC116_SEG0005_PART01.wav,10.984,uřa d ssřam di řeswaq uca iɛjeb asen ad asen řaɣan iwdan a amseřmad inu maca kenniw war ttejjim ad awem řaɣan a amseřmad inu minzi,/Users/mac/masterAI/tarifit_asr_tfm/data/processed/segments/REC116/REC116_SEG0005_PART01.wav
REC116_SEG0005_PART02,REC116,SPK009,data/processed/segments/REC116/REC116_SEG0005_PART02.wav,10.984,amseřmad nwem d ijjen maca kenniw marra d awmaten war ttejjim ad awem řaɣan di temmurt a baba minzi babatwem i iǧan deg ijenwan d ijjen,/Users/mac/masterAI/tarifit_asr_tfm/data/processed/segments/REC116/REC116_SEG0005_PART02.wav
REC116_SEG0006_PART01,REC116,SPK009,data/processed/segments/REC116/REC116_SEG0006_PART01.wav,12.344,war ttejjim ad awem řaɣan imgewwaden minzi ijjen d wenni d amgewwad nwem aqa t d lmasiḥ maca ameqqran nwem ad yiři d amsexxar nwem wenni i ɣa issuɛ,/Users/mac/masterAI/tarifit_asr_tfm/data/processed/segments/REC116/REC116_SEG0006_PART01.wav
REC116_SEG0006_PART02,REC116,SPK009,data/processed/segments/REC116/REC116_SEG0006_PART02.wav,12.344,řan ixef nnes ad ittwassemẓi u wenni i ɣa issmeẓyen ixef nnes ad ittwassuɛřa uct xawem a kenniw imseřmaden n idlisen d ifarisiyyen kenniw a imnafqen,/Users/mac/masterAI/tarifit_asr_tfm/data/processed/segments/REC116/REC116_SEG0006_PART02.wav
REC116_SEG0007_PART01,REC116,SPK009,data/processed/segments/REC116/REC116_SEG0007_PART01.wav,13.608,kenniw tettettem tudrin n tijjař am tettarem tiwhibin di ṭṭweɛ n tẓaǧatin nwem tizirarin s uyenni ad teksim řḥukm d ameqqran uct xawem a kenniw imseřmaden n idlisen,/Users/mac/masterAI/tarifit_asr_tfm/data/processed/segments/REC116/REC116_SEG0007_PART01.wav
REC116_SEG0007_PART02,REC116,SPK009,data/processed/segments/REC116/REC116_SEG0007_PART02.wav,13.608,d ifarisiyyen kenniw a imnafqen kenniw tettbellɛem tageldit n ijenwan i iwdan minzi kenniw simant nwem war tt tettidfem uca inni yarezzun ad dd adfen war ten tettejjim ad dd adfen,/Users/mac/masterAI/tarifit_asr_tfm/data/processed/segments/REC116/REC116_SEG0007_PART02.wav
REC116_SEG0008_PART01,REC116,SPK009,data/processed/segments/REC116/REC116_SEG0008_PART01.wav,10.056,uct xawem a kenniw imseřmaden n idlisen d ifarisiyyen kenniw a imnafqen kenniw tekkem x řbarr u x řebḥar ḥima ad dd,/Users/mac/masterAI/tarifit_asr_tfm/data/processed/segments/REC116/REC116_SEG0008_PART01.wav
REC116_SEG0008_PART02,REC116,SPK009,data/processed/segments/REC116/REC116_SEG0008_PART02.wav,10.056,tarrem ijjen d amɛacar n ddin n wudayen u xmi i kidwem ɣa yiři tettarram t d mmis n jehennama d aɛeffan mahu x kenniw tnayen n tseqqar,/Users/mac/masterAI/tarifit_asr_tfm/data/processed/segments/REC116/REC116_SEG0008_PART02.wav
REC116_SEG0009,REC116,SPK009,data/processed/segments/REC116/REC116_SEG0009.wav,17.712,uct xawem a kenniw imgewwaden idarɣařen inni iqqaren wenni ijjuǧen ɣar zzawect tameqqrant aqa tajaǧit nnes war tessekkwi walu maca wenni i ɣa ijjuǧen s wureɣ i iǧan di zzawect tameqqrant aqa netta iqqen ɣar iřes nnes,/Users/mac/masterAI/tarifit_asr_tfm/data/processed/segments/REC116/REC116_SEG0009.wav
REC116_SEG0010,REC116,SPK009,data/processed/segments/REC116/REC116_SEG0010.wav,14.096,a ifɣař a idarɣařen min isekkwan ktar ureɣ niɣ zzawect tameqqrant tenni tessqeddes ureɣ uca ammu i teqqarem ɛawed wenni ijjuǧen ɣar uɛalṭar aqa tajaǧit nnes war tsekkwi walu,/Users/mac/masterAI/tarifit_asr_tfm/data/processed/segments/REC116/REC116_SEG0010.wav
REC116_SEG0011_PART01,REC116,SPK009,data/processed/segments/REC116/REC116_SEG0011_PART01.wav,13.928,maca wenni i ɣa ijjuǧen s tmewci i xas immarsen aqa netta iqqen ɣar iřes nnes a ifɣař a idarɣařen min isekkwan ktar tamewci niɣ aɛalṭar wenni iss,/Users/mac/masterAI/tarifit_asr_tfm/data/processed/segments/REC116/REC116_SEG0011_PART01.wav
REC116_SEG0011_PART02,REC116,SPK009,data/processed/segments/REC116/REC116_SEG0011_PART02.wav,13.928,qeddes tamewci s uya wi ɣa ijjaǧen xenni ɣar uɛalṭar aqa ijjuǧ ɣar uɛalṭar u ɣar marra min xas iǧan u wi ɣa ijjaǧen ɣar zzawect tameqqrant ijjuǧ ɣares u ɣar wenni dayes izeddɣen,/Users/mac/masterAI/tarifit_asr_tfm/data/processed/segments/REC116/REC116_SEG0011_PART02.wav
REC116_SEG0012,REC116,SPK009,data/processed/segments/REC116/REC116_SEG0012.wav,5.744,u wi ɣa ijjaǧen ɣar ujenna aqa ijjuǧ ɣar řɛarc n arebbi d wenni xas iqqimen,/Users/mac/masterAI/tarifit_asr_tfm/data/processed/segments/REC116/REC116_SEG0012.wav
REC116_SEG0013_PART01,REC116,SPK009,data/processed/segments/REC116/REC116_SEG0013_PART01.wav,11.848,uct xawem a kenniw imseřmaden n idlisen d ifarisiyyen kenniw a imnafqen minzi kenniw tetticem taɛcart n nneɛnaɛ d ssanuǧ d řcemmum,/Users/mac/masterAI/tarifit_asr_tfm/data/processed/segments/REC116/REC116_SEG0013_PART01.wav
REC116_SEG0013_PART02,REC116,SPK009,data/processed/segments/REC116/REC116_SEG0013_PART02.wav,11.848,maca war d awem icqi min iǧan d ameqqran di ccariɛa aqa řḥukm d arreḥmet d l iman ina i ittxeṣṣa ad teggem inneɣni,/Users/mac/masterAI/tarifit_asr_tfm/data/processed/segments/REC116/REC116_SEG0013_PART02.wav
REC116_SEG0014,REC116,SPK009,data/processed/segments/REC116/REC116_SEG0014.wav,6.48,a imgewwaden idarɣařen inni ifarrnen tizit maca tessɣeǧayem ařɣem,/Users/mac/masterAI/tarifit_asr_tfm/data/processed/segments/REC116/REC116_SEG0014.wav
REC116_SEG0015_PART01,REC116,SPK009,data/processed/segments/REC116/REC116_SEG0015_PART01.wav,12.808,uct xawem a kenniw imseřmaden n idlisen d ifarisiyyen kenniw a imnafqen minzi tessizdagem barra n aɣarraf d ṭṭebṣi maca ɣar daxeř t ccuren,/Users/mac/masterAI/tarifit_asr_tfm/data/processed/segments/REC116/REC116_SEG0015_PART01.wav
REC116_SEG0015_PART02,REC116,SPK009,data/processed/segments/REC116/REC116_SEG0015_PART02.wav,12.808,s tuccefra d min war iseggden a ifarisiyyen idarɣařen sizdegem amezwar daxeř n aɣarraf d ṭṭebṣi maḥend ad yiři izdig uřa min iǧan ɣar barra nsen,/Users/mac/masterAI/tarifit_asr_tfm/data/processed/segments/REC116/REC116_SEG0015_PART02.wav
REC116_SEG0016_PART01,REC116,SPK009,data/processed/segments/REC116/REC116_SEG0016_PART01.wav,13.928,uct xawem a kenniw imseřmaden n idlisen d ifarisiyyen kenniw a imnafqen minzi teggim am yimeḍřan inni ittwajiyyaren ttbanen d iṣebḥanen ɣar barra maca ɣar daxeř aqa ccuren s,/Users/mac/masterAI/tarifit_asr_tfm/data/processed/segments/REC116/REC116_SEG0016_PART01.wav
REC116_SEG0016_PART02,REC116,SPK009,data/processed/segments/REC116/REC116_SEG0016_PART02.wav,13.928,iɣsan n řxecbat u s marra řexmej amenni kenniw ɛawed aqa teḍharem d imseggaden qibac i iwdan maca ɣar daxeř aqa teccurem s řmuɛṣiyyet u s nnifaq,/Users/mac/masterAI/tarifit_asr_tfm/data/processed/segments/REC116/REC116_SEG0016_PART02.wav
REC116_SEG0017,REC116,SPK009,data/processed/segments/REC116/REC116_SEG0017.wav,12.816,uct xawem a kenniw imseřmaden n idlisen d ifarisiyyen kenniw a imnafqen minzi tbennam imeḍřan n inabiyyen u tzewwqem řqubbat n imeḍřan n imseggaden,/Users/mac/masterAI/tarifit_asr_tfm/data/processed/segments/REC116/REC116_SEG0017.wav
REC116_SEG0018_PART01,REC116,SPK009,data/processed/segments/REC116/REC116_SEG0018_PART01.wav,14.008,teqqarem mři tuɣa neǧa deg wussan n řejdud nneɣ ad yiři war ncarrec deg usizzeř n idammen n inabiyyen s uya tcehhdem x yixef nwem belli kenniw d tarwa n yinni inɣin,/Users/mac/masterAI/tarifit_asr_tfm/data/processed/segments/REC116/REC116_SEG0018_PART01.wav
REC116_SEG0018_PART02,REC116,SPK009,data/processed/segments/REC116/REC116_SEG0018_PART02.wav,14.008,inabiyyen iwa kemmřem kenniw xenni uřa řeqyas n min ggin řejdud nwem a iřefsawen tarwa n ifiɣran mammec ɣa teggem ad tettwassnejmem zi řḥukm n tmessi n jehennama,/Users/mac/masterAI/tarifit_asr_tfm/data/processed/segments/REC116/REC116_SEG0018_PART02.wav
REC116_SEG0019,REC116,SPK009,data/processed/segments/REC116/REC116_SEG0019.wav,6.608,s uyenni xzarem necc ad ɣarwem dd ssekkeɣ inabiyyen d imiɣisen d imseřmaden n idlisen,/Users/mac/masterAI/tarifit_asr_tfm/data/processed/segments/REC116/REC116_SEG0019.wav
REC116_SEG0020_PART01,REC116,SPK009,data/processed/segments/REC116/REC116_SEG0020_PART01.wav,12.028,ca zzaysen ad ten tenɣem ca zzaysen ad ten tṣellbem u ca zzaysen ad ten thettkem s urekkuḍ di temzidawin nwem uca ad xasen taẓẓřem zi tendint,/Users/mac/masterAI/tarifit_asr_tfm/data/processed/segments/REC116/REC116_SEG0020_PART01.wav
REC116_SEG0020_PART02,REC116,SPK009,data/processed/segments/REC116/REC116_SEG0020_PART02.wav,12.028,ɣar tendint nneɣni ařami ad xawem iřin marra idammen iseggden i issizzřen x temmurt zeg idammen n habil amseggad ař idammen n zakariyya,/Users/mac/masterAI/tarifit_asr_tfm/data/processed/segments/REC116/REC116_SEG0020_PART02.wav
REC116_SEG0021,REC116,SPK009,data/processed/segments/REC116/REC116_SEG0021.wav,10.808,mmis n birixya i tenɣim jar zzawect tameqqrant d uɛalṭar s tidett necc ad awem iniɣ marra timesřayin a ad dd asent x jjiř a,/Users/mac/masterAI/tarifit_asr_tfm/data/processed/segments/REC116/REC116_SEG0021.wav
REC116_SEG0023,REC116,SPK009,data/processed/segments/REC116/REC116_SEG0023.wav,1.488,a urcalim,/Users/mac/masterAI/tarifit_asr_tfm/data/processed/segments/REC116/REC116_SEG0023.wav
REC116_SEG0024_PART01,REC116,SPK009,data/processed/segments/REC116/REC116_SEG0024_PART01.wav,14.791,a urcalim cem i ineqqen inabiyyen u yarejjmen inni d am dd ittwassekken mecḥař tuɣa xseɣ ad ssmuneɣ tarwa nnem amacnaw yict n tyaẓiḍt tegga ifiǧusen nnes sadu afriwen nnes,/Users/mac/masterAI/tarifit_asr_tfm/data/processed/segments/REC116/REC116_SEG0024_PART01.wav
REC116_SEG0024_PART02,REC116,SPK009,data/processed/segments/REC116/REC116_SEG0024_PART02.wav,14.791,maca kenniw tuɣa war tettexsem xzar taddart nwem ad tettwajj i cem d řxarbet minzi necc ad awem iniɣ kenniw war d ayi tẓarrem ař ɣa tinim damimuni wenni dd yusin s yisem n sidi,/Users/mac/masterAI/tarifit_asr_tfm/data/processed/segments/REC116/REC116_SEG0024_PART02.wav
REC117_SEG0002,REC117,SPK009,data/processed/segments/REC117/REC117_SEG0002.wav,13.296,xenni yuyar yasuɛ iffeɣ zi zzawect tameqqrant usin dd ɣares imeḥḍaren nnes hima ad asecnen řebniyyat n zzawect tameqqrant inna sen yasuɛ ma wartezrim marra man aya,/Users/mac/masterAI/tarifit_asr_tfm/data/processed/segments/REC117/REC117_SEG0002.wav
REC117_SEG0003_PART01,REC117,SPK009,data/processed/segments/REC117/REC117_SEG0003_PART01.wav,10.568,s tidett necc ad awem iniɣ war da ittɣimi uřa d ijj n weẓru x weẓru nneɣni i war ittnehdim umi tuɣa yasuɛ iqqim x wedrar n zzitun usin dd,/Users/mac/masterAI/tarifit_asr_tfm/data/processed/segments/REC117/REC117_SEG0003_PART01.wav
REC117_SEG0003_PART02,REC117,SPK009,data/processed/segments/REC117/REC117_SEG0003_PART02.wav,10.568,imeḥḍaren nnes tuɣa ttemsawařan nnan as ini aneɣ meřmi i ɣa imsar aya u man řeɛřamet n twasit nnec u n qeṭṭu n ddunect,/Users/mac/masterAI/tarifit_asr_tfm/data/processed/segments/REC117/REC117_SEG0003_PART02.wav
REC117_SEG0004,REC117,SPK009,data/processed/segments/REC117/REC117_SEG0004.wav,12.08,yasuɛ yarra dd inna asen ḥḍam ixef nwem war kenniw ixeddeɛ ḥed minzi aṭṭas ad dd asen s yisem inu ad inin aqa necc d lmasiḥ uca ad xedɛen aṭṭas,/Users/mac/masterAI/tarifit_asr_tfm/data/processed/segments/REC117/REC117_SEG0004.wav
REC117_SEG0005_PART01,REC117,SPK009,data/processed/segments/REC117/REC117_SEG0005_PART01.wav,11.032,uca ad tesřem x garrat u x řexburat n imenɣan ɣarwem aqa ad teggʷedem minzi s uɣiř ad yiři man aya maca war ittiři ɛad d aneggar,/Users/mac/masterAI/tarifit_asr_tfm/data/processed/segments/REC117/REC117_SEG0005_PART01.wav
REC117_SEG0005_PART02,REC117,SPK009,data/processed/segments/REC117/REC117_SEG0005_PART02.wav,11.032,minzi řgens ad iɣewweɣ x ijj n řgens nneɣni u tageldit x tgeldit nneɣni ad yiři řaẓ d řehřacat yewɛaren d inhezzan n temmurt da d diha,/Users/mac/masterAI/tarifit_asr_tfm/data/processed/segments/REC117/REC117_SEG0005_PART02.wav
REC117_SEG0006,REC117,SPK009,data/processed/segments/REC117/REC117_SEG0006.wav,14.096,maca marra man aya d beddu n řewjeɛ n tarut xenni ad kenniw dd awyen ɣar řmeḥnet uca ad kenniw nɣen u marra řegnus ad kenniw carhen zi ssibbet n yisem inu,/Users/mac/masterAI/tarifit_asr_tfm/data/processed/segments/REC117/REC117_SEG0006.wav
REC117_SEG0007,REC117,SPK009,data/processed/segments/REC117/REC117_SEG0007.wav,16.08,řexdenni ad nqarḍen waṭṭas ad carhen ijjen wenneɣni uca ad sellmen ijjen wenneɣni ad kkaren waṭṭas n inabiyyen issxarriqen uca ad ɣwan aṭṭas s waṭṭas n řmuɛṣiyyet ad tudrus tayri n waṭṭas n iwdan,/Users/mac/masterAI/tarifit_asr_tfm/data/processed/segments/REC117/REC117_SEG0007.wav
REC117_SEG0008,REC117,SPK009,data/processed/segments/REC117/REC117_SEG0008.wav,14.16,maca wi ɣa iṣbaren ɣar uneggar aqa netta ad iddar řexbar a aṣebḥan n tgeldit ad zzayes barrḥen di ddunect marra d cchadet i marra řegnus uca řexdenni ad dd yas uneggar,/Users/mac/masterAI/tarifit_asr_tfm/data/processed/segments/REC117/REC117_SEG0008.wav
REC117_SEG0009,REC117,SPK009,data/processed/segments/REC117/REC117_SEG0009.wav,19.664,xmi ɣa tẓarem řeɛřamet n nnɛi n wareyyeb min xef issiweř unabi daniyal deg wemcan iqeddsen ejj wenni t i ɣa iɣaren ad iften řexdenni jjem inni iǧan di yahudiyya ad arewřen ɣar idurar wenni iǧan x tzeqqa war dd ihekkwi ca ḥima ad iksi ca zi taddart nnes,/Users/mac/masterAI/tarifit_asr_tfm/data/processed/segments/REC117/REC117_SEG0009.wav
REC117_SEG0010,REC117,SPK009,data/processed/segments/REC117/REC117_SEG0010.wav,10.8,u wenni iǧan deg iyyar war dd iddikkʷiř ca ḥima ad dd yawi arruḍ nnes uct x tinni iǧan s ddeyset d tinni issuṭṭuḍen deg wussan nni,/Users/mac/masterAI/tarifit_asr_tfm/data/processed/segments/REC117/REC117_SEG0010.wav
REC117_SEG0011_PART01,REC117,SPK009,data/processed/segments/REC117/REC117_SEG0011_PART01.wav,11.64,ẓaǧem ḥima war tettiři tarewřa nwem di řmecta niɣ di ssebt minzi řexdenni ad tiři řmeḥnet tameqqrant i war imsaren ɛemmarṣ zeg wami teǧa ddunect ař i řexxu u,/Users/mac/masterAI/tarifit_asr_tfm/data/processed/segments/REC117/REC117_SEG0011_PART01.wav
REC117_SEG0011_PART02,REC117,SPK009,data/processed/segments/REC117/REC117_SEG0011_PART02.wav,11.64,ɛemmarṣ war tettiři ɛad mři ussan nni war ttwassmeẓyen xenni war ittwassenjem uřa d ijj n bnadem maca ussan nni ad ttwassmeẓyen di ṭṭweɛ n yinni ittwafarzen,/Users/mac/masterAI/tarifit_asr_tfm/data/processed/segments/REC117/REC117_SEG0011_PART02.wav
REC117_SEG0012,REC117,SPK009,data/processed/segments/REC117/REC117_SEG0012.wav,14.096,mařa inna awem ḥed xzarem aqa da lmasiḥ niɣ aqa t diha war t ttimnem minzi ad iřin imasiḥen issxarriqen d inabiyyen issxarriqen ad ggen řeɛřamat mɣarent ḥima,/Users/mac/masterAI/tarifit_asr_tfm/data/processed/segments/REC117/REC117_SEG0012.wav
REC117_SEG0013,REC117,SPK009,data/processed/segments/REC117/REC117_SEG0013.wav,17.008,mři zemmaren ad ɣwan ɛawed inni ittwaxdaren xzarem aqa nniɣ awem t qbeř mařa nnan awem xzarem netta aqa t di řexřa war ttriḥem ca din niɣ xzarem netta aqa t daxeř i wexxam,/Users/mac/masterAI/tarifit_asr_tfm/data/processed/segments/REC117/REC117_SEG0013.wav
REC117_SEG0014_PART01,REC117,SPK009,data/processed/segments/REC117/REC117_SEG0014_PART01.wav,13.096,war tt ttimnem minzi am wajjaj i dd itteffɣen zi ccarq uca ittegg tafawt ař řɣarb ammu i ɣa tiři twasit n mmis n bnadem mani ɣa tiři arrimet,/Users/mac/masterAI/tarifit_asr_tfm/data/processed/segments/REC117/REC117_SEG0014_PART01.wav
REC117_SEG0014_PART02,REC117,SPK009,data/processed/segments/REC117/REC117_SEG0014_PART02.wav,13.096,diha ad munen inḍiwen řexdenni awarni řmeḥnet n wussan nni ad tbarcen tfuct u taziri war tettic ɛad ṭṭya nnes u itran ad dd wḍan zeg ujenna,/Users/mac/masterAI/tarifit_asr_tfm/data/processed/segments/REC117/REC117_SEG0014_PART02.wav
REC117_SEG0015,REC117,SPK009,data/processed/segments/REC117/REC117_SEG0015.wav,3.568,u ṣṣulaṭat n ijenwan ad ttwanhezzent,/Users/mac/masterAI/tarifit_asr_tfm/data/processed/segments/REC117/REC117_SEG0015.wav
REC117_SEG0016,REC117,SPK009,data/processed/segments/REC117/REC117_SEG0016.wav,14.608,xenni ad dd teḍhar řeɛřamet n mmis n bnadem deg ujenna u marra tiqebbař n temmurt ad wtent agejdur uca ad ẓarent mmis n bnadem yusa dd x iseynuten s jjehd u s izřan usebbeḥ,/Users/mac/masterAI/tarifit_asr_tfm/data/processed/segments/REC117/REC117_SEG0016.wav
REC117_SEG0017,REC117,SPK009,data/processed/segments/REC117/REC117_SEG0017.wav,3.792,etta ad issekk lmalakat nnes s ijjen rbuq imɣar,/Users/mac/masterAI/tarifit_asr_tfm/data/processed/segments/REC117/REC117_SEG0017.wav
REC117_SEG0018_PART01,REC117,SPK009,data/processed/segments/REC117/REC117_SEG0018_PART01.wav,13.16,uca ad dd ssmunent inni ittwafarzen zi arebɛa n iɣezdisen n usemmiḍ zi ṭṭarf aneggaru n ijenwan ař wenneɣni řemdem zeg umedya n wartu xmi ɣa dewřen řefruɛ,/Users/mac/masterAI/tarifit_asr_tfm/data/processed/segments/REC117/REC117_SEG0018_PART01.wav
REC117_SEG0018_PART02,REC117,SPK009,data/processed/segments/REC117/REC117_SEG0018_PART02.wav,13.16,nnes d iřeqqaɣen ad dd ssuffɣen tifray ad tessnem aqa anebdu yudes dd ammu ɛawed kenniw xmi ɣa tẓarem marra man aya ad tessnem aqa yudes dd ɣar tewwart,/Users/mac/masterAI/tarifit_asr_tfm/data/processed/segments/REC117/REC117_SEG0018_PART02.wav
REC117_SEG0019,REC117,SPK009,data/processed/segments/REC117/REC117_SEG0019.wav,6.16,s tidett necc ad awem iniɣ jjiř a war iɛeddu ař ɣa imsar man aya marra,/Users/mac/masterAI/tarifit_asr_tfm/data/processed/segments/REC117/REC117_SEG0019.wav
REC117_SEG0020,REC117,SPK009,data/processed/segments/REC117/REC117_SEG0020.wav,5.488,ajenna d temmurt ad ɛdun maca awařen inu war ɛeddun ɛemmarṣ,/Users/mac/masterAI/tarifit_asr_tfm/data/processed/segments/REC117/REC117_SEG0020.wav
REC117_SEG0022,REC117,SPK009,data/processed/segments/REC117/REC117_SEG0022.wav,10.0,maca xwa ssenni niɣ x tsaɛɛet nni war xas issin uřa d ijj uřa d lmalakat n ijenwan mɣir tbabat weḥḥdes,/Users/mac/masterAI/tarifit_asr_tfm/data/processed/segments/REC117/REC117_SEG0022.wav
REC117_SEG0023_PART01,REC117,SPK009,data/processed/segments/REC117/REC117_SEG0023_PART01.wav,13.928,am mammec tuɣa iǧa deg wussan n nuḥ ammu i ɣa tiři ɣar twasit n mmis n bnadem minzi am mammec ten tuɣa deg wussan qbeř ṭṭufan ttetten sessen meǧcen u ssme,/Users/mac/masterAI/tarifit_asr_tfm/data/processed/segments/REC117/REC117_SEG0023_PART01.wav
REC117_SEG0023_PART02,REC117,SPK009,data/processed/segments/REC117/REC117_SEG0023_PART02.wav,13.928,ǧacen ař ass i di yudef nuḥ ɣar uɣarrabu uca war ucin walu ařami dd yusa ṭṭufan imḥa i ten marra ammu i ɣa tiři ɣar twasit n mmis n bnadem,/Users/mac/masterAI/tarifit_asr_tfm/data/processed/segments/REC117/REC117_SEG0023_PART02.wav
REC117_SEG0024_PART01,REC117,SPK009,data/processed/segments/REC117/REC117_SEG0024_PART01.wav,10.008,di řweqt nni ad iřin tnayen deg iyyar ijjen ad t ksin u wenneɣni ad t jjen tnayen n temɣarin ad ḥaryent s tsirt,/Users/mac/masterAI/tarifit_asr_tfm/data/processed/segments/REC117/REC117_SEG0024_PART01.wav
REC117_SEG0024_PART02,REC117,SPK009,data/processed/segments/REC117/REC117_SEG0024_PART02.wav,10.008,icten ad tt ksin u tenneɣni ad tt jjen s uya ḥḍam minzi war tessinem ca di man tasaɛɛet i dd ɣa yas siditwem,/Users/mac/masterAI/tarifit_asr_tfm/data/processed/segments/REC117/REC117_SEG0024_PART02.wav
REC117_SEG0025_PART01,REC117,SPK009,data/processed/segments/REC117/REC117_SEG0025_PART01.wav,11.24,maca ssnem aya mařa bab n taddart issen di man ḥeṭṭu n ǧiřet i dd ɣa yas uceffar iři iqqim iḥeṭṭa war t ittejji,/Users/mac/masterAI/tarifit_asr_tfm/data/processed/segments/REC117/REC117_SEG0025_PART01.wav
REC117_SEG0025_PART02,REC117,SPK009,data/processed/segments/REC117/REC117_SEG0025_PART02.wav,11.24,ad yadef ɣar taddart nnes s uyenni iřim twejdem minzi mmis n bnadem ad dd yas deg ict n tsaɛɛet war tt tettrijim,/Users/mac/masterAI/tarifit_asr_tfm/data/processed/segments/REC117/REC117_SEG0025_PART02.wav
REC117_SEG0026,REC117,SPK009,data/processed/segments/REC117/REC117_SEG0026.wav,4.112,x wi iǧan d amsexxar amtiqqi d amiɣis,/Users/mac/masterAI/tarifit_asr_tfm/data/processed/segments/REC117/REC117_SEG0026.wav
REC117_SEG0027,REC117,SPK009,data/processed/segments/REC117/REC117_SEG0027.wav,10.32,wi iǧan xenni d amsexxar amtiqqi d amiɣis i igga bab nnes ḥima ad ibḍa x imsexxaren nnes min ɣa ccen di řweqt nnes,/Users/mac/masterAI/tarifit_asr_tfm/data/processed/segments/REC117/REC117_SEG0027.wav
REC117_SEG0028_PART01,REC117,SPK009,data/processed/segments/REC117/REC117_SEG0028_PART01.wav,10.968,sseɛd n umsexxar wenni i ɣa yafen sidis iřha ammu xmi dd ɣa yas s tidett necc ad awem iniɣ ad t igg x marra agřa nnes maca,/Users/mac/masterAI/tarifit_asr_tfm/data/processed/segments/REC117/REC117_SEG0028_PART01.wav
REC117_SEG0028_PART02,REC117,SPK009,data/processed/segments/REC117/REC117_SEG0028_PART02.wav,10.968,mařa amsexxar aɛeffan nni ad yini deg wuř nnes sidi inu iɛeṭṭař maḥend ad dd yas uca ibda iccat imsexxaren imɛacaren nni ikides idjjan,/Users/mac/masterAI/tarifit_asr_tfm/data/processed/segments/REC117/REC117_SEG0028_PART02.wav
REC117_SEG0029,REC117,SPK009,data/processed/segments/REC117/REC117_SEG0029.wav,19.76,ad icc ad isu ak d imeskaren xenni ad dd yas sidis n umsexxar nni deg ijj n wass i di war t ittriji u deg ict n tsaɛɛet war tt issin ad t iqess d iwetwiten uca ad tiři tesɣart nnes ak d imnafqen din i ɣa yiřin imeṭṭawen d uɣezzi n teɣmas,/Users/mac/masterAI/tarifit_asr_tfm/data/processed/segments/REC117/REC117_SEG0029.wav
REC118_SEG0001,REC118,SPK009,data/processed/segments/REC118/REC118_SEG0001.wav,2.352,amedya n ɛecra n teɛzariyyin,/Users/mac/masterAI/tarifit_asr_tfm/data/processed/segments/REC118/REC118_SEG0001.wav
REC118_SEG0002_PART01,REC118,SPK009,data/processed/segments/REC118/REC118_SEG0002_PART01.wav,13.368,xenni ad tiři tgeldit n ijenwan amecnaw ɛecra n teɛzariyyin iwyent řefnarat nsent ffɣent ḥima ad mmeřqent ak d wesři d tesřit xemsa zzaysent d timiɣisin u xemsa d,/Users/mac/masterAI/tarifit_asr_tfm/data/processed/segments/REC118/REC118_SEG0002_PART01.wav
REC118_SEG0002_PART02,REC118,SPK009,data/processed/segments/REC118/REC118_SEG0002_PART02.wav,13.368,tifɣař tinni iǧan d tifɣař ksint řefnarat nsent maca war iwyint ca zzect timiɣisin iwyent i dd zzect di tziyyatin nsent ak d řefnarat nsent,/Users/mac/masterAI/tarifit_asr_tfm/data/processed/segments/REC118/REC118_SEG0002_PART02.wav
REC118_SEG0003,REC118,SPK009,data/processed/segments/REC118/REC118_SEG0003.wav,6.352,řami iɛḍeř umuřay bdant ttnudument marra uca ṭṭṣent,/Users/mac/masterAI/tarifit_asr_tfm/data/processed/segments/REC118/REC118_SEG0003.wav
REC118_SEG0004_PART01,REC118,SPK009,data/processed/segments/REC118/REC118_SEG0004_PART01.wav,14.248,di řwesṭ n ǧiřet tuɣa din tɣuyyit xzarem aqa amuřay yusa dd ffɣem dd ad t teřqam xenni kkarent teɛzariyyin nni ssewjdent i dd řefnarat nsent tifɣař,/Users/mac/masterAI/tarifit_asr_tfm/data/processed/segments/REC118/REC118_SEG0004_PART01.wav
REC118_SEG0004_PART02,REC118,SPK009,data/processed/segments/REC118/REC118_SEG0004_PART02.wav,14.248,nnant i tmiɣisin wcent aneɣ zi zzect nkent minzi řefnarat nneɣ xesyent arrint i dd xasent tmiɣisin nnant ɛemmarṣ war d aneɣ ittqeddi i neccin d kennint,/Users/mac/masterAI/tarifit_asr_tfm/data/processed/segments/REC118/REC118_SEG0004_PART02.wav
REC118_SEG0005,REC118,SPK009,data/processed/segments/REC118/REC118_SEG0005.wav,3.888,ruḥent ɣar isebbaben maḥend ad tesɣent i yixef nkent,/Users/mac/masterAI/tarifit_asr_tfm/data/processed/segments/REC118/REC118_SEG0005.wav
REC118_SEG0006,REC118,SPK009,data/processed/segments/REC118/REC118_SEG0006.wav,10.064,řami ruḥent nitenti ḥima ad sɣent yusa dd umuřay u tinni tuɣa iwejden udfent akides ɣar wurar uca tbelleɛ tewwart,/Users/mac/masterAI/tarifit_asr_tfm/data/processed/segments/REC118/REC118_SEG0006.wav
REC118_SEG0007_PART01,REC118,SPK009,data/processed/segments/REC118/REC118_SEG0007_PART01.wav,10.936,awarni man aya usint teɛzariyyin nneɣni qqarent a siditneɣ a siditneɣ arzem aneɣ netta yarra dd inna s tidett,/Users/mac/masterAI/tarifit_asr_tfm/data/processed/segments/REC118/REC118_SEG0007_PART01.wav
REC118_SEG0007_PART02,REC118,SPK009,data/processed/segments/REC118/REC118_SEG0007_PART02.wav,10.936,necc ad akent iniɣ war kennint ssineɣ s uyenni ḥḍam minzi kenniw war tessinem ca ass uřa d tasaɛɛet i di dɣayass mmis n bnadem,/Users/mac/masterAI/tarifit_asr_tfm/data/processed/segments/REC118/REC118_SEG0007_PART02.wav
REC118_SEG0009,REC118,SPK009,data/processed/segments/REC118/REC118_SEG0009.wav,8.624,minzi tamesřact am yijj n bnadem isafar barra i temmurt nnes iřaɣa dd x imsexxaren nnes uca ikellef i ten x wagřa nnes,/Users/mac/masterAI/tarifit_asr_tfm/data/processed/segments/REC118/REC118_SEG0009.wav
REC118_SEG0010,REC118,SPK009,data/processed/segments/REC118/REC118_SEG0010.wav,7.088,iwca i yijjen xemsa talint i wenneɣni tnayen i wenni wiss třata icten n talint,/Users/mac/masterAI/tarifit_asr_tfm/data/processed/segments/REC118/REC118_SEG0010.wav
REC118_SEG0011,REC118,SPK009,data/processed/segments/REC118/REC118_SEG0011.wav,4.496,kuř ijjen ɛlaḥsab tizemmar nnes řexdenni ikkar isafar,/Users/mac/masterAI/tarifit_asr_tfm/data/processed/segments/REC118/REC118_SEG0011.wav
REC118_SEG0012_PART01,REC118,SPK009,data/processed/segments/REC118/REC118_SEG0012_PART01.wav,14.552,wenni iṭṭfen xemsa talint isebbeb daysen uca yarbeḥ xemsa amenni ɛawed wenni iṭṭfen tnayen talint yarbeḥ tnayen nneɣni maca wenni iṭṭfen ict n talint iruḥ iɣza di temmurt,/Users/mac/masterAI/tarifit_asr_tfm/data/processed/segments/REC118/REC118_SEG0012_PART01.wav
REC118_SEG0012_PART02,REC118,SPK009,data/processed/segments/REC118/REC118_SEG0012_PART02.wav,14.552,uca issnuffar tmenyat n nnuqart n bab nnes řami teɛdu aṭṭas n řweqt yusa dd bab n imsexxaren nni uca igga akidsen řeḥsab xenni yusa dd wenni iṭṭfen xemsa talint yiwi dd xemsa talint nneɣni,/Users/mac/masterAI/tarifit_asr_tfm/data/processed/segments/REC118/REC118_SEG0012_PART02.wav
REC118_SEG0013_PART01,REC118,SPK009,data/processed/segments/REC118/REC118_SEG0013_PART01.wav,10.232,inna a sidi tewcid ayi xemsa talint aqa da arebḥeɣ xemsa nneɣni ktar yarra dd xas bab nnes inna mliḥ i,/Users/mac/masterAI/tarifit_asr_tfm/data/processed/segments/REC118/REC118_SEG0013_PART01.wav
REC118_SEG0013_PART02,REC118,SPK009,data/processed/segments/REC118/REC118_SEG0013_PART02.wav,10.232,teggid a amsexxar aṣebḥan d amtiqqi tuɣa cek d amtiqqi x drus ad ac ggeɣ x waṭṭas adef dd ɣar řefraḥet n sidi nnec,/Users/mac/masterAI/tarifit_asr_tfm/data/processed/segments/REC118/REC118_SEG0013_PART02.wav
REC118_SEG0014,REC118,SPK009,data/processed/segments/REC118/REC118_SEG0014.wav,9.232,xenni yusa dd ɛawed wenni iṭṭfen tnayen talint inna a sidi tewcid ayi tnayen talint aqa arebḥeɣ tnayen nneɣni ktar,/Users/mac/masterAI/tarifit_asr_tfm/data/processed/segments/REC118/REC118_SEG0014.wav
REC118_SEG0015_PART01,REC118,SPK009,data/processed/segments/REC118/REC118_SEG0015_PART01.wav,11.528,inna as sidi nnes mliḥ i teggid a amsexxar aṣebḥan d amtiqqi tuɣa cek d amtiqqi x drus ad ac ggeɣ x waṭṭas adef dd ɣar řefraḥet n,/Users/mac/masterAI/tarifit_asr_tfm/data/processed/segments/REC118/REC118_SEG0015_PART01.wav
REC118_SEG0015_PART02,REC118,SPK009,data/processed/segments/REC118/REC118_SEG0015_PART02.wav,11.528,sidi nekk maca wenni iṭṭfen ict n talint yusa dd ɛawed inna a sidi ssneɣ aqa cek d bnadem tqesḥed tmejjared mani war tzarrɛed,/Users/mac/masterAI/tarifit_asr_tfm/data/processed/segments/REC118/REC118_SEG0015_PART02.wav
REC118_SEG0016,REC118,SPK009,data/processed/segments/REC118/REC118_SEG0016.wav,9.424,tyarrwed mani war tessarwated s uyenni ggʷedeɣ uca ruḥeɣ ssnuffareɣ talint nnec di temmurt aɣac tenni nnec,/Users/mac/masterAI/tarifit_asr_tfm/data/processed/segments/REC118/REC118_SEG0016.wav
REC118_SEG0017_PART01,REC118,SPK009,data/processed/segments/REC118/REC118_SEG0017_PART01.wav,13.208,yarra dd sidi nnes inna as a amsexxar aɛeffan ameɛguz aqa tessned belli aqa mjareɣ mani war zarɛeɣ u yarweɣ mani war ssarweteɣ xenni,/Users/mac/masterAI/tarifit_asr_tfm/data/processed/segments/REC118/REC118_SEG0017_PART01.wav
REC118_SEG0017_PART02,REC118,SPK009,data/processed/segments/REC118/REC118_SEG0017_PART02.wav,13.208,mři tiwyed tmenyat inu ɣar řbanku xenni necc xmi dd ɣa yaseɣ ad ttareɣ min iǧan inu s arriba s uya kksem as talint nni ewc i tt i wenni ɣar iǧa ɛecra talintat,/Users/mac/masterAI/tarifit_asr_tfm/data/processed/segments/REC118/REC118_SEG0017_PART02.wav
REC118_SEG0018,REC118,SPK009,data/processed/segments/REC118/REC118_SEG0018.wav,19.184,minzi i kuř ijjen wenni ɣar iǧa ad as immewc uca ad ɣares yiři s waṭṭas maca wenni war ɣar iǧi uřa d min ɣares ad as ittwakkes nḍarem amsexxar ibeṭṭřen ɣar barra deg uneggar n taǧest mani ɣa iřin imeṭṭawen d uɣezzi n teɣmas,/Users/mac/masterAI/tarifit_asr_tfm/data/processed/segments/REC118/REC118_SEG0018.wav
REC118_SEG0019,REC118,SPK009,data/processed/segments/REC118/REC118_SEG0019.wav,4.304,řḥukm n lmasih x iḥuřiyyen u x iɣayḍen,/Users/mac/masterAI/tarifit_asr_tfm/data/processed/segments/REC118/REC118_SEG0019.wav
REC118_SEG0020_PART01,REC118,SPK009,data/processed/segments/REC118/REC118_SEG0020_PART01.wav,12.232,xmi dd ɣa yas mmis n bnadem deg uɛuǧi nnes u marra lmalakat nnes iqeddsen akides xenni ad iqqim x řɛarc n uɛuǧi nnes ad ssmunen marra řegnus qibac,/Users/mac/masterAI/tarifit_asr_tfm/data/processed/segments/REC118/REC118_SEG0020_PART01.wav
REC118_SEG0020_PART02,REC118,SPK009,data/processed/segments/REC118/REC118_SEG0020_PART02.wav,12.232,nnes uca netta ad ten imssebḍa am mammec ameksaw issbeṭṭa iḥuřiyyen x iɣayḍen netta ad igg iḥuřiyyen x ufusi nnes maca iɣayḍen x uzeřmaḍ nnes,/Users/mac/masterAI/tarifit_asr_tfm/data/processed/segments/REC118/REC118_SEG0020_PART02.wav
REC118_SEG0021_PART01,REC118,SPK009,data/processed/segments/REC118/REC118_SEG0021_PART01.wav,11.352,řexdenni ad ini ujeǧid i yinni x ufusi nnes asem dd a kenniw inni ittwabarken zi baba wartem tageldit i d awem dd iwejden zeg wami,/Users/mac/masterAI/tarifit_asr_tfm/data/processed/segments/REC118/REC118_SEG0021_PART01.wav
REC118_SEG0021_PART02,REC118,SPK009,data/processed/segments/REC118/REC118_SEG0021_PART02.wav,11.352,tettwagg ddunect minzi tuɣa dayi řaẓ uca kenniw tesseccem ayi tuɣa ffudeɣ tewcim ayi ad sweɣ tuɣa ayi d abarrani kenniw tesszedɣem ayi,/Users/mac/masterAI/tarifit_asr_tfm/data/processed/segments/REC118/REC118_SEG0021_PART02.wav
REC118_SEG0022_PART01,REC118,SPK009,data/processed/segments/REC118/REC118_SEG0022_PART01.wav,10.872,tuɣa ayi d aɛaryan kenniw tessyarḍem ayi tuɣa heřceɣ kenniw tessijem dd xafi tuɣa ayi di řeḥbes kenniw tusim dd ɣari xenni,/Users/mac/masterAI/tarifit_asr_tfm/data/processed/segments/REC118/REC118_SEG0022_PART01.wav
REC118_SEG0022_PART02,REC118,SPK009,data/processed/segments/REC118/REC118_SEG0022_PART02.wav,10.872,a xas dd arren imseggaden qqaren a siditneɣ meřmi cek neẓra tǧuẓed uca nessecc i cek niɣ meřmi cek neẓra teffuded uca newc ac ad teswed,/Users/mac/masterAI/tarifit_asr_tfm/data/processed/segments/REC118/REC118_SEG0022_PART02.wav
REC118_SEG0023,REC118,SPK009,data/processed/segments/REC118/REC118_SEG0023.wav,11.632,meřmi cek neẓra d abarrani uca nessezdeɣ i cek niɣ d aɛaryan uca nessyarḍ i cek meřmi cek neẓra theřced niɣ di řeḥbes uca nusa dd ɣarek,/Users/mac/masterAI/tarifit_asr_tfm/data/processed/segments/REC118/REC118_SEG0023.wav
REC118_SEG0024_PART01,REC118,SPK009,data/processed/segments/REC118/REC118_SEG0024_PART01.wav,13.4,ad dd yarr ujeǧid ad asen yini s tidett necc ad awem iniɣ min i teggim i yijjen zeg wawmaten imeẓyanen inu i necc umi t teggim řexdenni ad yini i yinni iǧan x uzeřmaḍ nnes,/Users/mac/masterAI/tarifit_asr_tfm/data/processed/segments/REC118/REC118_SEG0024_PART01.wav
REC118_SEG0024_PART02,REC118,SPK009,data/processed/segments/REC118/REC118_SEG0024_PART02.wav,13.4,beɛɛdem xafi a kenniw inni ittwaneɛřen ɣar tmessi n řebda i iwejden i ibřis d lmalakat nnes minzi tuɣa dayi řaẓ war d ayi tesseccem,/Users/mac/masterAI/tarifit_asr_tfm/data/processed/segments/REC118/REC118_SEG0024_PART02.wav
REC118_SEG0025,REC118,SPK009,data/processed/segments/REC118/REC118_SEG0025.wav,2.288,ffudeɣ war d ayi tewcim ad sweɣ,/Users/mac/masterAI/tarifit_asr_tfm/data/processed/segments/REC118/REC118_SEG0025.wav
REC118_SEG0026_PART01,REC118,SPK009,data/processed/segments/REC118/REC118_SEG0026_PART01.wav,13.784,tuɣa ayi d abarrani kenniw war d ayi tesszedɣem tuɣa ayi d aɛaryan war d ayi tessyarḍem heřceɣ u ttwaḥebseɣ war xafi dd tessijem ca řexdenni uřa d nitni ad xas dd arr,/Users/mac/masterAI/tarifit_asr_tfm/data/processed/segments/REC118/REC118_SEG0026_PART01.wav
REC118_SEG0026_PART02,REC118,SPK009,data/processed/segments/REC118/REC118_SEG0026_PART02.wav,13.784,en ad inin a siditneɣ meřmi cek neẓra teǧuẓed niɣ teffuded niɣ d abarrani niɣ d aɛaryan niɣ theřced niɣ di řeḥbes xenni neccin war xak nsexxar ca,/Users/mac/masterAI/tarifit_asr_tfm/data/processed/segments/REC118/REC118_SEG0026_PART02.wav
REC118_SEG0027,REC118,SPK009,data/processed/segments/REC118/REC118_SEG0027.wav,18.448,xenni ad xasen dd yarr ad yini s tidett necc ad awem iniɣ min war teggim i yijjen zeg imeẓyanen inu i necc umi war t teggim ɛawed ad raḥen nitni ɣar řeɛdab ittduman maca imseggaden ɣar tudart ittduman,/Users/mac/masterAI/tarifit_asr_tfm/data/processed/segments/REC118/REC118_SEG0027.wav
REC119_SEG0001,REC119,SPK009,data/processed/segments/REC119/REC119_SEG0001.wav,3.28,tameɛmuc n wudayen maḥend ad nɣen yasuɛ,/Users/mac/masterAI/tarifit_asr_tfm/data/processed/segments/REC119/REC119_SEG0001.wav
REC119_SEG0002,REC119,SPK009,data/processed/segments/REC119/REC119_SEG0002.wav,10.384,awarni řami ikemmeř yasuɛ awařen a inna i imeḥḍaren nnes tessnem belli awarni tnayen n wussan ad tiři řɛid n tɣarṣt n useɛdu,/Users/mac/masterAI/tarifit_asr_tfm/data/processed/segments/REC119/REC119_SEG0002.wav
REC119_SEG0003,REC119,SPK009,data/processed/segments/REC119/REC119_SEG0003.wav,16.56,řexdenni ad immewc mmis n bnadem ḥima ad ittwaṣelleb řexdenni munen imeqqranen n ikehhanen d imseřmaden n idlisen d imɣaren n řgens di řemraḥ n arrays n ikehhanen wenni umi qqaren qayafa,/Users/mac/masterAI/tarifit_asr_tfm/data/processed/segments/REC119/REC119_SEG0003.wav
REC119_SEG0004,REC119,SPK009,data/processed/segments/REC119/REC119_SEG0004.wav,12.784,uca mcawaren mammec ɣa ṭṭfen yasuɛ s teḥraymect uca ad t nɣen nnan war ittiři di řɛid ḥima war ittekkar uɣewweɣ di řgens,/Users/mac/masterAI/tarifit_asr_tfm/data/processed/segments/REC119/REC119_SEG0004.wav
REC119_SEG0005,REC119,SPK009,data/processed/segments/REC119/REC119_SEG0005.wav,2.864,adhan n yasuɛ di bayt ɛanya,/Users/mac/masterAI/tarifit_asr_tfm/data/processed/segments/REC119/REC119_SEG0005.wav
REC119_SEG0006,REC119,SPK009,data/processed/segments/REC119/REC119_SEG0006.wav,16.976,řami tuɣa yasuɛ di bayt ɛanya di taddart n cimɛun wenni di iǧa řbarṣ tusa dd ɣares ict n temɣart s ijj n uɣarraf n alabaster iccur s zzect iɣřan i wedhan uca tfarreɣ i tt x uzeǧif nnes am iqqim yasuɛ ɣar ṭṭabřa,/Users/mac/masterAI/tarifit_asr_tfm/data/processed/segments/REC119/REC119_SEG0006.wav
REC119_SEG0007_PART01,REC119,SPK009,data/processed/segments/REC119/REC119_SEG0007_PART01.wav,12.424,umi ẓrin imeḥḍaren man aya iqqes asen řḥař aṭṭas nnan min umi teǧa txessart a tuɣa izemmar ad temmenz zzect a n wedhan s ttaman d ameqqran uca xenni,/Users/mac/masterAI/tarifit_asr_tfm/data/processed/segments/REC119/REC119_SEG0007_PART01.wav
REC119_SEG0007_PART02,REC119,SPK009,data/processed/segments/REC119/REC119_SEG0007_PART02.wav,12.424,ad temmewc i imezřaḍ maca yasuɛ tuɣa issen man aya inna mayemmi tziyyarem x temɣart a minzi nettat tegga ayi ijjen n řxedmet teṣbeḥ,/Users/mac/masterAI/tarifit_asr_tfm/data/processed/segments/REC119/REC119_SEG0007_PART02.wav
REC119_SEG0008_PART01,REC119,SPK009,data/processed/segments/REC119/REC119_SEG0008_PART01.wav,14.376,minzi imezřaḍ aqa aten řebda akidwem maca necc war kiwem ttiřiɣ i řebda minzi nettat mařa tfarreɣ dd zzect a i wedhan x arrimet inu aqa tegga man aya i usewjed n,/Users/mac/masterAI/tarifit_asr_tfm/data/processed/segments/REC119/REC119_SEG0008_PART01.wav
REC119_SEG0008_PART02,REC119,SPK009,data/processed/segments/REC119/REC119_SEG0008_PART02.wav,14.376,wenḍeř inu s tidett necc ad awem iniɣ mani ma i ɣa ittwabarreḥ zi řexbar a aṣebḥan zayyi di marra ddunect ad ssiwřen ɛawed x min dayi tegga d řiḍaret i nettat,/Users/mac/masterAI/tarifit_asr_tfm/data/processed/segments/REC119/REC119_SEG0008_PART02.wav
REC119_SEG0009,REC119,SPK009,data/processed/segments/REC119/REC119_SEG0009.wav,4.816,yahuda izzenz ixef nnes maḥend ad isellem yasuɛ,/Users/mac/masterAI/tarifit_asr_tfm/data/processed/segments/REC119/REC119_SEG0009.wav
REC119_SEG0010,REC119,SPK009,data/processed/segments/REC119/REC119_SEG0010.wav,19.888,řexdenni iřuḥ ijjen zi tenɛac qqaren as yahuda isxariyuṭi ɣar imeqqranen n ikehhanen inna min d ayi ɣa tewcem maḥend ad awem sellmeɣ yasuɛ uca waɛden t s třatin n řweznat n nnuqart ssenni tuɣa yarezzu ict n tewwart ḥima ad t isellem,/Users/mac/masterAI/tarifit_asr_tfm/data/processed/segments/REC119/REC119_SEG0010.wav
REC119_SEG0011,REC119,SPK009,data/processed/segments/REC119/REC119_SEG0011.wav,2.512,amensi n tɣarṣt n useɛdu,/Users/mac/masterAI/tarifit_asr_tfm/data/processed/segments/REC119/REC119_SEG0011.wav
REC119_SEG0012_PART01,REC119,SPK009,data/processed/segments/REC119/REC119_SEG0012_PART01.wav,13.208,deg wass amezwaru n weɣrum břa antun usin dd imeḥḍaren ɣar yasuɛ nnan mani texsed ad nessewjed i cek maḥend ad tecced amensi n useɛdu inna asen uyurem,/Users/mac/masterAI/tarifit_asr_tfm/data/processed/segments/REC119/REC119_SEG0012_PART01.wav
REC119_SEG0012_PART02,REC119,SPK009,data/processed/segments/REC119/REC119_SEG0012_PART02.wav,13.208,ɣar tendint ɣar ijj n fřan inim as amseřmad nneɣ iqqar aqa řweqt inu tiweḍ dd ad ɣarek ggeɣ amensi n useɛdu ak d imeḥḍaren inu,/Users/mac/masterAI/tarifit_asr_tfm/data/processed/segments/REC119/REC119_SEG0012_PART02.wav
REC119_SEG0013,REC119,SPK009,data/processed/segments/REC119/REC119_SEG0013.wav,5.52,imeḥḍaren ggin am mammec ten iweṣṣa yasuɛ uca ssewjden taɣarest useɛdu,/Users/mac/masterAI/tarifit_asr_tfm/data/processed/segments/REC119/REC119_SEG0013.wav
REC119_SEG0014,REC119,SPK009,data/processed/segments/REC119/REC119_SEG0014.wav,11.824,řami dd tiweḍ tmeddit iqqim ɣar umensi ak d tenɛac n imeḥḍaren nnes am ttetten nitni inna s tidett necc ad awem iniɣ ijjen zzaywem ad ayi iɣdar,/Users/mac/masterAI/tarifit_asr_tfm/data/processed/segments/REC119/REC119_SEG0014.wav
REC119_SEG0015_PART01,REC119,SPK009,data/processed/segments/REC119/REC119_SEG0015_PART01.wav,11.128,nitni dewřen ceḍnen aṭṭas uca kuř ijjen zzaysen ibda ad as yini ma war iǧi d necc a sidi yarra dd xasen inna wenni issisnen afus akidi di,/Users/mac/masterAI/tarifit_asr_tfm/data/processed/segments/REC119/REC119_SEG0015_PART01.wav
REC119_SEG0015_PART02,REC119,SPK009,data/processed/segments/REC119/REC119_SEG0015_PART02.wav,11.128,ṭṭebṣi d netta i d ayi ɣa iɣdaren mmis n bnadem ad iraḥ am mammec xas tura maca uct x bnadem nni i ɣa iɣdaren mmis n bnadem,/Users/mac/masterAI/tarifit_asr_tfm/data/processed/segments/REC119/REC119_SEG0015_PART02.wav
REC119_SEG0016,REC119,SPK009,data/processed/segments/REC119/REC119_SEG0016.wav,10.64,iḥřa as i bnadem nni war dd ixřiq ɛemmarṣ yahuda aɣeddar yarra dd inna ma war iǧi d necc a amseřmad inu,/Users/mac/masterAI/tarifit_asr_tfm/data/processed/segments/REC119/REC119_SEG0016.wav
REC119_SEG0017,REC119,SPK009,data/processed/segments/REC119/REC119_SEG0017.wav,3.184,netta inna as aqa cek tennid t,/Users/mac/masterAI/tarifit_asr_tfm/data/processed/segments/REC119/REC119_SEG0017.wav
REC119_SEG0019,REC119,SPK009,data/processed/segments/REC119/REC119_SEG0019.wav,11.504,am tuɣa ttetten iksi yasuɛ aɣrum u awarni řami ibarek yarẓa i t iwca i t i imeḥḍaren inna ksim ccem ta d arrimet inu,/Users/mac/masterAI/tarifit_asr_tfm/data/processed/segments/REC119/REC119_SEG0019.wav
REC119_SEG0020_PART01,REC119,SPK009,data/processed/segments/REC119/REC119_SEG0020_PART01.wav,11.88,iksi řkas iqada uca iwca asen t inna swem zzayes marra idwem minzi wa d idammen inu n řɛahd n jdid inni i ɣa ittwassizřen,/Users/mac/masterAI/tarifit_asr_tfm/data/processed/segments/REC119/REC119_SEG0020_PART01.wav
REC119_SEG0020_PART02,REC119,SPK009,data/processed/segments/REC119/REC119_SEG0020_PART02.wav,11.88,i weɣfar n ddnub necc ad awem iniɣ zi řexxu tsawent war sesseɣ ɛad zi řɣiǧet n tzayart ař ass i di tt ɣa sweɣ zi jdid akidwem di tgeldit n baba,/Users/mac/masterAI/tarifit_asr_tfm/data/processed/segments/REC119/REC119_SEG0020_PART02.wav
REC119_SEG0021,REC119,SPK009,data/processed/segments/REC119/REC119_SEG0021.wav,6.0,u awarni řami ɣennjen izři n ttesbiḥ ffɣen ɣar wedrar n zzitun,/Users/mac/masterAI/tarifit_asr_tfm/data/processed/segments/REC119/REC119_SEG0021.wav
REC119_SEG0022,REC119,SPK009,data/processed/segments/REC119/REC119_SEG0022.wav,3.6,yasuɛ izwar issiweř x wenkar zi buṭrus,/Users/mac/masterAI/tarifit_asr_tfm/data/processed/segments/REC119/REC119_SEG0022.wav
REC119_SEG0023,REC119,SPK009,data/processed/segments/REC119/REC119_SEG0023.wav,4.656,xenni inna asen yasuɛ marra kenniw ad dayi tenderfem,/Users/mac/masterAI/tarifit_asr_tfm/data/processed/segments/REC119/REC119_SEG0023.wav
REC119_SEG0024_PART01,REC119,SPK009,data/processed/segments/REC119/REC119_SEG0024_PART01.wav,13.688,minzi aqa tura ad wteɣ ameksaw uca iḥuřiyyen n tḥimart ad ttwazuzzaren maca awarni řami i dd ɣa ttwassnekkareɣ ad awem izwareɣ ɣar ljalil maca buṭrus yarra dd inna as mařa daye,/Users/mac/masterAI/tarifit_asr_tfm/data/processed/segments/REC119/REC119_SEG0024_PART01.wav
REC119_SEG0024_PART02,REC119,SPK009,data/processed/segments/REC119/REC119_SEG0024_PART02.wav,13.688,k i ɣa nderfen marra necc war dayek ttendrifeɣ ca ɛemmarṣ inna as yasuɛ s tidett necc ad ac iniɣ di ǧiřet a qbeř i ɣa issquqeɛ uyaẓiḍ ad ayi tenkared třata n twařawin,/Users/mac/masterAI/tarifit_asr_tfm/data/processed/segments/REC119/REC119_SEG0024_PART02.wav
REC119_SEG0025,REC119,SPK009,data/processed/segments/REC119/REC119_SEG0025.wav,9.136,buṭrus inna as waxxa tuɣa ittxeṣṣa ayi ad mmteɣ akidek necc war cek nekkareɣ ɛemmarṣ ammu i nnan marra imeḥḍaren ɛawed,/Users/mac/masterAI/tarifit_asr_tfm/data/processed/segments/REC119/REC119_SEG0025.wav
REC119_SEG0026,REC119,SPK009,data/processed/segments/REC119/REC119_SEG0026.wav,4.976,taẓaǧit n yasuɛ deg weḥwic n xitsimaniy,/Users/mac/masterAI/tarifit_asr_tfm/data/processed/segments/REC119/REC119_SEG0026.wav
REC119_SEG0027,REC119,SPK009,data/processed/segments/REC119/REC119_SEG0027.wav,18.416,řexdenni iruḥ yasuɛ akidsen ɣar ijj n wemcan qqaren as xitsimaniy inna i imeḥḍaren nnes qqimem danita am i ɣa ẓẓaǧeɣ din am kis yiwi buṭrus d tnayen n iḥenjiren n zabdi ibda isḥissif uca tudef dayes tiggʷdi,/Users/mac/masterAI/tarifit_asr_tfm/data/processed/segments/REC119/REC119_SEG0027.wav
REC119_SEG0028_PART01,REC119,SPK009,data/processed/segments/REC119/REC119_SEG0028_PART01.wav,10.888,xenni inna asen řeɛmar inu issḥissif aṭṭas ař řmewt qqimem da ḥḍam akidi xenni iɛzeř cwayt ktar iwḍa x uɣembub nnes itt,/Users/mac/masterAI/tarifit_asr_tfm/data/processed/segments/REC119/REC119_SEG0028_PART01.wav
REC119_SEG0028_PART02,REC119,SPK009,data/processed/segments/REC119/REC119_SEG0028_PART02.wav,10.888,ẓaǧa inna a baba mařa iɛeddeř ejj ad xafi iɛdu řkas a maca war ittiři am mammec xseɣ necc maca am mammec texsed cek,/Users/mac/masterAI/tarifit_asr_tfm/data/processed/segments/REC119/REC119_SEG0028_PART02.wav
REC119_SEG0029,REC119,SPK009,data/processed/segments/REC119/REC119_SEG0029.wav,8.848,řexdenni idweř dd ɣar imeḥḍaren nnes uca yufa i ten ṭṭṣen inna i buṭrus ma war tzemmarem ad kidi teḥḍam uřa d ict n tsaɛɛet,/Users/mac/masterAI/tarifit_asr_tfm/data/processed/segments/REC119/REC119_SEG0029.wav
REC119_SEG0030,REC119,SPK009,data/processed/segments/REC119/REC119_SEG0030.wav,7.664,ḥḍam ẓẓaǧem ḥima war dd tettidfem deg hukki arruḥ aqa iwjed maca ddat teḍɛef,/Users/mac/masterAI/tarifit_asr_tfm/data/processed/segments/REC119/REC119_SEG0030.wav
REC119_SEG0031,REC119,SPK009,data/processed/segments/REC119/REC119_SEG0031.wav,11.568,yuyur ɛawed i umur wiss tnayen uca iẓẓuǧ inna a baba mařa řkas a war izemmar ad xafi yekk mɣir mařa necc swiɣ t aqa ad yiři min texsed cek,/Users/mac/masterAI/tarifit_asr_tfm/data/processed/segments/REC119/REC119_SEG0031.wav
REC119_SEG0032_PART01,REC119,SPK009,data/processed/segments/REC119/REC119_SEG0032_PART01.wav,12.888,řami dd idweř yufa i ten ɛawed ṭṭṣen minzi tiṭṭawin nsen tuɣa ḍeqqřent ijja i ten yuyur ɛawed uca iẓẓuǧ i twařa wiss třata iqqar awařen a ɛawed,/Users/mac/masterAI/tarifit_asr_tfm/data/processed/segments/REC119/REC119_SEG0032_PART01.wav
REC119_SEG0032_PART02,REC119,SPK009,data/processed/segments/REC119/REC119_SEG0032_PART02.wav,12.888,řexdenni idweř dd ɣar imeḥḍaren nnes inna asen kemmřem x yiḍeṣ nwem řexxu areyyḥem xzarem aqa tsaɛɛet tiweḍ dd aqa mmis n bnadem ad immewc deg ifassen n imednab,/Users/mac/masterAI/tarifit_asr_tfm/data/processed/segments/REC119/REC119_SEG0032_PART02.wav
REC119_SEG0033,REC119,SPK009,data/processed/segments/REC119/REC119_SEG0033.wav,6.16,kkarem ad nraḥ xzarem wenni d ayi ɣa iɣdaren yudes dd,/Users/mac/masterAI/tarifit_asr_tfm/data/processed/segments/REC119/REC119_SEG0033.wav
REC119_SEG0034,REC119,SPK009,data/processed/segments/REC119/REC119_SEG0034.wav,1.52,uḍuf n yasuɛ,/Users/mac/masterAI/tarifit_asr_tfm/data/processed/segments/REC119/REC119_SEG0034.wav
REC119_SEG0035,REC119,SPK009,data/processed/segments/REC119/REC119_SEG0035.wav,9.168,am tuɣa issawař ɛad yusa dd yahuda aɣeddar ijjen zi tenɛac ak d ijj n řɣaci ameqqran s řesyuf d iɛumad,/Users/mac/masterAI/tarifit_asr_tfm/data/processed/segments/REC119/REC119_SEG0035.wav
REC119_SEG0036_PART01,REC119,SPK009,data/processed/segments/REC119/REC119_SEG0036_PART01.wav,10.552,usin dd zeg imeqqranen n ikehhanen d imɣaren n řgens yahuda aɣeddar aqa iwca asen ict n řeɛřamet inna wenni i ɣa ssudmeɣ d wenni,/Users/mac/masterAI/tarifit_asr_tfm/data/processed/segments/REC119/REC119_SEG0036_PART01.wav
REC119_SEG0036_PART02,REC119,SPK009,data/processed/segments/REC119/REC119_SEG0036_PART02.wav,10.552,netta ṭṭfem t řexdenni dd iqarreb ɣar yasuɛ inna sřam xak a amseřmad inu uca issudem i t xas uca yasuɛ inna as,/Users/mac/masterAI/tarifit_asr_tfm/data/processed/segments/REC119/REC119_SEG0036_PART02.wav
REC119_SEG0037,REC119,SPK009,data/processed/segments/REC119/REC119_SEG0037.wav,19.664,a ameddukkeř inu min xef dd tusid da řexdenni qarrben dd ɣares ḥarten x yasuɛ uca ṭṭfen t u xzar ijjen zeg inni iǧan ak d yasuɛ isswiẓẓeḍ afus nnes ijbed ssif uca iwta amsexxar n arrays n ikehhanen iqess as amezzuɣ,/Users/mac/masterAI/tarifit_asr_tfm/data/processed/segments/REC119/REC119_SEG0037.wav
REC119_SEG0038,REC119,SPK009,data/processed/segments/REC119/REC119_SEG0038.wav,17.776,xenni inna as yasuɛ arr ssif ɣar wemcan nnes minzi marra inni ikessin ssif ad mmten s ssif niɣ ittɣiř ac belli necc war zemmareɣ ad ẓẓaǧeɣ i baba aqa netta ad d ayi dd issekk ktar zi tenɛac n ilixiyunen n lmalakat,/Users/mac/masterAI/tarifit_asr_tfm/data/processed/segments/REC119/REC119_SEG0038.wav
REC119_SEG0039,REC119,SPK009,data/processed/segments/REC119/REC119_SEG0039.wav,6.448,mammec xenni i ɣa ttwakemmřent tira iqeddsen i iqqaren belli ittxeṣṣa ad imsar ammu,/Users/mac/masterAI/tarifit_asr_tfm/data/processed/segments/REC119/REC119_SEG0039.wav
REC119_SEG0040_PART01,REC119,SPK009,data/processed/segments/REC119/REC119_SEG0040_PART01.wav,12.072,di tsaɛɛet nni ɛawed issiweř yasuɛ ak d řɣaci axmi x ijj n uqṭaṭɛiy i dd teffɣem s řesyuf d iɛumad maḥend ad ayi teṭṭfem kuř ass tuɣa qqimeɣ ɣarwem sseř,/Users/mac/masterAI/tarifit_asr_tfm/data/processed/segments/REC119/REC119_SEG0040_PART01.wav
REC119_SEG0040_PART02,REC119,SPK009,data/processed/segments/REC119/REC119_SEG0040_PART02.wav,12.072,madeɣ di zzawect tameqqrant war dayi teṭṭifem maca man aya marra imsar ḥima ad ttwakemmřent tira n inabiyyen řexdenni semḥen dayes marra imeḥḍaren uca arewřen,/Users/mac/masterAI/tarifit_asr_tfm/data/processed/segments/REC119/REC119_SEG0040_PART02.wav
REC119_SEG0041,REC119,SPK009,data/processed/segments/REC119/REC119_SEG0041.wav,3.408,yasuɛ qibaǧ lmeḥkama tameqqrant n wudayen,/Users/mac/masterAI/tarifit_asr_tfm/data/processed/segments/REC119/REC119_SEG0041.wav
REC119_SEG0042,REC119,SPK009,data/processed/segments/REC119/REC119_SEG0042.wav,9.872,inni iṭṭfen yasuɛ iwyen t ɣar qayafa arrays n ikehhanen wenni ɣar tuɣa munen imseřmaden n idlisen d imɣaren n řgens,/Users/mac/masterAI/tarifit_asr_tfm/data/processed/segments/REC119/REC119_SEG0042.wav
REC119_SEG0043,REC119,SPK009,data/processed/segments/REC119/REC119_SEG0043.wav,12.24,cimɛun buṭrus iḍfar i t i dd zi řaggʷaj ařami d yiweḍ ɣar řemraḥ n arrays n ikehhanen u řami yudef iqqim jar imxazniyyen ḥima ad iẓar mammec i ɣa teffeɣ,/Users/mac/masterAI/tarifit_asr_tfm/data/processed/segments/REC119/REC119_SEG0043.wav
REC119_SEG0044_PART01,REC119,SPK009,data/processed/segments/REC119/REC119_SEG0044_PART01.wav,12.328,imeqqranen n ikehhanen d imɣaren n řgens u marra lmeḥkama tameqqrant tuɣa arezzun icehhaden issxarriqen x yasuɛ maḥend ad t n,/Users/mac/masterAI/tarifit_asr_tfm/data/processed/segments/REC119/REC119_SEG0044_PART01.wav
REC119_SEG0044_PART02,REC119,SPK009,data/processed/segments/REC119/REC119_SEG0044_PART02.wav,12.328,ɣen maca war zemmaren ad tt afen waxxa usin dd aṭṭas n řechud issxarriqen ɣar uneggar usin dd tnayen n řechud issxarriqen nitni innan,/Users/mac/masterAI/tarifit_asr_tfm/data/processed/segments/REC119/REC119_SEG0044_PART02.wav
REC119_SEG0045,REC119,SPK009,data/processed/segments/REC119/REC119_SEG0045.wav,15.568,wa aqa inna necc zemmareɣ ad hedmeɣ zzawect tameqqrant n arebbi u di třata n wussan ad tt bniɣ ɛawed arrays n ikehhanen ikkar dd inna as ma war dd tarrid s walu min xak cehhden ina,/Users/mac/masterAI/tarifit_asr_tfm/data/processed/segments/REC119/REC119_SEG0045.wav
REC119_SEG0046_PART01,REC119,SPK009,data/processed/segments/REC119/REC119_SEG0046_PART01.wav,12.12,maca yasuɛ isqar inna as arrays n ikehhanen necc ad cek jjeɣ ad tejjaǧed s arebbi iddaren belli cek ad aneɣ tinid ma xenni cek d lmasiḥ mmis n arebbi inna as yasuɛ,/Users/mac/masterAI/tarifit_asr_tfm/data/processed/segments/REC119/REC119_SEG0046_PART01.wav
REC119_SEG0046_PART02,REC119,SPK009,data/processed/segments/REC119/REC119_SEG0046_PART02.wav,12.12,cek tennid t maca necc ad awem iniɣ zi ssa tsawent ad tẓarem mmis n bnadem iqqim x ufusi n tzemmar xmi dd ɣa yas x iseynuten n ujenna,/Users/mac/masterAI/tarifit_asr_tfm/data/processed/segments/REC119/REC119_SEG0046_PART02.wav
REC119_SEG0047,REC119,SPK009,data/processed/segments/REC119/REC119_SEG0047.wav,13.392,řexdenni icarreg arrays n ikehhanen arruḍ nnes inna netta aqa iceqqef di arebbi mayemmi neḥdaj ɛad řechud xzarem řexxu aqa tesřim i uceqqef nnes min d awem ittɣiř kenniw,/Users/mac/masterAI/tarifit_asr_tfm/data/processed/segments/REC119/REC119_SEG0047.wav
REC119_SEG0048,REC119,SPK009,data/processed/segments/REC119/REC119_SEG0048.wav,17.424,nitni arrin dd xas nnan netta isdaheǧ řmewt xenni bdan ssusufen as x uɣembub ccaten t s řpuniyyat x uzeǧif u inneɣni wtin t ɛawed nnan nabb aneɣ a cek lmasiḥ wi cek iwtin,/Users/mac/masterAI/tarifit_asr_tfm/data/processed/segments/REC119/REC119_SEG0048.wav
REC119_SEG0049,REC119,SPK009,data/processed/segments/REC119/REC119_SEG0049.wav,2.352,ankar n yasuɛ zi buṭrus,/Users/mac/masterAI/tarifit_asr_tfm/data/processed/segments/REC119/REC119_SEG0049.wav
REC119_SEG0050_PART01,REC119,SPK009,data/processed/segments/REC119/REC119_SEG0050_PART01.wav,12.888,buṭrus iqqim ɣar barra di řemraḥ tqarreb dd ɣares ict n tayya tenna uřa d cek tuɣa cek ak d yasuɛ zi nnaṣira maca netta inkar zzat i marra inna,/Users/mac/masterAI/tarifit_asr_tfm/data/processed/segments/REC119/REC119_SEG0050_PART01.wav
REC119_SEG0050_PART02,REC119,SPK009,data/processed/segments/REC119/REC119_SEG0050_PART02.wav,12.888,war ssineɣ min xef tessawařed am iggur ɣar usqif n tewwart teẓra i t ict n tayya nneɣni tenna asen i yinni din iqqimen d wa tuɣa ak d yasuɛ zi nnaṣira,/Users/mac/masterAI/tarifit_asr_tfm/data/processed/segments/REC119/REC119_SEG0050_PART02.wav
REC119_SEG0051,REC119,SPK009,data/processed/segments/REC119/REC119_SEG0051.wav,17.776,netta inkar ɛawed s ict n tjaǧit inna war ssineɣ bnadem nni cwayt ɣar zzat qarrben dd inni din ibedden ɣar buṭrus nnan nican uřa d cek d ijjen zzaysen minzi řhard nnec issbeyyen i cek,/Users/mac/masterAI/tarifit_asr_tfm/data/processed/segments/REC119/REC119_SEG0051.wav
REC119_SEG0052,REC119,SPK009,data/processed/segments/REC119/REC119_SEG0052.wav,19.248,xenni ibda ineɛɛeř ittjjaǧa necc war ssineɣ bnadem nni řexdenni issquqeɛ uyaẓiḍ uca iɛqeř buṭrus awař i d as inna yasuɛ qbeř i ɣa issquqeɛ uyaẓiḍ ad ayi tenkared třata n twařawin uca iffeɣ iru s imeṭṭawen imerzagen,/Users/mac/masterAI/tarifit_asr_tfm/data/processed/segments/REC119/REC119_SEG0052.wav
REC120_SEG0001,REC120,SPK009,data/processed/segments/REC120/REC120_SEG0001.wav,3.088,andam d řmewt n yahuda,/Users/mac/masterAI/tarifit_asr_tfm/data/processed/segments/REC120/REC120_SEG0001.wav
REC120_SEG0002,REC120,SPK009,data/processed/segments/REC120/REC120_SEG0002.wav,15.792,ɣar ṣṣbeḥ zic aqa marra imeqqranen n ikehhanen d imɣaren n řgens mcawaren x yasuɛ mammec i t ɣa nɣen uca nitni carfen t iwyen t uca sellmen t i lɛamil arumani pilaṭus,/Users/mac/masterAI/tarifit_asr_tfm/data/processed/segments/REC120/REC120_SEG0002.wav
REC120_SEG0003,REC120,SPK009,data/processed/segments/REC120/REC120_SEG0003.wav,15.024,umi iẓra yahuda aɣeddar belli yasuɛ ittwaḥkem indem uca yarra dd třatin n řweznat n nnuqart ɣar imeqqranen n ikehhanen d imɣaren n řgens inna necc xḍiɣ,/Users/mac/masterAI/tarifit_asr_tfm/data/processed/segments/REC120/REC120_SEG0003.wav
REC120_SEG0004_PART01,REC120,SPK009,data/processed/segments/REC120/REC120_SEG0004_PART01.wav,13.736,aqa ɣdareɣ idammen imezdagen maca nitni nnan min d aneɣ iruḥen xzar dd cek awarni řami inḍar řweznat n nnuqart di zzawect tameqqrant iffeɣ uca iruḥ yuyeř,/Users/mac/masterAI/tarifit_asr_tfm/data/processed/segments/REC120/REC120_SEG0004_PART01.wav
REC120_SEG0004_PART02,REC120,SPK009,data/processed/segments/REC120/REC120_SEG0004_PART02.wav,13.736,ixef nnes imeqqranen n ikehhanen ksin řweznat n nnuqart nnan war icuwwar ad ten nessars deg wexxam n ṣṣdaqi minzi řweznat nni d ttaman n usizzeř n idammen,/Users/mac/masterAI/tarifit_asr_tfm/data/processed/segments/REC120/REC120_SEG0004_PART02.wav
REC120_SEG0005,REC120,SPK009,data/processed/segments/REC120/REC120_SEG0005.wav,15.184,kksen awař jar asen maḥend ad zzayes sɣen iyyar n bu třaxt maḥend ad yiři i imeḍřan n ibarraniyyen s uyenni ittwasemma iyyar nni iyyar n idammen ař ass n řexxu,/Users/mac/masterAI/tarifit_asr_tfm/data/processed/segments/REC120/REC120_SEG0005.wav
REC120_SEG0006_PART01,REC120,SPK009,data/processed/segments/REC120/REC120_SEG0006_PART01.wav,10.392,řexdenni ittwakemmeř min ittwannan zeg unabi i innan ksiɣ třatin n řweznat n nnuqart řqedd n wenni iɣřan mixef,/Users/mac/masterAI/tarifit_asr_tfm/data/processed/segments/REC120/REC120_SEG0006_PART01.wav
REC120_SEG0006_PART02,REC120,SPK009,data/processed/segments/REC120/REC120_SEG0006_PART02.wav,10.392,inni zi tarwa n israil kksen awař uca necc wciɣ tent i iyyar n bu třaxt am mammec i d ayi yumur sidi,/Users/mac/masterAI/tarifit_asr_tfm/data/processed/segments/REC120/REC120_SEG0006_PART02.wav
REC120_SEG0007,REC120,SPK009,data/processed/segments/REC120/REC120_SEG0007.wav,3.184,yasuɛ qibac lɛamil pilaṭus,/Users/mac/masterAI/tarifit_asr_tfm/data/processed/segments/REC120/REC120_SEG0007.wav
REC120_SEG0008,REC120,SPK009,data/processed/segments/REC120/REC120_SEG0008.wav,6.864,yasuɛ tuɣa ibedd qibac i lɛamil lɛamil isseqsa as inna ma cek d ajeǧid n wudayen,/Users/mac/masterAI/tarifit_asr_tfm/data/processed/segments/REC120/REC120_SEG0008.wav
REC120_SEG0009_PART01,REC120,SPK009,data/processed/segments/REC120/REC120_SEG0009_PART01.wav,10.28,yasuɛ inna as cek aqa tennid t uca řami t tehmen imeqqranen n ikehhanen d imɣaren n řgens yarra dd s walu xenni inna as,/Users/mac/masterAI/tarifit_asr_tfm/data/processed/segments/REC120/REC120_SEG0009_PART01.wav
REC120_SEG0009_PART02,REC120,SPK009,data/processed/segments/REC120/REC120_SEG0009_PART02.wav,10.28,pilaṭus ma war tesřid mecḥař xak cehhden netta war xas dd yarri uřa s ijj n wawař ařami iqqim lɛamil ittebhet aṭṭas,/Users/mac/masterAI/tarifit_asr_tfm/data/processed/segments/REC120/REC120_SEG0009_PART02.wav
REC120_SEG0011,REC120,SPK009,data/processed/segments/REC120/REC120_SEG0011.wav,7.92,tuɣa lɛamil innum yarexxu di kuř řɛid i yijj n umeḥbus i řɣaci wenni ixsen nitni,/Users/mac/masterAI/tarifit_asr_tfm/data/processed/segments/REC120/REC120_SEG0011.wav
REC120_SEG0012_PART01,REC120,SPK009,data/processed/segments/REC120/REC120_SEG0012_PART01.wav,12.6,tuɣa ɣarsen deg wussan nni ijj n umeḥbus ittwassen qqaren as bar abbas řami munen inna asen pilaṭus wi texsem ad awem dd arxuɣ bar abbas niɣ yasuɛ,/Users/mac/masterAI/tarifit_asr_tfm/data/processed/segments/REC120/REC120_SEG0012_PART01.wav
REC120_SEG0012_PART02,REC120,SPK009,data/processed/segments/REC120/REC120_SEG0012_PART02.wav,12.6,wenni umi qqaren lmasiḥ minzi netta issen aqa nitni sellmen t zi řeḥsed am tuɣa lɛamil iqqim x řkursi n řḥukm tessekk dd ɣares temɣart nnes tenna,/Users/mac/masterAI/tarifit_asr_tfm/data/processed/segments/REC120/REC120_SEG0012_PART02.wav
REC120_SEG0013,REC120,SPK009,data/processed/segments/REC120/REC120_SEG0013.wav,18.352,barra ixef nnec zeg umseggad nni minzi aqa ass a ttwaɛeddbeɣ aṭṭas di tarjit inu di ssibbet nnes maca imeqqranen n ikehhanen d imɣaren n řgens ssqenɛen řɣaci ḥima ad ttaren bar abbas u ḥima ad areddǧen yasuɛ,/Users/mac/masterAI/tarifit_asr_tfm/data/processed/segments/REC120/REC120_SEG0013.wav
REC120_SEG0014,REC120,SPK009,data/processed/segments/REC120/REC120_SEG0014.wav,6.288,lɛamil yarra dd inna asen man wen zi tnayen a i texsem ad arxuɣ i kenniw,/Users/mac/masterAI/tarifit_asr_tfm/data/processed/segments/REC120/REC120_SEG0014.wav
REC120_SEG0015_PART01,REC120,SPK009,data/processed/segments/REC120/REC120_SEG0015_PART01.wav,12.856,nnan bar abbas pilaṭus inna asen min ɣa ggeɣ xenni ak d yasuɛ umi qqaren lmasiḥ nnan as marra ṣellb i t inna asen lɛamil man tuɛeffna i igga,/Users/mac/masterAI/tarifit_asr_tfm/data/processed/segments/REC120/REC120_SEG0015_PART01.wav
REC120_SEG0015_PART02,REC120,SPK009,data/processed/segments/REC120/REC120_SEG0015_PART02.wav,12.856,sɣuyyen s jjehd ktar nnan ṣellb i t řami iẓra pilaṭus belli war yiweḍ ɣar walu mahu ad ikkar uɣuwweɣ iksi aman issird ifassen nnes qibac i řɣaci inna,/Users/mac/masterAI/tarifit_asr_tfm/data/processed/segments/REC120/REC120_SEG0015_PART02.wav
REC120_SEG0016_PART01,REC120,SPK009,data/processed/segments/REC120/REC120_SEG0016_PART01.wav,10.328,necc war tturseɣ ca deg idammen n umseggad a xzarem kenniw řgens marra yarra dd inna ejj idammen nnes ad xaneɣ iřin u x tarwa nneɣ,/Users/mac/masterAI/tarifit_asr_tfm/data/processed/segments/REC120/REC120_SEG0016_PART01.wav
REC120_SEG0016_PART02,REC120,SPK009,data/processed/segments/REC120/REC120_SEG0016_PART02.wav,10.328,xenni yarxu asen dd i bar abbas maca awarni řami ihettek yasuɛ s urekkuḍ isellem i t ḥima ad ittwaṣelleb,/Users/mac/masterAI/tarifit_asr_tfm/data/processed/segments/REC120/REC120_SEG0016_PART02.wav
REC120_SEG0017,REC120,SPK009,data/processed/segments/REC120/REC120_SEG0017.wav,3.856,aseḥqar n yasuɛ zi řɛeskar n pilaṭus,/Users/mac/masterAI/tarifit_asr_tfm/data/processed/segments/REC120/REC120_SEG0017.wav
REC120_SEG0018_PART01,REC120,SPK009,data/processed/segments/REC120/REC120_SEG0018_PART01.wav,13.612,řexdenni iwyen iɛeskariyyen n lɛamil yasuɛ ɣar taddart n ccraɛ umi qqaren prituriyum uca ssmunen xas marra řɛeskar kksen as dd arruḍ uca arḍen as ijj n ujeǧab d aze,/Users/mac/masterAI/tarifit_asr_tfm/data/processed/segments/REC120/REC120_SEG0018_PART01.wav
REC120_SEG0018_PART02,REC120,SPK009,data/processed/segments/REC120/REC120_SEG0018_PART02.wav,13.612,ggʷaɣ nitni muden as ijj n ttaj s isennanen ssarsen t x uzeǧif nnes uca ggin as uɣanim deg ufus nnes afusi xenni wḍan ɣar iḍaren nnes zzates,/Users/mac/masterAI/tarifit_asr_tfm/data/processed/segments/REC120/REC120_SEG0018_PART02.wav
REC120_SEG0019,REC120,SPK009,data/processed/segments/REC120/REC120_SEG0019.wav,19.16,qqimen ttbuṣaren xas nnan azul xak a cek a ajeǧid n wudayen ssusfen as x uɣembub nnes ksin aɣanim uca wtin t zzayes ɣar uzeǧif awarni řami t deǧen ksin xas aseřham arḍen as arruḍ nnes uca nedhen t maḥend ad t ṣellben,/Users/mac/masterAI/tarifit_asr_tfm/data/processed/segments/REC120/REC120_SEG0019.wav
REC120_SEG0020,REC120,SPK009,data/processed/segments/REC120/REC120_SEG0020.wav,1.68,abrid ɣar ṣṣalib,/Users/mac/masterAI/tarifit_asr_tfm/data/processed/segments/REC120/REC120_SEG0020.wav
REC120_SEG0021,REC120,SPK009,data/processed/segments/REC120/REC120_SEG0021.wav,9.744,am ffɣen ɣar barra n tendint ufin ijj n weryaz zi qayrawan qqaren as cimɛun uca ziyyaren xas ḥima ad yarbu ṣṣalib nnes,/Users/mac/masterAI/tarifit_asr_tfm/data/processed/segments/REC120/REC120_SEG0021.wav
REC120_SEG0022,REC120,SPK009,data/processed/segments/REC120/REC120_SEG0022.wav,19.792,ařami iwḍen ɣar wemcan umi qqaren juljuta min ixs ad yini taceqquft wcin as řxeǧ ixeǧḍen s tarzugi uca umi t iqqas yugi ad isu awarni řami t ṣellben bḍan arruḍ nnes jar asen umi xas ggin akeccuḍ,/Users/mac/masterAI/tarifit_asr_tfm/data/processed/segments/REC120/REC120_SEG0022.wav
REC120_SEG0023,REC120,SPK009,data/processed/segments/REC120/REC120_SEG0023.wav,7.536,am din qqimen ttɛessan xas ggin as sennej i uzeǧif nnes ict n tira mayemmi xas ḥekmen s řmewt,/Users/mac/masterAI/tarifit_asr_tfm/data/processed/segments/REC120/REC120_SEG0023.wav
REC120_SEG0024_PART01,REC120,SPK009,data/processed/segments/REC120/REC120_SEG0024_PART01.wav,14.104,wa d yasuɛ ajeǧid n wudayen xenni ṣellben akides tnayen n ixewwanen ijjen ɣar ufusi nnes u ijjen ɣar uzeřmaḍ nnes inni tuɣa ittekkan ttceqqafen dayes,/Users/mac/masterAI/tarifit_asr_tfm/data/processed/segments/REC120/REC120_SEG0024_PART01.wav
REC120_SEG0024_PART02,REC120,SPK009,data/processed/segments/REC120/REC120_SEG0024_PART02.wav,14.104,tthezzan azeǧif nsen nnan a cek wenni ihedmen zzawect tameqqrant u di třata n wussan ad tt tebnid ɛawed senjem ixef nnec mařa cek d mmis n arebbi hwa dd xenni zi ṣṣalib,/Users/mac/masterAI/tarifit_asr_tfm/data/processed/segments/REC120/REC120_SEG0024_PART02.wav
REC120_SEG0025,REC120,SPK009,data/processed/segments/REC120/REC120_SEG0025.wav,18.736,uřa d imeqqranen n ikehhanen ak d imseřmaden n idlisen d imɣaren n řgens d ifarisiyyen stehzan zzayes amenni nnan issenjem inneɣni maca war izemmar ad issenjem xef nnes mařa netta d ajeǧid n israil ejj i t ad dd ihwa zi ṣṣalib ad zzayes namen,/Users/mac/masterAI/tarifit_asr_tfm/data/processed/segments/REC120/REC120_SEG0025.wav
REC120_SEG0026,REC120,SPK009,data/processed/segments/REC120/REC120_SEG0026.wav,14.544,ittceř x arebbi ejj i t netta ad t issenjem mařa yarḍa xas minzi inna necc d mmis n arebbi uřa d ixewwanen inni tuɣa ittwaṣellben akides tuɣa ssfeṭṭaḥen zzayes amenni,/Users/mac/masterAI/tarifit_asr_tfm/data/processed/segments/REC120/REC120_SEG0026.wav
REC120_SEG0028_PART01,REC120,SPK009,data/processed/segments/REC120/REC120_SEG0028_PART01.wav,10.264,zi tsaɛɛet wiss setta tewḍa dd taǧest x marra tammurt ař tasaɛɛet wiss tesɛa jjwayeh n tsaɛɛet wiss tesɛa isɣuy yasuɛ s t,/Users/mac/masterAI/tarifit_asr_tfm/data/processed/segments/REC120/REC120_SEG0028_PART01.wav
REC120_SEG0028_PART02,REC120,SPK009,data/processed/segments/REC120/REC120_SEG0028_PART02.wav,10.264,mijja ijehden inna a ili ili li man cabaktani min yazzu adyini a arebbi inu a arebbi inu mayemmi dayi tsemḥed,/Users/mac/masterAI/tarifit_asr_tfm/data/processed/segments/REC120/REC120_SEG0028_PART02.wav
REC120_SEG0029,REC120,SPK009,data/processed/segments/REC120/REC120_SEG0029.wav,15.312,řami d as sřan inni din ibedden nnan ca zzaysen ittřaɣa x iliya deɣya yuzzeř dd ɣares ijjen zzaysen iksi spunxa issuff i tt s řxeǧ igga i tt x ijj n uɣanim uca iwca as ad isu,/Users/mac/masterAI/tarifit_asr_tfm/data/processed/segments/REC120/REC120_SEG0029.wav
REC120_SEG0030,REC120,SPK009,data/processed/segments/REC120/REC120_SEG0030.wav,11.12,inneɣni nnan ejj i t ad nẓar ma ad dd yas iliya ḥima ad t issenjem isɣuyy yasuɛ ɛawed s tmijja ijehden uca issarxu arruḥ nnes,/Users/mac/masterAI/tarifit_asr_tfm/data/processed/segments/REC120/REC120_SEG0030.wav
REC120_SEG0031,REC120,SPK009,data/processed/segments/REC120/REC120_SEG0031.wav,0.848,xzar,/Users/mac/masterAI/tarifit_asr_tfm/data/processed/segments/REC120/REC120_SEG0031.wav
REC120_SEG0032_PART01,REC120,SPK009,data/processed/segments/REC120/REC120_SEG0032_PART01.wav,14.916,ařeḥḥaf n wadaf ɣar zzawect tameqqrant itccarreg x tnayen zi sennej ař swadday tammurt tenhezz tiṣuḍar feǧqent imeḍřan ttwarezmen uca aṭṭas n rxacbat n imqedda,/Users/mac/masterAI/tarifit_asr_tfm/data/processed/segments/REC120/REC120_SEG0032_PART01.wav
REC120_SEG0032_PART02,REC120,SPK009,data/processed/segments/REC120/REC120_SEG0032_PART02.wav,14.916,sen inni tuɣa iṭṭṣen din ttwassnekkarent dd nitni ffɣen zeg imeḍřan uca awarni i tnukra nnes udfen ɣar tendint iqeddsen uca banen dd i waṭṭas řami řqebṭan x mya d yinni tuɣa akides,/Users/mac/masterAI/tarifit_asr_tfm/data/processed/segments/REC120/REC120_SEG0032_PART02.wav
REC120_SEG0033,REC120,SPK009,data/processed/segments/REC120/REC120_SEG0033.wav,19.176,iḥeṭṭan yasuɛ ẓrin anhezzi n temmurt d min imsaren ggʷeden aṭṭas nnan s tidett tuɣa wa d mmis n arebbi tuɣa din aṭṭas n temɣarin tinni tuɣa ixezzaren zi řaggʷaj ḍfarent yasuɛ zi ljalil ḥima ad xas sexxarent,/Users/mac/masterAI/tarifit_asr_tfm/data/processed/segments/REC120/REC120_SEG0033.wav
REC120_SEG0034,REC120,SPK009,data/processed/segments/REC120/REC120_SEG0034.wav,8.912,jarasent maryam n majdala d maryam yemmas n yaɛqub d yusis d yemmas n ayt n zabdi,/Users/mac/masterAI/tarifit_asr_tfm/data/processed/segments/REC120/REC120_SEG0034.wav
REC120_SEG0035,REC120,SPK009,data/processed/segments/REC120/REC120_SEG0035.wav,1.488,anḍeř n yasuɛ,/Users/mac/masterAI/tarifit_asr_tfm/data/processed/segments/REC120/REC120_SEG0035.wav
REC120_SEG0037_PART01,REC120,SPK009,data/processed/segments/REC120/REC120_SEG0037_PART01.wav,12.616,yusuf iksi rxecbet inneḍ i tt deg ict n txeyyaḍt n řeqṭen azdad iṣfan issars i tt deg ijj n wenḍeř n jdid i tuɣa iɣza uca awarni řami isseqnu,/Users/mac/masterAI/tarifit_asr_tfm/data/processed/segments/REC120/REC120_SEG0037_PART01.wav
REC120_SEG0037_PART02,REC120,SPK009,data/processed/segments/REC120/REC120_SEG0037_PART02.wav,12.616,nni ijj n teṣḍart ḥima ad iqfeř tawwart n wenḍeř iruḥ tuɣa din maryam n majdala d maryam nneɣnit qqiment qibac i wenḍeř,/Users/mac/masterAI/tarifit_asr_tfm/data/processed/segments/REC120/REC120_SEG0037_PART02.wav
REC120_SEG0039,REC120,SPK009,data/processed/segments/REC120/REC120_SEG0039.wav,8.4,tiwecca nnes awarni ass n usewjed munen imeqqranen n ikehhanen d ifarisiyyen ɣar pilaṭus nnan a siditneɣ,/Users/mac/masterAI/tarifit_asr_tfm/data/processed/segments/REC120/REC120_SEG0039.wav
REC120_SEG0040,REC120,SPK009,data/processed/segments/REC120/REC120_SEG0040.wav,6.832,neɛqeř belli aɣeccac a am tuɣa ɛad iddar inna awarni třata n wussan ad kkareɣ,/Users/mac/masterAI/tarifit_asr_tfm/data/processed/segments/REC120/REC120_SEG0040.wav
REC120_SEG0041_PART01,REC120,SPK009,data/processed/segments/REC120/REC120_SEG0041_PART01.wav,11.88,xenni umur ḥima ad ḍemnen anḍeř ař ass wiss třata ḥima ad taɣ imeḥḍaren nnes war dd ttisen s ǧiřet ad t acaren xenni ad inin i řgens aqa ikkar dd zi,/Users/mac/masterAI/tarifit_asr_tfm/data/processed/segments/REC120/REC120_SEG0041_PART01.wav
REC120_SEG0041_PART02,REC120,SPK009,data/processed/segments/REC120/REC120_SEG0041_PART02.wav,11.88,taddart n imettinen uca ammu i ɣa yiři uweddar aneggaru ktar x umezwar inna asen pilaṭus aqa ɣarwem iɛessasen ruḥem ḍemnen t am mammec tettwařam,/Users/mac/masterAI/tarifit_asr_tfm/data/processed/segments/REC120/REC120_SEG0041_PART02.wav
REC120_SEG0042,REC120,SPK009,data/processed/segments/REC120/REC120_SEG0042.wav,7.568,ruḥen ḥima ad ɛessen x wenḍeř uca ḍemnen aẓru nitni jmiɛ ak d iɛessasen,/Users/mac/masterAI/tarifit_asr_tfm/data/processed/segments/REC120/REC120_SEG0042.wav
REC121_SEG0001,REC121,SPK009,data/processed/segments/REC121/REC121_SEG0001.wav,1.456,tanukra n yasuɛ,/Users/mac/masterAI/tarifit_asr_tfm/data/processed/segments/REC121/REC121_SEG0001.wav
REC121_SEG0002_PART01,REC121,SPK009,data/processed/segments/REC121/REC121_SEG0002_PART01.wav,11.976,awarni řami teɛdu ssebt ɣar řefjar n wass amezwaru n ssimana tusa dd maryam n majdala d maryam nneɣnit ḥima ad ssijjent x wenḍeř,/Users/mac/masterAI/tarifit_asr_tfm/data/processed/segments/REC121/REC121_SEG0002_PART01.wav
REC121_SEG0002_PART02,REC121,SPK009,data/processed/segments/REC121/REC121_SEG0002_PART02.wav,11.976,xzar imsar ijj n wenhezzi n temmurt imɣar minzi lmalak n sidi ihwa dd zeg ujenna iqarreb dd isseqnunni taṣḍart zeg wadaf uca iqqim xas,/Users/mac/masterAI/tarifit_asr_tfm/data/processed/segments/REC121/REC121_SEG0002_PART02.wav
REC121_SEG0003_PART01,REC121,SPK009,data/processed/segments/REC121/REC121_SEG0003_PART01.wav,12.616,tuɣa ṣṣifet nnes am wajjaj u warruḍ nnes d acemřař am wedfeř iɛessasen fecřen zi teggʷudi zzayes uca dewřen am yimettinen lmalak iṭṭef deg wa,/Users/mac/masterAI/tarifit_asr_tfm/data/processed/segments/REC121/REC121_SEG0003_PART01.wav
REC121_SEG0003_PART02,REC121,SPK009,data/processed/segments/REC121/REC121_SEG0003_PART02.wav,12.616,wař inna i temɣarin war tteggʷedent ca minzi ssneɣ aqa kennint tarezzunt x yasuɛ wenni ittwaṣellben war da iǧi minzi netta ikkar dd am mammec inna,/Users/mac/masterAI/tarifit_asr_tfm/data/processed/segments/REC121/REC121_SEG0003_PART02.wav
REC121_SEG0004,REC121,SPK009,data/processed/segments/REC121/REC121_SEG0004.wav,17.616,asent i dd da xzarent amcan mani tuɣa immars siditneɣ ruḥent deɣya inint i imeḥḍaren nnes aqa ittwassnekkar dd zi taddart n imettinen u xzar netta d awem i ɣa izwaren ɣar ljalil,/Users/mac/masterAI/tarifit_asr_tfm/data/processed/segments/REC121/REC121_SEG0004.wav
REC121_SEG0005_PART01,REC121,SPK009,data/processed/segments/REC121/REC121_SEG0005_PART01.wav,12.152,din ad t tẓarem xzar aqa nniɣ awem tt ffɣent nitenti deɣya zeg wenḍeř s tiggʷudi d řefraḥet imɣaren ttazzřent ḥima ad tt xebbarent,/Users/mac/masterAI/tarifit_asr_tfm/data/processed/segments/REC121/REC121_SEG0005_PART01.wav
REC121_SEG0005_PART02,REC121,SPK009,data/processed/segments/REC121/REC121_SEG0005_PART02.wav,12.152,imeḥḍaren uca xzar yasuɛ iřqa tent deg webrid inna asen sřam xakent nitenti usint i dd ɣares ṭṭfent deg iḍaren nnes uca sejdent as,/Users/mac/masterAI/tarifit_asr_tfm/data/processed/segments/REC121/REC121_SEG0005_PART02.wav
REC121_SEG0006,REC121,SPK009,data/processed/segments/REC121/REC121_SEG0006.wav,9.712,řexdenni inna asent yasuɛ war tteggʷedent ca ssiwḍent řexbar a i aytma ḥima ad raḥen ɣar ljalil diha ad ayi ẓaren,/Users/mac/masterAI/tarifit_asr_tfm/data/processed/segments/REC121/REC121_SEG0006.wav
REC121_SEG0008_PART01,REC121,SPK009,data/processed/segments/REC121/REC121_SEG0008_PART01.wav,13.864,am ruḥent xzar aqa ca zeg iɛessasen usin dd ɣar tendint ḥima ad xebbaren imeqqranen n ikehhanen x marra min imsaren řexdenni munen nitni ak d imɣaren n řgens uca mcawaren akid,/Users/mac/masterAI/tarifit_asr_tfm/data/processed/segments/REC121/REC121_SEG0008_PART01.wav
REC121_SEG0008_PART02,REC121,SPK009,data/processed/segments/REC121/REC121_SEG0008_PART02.wav,13.864,sen uca wcin asen i iɛesskaryen ttmenyat n nnuqart war iǧi drus nnan inim imeḥḍaren nnes usin dd s ǧiřet uca ucaren t am tuɣa neṭṭeṣ,/Users/mac/masterAI/tarifit_asr_tfm/data/processed/segments/REC121/REC121_SEG0008_PART02.wav
REC121_SEG0009,REC121,SPK009,data/processed/segments/REC121/REC121_SEG0009.wav,17.232,uca mařa isřa i t lɛamil ad t nesseqneɛ uca ad negg war tettiřim deg imunas ṭṭfen tmenyat n nnuqart uca ggin am mammec d asen ɛeřmen ammu i dd itteffeɣ řexbar a jar wudayen ař ass n yiḍa,/Users/mac/masterAI/tarifit_asr_tfm/data/processed/segments/REC121/REC121_SEG0009.wav
REC121_SEG0010,REC121,SPK009,data/processed/segments/REC121/REC121_SEG0010.wav,3.408,řumur ameqqran i ubarreḥ n řexbar aṣebḥan,/Users/mac/masterAI/tarifit_asr_tfm/data/processed/segments/REC121/REC121_SEG0010.wav
REC121_SEG0011,REC121,SPK009,data/processed/segments/REC121/REC121_SEG0011.wav,14.384,ḥiṭac n imeḥḍaren nni ruḥen ɣar ljalil ɣar wedrar mani ten yumur yasuɛ ařami t ẓrin sejden as maca ca cekken iqarreb dd ɣarsen yasuɛ issiweř akidsen inna,/Users/mac/masterAI/tarifit_asr_tfm/data/processed/segments/REC121/REC121_SEG0011.wav
REC121_SEG0012,REC121,SPK009,data/processed/segments/REC121/REC121_SEG0012.wav,18.384,temmewc ayi marra ṣṣulṭa deg ujenna u x temmurt am mammec i d ayi dd issekk baba ammu kenniw i ɣa ssekkeɣ necc ruḥem arrem marra řegnus d imeḥḍaren inu u ssɣeḍṣem ten s yisem n tbabat d tmemmit d arruḥ iqeddsen,/Users/mac/masterAI/tarifit_asr_tfm/data/processed/segments/REC121/REC121_SEG0012.wav
REC121_SEG0013,REC121,SPK009,data/processed/segments/REC121/REC121_SEG0013.wav,15.969,u sřemdem asen ad ṭṭfen di marra min xef kenniw umureɣ zzayes u xzar necc aqa ayi akidwem marra ussan ař qeṭṭu n ddunect aneggar n l rexbar asebḥan iqeddsen am mammec t ibarreḥ matta,/Users/mac/masterAI/tarifit_asr_tfm/data/processed/segments/REC121/REC121_SEG0013.wav
REC122_SEG0001,REC122,SPK009,data/processed/segments/REC122/REC122_SEG0001.wav,6.416,rexbar asbḥan n yasuɛ lmasiḥ sufuss n markus twasit n yasuɛ lmasiḥ,/Users/mac/masterAI/tarifit_asr_tfm/data/processed/segments/REC122/REC122_SEG0001.wav
REC122_SEG0002_PART01,REC122,SPK009,data/processed/segments/REC122/REC122_SEG0002_PART01.wav,10.936,beddu n rexbar asbḥan n yasuɛ lmasiḥ mmis n arebbi am mammec tura deg wedlis n unabi icaɛya aqa necc ad ssekkeɣ zzat i wudem nnec arqq,/Users/mac/masterAI/tarifit_asr_tfm/data/processed/segments/REC122/REC122_SEG0002_PART01.wav
REC122_SEG0002_PART02,REC122,SPK009,data/processed/segments/REC122/REC122_SEG0002_PART02.wav,10.936,as inu wenni i ɣa isswejden abrid nnec tmijja n wenni isɣuyyun di řexřa swejdem abrid n sidi seggmem imesraq nnes,/Users/mac/masterAI/tarifit_asr_tfm/data/processed/segments/REC122/REC122_SEG0002_PART02.wav
REC122_SEG0003,REC122,SPK009,data/processed/segments/REC122/REC122_SEG0003.wav,6.544,tuɣa yuḥanna isseɣḍaṣ di řexřa ittbarreḥ s useɣḍeṣ n ttubet i weɣfar n ddnub,/Users/mac/masterAI/tarifit_asr_tfm/data/processed/segments/REC122/REC122_SEG0003.wav
REC122_SEG0004_PART01,REC122,SPK009,data/processed/segments/REC122/REC122_SEG0004_PART01.wav,10.6,ffɣen dd ɣares marra jjwayeh n yahudiyya d ayt n urcalim ttwassɣeḍṣen zzayes deg iɣzar n l urdun am neɛɛmen s ddnub nsen tuɣa yuḥ,/Users/mac/masterAI/tarifit_asr_tfm/data/processed/segments/REC122/REC122_SEG0004_PART01.wav
REC122_SEG0004_PART02,REC122,SPK009,data/processed/segments/REC122/REC122_SEG0004_PART02.wav,10.6,anna yarḍ taḍuft n iřeɣman ibekkes s yijj n webyas n yiřem x tejɛinna nnes u tuɣa ittett iburexsen d tamment taḥurrect,/Users/mac/masterAI/tarifit_asr_tfm/data/processed/segments/REC122/REC122_SEG0004_PART02.wav
REC122_SEG0005,REC122,SPK009,data/processed/segments/REC122/REC122_SEG0005.wav,18.544,tuɣa ittbarreḥ iqqar ad dd yas awarni ayi wenni ijehden xafi wenni umi war sdihiǧeɣ ad aḍareɣ maḥend ad fesyeɣ ifiřan n sandaliyat nnes necc ssɣeḍṣeɣ kenniw deg waman maca netta ad kenniw isseɣḍeṣ di arruḥ iqeddsen,/Users/mac/masterAI/tarifit_asr_tfm/data/processed/segments/REC122/REC122_SEG0005.wav
REC122_SEG0006_PART01,REC122,SPK009,data/processed/segments/REC122/REC122_SEG0006_PART01.wav,13.64,asɣdes n yasuɛ deg wussan nni yusa dd yasuɛ zi nnaṣira di ljalil ittwasseɣḍeṣ zi yuḥanna deg yeɣzar n l urdun deɣya am dd igeɛɛed zeg waman,/Users/mac/masterAI/tarifit_asr_tfm/data/processed/segments/REC122/REC122_SEG0006_PART01.wav
REC122_SEG0006_PART02,REC122,SPK009,data/processed/segments/REC122/REC122_SEG0006_PART02.wav,13.64,iẓra ijenwan arzmen uca arruḥ am tedbirt tehwa dd xas tusa dd ict n tmijja zeg ijenwan cek d mmi iɛizzen dayek ufiɣ arḍa inu,/Users/mac/masterAI/tarifit_asr_tfm/data/processed/segments/REC122/REC122_SEG0006_PART02.wav
REC122_SEG0007,REC122,SPK009,data/processed/segments/REC122/REC122_SEG0007.wav,2.32,ajareb n yasuɛ di řexřa,/Users/mac/masterAI/tarifit_asr_tfm/data/processed/segments/REC122/REC122_SEG0007.wav
REC122_SEG0008,REC122,SPK009,data/processed/segments/REC122/REC122_SEG0008.wav,11.6,deɣya igewwed i t arruḥ ɣar řexřa uca iqqim din di řexřa arebɛin n wussan ijarreb i t cciṭan tuɣa t ak d řewḥuc uca sexxarent xas lmalakat,/Users/mac/masterAI/tarifit_asr_tfm/data/processed/segments/REC122/REC122_SEG0008.wav
REC122_SEG0009,REC122,SPK009,data/processed/segments/REC122/REC122_SEG0009.wav,2.512,ařaɣi n imeḥḍaren imezwura,/Users/mac/masterAI/tarifit_asr_tfm/data/processed/segments/REC122/REC122_SEG0009.wav
REC122_SEG0010,REC122,SPK009,data/processed/segments/REC122/REC122_SEG0010.wav,15.44,awarni řami ṭṭfen yuḥanna yudef dd yasuɛ ɣar ljalil ittbarreḥ s řexbar aṣebḥan n tgeldit inna aqa řweqt tiweḍ dd tqarreb dd tgeldit n arebbi tubem amnem di řexbar aṣebḥan,/Users/mac/masterAI/tarifit_asr_tfm/data/processed/segments/REC122/REC122_SEG0010.wav
REC122_SEG0011_PART01,REC122,SPK009,data/processed/segments/REC122/REC122_SEG0011_PART01.wav,11.608,am tuɣa iggur ɣar řebḥar n ljalil iẓra cimɛun d andrawus umas neṭṭaren tracca di řebḥar maɣar nitni d ineymaren n iseř,/Users/mac/masterAI/tarifit_asr_tfm/data/processed/segments/REC122/REC122_SEG0011_PART01.wav
REC122_SEG0011_PART02,REC122,SPK009,data/processed/segments/REC122/REC122_SEG0011_PART02.wav,11.608,man inna asen yasuɛ asem dd awarni ayi uca ad kenniw arreɣ d ineymaren n yewdan řexdenni jjin tiracciwin nsen uca ḍfaren t,/Users/mac/masterAI/tarifit_asr_tfm/data/processed/segments/REC122/REC122_SEG0011_PART02.wav
REC122_SEG0012,REC122,SPK009,data/processed/segments/REC122/REC122_SEG0012.wav,18.16,xenni awarni řami iɛdu cwayt ssenni iẓra yaɛqub mmis n zabdi d umas yuḥanna di tɣarrabut ɛedřen tiracciwin nsen iřaɣa xasen uca řexdenni jjin babatsen zabdi ak d ixemmasen di tɣarrabut uca ḍfaren t,/Users/mac/masterAI/tarifit_asr_tfm/data/processed/segments/REC122/REC122_SEG0012.wav
REC122_SEG0014,REC122,SPK009,data/processed/segments/REC122/REC122_SEG0014.wav,6.832,xeccen ɣar kafarnaḥum uca deɣya ibda isseřmad di ssebt di temzida,/Users/mac/masterAI/tarifit_asr_tfm/data/processed/segments/REC122/REC122_SEG0014.wav
REC122_SEG0015_PART01,REC122,SPK009,data/processed/segments/REC122/REC122_SEG0015_PART01.wav,14.264,tbehten zeg useřmed nnes minzi isseřmed i ten am wenni ɣar teǧa ṣṣulṭa war iǧi am yimseřmaden n idlisen tuɣa di temzida nsen ijj n bnadem dayes ijj n řaryaḥ d amen,/Users/mac/masterAI/tarifit_asr_tfm/data/processed/segments/REC122/REC122_SEG0015_PART01.wav
REC122_SEG0015_PART02,REC122,SPK009,data/processed/segments/REC122/REC122_SEG0015_PART02.wav,14.264,gus isɣuyyu iqqar min din jar aneɣ neccin d cek a yasuɛ nnaṣiri ma tusid dd ḥima ad aneɣ tesshellked aqa necc ssneɣ cek min teɛnid aqa cek d amqeddas n arebbi,/Users/mac/masterAI/tarifit_asr_tfm/data/processed/segments/REC122/REC122_SEG0015_PART02.wav
REC122_SEG0016,REC122,SPK009,data/processed/segments/REC122/REC122_SEG0016.wav,12.72,uca iɛřem as yasuɛ inna as sqar ffeɣ zzayes ijebd i t řaryaḥ amengus isɣuy s ict n tɣuyyit tejhed,/Users/mac/masterAI/tarifit_asr_tfm/data/processed/segments/REC122/REC122_SEG0016.wav
REC122_SEG0017_PART01,REC122,SPK009,data/processed/segments/REC122/REC122_SEG0017_PART01.wav,10.024,marra mmseqsan ak d wayawya nnan man aya mana taɣuri ya n jdid minzi s ṣṣulṭa yumur,/Users/mac/masterAI/tarifit_asr_tfm/data/processed/segments/REC122/REC122_SEG0017_PART01.wav
REC122_SEG0017_PART02,REC122,SPK009,data/processed/segments/REC122/REC122_SEG0017_PART02.wav,10.024,uřa d řaryaḥ imengas uca at ttaɛen řexdenni iffeɣ řexbar nnes ɣar marra jjwayeh i d as dd innḍen i ljalil,/Users/mac/masterAI/tarifit_asr_tfm/data/processed/segments/REC122/REC122_SEG0017_PART02.wav
REC122_SEG0018,REC122,SPK009,data/processed/segments/REC122/REC122_SEG0018.wav,11.088,asgenfi n tḍekkwac n buṭrus awarni řami dd ffɣen zi temzida ruḥen ɣar taddart n cimɛun d andrawus ak d yaɛqub d yuḥanna,/Users/mac/masterAI/tarifit_asr_tfm/data/processed/segments/REC122/REC122_SEG0018.wav
REC122_SEG0019_PART01,REC122,SPK009,data/processed/segments/REC122/REC122_SEG0019_PART01.wav,13.16,tuɣa taḍekkwac n cimɛun tezzeř s tmessi uca nitni ssiwřen xas akides iqarreb dd ɣares icebbar deg ufus nnes issgeɛɛed i tt i dd deɣya,/Users/mac/masterAI/tarifit_asr_tfm/data/processed/segments/REC122/REC122_SEG0019_PART01.wav
REC122_SEG0019_PART02,REC122,SPK009,data/processed/segments/REC122/REC122_SEG0019_PART02.wav,13.16,tejja xas tmessi uca nettat tebda tettsexxar xasen řami dd tiweḍ tmeddit tafuct truḥ ad teɣři iwyen ɣares marra imehřac d imaryaḥ,/Users/mac/masterAI/tarifit_asr_tfm/data/processed/segments/REC122/REC122_SEG0019_PART02.wav
REC122_SEG0020,REC122,SPK009,data/processed/segments/REC122/REC122_SEG0020.wav,11.184,tuɣa tandint marra tmun ɣar tewwart issgenfa aṭṭas n imeḥřac s ɛřam kuř řehřacat uca issuffeɣ aṭṭas n waryaḥ iɛeffanen,/Users/mac/masterAI/tarifit_asr_tfm/data/processed/segments/REC122/REC122_SEG0020.wav
REC122_SEG0021,REC122,SPK009,data/processed/segments/REC122/REC122_SEG0021.wav,4.592,war ijji ccwaṭen ad ssiwřen minzi ssnen t,/Users/mac/masterAI/tarifit_asr_tfm/data/processed/segments/REC122/REC122_SEG0021.wav
REC122_SEG0022,REC122,SPK009,data/processed/segments/REC122/REC122_SEG0022.wav,2.544,iẓẓuǧ yasuɛ ɣar ṣṣbeḥ zic,/Users/mac/masterAI/tarifit_asr_tfm/data/processed/segments/REC122/REC122_SEG0022.wav
REC122_SEG0023_PART01,REC122,SPK009,data/processed/segments/REC122/REC122_SEG0023_PART01.wav,14.652,tiwecca zic tuɣa ɛad d ǧiřet ikkar uca iffeɣ ɣar ijj n wemcan ixřan tuɣa ittẓaǧa din cimɛun d yinni tuɣa akides arzun xas řami t ufin nnan as marra iwdan,/Users/mac/masterAI/tarifit_asr_tfm/data/processed/segments/REC122/REC122_SEG0023_PART01.wav
REC122_SEG0023_PART02,REC122,SPK009,data/processed/segments/REC122/REC122_SEG0023_PART02.wav,14.652,arezzun xak inna asen ittxeṣṣa ad nraḥ ɣar dcurat d tneddam yudsen ḥima ad din barrḥeɣ ɛawed minzi aqa i uya umi dd usiɣ tuɣa isseřmad di temzidawin nsen,/Users/mac/masterAI/tarifit_asr_tfm/data/processed/segments/REC122/REC122_SEG0023_PART02.wav
REC122_SEG0024,REC122,SPK009,data/processed/segments/REC122/REC122_SEG0024.wav,3.608,di marra ljalil u issuffuɣ ccwaṭen,/Users/mac/masterAI/tarifit_asr_tfm/data/processed/segments/REC122/REC122_SEG0024.wav
REC122_SEG0025,REC122,SPK009,data/processed/segments/REC122/REC122_SEG0025.wav,2.96,asgenfi n ijj n bnadem dayes řbarṣ,/Users/mac/masterAI/tarifit_asr_tfm/data/processed/segments/REC122/REC122_SEG0025.wav
REC122_SEG0026,REC122,SPK009,data/processed/segments/REC122/REC122_SEG0026.wav,10.672,yusa dd ɣares ijjen dayes řbarṣ iwḍa ɣar iḍaren nnes ittar as inna mařa texsed tzemmared ad ayi tessizdeged,/Users/mac/masterAI/tarifit_asr_tfm/data/processed/segments/REC122/REC122_SEG0026.wav
REC122_SEG0027,REC122,SPK009,data/processed/segments/REC122/REC122_SEG0027.wav,14.256,izziǧez i yasuɛ isswiẓẓeḍ afus nnes iḥada i t inna as xseɣ iwa dweř d amezdag di tsaɛɛet nni am tyinna rexdenni iruḥ xas řbarṣ uca idweř izdig,/Users/mac/masterAI/tarifit_asr_tfm/data/processed/segments/REC122/REC122_SEG0027.wav
REC122_SEG0028,REC122,SPK009,data/processed/segments/REC122/REC122_SEG0028.wav,17.776,awarni řami d as iɛřem issekk i t řexdenni inna as xzar war t ttɛiwid uřa i yijjen maca ruḥ scen ixef nnec i ukehhan uca ewc x usizdeg nnec min yumur musa maḥend ad tcehded i nitni,/Users/mac/masterAI/tarifit_asr_tfm/data/processed/segments/REC122/REC122_SEG0028.wav
REC122_SEG0029,REC122,SPK009,data/processed/segments/REC122/REC122_SEG0029.wav,15.696,maca řami iruḥ ibda ittbarreḥ aṭṭas issuffeɣ řexbar ařami war izemmar yasuɛ ad yadef ɣar tandint s bṭayṭay maca tuɣa t barra deg imucan ixřan tuɣa ttasen dd ɣares zi kuř jjwayeh,/Users/mac/masterAI/tarifit_asr_tfm/data/processed/segments/REC122/REC122_SEG0029.wav
REC123_SEG0001_PART01,REC123,SPK009,data/processed/segments/REC123/REC123_SEG0001_PART01.wav,11.256,asgenfi n ijj n uneɛḍab yudef yasuɛ ɛawed ɣar kafarnaḥum řami sřin belli aqa t di taddart munen xas waṭṭas n iwdan,/Users/mac/masterAI/tarifit_asr_tfm/data/processed/segments/REC123/REC123_SEG0001_PART01.wav
REC123_SEG0002,REC123,SPK009,data/processed/segments/REC123/REC123_SEG0002.wav,16.272,arbun t i dd jar asen arebɛa n yeryazen minzi war zemmaren ad ɣares dd qarrben zi ssibbet n řɣaci gaɛɛden x tzeqqa ksin cwayt zi tzeqqa sennej amcan mani tuɣa yasuɛ uca ssehwan dd tassut min xef izzeř uneɛḍab,/Users/mac/masterAI/tarifit_asr_tfm/data/processed/segments/REC123/REC123_SEG0002.wav
REC123_SEG0003,REC123,SPK009,data/processed/segments/REC123/REC123_SEG0003.wav,18.384,umi iẓra yasuɛ l iman nsen inna i uneɛḍab a mmi aqa ddnub nnec ttwaɣfaren tuɣa qqimen din ca n imseřmaden n idlisen d ifarisiyyen ttxarraṣen deg wuř nsen min iɛna wa i ittceqqafen ammu wi izemmaren ad iɣfar ddnub mɣir arebbi weḥḥdes,/Users/mac/masterAI/tarifit_asr_tfm/data/processed/segments/REC123/REC123_SEG0003.wav
REC123_SEG0004,REC123,SPK009,data/processed/segments/REC123/REC123_SEG0004.wav,17.52,rexdenni yuca yasuɛ s arruḥ nnes belli aqa ttxarraṣen ammu deg ixef nsen inna asen mayemmi tettxemmamem di man aya deg wuřawen nwem min ihewnen ad iniɣ i uneɛḍab ttwaɣfaren ddnub nnec niɣ ad iniɣ kkar ksi tassut nnec uca uyur,/Users/mac/masterAI/tarifit_asr_tfm/data/processed/segments/REC123/REC123_SEG0004.wav
REC123_SEG0005_PART01,REC123,SPK009,data/processed/segments/REC123/REC123_SEG0005_PART01.wav,11.352,maca ḥima ad tessnem belli mmis n bnadem ɣares ṣṣulṭa x temmurt maḥend ad iɣfar ddnub inna xenni i uneɛḍab necc ad ac iniɣ kkar ksi tassut nnec truḥed ɣar taddart nnec,/Users/mac/masterAI/tarifit_asr_tfm/data/processed/segments/REC123/REC123_SEG0005_PART01.wav
REC123_SEG0005_PART02,REC123,SPK009,data/processed/segments/REC123/REC123_SEG0005_PART02.wav,11.352,deɣya ikkar řexdenni iksi tassut nnes uca iffeɣ qibac i marra iwdan ařami tbehten marra ssemɣaren di arebbi nnan ɛemmarṣ war neẓri man aya,/Users/mac/masterAI/tarifit_asr_tfm/data/processed/segments/REC123/REC123_SEG0005_PART02.wav
REC123_SEG0006_PART01,REC123,SPK009,data/processed/segments/REC123/REC123_SEG0006_PART01.wav,12.872,ařaɣi n matta lawi xenni iffeɣ ɛawed ɣar řebḥar uca yusa dd ɣares řɣaci marra uca isseřmed i ten am yeɛdu ibarq lawi mmis n ḥalfa iqqim ɣar taddart n ḍḍariba,/Users/mac/masterAI/tarifit_asr_tfm/data/processed/segments/REC123/REC123_SEG0006_PART01.wav
REC123_SEG0006_PART02,REC123,SPK009,data/processed/segments/REC123/REC123_SEG0006_PART02.wav,12.872,uca inna as ḍfar ayi dd ikkar uca iḍfar i t am iqqim netta ɣar umensi di taddart nnes tuɣa aṭṭas n ayt n ḍḍariba d imednab qqimen ak d yasuɛ d imeḥḍaren nnes,/Users/mac/masterAI/tarifit_asr_tfm/data/processed/segments/REC123/REC123_SEG0006_PART02.wav
REC123_SEG0007_PART01,REC123,SPK009,data/processed/segments/REC123/REC123_SEG0007_PART01.wav,14.168,minzi tuɣa aten deg waṭṭas uca ḍfaren t umi ẓrin imseřmaden n idlisen d ifarisiyyen aqa ittett ak d ayt n ḍḍariba d imednab nnan i imeḥḍaren nnes mayemmi ittett isess ak d ayt n,/Users/mac/masterAI/tarifit_asr_tfm/data/processed/segments/REC123/REC123_SEG0007_PART01.wav
REC123_SEG0007_PART02,REC123,SPK009,data/processed/segments/REC123/REC123_SEG0007_PART02.wav,14.168,ḍḍariba d imednab řami isřa yasuɛ man aya inna asen inni iṣeḥḥen war ḥdijen ca aḍbib maca imehřac wah aqa war dd usiɣ ḥima ad řaɣiɣ i yinni iseggden maca i imednab,/Users/mac/masterAI/tarifit_asr_tfm/data/processed/segments/REC123/REC123_SEG0007_PART02.wav
REC123_SEG0008,REC123,SPK009,data/processed/segments/REC123/REC123_SEG0008.wav,12.624,aseqsi x uẓummi tuɣa imeḥḍaren n yuḥanna amseɣḍaṣ d ifarisiyyen ttẓumman uca xenni usin dd ɣares nnan as mayemmi ttẓumman imeḥḍaren n yuḥanna d ifarisiyyen,/Users/mac/masterAI/tarifit_asr_tfm/data/processed/segments/REC123/REC123_SEG0008.wav
REC123_SEG0009_PART01,REC123,SPK009,data/processed/segments/REC123/REC123_SEG0009_PART01.wav,13.576,maca imeḥḍaren nnec war ttẓummin ca inna asen yasuɛ ma zemmaren tarwa n umuřay ad ẓummen d umuřay ɛad akidsen lla,/Users/mac/masterAI/tarifit_asr_tfm/data/processed/segments/REC123/REC123_SEG0009_PART01.wav
REC123_SEG0009_PART02,REC123,SPK009,data/processed/segments/REC123/REC123_SEG0009_PART02.wav,13.576,maca ad dd asen wussan xmi d ɣa immeksi umuřay xasen uca xenni ad ẓummen deg wussan nni war iǧi ḥed ittxeyyeḍ taneqqic zi tcuqqet n jdid x warruḍ aqdim,/Users/mac/masterAI/tarifit_asr_tfm/data/processed/segments/REC123/REC123_SEG0009_PART02.wav
REC123_SEG0010_PART01,REC123,SPK009,data/processed/segments/REC123/REC123_SEG0010_PART01.wav,11.656,niɣ xenni taneqqic nni n jdid ad teqřeɛ zeg warruḍ abuřay uca ad idweř ucarreg imɣar uřa d ijj war ittfarreɣ binu n jdid di txuncay tiqdimin,/Users/mac/masterAI/tarifit_asr_tfm/data/processed/segments/REC123/REC123_SEG0010_PART01.wav
REC123_SEG0010_PART02,REC123,SPK009,data/processed/segments/REC123/REC123_SEG0010_PART02.wav,11.656,ḥima binu n jdid war ittcarrig tixuncay u tixuncay ad ḍeyyɛent uca binu ad izeǧeɛ maca ittxeṣṣa ad ittwaffareɣ binu n jdid di txuncay n jdid,/Users/mac/masterAI/tarifit_asr_tfm/data/processed/segments/REC123/REC123_SEG0010_PART02.wav
REC123_SEG0011,REC123,SPK009,data/processed/segments/REC123/REC123_SEG0011.wav,2.352,lmasiḥ d bab n ssebt,/Users/mac/masterAI/tarifit_asr_tfm/data/processed/segments/REC123/REC123_SEG0011.wav
REC123_SEG0012_PART01,REC123,SPK009,data/processed/segments/REC123/REC123_SEG0012_PART01.wav,14.908,xenni imsar aqa icuq yasuɛ deg iyyaren n imendi di ssebt uca imeḥḍaren nnes bdan řeqqḍen tidrin am gguren nnan as ifarisiyyen xzar mayemmi tteggen di ssebt min war iḥeǧřen inna asen,/Users/mac/masterAI/tarifit_asr_tfm/data/processed/segments/REC123/REC123_SEG0012_PART01.wav
REC123_SEG0012_PART02,REC123,SPK009,data/processed/segments/REC123/REC123_SEG0012_PART02.wav,14.908,yasuɛ ma war teɣrim qaɛ min igga dawud řami tuɣa ittwaḥṣar iṭṭef i t řaẓ netta d yinni akides mammec dd yudef ɣar taddart n arebbi deg wussan n abyatar arrays n ikehhanen uca icca aɣrum,/Users/mac/masterAI/tarifit_asr_tfm/data/processed/segments/REC123/REC123_SEG0012_PART02.wav
REC123_SEG0013,REC123,SPK009,data/processed/segments/REC123/REC123_SEG0013.wav,17.344,n wescan n sidi i war iḥeǧřen ad t ccen mɣir ikehhanen waha uca iwca ɛawed i yinni tuɣa akides xenni inna asen aqa ass n ssebt ittwagg i bnadem war iǧi bnadem i ssebt ammu i iǧa mmis n bnadem uřa d bab n ssebt,/Users/mac/masterAI/tarifit_asr_tfm/data/processed/segments/REC123/REC123_SEG0013.wav
REC124_SEG0001,REC124,SPK009,data/processed/segments/REC124/REC124_SEG0001.wav,2.16,asgenfi deg wass n ssebt,/Users/mac/masterAI/tarifit_asr_tfm/data/processed/segments/REC124/REC124_SEG0001.wav
REC124_SEG0002,REC124,SPK009,data/processed/segments/REC124/REC124_SEG0002.wav,11.888,uca yudef dd yasuɛ ɛawed ɣar temzida tuɣa din ijj n weryaz afus nnes iqucceḥ bdan ḥeṭṭan t ma ad taɣ ad t issgenfa di ssebt ḥima zemmaren ad zzayes cetcan,/Users/mac/masterAI/tarifit_asr_tfm/data/processed/segments/REC124/REC124_SEG0002.wav
REC124_SEG0003_PART01,REC124,SPK009,data/processed/segments/REC124/REC124_SEG0003_PART01.wav,12.392,inna as i weryaz wenni ɣar iǧa afus iqucceḥ bedd di řwesṭ xenni inna asen ma iḥeǧeř di ssebt ad itwag min icnan niɣ min idǧan daɛfan,/Users/mac/masterAI/tarifit_asr_tfm/data/processed/segments/REC124/REC124_SEG0003_PART01.wav
REC124_SEG0003_PART02,REC124,SPK009,data/processed/segments/REC124/REC124_SEG0003_PART02.wav,12.392,issenjem ijj n řeɛmar niɣ ad t yareddeǧ maca nitni sqaren ixzar ɣar yinni d as dd innḍen s tefqeḥt zi ssibbet n řeqsaḥet n wuřawen nsen uca inna i weryaz,/Users/mac/masterAI/tarifit_asr_tfm/data/processed/segments/REC124/REC124_SEG0003_PART02.wav
REC124_SEG0004,REC124,SPK009,data/processed/segments/REC124/REC124_SEG0004.wav,15.888,swiẓẓeḍ afus nnec isswiẓẓeḍ i t i dd idweř ufus nnes iṣeḥḥ ɛawed řexdenni ffɣen ifarisiyyen ak d ca zi taddart n hirudus uca mcawaren xas mammec ɣa ggen ad t areddǧen,/Users/mac/masterAI/tarifit_asr_tfm/data/processed/segments/REC124/REC124_SEG0004.wav
REC124_SEG0005,REC124,SPK009,data/processed/segments/REC124/REC124_SEG0005.wav,4.08,yasuɛ isscen ṣṣulṭa nnes x řaryaḥ imengas,/Users/mac/masterAI/tarifit_asr_tfm/data/processed/segments/REC124/REC124_SEG0005.wav
REC124_SEG0006,REC124,SPK009,data/processed/segments/REC124/REC124_SEG0006.wav,17.424,iffeɣ yasuɛ ak d imeḥḍaren nnes ɣar řebḥar uca yarni iḍeffar i t dd řɣaci aṭṭas zi ljalil zi yahudiyya zi urcalim zi idumiya zeg ujemmaḍ n l urdun zi ṣur u zi ṣaydun aqa ijj n řɣaci d ameqqran,/Users/mac/masterAI/tarifit_asr_tfm/data/processed/segments/REC124/REC124_SEG0006.wav
REC124_SEG0008_PART01,REC124,SPK009,data/processed/segments/REC124/REC124_SEG0008_PART01.wav,12.856,inna i imeḥḍaren nnes maḥend ad awyen ict n tɣarrabut ɣares s ssibbet n řɣaci ḥima war t ddeḥḥsen minzi tuɣa issgenfa din aṭṭas ařami xas,/Users/mac/masterAI/tarifit_asr_tfm/data/processed/segments/REC124/REC124_SEG0008_PART01.wav
REC124_SEG0008_PART02,REC124,SPK009,data/processed/segments/REC124/REC124_SEG0008_PART02.wav,12.856,wḍan ḥima ad t awḍen ad t ḥadan uca řaryaḥ imengas wḍan zzates ɣar iḍaren nnes řami t ẓrin sɣuyen qqan aqa cek d mmis n arebbi,/Users/mac/masterAI/tarifit_asr_tfm/data/processed/segments/REC124/REC124_SEG0008_PART02.wav
REC124_SEG0009,REC124,SPK009,data/processed/segments/REC124/REC124_SEG0009.wav,4.432,maca iweṣṣa ten aṭṭas ḥima war xas ssuffuɣen řexbar,/Users/mac/masterAI/tarifit_asr_tfm/data/processed/segments/REC124/REC124_SEG0009.wav
REC124_SEG0010,REC124,SPK009,data/processed/segments/REC124/REC124_SEG0010.wav,2.96,yasuɛ ixḍar tenɛac n rrusul nnes,/Users/mac/masterAI/tarifit_asr_tfm/data/processed/segments/REC124/REC124_SEG0010.wav
REC124_SEG0011_PART01,REC124,SPK009,data/processed/segments/REC124/REC124_SEG0011_PART01.wav,14.568,xas uca yuři ɣar wedrar iřaɣa dd ɣares inni ixs uca usin dd ɣares igga tenɛac ḥima ad kides iřin u ḥima ad ten issekk maḥend ad barrḥen s rexbar asebḥan uca,/Users/mac/masterAI/tarifit_asr_tfm/data/processed/segments/REC124/REC124_SEG0011_PART01.wav
REC124_SEG0011_PART02,REC124,SPK009,data/processed/segments/REC124/REC124_SEG0011_PART02.wav,14.568,maḥend ad ɣarsen tiři ṣṣulṭa x usgenfi n řehřac u x usuffeɣ n raryaḥ iɛeffanen cimɛun igga as buṭrus isem wanita ixs ad yini aẓru d yaɛqub mmis n zabdi d yuḥanna umas n yaɛqub,/Users/mac/masterAI/tarifit_asr_tfm/data/processed/segments/REC124/REC124_SEG0011_PART02.wav
REC124_SEG0012_PART01,REC124,SPK009,data/processed/segments/REC124/REC124_SEG0012_PART01.wav,12.264,isemma aten buwanirjis min ixs ad yini ayt n wajjaj uca ifarz ɛawed andrawus d filippus d bar tulumawus,/Users/mac/masterAI/tarifit_asr_tfm/data/processed/segments/REC124/REC124_SEG0012_PART01.wav
REC124_SEG0012_PART02,REC124,SPK009,data/processed/segments/REC124/REC124_SEG0012_PART02.wav,12.264,d matta d tuma d yaɛqub mmis n ḥalfa d taddawus d cimɛun wenni umi ttkennan amɛessab d yahuda isxariyuṭi wenni t i ɣa iɣdaren,/Users/mac/masterAI/tarifit_asr_tfm/data/processed/segments/REC124/REC124_SEG0012_PART02.wav
REC124_SEG0013,REC124,SPK009,data/processed/segments/REC124/REC124_SEG0013.wav,2.288,yasuɛ d beɛalzabub,/Users/mac/masterAI/tarifit_asr_tfm/data/processed/segments/REC124/REC124_SEG0013.wav
REC124_SEG0014_PART01,REC124,SPK009,data/processed/segments/REC124/REC124_SEG0014_PART01.wav,14.552,usin dd ɣar taddart uca inneyru din ɛawed řɣaci ařami war ufin tawwart x macca n weɣrum umi sřin řaǧ nnes man aya ffɣen dd ḥima ad t ṭṭfen minzi nnan aqa,/Users/mac/masterAI/tarifit_asr_tfm/data/processed/segments/REC124/REC124_SEG0014_PART01.wav
REC124_SEG0014_PART02,REC124,SPK009,data/processed/segments/REC124/REC124_SEG0014_PART02.wav,14.552,ibbuhři maca imseřmaden n idlisen inni dd ihwan zi urcalim nnan aqa dayes beɛalzabub uca nnan ɛawed s umeqqran n raryaḥ iɛeffanen issuffuɣ raryaḥ iɛeffanen,/Users/mac/masterAI/tarifit_asr_tfm/data/processed/segments/REC124/REC124_SEG0014_PART02.wav
REC124_SEG0015_PART01,REC124,SPK009,data/processed/segments/REC124/REC124_SEG0015_PART01.wav,13.448,iřaɣa asen dd uca issiweř akidsen s imedya mammec izemmar cciṭan ad issuffeɣ cciṭan maɣar mařa temsebḍa ict n tgeldit x yixef nnes war tzemmar tgeldit nni ad tbedd,/Users/mac/masterAI/tarifit_asr_tfm/data/processed/segments/REC124/REC124_SEG0015_PART01.wav
REC124_SEG0015_PART02,REC124,SPK009,data/processed/segments/REC124/REC124_SEG0015_PART02.wav,13.448,mařa temsebḍa ijj n taddart x yixef nnes war tzemmar taddart nni ad tbedd mařa ikkar cciṭan ḍidd i yixef nnes xenni war ittiři d ijjen uca war izemmar ad ibedd,/Users/mac/masterAI/tarifit_asr_tfm/data/processed/segments/REC124/REC124_SEG0015_PART02.wav
REC124_SEG0016,REC124,SPK009,data/processed/segments/REC124/REC124_SEG0016.wav,3.408,maca ad yiři man aya d aneggar nnes,/Users/mac/masterAI/tarifit_asr_tfm/data/processed/segments/REC124/REC124_SEG0016.wav
REC124_SEG0017,REC124,SPK009,data/processed/segments/REC124/REC124_SEG0017.wav,10.992,war izemmar ḥed ad yadef ɣar taddart n wenni ijehden maḥend ad ikecceḍ řeqcuɛ nnes mařa war icarf wenni ijehden amezwar,/Users/mac/masterAI/tarifit_asr_tfm/data/processed/segments/REC124/REC124_SEG0017.wav
REC124_SEG0018_PART01,REC124,SPK009,data/processed/segments/REC124/REC124_SEG0018_PART01.wav,13.864,xenni izemmar ad ikecceḍ taddart nnes s tidett necc ad awem iniɣ belli ad asen ttwaɣfaren i tarwa n bnadem marra ddnub nsen uřa d aceqqef i zi ɣa ceqqfen maca wenni i ɣa,/Users/mac/masterAI/tarifit_asr_tfm/data/processed/segments/REC124/REC124_SEG0018_PART01.wav
REC124_SEG0018_PART02,REC124,SPK009,data/processed/segments/REC124/REC124_SEG0018_PART02.wav,13.864,iceqqfen di arruḥ iqeddsen war ɣares bu weɣfar qaɛ maca aqa ittwaḥkem xas s řḥukm ittduman minzi nitni nnan aqa dayes řaryaḥ amengus,/Users/mac/masterAI/tarifit_asr_tfm/data/processed/segments/REC124/REC124_SEG0018_PART02.wav
REC124_SEG0019_PART01,REC124,SPK009,data/processed/segments/REC124/REC124_SEG0019_PART01.wav,10.408,yemmas d aytmas n yasuɛ řexdenni tusa d aytmas dd yemmas bedden barra i taddart uca ssekken dd ɣares řaɣan as dd,/Users/mac/masterAI/tarifit_asr_tfm/data/processed/segments/REC124/REC124_SEG0019_PART01.wav
REC124_SEG0019_PART02,REC124,SPK009,data/processed/segments/REC124/REC124_SEG0019_PART02.wav,10.408,maca řɣaci qqimen nnḍen as dd nnan as xzar yemmac d aytmac aqa aten di barra arezzun xak yarra dd xasen inna,/Users/mac/masterAI/tarifit_asr_tfm/data/processed/segments/REC124/REC124_SEG0019_PART02.wav
REC124_SEG0020,REC124,SPK009,data/processed/segments/REC124/REC124_SEG0020.wav,18.064,man ten i iǧan d yemma u man yen i iǧan d aytma uca umi ixzar ɣar yinni ɣares iqqimen inna xzar aqa yemma d aytma minzi wenni itteggen min ixs arebbi d netta d uma d ucma d yemma,/Users/mac/masterAI/tarifit_asr_tfm/data/processed/segments/REC124/REC124_SEG0020.wav
REC125_SEG0001,REC125,SPK009,data/processed/segments/REC125/REC125_SEG0001.wav,1.872,amedya n umzzariɛ,/Users/mac/masterAI/tarifit_asr_tfm/data/processed/segments/REC125/REC125_SEG0001.wav
REC125_SEG0002,REC125,SPK009,data/processed/segments/REC125/REC125_SEG0002.wav,12.656,ibda isseřmad ɛawed ɣar řebḥar u imun dd xas řɣaci aṭṭas ařami yenya di tɣarrabut uca iqqim dayes x řebḥar am řɣaci marra tuɣa t x tma n řebḥar x řbarr,/Users/mac/masterAI/tarifit_asr_tfm/data/processed/segments/REC125/REC125_SEG0002.wav
REC125_SEG0003,REC125,SPK009,data/processed/segments/REC125/REC125_SEG0003.wav,16.144,tuɣa isseřmad i ten s imedya aṭṭas inna di tɣuri nnes sřem xzar ijj n ufeǧaḥ iffeɣ ḥima ad izarɛ am tuɣa izarreɛ tewḍa ca n zzariɛet x tma n webrid,/Users/mac/masterAI/tarifit_asr_tfm/data/processed/segments/REC125/REC125_SEG0003.wav
REC125_SEG0004_PART01,REC125,SPK009,data/processed/segments/REC125/REC125_SEG0004_PART01.wav,10.2,ixecc dd ijj n ujḍiḍ ineqb i tt tewḍa ca n zzariɛet nneɣni x weẓru mani war dayes tuɣi bu ucař aṭṭas deɣya teɣmi,/Users/mac/masterAI/tarifit_asr_tfm/data/processed/segments/REC125/REC125_SEG0004_PART01.wav
REC125_SEG0004_PART02,REC125,SPK009,data/processed/segments/REC125/REC125_SEG0004_PART02.wav,10.2,s minzi tammurt war tuǧiɣ maca umi dd tenqar tfuct tecmeḍ minzi war ɣares tuɣi bu weẓwar xenni tisřaw,/Users/mac/masterAI/tarifit_asr_tfm/data/processed/segments/REC125/REC125_SEG0004_PART02.wav
REC125_SEG0005_PART01,REC125,SPK009,data/processed/segments/REC125/REC125_SEG0005_PART01.wav,13.96,tewḍa ca n zzariɛet nneɣni jar isennanen uca mɣaren xas isennanen uca jeyyḥen tt war tewci ca řɣiǧet tewḍa ca n zzariɛet nneɣni x temmurt teṣbeḥ uca teɣmi tegma tewca řɣiǧet,/Users/mac/masterAI/tarifit_asr_tfm/data/processed/segments/REC125/REC125_SEG0005_PART01.wav
REC125_SEG0005_PART02,REC125,SPK009,data/processed/segments/REC125/REC125_SEG0005_PART02.wav,13.96,ca n zzariɛet tusa dd s třatin ca s settin u ca s mya n tseqqar xenni inna wenni ɣar iǧa imezzuɣen i useǧi ejj i t ad iseř,/Users/mac/masterAI/tarifit_asr_tfm/data/processed/segments/REC125/REC125_SEG0005_PART02.wav
REC125_SEG0006,REC125,SPK009,data/processed/segments/REC125/REC125_SEG0006.wav,9.904,maymi issiwer yasuɛ s imedya umi tuɣa aten weḥḥedsen sseqsan t inni d as dd innḍen jmiɛ ak d tenɛac x umedya nni,/Users/mac/masterAI/tarifit_asr_tfm/data/processed/segments/REC125/REC125_SEG0006.wav
REC125_SEG0007_PART01,REC125,SPK009,data/processed/segments/REC125/REC125_SEG0007_PART01.wav,11.848,inna asen aqa immewc awem maḥend ad tessnem ssirr n tgeldit n arebbi maca inni di barra ad asen yiři kuřci s imedya ḥima am ttwařan,/Users/mac/masterAI/tarifit_asr_tfm/data/processed/segments/REC125/REC125_SEG0007_PART01.wav
REC125_SEG0007_PART02,REC125,SPK009,data/processed/segments/REC125/REC125_SEG0007_PART02.wav,11.848,ad ttwařan uca war ttwiřin am ttesřan ttesřan uca war fehhmen ḥima war ttetuben uca ad asen ittwaɣfar ddnub nsen,/Users/mac/masterAI/tarifit_asr_tfm/data/processed/segments/REC125/REC125_SEG0007_PART02.wav
REC125_SEG0008,REC125,SPK009,data/processed/segments/REC125/REC125_SEG0008.wav,6.96,afsar n umedya n zzariɛet inna asen ma war tefhimem ca i umedya ya,/Users/mac/masterAI/tarifit_asr_tfm/data/processed/segments/REC125/REC125_SEG0008.wav
REC125_SEG0009,REC125,SPK009,data/processed/segments/REC125/REC125_SEG0009.wav,3.44,mammec i ɣa tessnem marra imettiřen a,/Users/mac/masterAI/tarifit_asr_tfm/data/processed/segments/REC125/REC125_SEG0009.wav
REC125_SEG0010_PART01,REC125,SPK009,data/processed/segments/REC125/REC125_SEG0010_PART01.wav,13.096,afeǧaḥ nni izarɛen izarreɛ awař ina aqa d inni x webrid aqa yina d yinni daysen ittwazarɛ wawař maca awarni řami d as sřin řexdenni yusa dd cciṭan,/Users/mac/masterAI/tarifit_asr_tfm/data/processed/segments/REC125/REC125_SEG0010_PART01.wav
REC125_SEG0010_PART02,REC125,SPK009,data/processed/segments/REC125/REC125_SEG0010_PART02.wav,13.096,uca ikkes awař i ittwazarɛen deg wuřawen nsen uca yina d inni ittwazarɛen x temmurt uḥejri aqa yina d inni xmi ɣa sřen awař,/Users/mac/masterAI/tarifit_asr_tfm/data/processed/segments/REC125/REC125_SEG0010_PART02.wav
REC125_SEG0011,REC125,SPK009,data/processed/segments/REC125/REC125_SEG0011.wav,10.576,ad t qebřen deɣya s řefraḥet maca war ɣarsen bu jjadira deg ixef nsen maca ad qqimen ɣar ijj n řmijař,/Users/mac/masterAI/tarifit_asr_tfm/data/processed/segments/REC125/REC125_SEG0011.wav
REC125_SEG0012_PART01,REC125,SPK009,data/processed/segments/REC125/REC125_SEG0012_PART01.wav,14.024,mařa temsar řmeḥnet niɣ umarret di ssibbet n wawař ad nqarḍen deɣya uca yina d inni ittwazarɛen jar isennanen aqa yina d inni xmi ɣa sře,/Users/mac/masterAI/tarifit_asr_tfm/data/processed/segments/REC125/REC125_SEG0012_PART01.wav
REC125_SEG0012_PART02,REC125,SPK009,data/processed/segments/REC125/REC125_SEG0012_PART02.wav,14.024,n awař ad ɣarsen dd adfent tḥissaf n ddunect a d uɣekkʷi n wagřa d marra nnecwat inneɣni ad jeyyfent awař xenni,/Users/mac/masterAI/tarifit_asr_tfm/data/processed/segments/REC125/REC125_SEG0012_PART02.wav
REC125_SEG0013_PART01,REC125,SPK009,data/processed/segments/REC125/REC125_SEG0013_PART01.wav,10.04,idakkʷař wawař břa řɣiǧet uca yina d inni ittwazarɛen x temmurt iṣebḥen aqa yina d inni xmi,/Users/mac/masterAI/tarifit_asr_tfm/data/processed/segments/REC125/REC125_SEG0013_PART01.wav
REC125_SEG0013_PART02,REC125,SPK009,data/processed/segments/REC125/REC125_SEG0013_PART02.wav,10.04,ɣa sřen awař ad t qebřen ad wcen řɣiǧet ca zzaysen třatin inneɣni settin u inneɣni mya n tseqqar,/Users/mac/masterAI/tarifit_asr_tfm/data/processed/segments/REC125/REC125_SEG0013_PART02.wav
REC125_SEG0014,REC125,SPK009,data/processed/segments/REC125/REC125_SEG0014.wav,3.184,amedya n řqendiř inna asen,/Users/mac/masterAI/tarifit_asr_tfm/data/processed/segments/REC125/REC125_SEG0014.wav
REC125_SEG0015,REC125,SPK009,data/processed/segments/REC125/REC125_SEG0015.wav,5.584,ma ad dd asen s řqendiř ḥima ad immars sadu rkkʷarbed niɣ sadu qama,/Users/mac/masterAI/tarifit_asr_tfm/data/processed/segments/REC125/REC125_SEG0015.wav
REC125_SEG0016_PART01,REC125,SPK009,data/processed/segments/REC125/REC125_SEG0016_PART01.wav,12.616,ma war ittmarsi ca x řmerfeɛ minzi war din min inuffaren war dd ittwassargeb uca war din uřa d ict n řḥajjet di tnuffra war tetwasseḍhari mařa din ḥed i ɣar,/Users/mac/masterAI/tarifit_asr_tfm/data/processed/segments/REC125/REC125_SEG0016_PART01.wav
REC125_SEG0016_PART02,REC125,SPK009,data/processed/segments/REC125/REC125_SEG0016_PART02.wav,12.616,iǧa imezzuɣen i useǧi ejj i t ad iseř inna asen ḥḍam min ɣa tesřem s řeqyas nni zzayes i ɣa teɛbarem zzayes i d awem ɣa ɛbaren ɛawed,/Users/mac/masterAI/tarifit_asr_tfm/data/processed/segments/REC125/REC125_SEG0016_PART02.wav
REC125_SEG0017,REC125,SPK009,data/processed/segments/REC125/REC125_SEG0017.wav,14.736,uca i kenniw inni ittesřan ad asen immarni ɛad minzi wenni ɣar iǧa ad as immarni u wenni war ɣar iǧi uřa d min ɣares ad as ittwakkes,/Users/mac/masterAI/tarifit_asr_tfm/data/processed/segments/REC125/REC125_SEG0017.wav
REC125_SEG0018,REC125,SPK009,data/processed/segments/REC125/REC125_SEG0018.wav,3.664,amedya n zzariɛet d tgeldit n arebbi,/Users/mac/masterAI/tarifit_asr_tfm/data/processed/segments/REC125/REC125_SEG0018.wav
REC125_SEG0019_PART01,REC125,SPK009,data/processed/segments/REC125/REC125_SEG0019_PART01.wav,12.868,inna s uyenni ad tiři tageldit n arebbi am yijj n weryaz ineṭṭar zzariɛet di temmurt xenni ad iṭṭeṣ ad dd ikkar ǧiřet d wass,/Users/mac/masterAI/tarifit_asr_tfm/data/processed/segments/REC125/REC125_SEG0019_PART01.wav
REC125_SEG0019_PART02,REC125,SPK009,data/processed/segments/REC125/REC125_SEG0019_PART02.wav,12.868,uca zzariɛet ad tgeɛɛed ad tegma maca netta war issin mammec minzi tammurt tettawi dd řɣiǧet s yixef nnes amezwar aɣemmuy,/Users/mac/masterAI/tarifit_asr_tfm/data/processed/segments/REC125/REC125_SEG0019_PART02.wav
REC125_SEG0020,REC125,SPK009,data/processed/segments/REC125/REC125_SEG0020.wav,10.152,xenni tidart awarni as irden ikemmřen di tidart řami dd tiweḍ řɣiǧet řexdenni issekk amjar minzi tameyra tiweḍ dd,/Users/mac/masterAI/tarifit_asr_tfm/data/processed/segments/REC125/REC125_SEG0020.wav
REC125_SEG0021,REC125,SPK009,data/processed/segments/REC125/REC125_SEG0021.wav,3.216,amedya n tḥebbuct n zzariɛet n uxerdel,/Users/mac/masterAI/tarifit_asr_tfm/data/processed/segments/REC125/REC125_SEG0021.wav
REC125_SEG0022,REC125,SPK009,data/processed/segments/REC125/REC125_SEG0022.wav,8.176,inna min di i ɣa narwes tageldit n arebbi niɣ s man amedya i zi tt i ɣa narcem,/Users/mac/masterAI/tarifit_asr_tfm/data/processed/segments/REC125/REC125_SEG0022.wav
REC125_SEG0023,REC125,SPK009,data/processed/segments/REC125/REC125_SEG0023.wav,12.432,aqa tt am tḥebbuct n zzariɛet n uxerdel tenni řami tettwazarɛ di temmurt aqa nettat d tameẓyant x marra tiḥebba n zzariɛet i iǧan di temmurt,/Users/mac/masterAI/tarifit_asr_tfm/data/processed/segments/REC125/REC125_SEG0023.wav
REC125_SEG0024,REC125,SPK009,data/processed/segments/REC125/REC125_SEG0024.wav,7.056,řami tettwazarɛ teɣmi dd temɣar x marra rxudat n tebḥart,/Users/mac/masterAI/tarifit_asr_tfm/data/processed/segments/REC125/REC125_SEG0024.wav
REC125_SEG0025,REC125,SPK009,data/processed/segments/REC125/REC125_SEG0025.wav,7.344,ad tegg řefruɛ imɣaren ařami ijḍaḍ n ujenna zemmaren ad ggen řeɛwacc di tiři nnes,/Users/mac/masterAI/tarifit_asr_tfm/data/processed/segments/REC125/REC125_SEG0025.wav
REC125_SEG0026,REC125,SPK009,data/processed/segments/REC125/REC125_SEG0026.wav,17.584,tuɣa yasuɛ issawař awař akidsen s imedya aṭṭas am yina s imedya ittřiqen maḥend ad ten sřen iwdan břa imedya war kisen issiweř ca maca tuɣa issefham kuřci i imeḥḍaren nnes weḥḥedsen,/Users/mac/masterAI/tarifit_asr_tfm/data/processed/segments/REC125/REC125_SEG0026.wav
REC125_SEG0027,REC125,SPK009,data/processed/segments/REC125/REC125_SEG0027.wav,17.104,yasuɛ d tḥaryaḍt deg wass nni řami d tewḍa tmeddit inna asen ejj aneɣ ad neẓwa ɣar ujemmaḍin semḥen di řɣaci iwyen t umi t tuɣa ɛad di tɣarrabut uca tuɣa din akidsen ɛawed tiɣarruba nneɣni,/Users/mac/masterAI/tarifit_asr_tfm/data/processed/segments/REC125/REC125_SEG0027.wav
REC125_SEG0028,REC125,SPK009,data/processed/segments/REC125/REC125_SEG0028.wav,17.136,tekkar dd ict n tḥaryaḍt temɣar řemwaj ccaten di tɣarrabut ařami tebda tettcura maca yasuɛ tuɣa iṭṭeṣ x ict n tsunta ɣar ḍeffar n tɣarrabut nitni ssfaqen t nnan as a amseřmad ma war d ac necqi ca neccin mařa nettwahellek,/Users/mac/masterAI/tarifit_asr_tfm/data/processed/segments/REC125/REC125_SEG0028.wav
REC125_SEG0029_PART01,REC125,SPK009,data/processed/segments/REC125/REC125_SEG0029_PART01.wav,11.48,xenni ikkar iwebbex asemmiḍ inna i řebḥar ars sqar yarsa usemmiḍ uca idweř kuřci yarsa xenni inna asen mayemmi teggʷedem ammu,/Users/mac/masterAI/tarifit_asr_tfm/data/processed/segments/REC125/REC125_SEG0029_PART01.wav
REC125_SEG0029_PART02,REC125,SPK009,data/processed/segments/REC125/REC125_SEG0029_PART02.wav,11.48,min kenniw yuɣin war daywem bu l iman tudef i ten tiggʷudi temɣar nnan i wayawya min iɛna wa aqa uřa d asemmiḍ d řebḥar tggen as array,/Users/mac/masterAI/tarifit_asr_tfm/data/processed/segments/REC125/REC125_SEG0029_PART02.wav
REC126_SEG0001,REC126,SPK009,data/processed/segments/REC126/REC126_SEG0001.wav,2.256,asgenfi n ijj n umeryaḥ,/Users/mac/masterAI/tarifit_asr_tfm/data/processed/segments/REC126/REC126_SEG0001.wav
REC126_SEG0002,REC126,SPK009,data/processed/segments/REC126/REC126_SEG0002.wav,13.328,iwden ɣar ujemmaḍin n řebḥar di temmurt n gadarinis umi dd iffeɣ zi tɣarrabut iřqa i t ijj n bnadem zeg imeḍřan dayes ijj n řaryaḥ d amengus,/Users/mac/masterAI/tarifit_asr_tfm/data/processed/segments/REC126/REC126_SEG0002.wav
REC126_SEG0003,REC126,SPK009,data/processed/segments/REC126/REC126_SEG0003.wav,17.872,tuɣa izeddeɣ deg imeḍřan uca war izemmar ḥed ad t icarf uřa s ssnaseř minzi waxxa tuɣa carfen t aṭṭas n twařawin s iceddiyyen d ssnaseř aqa netta iqḍu ssnaseř nni yarẓa iceddiyyen u war izemmar ḥed ad t iqemmeɛ,/Users/mac/masterAI/tarifit_asr_tfm/data/processed/segments/REC126/REC126_SEG0003.wav
REC126_SEG0004,REC126,SPK009,data/processed/segments/REC126/REC126_SEG0004.wav,8.24,tuɣa t řebda ass d ǧiřet deg idurar u deg imeḍřan isɣuyyu iyezzem ixef nnes s iẓra,/Users/mac/masterAI/tarifit_asr_tfm/data/processed/segments/REC126/REC126_SEG0004.wav
REC126_SEG0005_PART01,REC126,SPK009,data/processed/segments/REC126/REC126_SEG0005_PART01.wav,13.624,umi iẓra netta yasuɛ zi řaggʷaj yuzzeř uca isjed as isɣuy s jjehd uca inna as min din jar ayi akidek a yasuɛ mmis n arebbi amɛuǧi x kuřci,/Users/mac/masterAI/tarifit_asr_tfm/data/processed/segments/REC126/REC126_SEG0005_PART01.wav
REC126_SEG0005_PART02,REC126,SPK009,data/processed/segments/REC126/REC126_SEG0005_PART02.wav,13.624,ttzawgeɣ cek s arebbi war d ayi ttmarrat minzi aqa inna as ffeɣ zi bnadem a a řaryaḥ amengus isseqsa t mammec d ac qqaren,/Users/mac/masterAI/tarifit_asr_tfm/data/processed/segments/REC126/REC126_SEG0005_PART02.wav
REC126_SEG0006_PART01,REC126,SPK009,data/processed/segments/REC126/REC126_SEG0006_PART01.wav,13.448,yarra dd inna isem inu lixyun man aya ixs ad yini abarru minzi neccin deg waṭṭas izawg i t aṭṭas ḥima war t issiggʷej barra i uduwwar nni,/Users/mac/masterAI/tarifit_asr_tfm/data/processed/segments/REC126/REC126_SEG0006_PART01.wav
REC126_SEG0006_PART02,REC126,SPK009,data/processed/segments/REC126/REC126_SEG0006_PART02.wav,13.448,tuɣa din ɣar wedrar ict n tḥimart temɣar n iřfan tetthedda zawgen t ccwaṭen nni nnan sekk aneɣ ɣar iřfan ḥima ad daysen nadef,/Users/mac/masterAI/tarifit_asr_tfm/data/processed/segments/REC126/REC126_SEG0006_PART02.wav
REC126_SEG0007,REC126,SPK009,data/processed/segments/REC126/REC126_SEG0007.wav,17.776,isamḥ asen yasuɛ řexdenni ffɣen řaryaḥ imengas zeg weryaz nni udfen deg iřfan uca tuzzeř tḥimart nni ɣar ijj n jjarf yuɛřan uca tewḍa di řebḥar tuɣa ten ɛřaḥař deg wařfayen zzaysen uca ɣarqen di řebḥar,/Users/mac/masterAI/tarifit_asr_tfm/data/processed/segments/REC126/REC126_SEG0007.wav
REC126_SEG0008_PART01,REC126,SPK009,data/processed/segments/REC126/REC126_SEG0008_PART01.wav,10.344,maca imeksawen n iřfan arewřen xebbaren man aya di tendint u x iyyaren iwdan ffɣen dd ḥima ad ẓaren min imsaren,/Users/mac/masterAI/tarifit_asr_tfm/data/processed/segments/REC126/REC126_SEG0008_PART01.wav
REC126_SEG0008_PART02,REC126,SPK009,data/processed/segments/REC126/REC126_SEG0008_PART02.wav,10.344,usin dd ɣar yasuɛ ttwařan amaryaḥ i dayes tuɣa ccwaṭen wenni di tuɣa izeddeɣ lixyun iqqim yarḍ s řbař nnes uca ggʷeden,/Users/mac/masterAI/tarifit_asr_tfm/data/processed/segments/REC126/REC126_SEG0008_PART02.wav
REC126_SEG0009,REC126,SPK009,data/processed/segments/REC126/REC126_SEG0009.wav,9.136,inni iẓrin man aya xebbaren ten min imsaren i umaryaḥ i di tuɣa ccwaṭen u ɛawed x yiřfan nni,/Users/mac/masterAI/tarifit_asr_tfm/data/processed/segments/REC126/REC126_SEG0009.wav
REC126_SEG0010_PART01,REC126,SPK009,data/processed/segments/REC126/REC126_SEG0010_PART01.wav,10.824,uca bdan ttzawgen t maḥend ad iggʷej x temmurt nsen řami inya netta di tɣarrabut izawg i t umaryaḥ i dayes tuɣa ccwa,/Users/mac/masterAI/tarifit_asr_tfm/data/processed/segments/REC126/REC126_SEG0010_PART01.wav
REC126_SEG0010_PART02,REC126,SPK009,data/processed/segments/REC126/REC126_SEG0010_PART02.wav,10.824,ṭen ḥima ad iqqim akides war t ijji maca inna as ruḥ ɣar taddart nnec d řaǧ nnec xebbar i ten marra min zzayek igga sidi,/Users/mac/masterAI/tarifit_asr_tfm/data/processed/segments/REC126/REC126_SEG0010_PART02.wav
REC126_SEG0011,REC126,SPK009,data/processed/segments/REC126/REC126_SEG0011.wav,10.544,mammec xak yarḥem uca iruḥ ibda ittbarreḥ di dikapulis marra min d as igga yasuɛ uca marra tbehten,/Users/mac/masterAI/tarifit_asr_tfm/data/processed/segments/REC126/REC126_SEG0011.wav
REC126_SEG0012,REC126,SPK009,data/processed/segments/REC126/REC126_SEG0012.wav,5.712,yeǧis n yayrus tamɣart tehřec řqedd n tenɛac n iseggʷusa,/Users/mac/masterAI/tarifit_asr_tfm/data/processed/segments/REC126/REC126_SEG0012.wav
REC126_SEG0013_PART01,REC126,SPK009,data/processed/segments/REC126/REC126_SEG0013_PART01.wav,12.312,awarni řami iẓwa yasuɛ s tɣarrabut ɣar ujemmaḍ imun dd xas ɛawed aṭṭas n řɣaci am tuɣa t x tma n řebḥar yusa dd ijjen zeg imeqqranen n temzida,/Users/mac/masterAI/tarifit_asr_tfm/data/processed/segments/REC126/REC126_SEG0013_PART01.wav
REC126_SEG0013_PART02,REC126,SPK009,data/processed/segments/REC126/REC126_SEG0013_PART02.wav,12.312,issem ness yayrus umi t iẓra iwḍa as ɣar iḍaren izawg i t aṭṭas inna as iǧi tmaẓuẓt tḥeřc aṭṭas ttzawgeɣ cek ad dd tased ad,/Users/mac/masterAI/tarifit_asr_tfm/data/processed/segments/REC126/REC126_SEG0013_PART02.wav
REC126_SEG0014,REC126,SPK009,data/processed/segments/REC126/REC126_SEG0014.wav,10.352,axas tessarsed ifassen nnec ḥima ad teggenfa ad teddar iruḥ akides uca iḍfar i t i dd waṭṭas n řɣaci deḥḥsen t netta,/Users/mac/masterAI/tarifit_asr_tfm/data/processed/segments/REC126/REC126_SEG0014.wav
REC126_SEG0015_PART01,REC126,SPK009,data/processed/segments/REC126/REC126_SEG0015_PART01.wav,13.896,ict n temɣart ttazzřen zzayes idammen tenɛac n iseggʷusa uca tekka xas tamara aṭṭas zeg iḍbiben umi tessuffeɣ marra min ɣares maca war testenfiɛ s walu,/Users/mac/masterAI/tarifit_asr_tfm/data/processed/segments/REC126/REC126_SEG0015_PART01.wav
REC126_SEG0015_PART02,REC126,SPK009,data/processed/segments/REC126/REC126_SEG0015_PART02.wav,13.896,maca yarni ɛad xas řḥař aqa tesřa x yasuɛ uca tusa dd ɣares am tekka x ddḥas n řɣaci zi ḍeffar nnes uca tḥada arruḍ nnes minzi tenna,/Users/mac/masterAI/tarifit_asr_tfm/data/processed/segments/REC126/REC126_SEG0015_PART02.wav
REC126_SEG0016_PART01,REC126,SPK009,data/processed/segments/REC126/REC126_SEG0016_PART01.wav,13.8,mařa ḥadiɣ mɣir arruḍ nnes ad qqimeɣ ddareɣ řexdenni yuẓeɣ usizzeř n idammen tuca ak d arrimet nnes belli teggenfa zi řehřac nnes řexdenni yuca yasuɛ ak d yixef nnes belli,/Users/mac/masterAI/tarifit_asr_tfm/data/processed/segments/REC126/REC126_SEG0016_PART01.wav
REC126_SEG0016_PART02,REC126,SPK009,data/processed/segments/REC126/REC126_SEG0016_PART02.wav,13.8,iffeɣ zzayes jjehd uca inneqřeb ɣar řɣaci inna wi iḥadan arruḍ inu nnan as imeḥḍaren nnes cek twařid řɣaci ideḥḥes i cek u cek tesseqsid,/Users/mac/masterAI/tarifit_asr_tfm/data/processed/segments/REC126/REC126_SEG0016_PART02.wav
REC126_SEG0017,REC126,SPK009,data/processed/segments/REC126/REC126_SEG0017.wav,6.352,wi d ayi iḥadan maca iqqim ixezzar ḥima ad iẓar wi yeggin man aya,/Users/mac/masterAI/tarifit_asr_tfm/data/processed/segments/REC126/REC126_SEG0017.wav
REC126_SEG0018_PART01,REC126,SPK009,data/processed/segments/REC126/REC126_SEG0018_PART01.wav,14.024,tuɣa tameṭṭut teggʷed tettarjiji am tessen min d as imsaren uca tusa dd tewḍa as ɣar iḍaren uca tɛawed as tidett marra xenni inna as a yeǧi,/Users/mac/masterAI/tarifit_asr_tfm/data/processed/segments/REC126/REC126_SEG0018_PART01.wav
REC126_SEG0018_PART02,REC126,SPK009,data/processed/segments/REC126/REC126_SEG0018_PART02.wav,14.024,l iman nnem aqa iwca am tudart ruḥ s řehna ad tiřid teggenfid zi řehřac nnem am tuɣa ɛad issawař usin dd ca zi taddart n umeqqran n temzida nnan as,/Users/mac/masterAI/tarifit_asr_tfm/data/processed/segments/REC126/REC126_SEG0018_PART02.wav
REC126_SEG0019,REC126,SPK009,data/processed/segments/REC126/REC126_SEG0019.wav,11.6,iǧic temmut mayemmi tṣeddaɛed ɛad amseɣɣar maca yasuɛ isřa awařen i innan uca inna i umeqqran n temzida war tteggʷed ca amen waha,/Users/mac/masterAI/tarifit_asr_tfm/data/processed/segments/REC126/REC126_SEG0019.wav
REC126_SEG0020,REC126,SPK009,data/processed/segments/REC126/REC126_SEG0020.wav,15.376,war ismiḥ uřa i yijjen ad t yuyur akides mɣir cimɛun buṭrus d yaɛqub d yuḥanna umas n yaɛqub usin dd ɣar taddart n umeqqran n temzida uca iẓra i ten ccaten agejdur ttrun uca sɣuyyun,/Users/mac/masterAI/tarifit_asr_tfm/data/processed/segments/REC126/REC126_SEG0020.wav
REC126_SEG0021_PART01,REC126,SPK009,data/processed/segments/REC126/REC126_SEG0021_PART01.wav,13.16,umi dd yudef inna asen mayemmi teccatem agejdur tettrum taḥenjirt war temmut ca maca aqa teṭṭeṣ nitni ḍeḥcen zzayes maca netta issuffeɣ i ten kuř,/Users/mac/masterAI/tarifit_asr_tfm/data/processed/segments/REC126/REC126_SEG0021_PART01.wav
REC126_SEG0021_PART02,REC126,SPK009,data/processed/segments/REC126/REC126_SEG0021_PART02.wav,13.16,ci barra uca yiwi akides babas d yemmas n tḥenjirt d yinni tuɣa akides xenni yudef dd mani tuɣa tezzer tḥenjirt iṭṭef deg ufus n tḥenjirt inna as kkar a taḥenjirt,/Users/mac/masterAI/tarifit_asr_tfm/data/processed/segments/REC126/REC126_SEG0021_PART02.wav
REC126_SEG0022,REC126,SPK009,data/processed/segments/REC126/REC126_SEG0022.wav,19.902,řexdenni tekkar tḥenjirt uca tuyur minzi tuɣa taḥenjirt ɣares tenɛac n iseggʷusa tbehten nitni s yijj n utebhet imɣar uca netta yumur i ten s jjehd ḥima uřa d ijjen ad ibarreḥ s man aya xenni iweṣṣa ad as wcen ḥima ad tecc,/Users/mac/masterAI/tarifit_asr_tfm/data/processed/segments/REC126/REC126_SEG0022.wav
REC127_SEG0001_PART01,REC127,SPK009,data/processed/segments/REC127/REC127_SEG0001_PART01.wav,12.936,anabi war ɣares bu ccan di temmurt nnes iffeɣ ssenni yusa dd ɣar tendint nnes uca ḍfaren t i dd imeḥḍaren nnes řami dd tiweḍ ssebt ibda isseřmad di temzida aṭṭas n,/Users/mac/masterAI/tarifit_asr_tfm/data/processed/segments/REC127/REC127_SEG0001_PART01.wav
REC127_SEG0001_PART02,REC127,SPK009,data/processed/segments/REC127/REC127_SEG0001_PART02.wav,12.936,yinni d as isřin tbehten nnan zi manis dd usint tmesřayin a ɣar wanita mana tiɣit a i d as immewcen ařami msarent x ifassen nnes řeɛjayeb am tina,/Users/mac/masterAI/tarifit_asr_tfm/data/processed/segments/REC127/REC127_SEG0001_PART02.wav
REC127_SEG0002,REC127,SPK009,data/processed/segments/REC127/REC127_SEG0002.wav,10.096,ma war iǧi wa d anejjar mmis n maryam d umas n yaɛqub d yusis d yahuda d cimɛun ma war ǧint suyetmas da akidneɣ,/Users/mac/masterAI/tarifit_asr_tfm/data/processed/segments/REC127/REC127_SEG0002.wav
REC127_SEG0003_PART01,REC127,SPK009,data/processed/segments/REC127/REC127_SEG0003_PART01.wav,13.8,u nderfen dayes inna asen yasuɛ war iǧi anabi břa ccan mɣir di tammurt nnes jar řaǧ nnes u di taddart nnes uca netta war izemmar ad din igg uřa d ijj n,/Users/mac/masterAI/tarifit_asr_tfm/data/processed/segments/REC127/REC127_SEG0003_PART01.wav
REC127_SEG0003_PART02,REC127,SPK009,data/processed/segments/REC127/REC127_SEG0003_PART02.wav,13.8,řeɛjeb illa issars afus nnes x drus n imehřac waha uca issgenfa i ten tuɣa ittebhet zi tikkest n l iman nsen xenni iruḥ ittsara dcurat yudsen isseřmad,/Users/mac/masterAI/tarifit_asr_tfm/data/processed/segments/REC127/REC127_SEG0003_PART02.wav
REC127_SEG0004,REC127,SPK009,data/processed/segments/REC127/REC127_SEG0004.wav,19.504,yasuɛ issekk tenɛac n rrusul iřaɣa dd i tenɛac n rrusul ibda issekk i ten tyuya tyuya uca iwca asen ṣṣulṭa x řaryaḥ imengas maḥend ad ten ssuffɣen yumur i ten ḥima war kessin walu deg webrid mɣir taɣɣarct waha lla tacyart lla aɣrum,/Users/mac/masterAI/tarifit_asr_tfm/data/processed/segments/REC127/REC127_SEG0004.wav
REC127_SEG0005,REC127,SPK009,data/processed/segments/REC127/REC127_SEG0005.wav,14.992,lla tipyisin n nnḥas deg ubyass maca ad qqnen sandaliyat maca war yarrḍen tyuya n tcamirat inna asen mani ma tudfem ɣar ca n taddart qqimem dayes ař ssenni i ɣa teffɣem,/Users/mac/masterAI/tarifit_asr_tfm/data/processed/segments/REC127/REC127_SEG0005.wav
REC127_SEG0006_PART01,REC127,SPK009,data/processed/segments/REC127/REC127_SEG0006_PART01.wav,10.344,ɣar marra inni war kenniw iqbiřen u war ɣarwem ttesřin zzerzem taɛejjajt zeg iḍaren nwem d cchadet i nitni,/Users/mac/masterAI/tarifit_asr_tfm/data/processed/segments/REC127/REC127_SEG0006_PART01.wav
REC127_SEG0006_PART02,REC127,SPK009,data/processed/segments/REC127/REC127_SEG0006_PART02.wav,10.344,s tidett necc ad awem iniɣ ad yiři řḥař ihwen i temmurt n sadum d ɛamurra deg wass n lḥisab zi tendint nni,/Users/mac/masterAI/tarifit_asr_tfm/data/processed/segments/REC127/REC127_SEG0006_PART02.wav
REC127_SEG0007,REC127,SPK009,data/processed/segments/REC127/REC127_SEG0007.wav,9.744,uca ruḥen barrḥen ḥima ad tuben ssuffɣen aṭṭas n ccwaṭen dehnen imehřac aṭṭas s zzect uca ssgenfan ten,/Users/mac/masterAI/tarifit_asr_tfm/data/processed/segments/REC127/REC127_SEG0007.wav
REC127_SEG0008,REC127,SPK009,data/processed/segments/REC127/REC127_SEG0008.wav,2.608,řmewt n yuḥanna amseɣḍaṣ,/Users/mac/masterAI/tarifit_asr_tfm/data/processed/segments/REC127/REC127_SEG0008.wav
REC127_SEG0009_PART01,REC127,SPK009,data/processed/segments/REC127/REC127_SEG0009_PART01.wav,11.208,isřa xas ujeǧid hirudus minzi isem nnes idweř icneɛ inna aqa yuḥanna amseɣḍaṣ ittwassnekkar dd zi taddart n imettinen s uyenni,/Users/mac/masterAI/tarifit_asr_tfm/data/processed/segments/REC127/REC127_SEG0009_PART01.wav
REC127_SEG0009_PART02,REC127,SPK009,data/processed/segments/REC127/REC127_SEG0009_PART02.wav,11.208,xedmentt dayes řeɛjayeb nni inneɣni nnan aqa t d iliya u inneɣni nnan ɛawed aqa t d nnabi am yijjen zeg inabiyyen,/Users/mac/masterAI/tarifit_asr_tfm/data/processed/segments/REC127/REC127_SEG0009_PART02.wav
REC127_SEG0010_PART01,REC127,SPK009,data/processed/segments/REC127/REC127_SEG0010_PART01.wav,12.552,řami isřa hirudus man aya inna wa d yuḥanna wenni umi qesseɣ azeǧif aqa netta ittwassnekkar dd zi taddart n imettinen minzi hirudus simant nnes tuɣa issekk,/Users/mac/masterAI/tarifit_asr_tfm/data/processed/segments/REC127/REC127_SEG0010_PART01.wav
REC127_SEG0010_PART02,REC127,SPK009,data/processed/segments/REC127/REC127_SEG0010_PART02.wav,12.552,dd ɣares uca iḥebbes yuḥanna icarf i t di řeḥbes x ssibbet n hirudiyya tamɣart n umas filippus tenni i k d imřec hirudus,/Users/mac/masterAI/tarifit_asr_tfm/data/processed/segments/REC127/REC127_SEG0010_PART02.wav
REC127_SEG0011,REC127,SPK009,data/processed/segments/REC127/REC127_SEG0011.wav,3.12,minzi yuḥanna tuɣa iqqar i hirudus,/Users/mac/masterAI/tarifit_asr_tfm/data/processed/segments/REC127/REC127_SEG0011.wav
REC127_SEG0012_PART01,REC127,SPK009,data/processed/segments/REC127/REC127_SEG0012_PART01.wav,14.328,war d ac iḥeǧeř ad ɣarek tiři temɣart n umac s uyenni tuɣa hirudiyya tenḍar dayes tiṭṭawin uca tarezzu ad t tneɣ maca war tzemmar minzi hirudus,/Users/mac/masterAI/tarifit_asr_tfm/data/processed/segments/REC127/REC127_SEG0012_PART01.wav
REC127_SEG0012_PART02,REC127,SPK009,data/processed/segments/REC127/REC127_SEG0012_PART02.wav,14.328,tuɣa itteggʷed zi yuḥanna issen belli netta d aryaz d amseggad d amqeddas u iḥeṭṭa xas isřa zzayes aṭṭas n tmesřayin uca isexxar xas,/Users/mac/masterAI/tarifit_asr_tfm/data/processed/segments/REC127/REC127_SEG0012_PART02.wav
REC127_SEG0014_PART01,REC127,SPK009,data/processed/segments/REC127/REC127_SEG0014_PART01.wav,11.72,uca tudef dd yeǧis n hirudiyya tecḍeḥ teɛjeb as i hirudus d yinni iqqimen akides xenni inna as ujeǧid i tḥenjirt ttar zzayi,/Users/mac/masterAI/tarifit_asr_tfm/data/processed/segments/REC127/REC127_SEG0014_PART01.wav
REC127_SEG0014_PART02,REC127,SPK009,data/processed/segments/REC127/REC127_SEG0014_PART02.wav,11.72,marra min texsed ad am t wceɣ ijjuǧ as mecḥař ma zzayi i ɣa tettared ad am t wceɣ waxxa ař azyen n tgeldit inu,/Users/mac/masterAI/tarifit_asr_tfm/data/processed/segments/REC127/REC127_SEG0014_PART02.wav
REC127_SEG0015,REC127,SPK009,data/processed/segments/REC127/REC127_SEG0015.wav,8.912,teffeɣ dd nettat tenna i yemmas min d as i ɣa ttareɣ tenna as tanita azeǧif n yuḥanna amseɣḍaṣ t,/Users/mac/masterAI/tarifit_asr_tfm/data/processed/segments/REC127/REC127_SEG0015.wav
REC127_SEG0016,REC127,SPK009,data/processed/segments/REC127/REC127_SEG0016.wav,18.544,deɣya s tazřa ɣar ujeǧid tenna as xseɣ ad ayi dd tessarsed di tsaɛɛet a azeǧif n yuḥanna x ijj n ṭṭebṣi icḍen ujeǧid aṭṭas maca x ssibbet n tjaǧit u x ssibbet n inewjiwen i iqqimen ɣar ṭṭabřa war ixs ad tt iqemmeɛ,/Users/mac/masterAI/tarifit_asr_tfm/data/processed/segments/REC127/REC127_SEG0016.wav
REC127_SEG0017,REC127,SPK009,data/processed/segments/REC127/REC127_SEG0017.wav,16.208,u řexdenni issekk ujeǧid ijj n uɛessas ɣar řeḥbes s ssif yumur ḥima ad dd yawi azeǧif n yuḥanna wanita iruḥ iqess as azeǧif i yuḥanna di řeḥbes xas uca yiwi dd azeǧif nnes x ṭṭebṣi,/Users/mac/masterAI/tarifit_asr_tfm/data/processed/segments/REC127/REC127_SEG0017.wav
REC127_SEG0018,REC127,SPK009,data/processed/segments/REC127/REC127_SEG0018.wav,13.232,iwca as t i tḥenjirt u taḥenjirt tewc as t i yemmas řami sřin imeḥḍaren nnes man aya usin dd ksin řxecbet nnes ssarsen tt deg wenḍeř,/Users/mac/masterAI/tarifit_asr_tfm/data/processed/segments/REC127/REC127_SEG0018.wav
REC127_SEG0019,REC127,SPK009,data/processed/segments/REC127/REC127_SEG0019.wav,4.496,lmuɛjiza n usecci n ktar n xems araf n yaryazen,/Users/mac/masterAI/tarifit_asr_tfm/data/processed/segments/REC127/REC127_SEG0019.wav
REC127_SEG0020_PART01,REC127,SPK009,data/processed/segments/REC127/REC127_SEG0020_PART01.wav,10.632,munen rrusul ɛawed ɣar yasuɛ xebbaren t x kuřci x min ggin d x min tuɣa sseřmaden inna asen asem dd,/Users/mac/masterAI/tarifit_asr_tfm/data/processed/segments/REC127/REC127_SEG0020_PART01.wav
REC127_SEG0020_PART02,REC127,SPK009,data/processed/segments/REC127/REC127_SEG0020_PART02.wav,10.632,ejj aneɣ ad nraḥ ɣar ijj n wemcan ixřan ḥima ad tareyyḥem cwayt minzi tuɣa din aṭṭas n yinni dd yusin d n yinni iruḥen,/Users/mac/masterAI/tarifit_asr_tfm/data/processed/segments/REC127/REC127_SEG0020_PART02.wav
REC127_SEG0021,REC127,SPK009,data/processed/segments/REC127/REC127_SEG0021.wav,19.248,ařami war iwiḍen ad ccen xenni ruḥen weḥḥedsen di tɣarrabut ɣar ijj n wemcan ixřan maca řɣaci iẓra i ten ffɣen dd di tɣarrabut uca aṭṭas i t ɛeqřen uca izwaren as am ttazzřen x iḍaren ɣar dinni zi marra tineddam,/Users/mac/masterAI/tarifit_asr_tfm/data/processed/segments/REC127/REC127_SEG0021.wav
REC127_SEG0022,REC127,SPK009,data/processed/segments/REC127/REC127_SEG0022.wav,8.752,umi dd iḍra yasuɛ iẓra aṭṭas n řɣaci zziǧzen as minzi tuɣa aten am wuǧi břa ameksaw,/Users/mac/masterAI/tarifit_asr_tfm/data/processed/segments/REC127/REC127_SEG0022.wav
REC127_SEG0023_PART01,REC127,SPK009,data/processed/segments/REC127/REC127_SEG0023_PART01.wav,11.64,xenni ibda ad ten isseřmed aṭṭas rami iruḥ wass ad iqḍa qarrben dd ɣares imeḥḍaren nnes nnan as amcan a ixřa u řweqt teɛdu,/Users/mac/masterAI/tarifit_asr_tfm/data/processed/segments/REC127/REC127_SEG0023_PART01.wav
REC127_SEG0023_PART02,REC127,SPK009,data/processed/segments/REC127/REC127_SEG0023_PART02.wav,11.64,sekk i ten ḥima ad raḥen ɣar řeɛraṣiyyat u ɣar dcurat yudsen ḥima ad sɣen aɣrum i yixef nsen minzi war ɣarsen min ɣa ccen,/Users/mac/masterAI/tarifit_asr_tfm/data/processed/segments/REC127/REC127_SEG0023_PART02.wav
REC127_SEG0024,REC127,SPK009,data/processed/segments/REC127/REC127_SEG0024.wav,16.944,maca netta inna asen wcem asen kenniw min ɣa ccen nnan as ma ad nraḥ maḥend ad asen nseɣ aɣrum s mitayen dinar uca ad asen newc min ɣa ccen inna asen ruḥem xzarem mecḥař n tecnifin i ɣarwem,/Users/mac/masterAI/tarifit_asr_tfm/data/processed/segments/REC127/REC127_SEG0024.wav
REC127_SEG0025,REC127,SPK009,data/processed/segments/REC127/REC127_SEG0025.wav,6.224,umi argben nnan as xemsa n tecnifin n weɣrum d tnayen n iseřman,/Users/mac/masterAI/tarifit_asr_tfm/data/processed/segments/REC127/REC127_SEG0025.wav
REC127_SEG0026,REC127,SPK009,data/processed/segments/REC127/REC127_SEG0026.wav,10.992,yumur i ten ad ten ssɣimen marra di tɛurricin x reḥtic aziza uca qqimen di tɛurricin n mya u di tɛurricin n xemsin,/Users/mac/masterAI/tarifit_asr_tfm/data/processed/segments/REC127/REC127_SEG0026.wav
REC127_SEG0027_PART01,REC127,SPK009,data/processed/segments/REC127/REC127_SEG0027_PART01.wav,14.296,umi iksi yeccu xemsa n tecnifin d tnayen n iseřman nni issgeɛɛed tamuɣři nnes ɣar ujenna ibarek uca yarẓa ticnifin iwca i tent i imeḥḍaren nnes ḥima ad tent ssarsen zzatsen,/Users/mac/masterAI/tarifit_asr_tfm/data/processed/segments/REC127/REC127_SEG0027_PART01.wav
REC127_SEG0027_PART02,REC127,SPK009,data/processed/segments/REC127/REC127_SEG0027_PART02.wav,14.296,uca nitni farqen ɛawed tnayen n iseřman i marra ccin marra jjiwnen xenni řeqḍen iřeqqʷaz iceṭṭen ccuren tenɛac n tsuǧatin uřa d iseřman iceṭṭen,/Users/mac/masterAI/tarifit_asr_tfm/data/processed/segments/REC127/REC127_SEG0027_PART02.wav
REC127_SEG0028,REC127,SPK009,data/processed/segments/REC127/REC127_SEG0028.wav,5.552,inni iccin zi tecnifin tuɣa aten di xemsa ařaf n yeryazen,/Users/mac/masterAI/tarifit_asr_tfm/data/processed/segments/REC127/REC127_SEG0028.wav
REC127_SEG0029,REC127,SPK009,data/processed/segments/REC127/REC127_SEG0029.wav,11.856,yasuɛ iggur x waman n řebḥar řexdenni iziyyar x imeḥḍaren nnes maḥend ad adfen ɣar tɣarrabut ad as izwaren ɣar ujemmaḍ ɣar bayt ṣayda,/Users/mac/masterAI/tarifit_asr_tfm/data/processed/segments/REC127/REC127_SEG0029.wav
REC127_SEG0030_PART01,REC127,SPK009,data/processed/segments/REC127/REC127_SEG0030_PART01.wav,11.496,ad isqad netta řɣaci awarni řami ten isqad iruḥ ɣar wedrar ḥima ad iẓẓaǧ řami dd tewḍa tmeddit tuɣa taɣarrabut di řbuɣaz,/Users/mac/masterAI/tarifit_asr_tfm/data/processed/segments/REC127/REC127_SEG0030_PART01.wav
REC127_SEG0030_PART02,REC127,SPK009,data/processed/segments/REC127/REC127_SEG0030_PART02.wav,11.496,uca netta tuɣa weḥḥdes x řbarr iẓra belli nitni ttemqetmaren s uqeddef n tɣarrabut minzi asemmiḍ yusa asen dd deg uɣembub,/Users/mac/masterAI/tarifit_asr_tfm/data/processed/segments/REC127/REC127_SEG0030_PART02.wav
REC127_SEG0031_PART01,REC127,SPK009,data/processed/segments/REC127/REC127_SEG0031_PART01.wav,12.616,ɣar ḥeṭṭu wiss arebɛa n ǧiřet yusa dd ɣarsen yasuɛ iggur x wawan n řebḥar uca tuɣa ixs ad ten iɛdu umi t ẓrin iggur di řebḥar ittɣiř asen d řexy,/Users/mac/masterAI/tarifit_asr_tfm/data/processed/segments/REC127/REC127_SEG0031_PART01.wav
REC127_SEG0031_PART02,REC127,SPK009,data/processed/segments/REC127/REC127_SEG0031_PART02.wav,12.616,ař aɣeddar uca sɣuyen minzi marra ẓrin t uca nnxeřɛen řexdenni issiweř akidsen inna asen ggem uř aqa d necc war teggʷedem ca,/Users/mac/masterAI/tarifit_asr_tfm/data/processed/segments/REC127/REC127_SEG0031_PART02.wav
REC127_SEG0032,REC127,SPK009,data/processed/segments/REC127/REC127_SEG0032.wav,17.232,inyi dd ɣarsen di tɣarrabut uca yarsa usemmiḍ tuɣa nitni ttbehten arewwɛen aṭṭas deg yixef nsen minzi war fhimen walu i lmuɛjiza n tecnifin minzi uř nsen tuɣa iqseḥ,/Users/mac/masterAI/tarifit_asr_tfm/data/processed/segments/REC127/REC127_SEG0032.wav
REC127_SEG0033,REC127,SPK009,data/processed/segments/REC127/REC127_SEG0033.wav,4.464,asgenfi n waṭṭas n iwdan di jinisaret,/Users/mac/masterAI/tarifit_asr_tfm/data/processed/segments/REC127/REC127_SEG0033.wav
REC127_SEG0034,REC127,SPK009,data/processed/segments/REC127/REC127_SEG0034.wav,18.544,umi ẓwan ɣar ujemmaḍ usin dd ɣar temmurt n jinnisaret umi dd ffɣen zi tɣarrabut ɛeqřen t iwdan deɣya uzzřen ɣar marra jjwayeh nni uca bdan ad dd awyen inni tuɣa iheřcen aṭṭas di tassut ɣar wemcan mani sřin aqa t netta,/Users/mac/masterAI/tarifit_asr_tfm/data/processed/segments/REC127/REC127_SEG0034.wav
REC127_SEG0035,REC127,SPK009,data/processed/segments/REC127/REC127_SEG0035.wav,18.416,mani ma dd yusa di tendint niɣ di ředcur niɣ di řeɛraṣiyyat ssrusan as dd imehřac deg ibriden uca ttzawagen t ad asen ismeḥ ad ḥadan mɣir abeḥřuř n ujeǧab nnes u marra inni t iḥadan ggenfan,/Users/mac/masterAI/tarifit_asr_tfm/data/processed/segments/REC127/REC127_SEG0035.wav
REC128_SEG0002_PART01,REC128,SPK009,data/processed/segments/REC128/REC128_SEG0002_PART01.wav,13.64,munen ɣares ifarisiyyen d imseřmaden n idlisen i dd yusin zi urcalim umi ẓrin belli ca n imeḥḍaren nnes ccin aɣrum břa ma ad ssirden,/Users/mac/masterAI/tarifit_asr_tfm/data/processed/segments/REC128/REC128_SEG0002_PART01.wav
REC128_SEG0002_PART02,REC128,SPK009,data/processed/segments/REC128/REC128_SEG0002_PART02.wav,13.64,ifassen nsen d amezwaru ɛeyyben xasen minzi marra ifarisiyyen d wudayen war ttetten mɣir awarni řami ssirden ifassen s yijj n řuḍu mliḥ minzi tteṭṭfen di tubbart n rejdud u řami dd usin zi ssuq,/Users/mac/masterAI/tarifit_asr_tfm/data/processed/segments/REC128/REC128_SEG0002_PART02.wav
REC128_SEG0003_PART01,REC128,SPK009,data/processed/segments/REC128/REC128_SEG0003_PART01.wav,13.544,war ttetten mařa war ssɣeḍṣen ifassen nsen di tbanyut d amezwaru u aqa din aṭṭas n tmesřayin nneɣni qebřen tent maḥend ad zzaysent ṭṭfen ɛlaḥsab tubbart nsen am useɣḍas n řkisan d,/Users/mac/masterAI/tarifit_asr_tfm/data/processed/segments/REC128/REC128_SEG0003_PART01.wav
REC128_SEG0003_PART02,REC128,SPK009,data/processed/segments/REC128/REC128_SEG0003_PART02.wav,13.544,iɣarrafen d tebriqin n nnḥas d dduri n řectawat deg ict n tbanyut xenni sseqsan t ifarisiyyen d imseřmaden n idlisen mayemmi war ḍfaren imeḥḍaren nnec tubbart n rejdud,/Users/mac/masterAI/tarifit_asr_tfm/data/processed/segments/REC128/REC128_SEG0003_PART02.wav
REC128_SEG0004,REC128,SPK009,data/processed/segments/REC128/REC128_SEG0004.wav,18.96,maca ttetten aɣrum am war ssiriden ifassen yarra dd inna asen nican inebba icaɛya xawem a imnafqen am mammec tura řgens a iweqqar ayi s iyencicen nnes maca uř nsen iggʷej xafi,/Users/mac/masterAI/tarifit_asr_tfm/data/processed/segments/REC128/REC128_SEG0004.wav
REC128_SEG0005,REC128,SPK009,data/processed/segments/REC128/REC128_SEG0005.wav,19.664,maca nitni cennɛen ayi baṭeř minzi sseřmaden tiɣuriwin tinni d tiweṣṣa n iwdan minzi tejjim tawṣeyyet n arebbi teṭṭfem di tubbart n iwdan am useɣḍas n řkisan d teydurin deg ict n tbanyut u aṭṭas n tmesřayin nneɣni am tina inna asen nican,/Users/mac/masterAI/tarifit_asr_tfm/data/processed/segments/REC128/REC128_SEG0005.wav
REC128_SEG0006,REC128,SPK009,data/processed/segments/REC128/REC128_SEG0006.wav,14.896,aqa tneṭṭařem tawṣeyyet n arebbi ḥima ad teqqimem tetteṭṭfem di tubbart nwem minzi musa inna weqqar babac d yemmac u wenni i ɣa ineɛren babas niɣ yemmas ittxeṣṣa as ad immet,/Users/mac/masterAI/tarifit_asr_tfm/data/processed/segments/REC128/REC128_SEG0006.wav
REC128_SEG0007_PART01,REC128,SPK009,data/processed/segments/REC128/REC128_SEG0007_PART01.wav,11.88,maca kenniw teqqarem mařa ijj n weryaz inna i babas niɣ i yemmas min ma tzemmarem ad zzayi testenfɛem aqa ggiɣ t d ṣṣedqet i arebbi war t,/Users/mac/masterAI/tarifit_asr_tfm/data/processed/segments/REC128/REC128_SEG0007_PART01.wav
REC128_SEG0007_PART02,REC128,SPK009,data/processed/segments/REC128/REC128_SEG0007_PART02.wav,11.88,tettejjim qaɛ ad igg ca i babas d yemmas ammu i tesseḥqaram awař n arebbi s tubbart nwem i tettsellamem u tetteggem aṭṭas n tmesřayin am tina,/Users/mac/masterAI/tarifit_asr_tfm/data/processed/segments/REC128/REC128_SEG0007_PART02.wav
REC128_SEG0008,REC128,SPK009,data/processed/segments/REC128/REC128_SEG0008.wav,1.424,tazdugi n wuř,/Users/mac/masterAI/tarifit_asr_tfm/data/processed/segments/REC128/REC128_SEG0008.wav
REC128_SEG0009_PART01,REC128,SPK009,data/processed/segments/REC128/REC128_SEG0009_PART01.wav,14.908,umi idas d iřaɣa marra řɣaci inna asen sřem dd ɣari marra uca fehmem war din uřa d ijjen n řḥajjet i dd ittadfen ɣar bnadem zi barra tzemmar ad t tessexmej maca,/Users/mac/masterAI/tarifit_asr_tfm/data/processed/segments/REC128/REC128_SEG0009_PART01.wav
REC128_SEG0009_PART02,REC128,SPK009,data/processed/segments/REC128/REC128_SEG0009_PART02.wav,14.908,min i dd itteffɣen zi bnadem aqa man aya issexmaj bnadem wenni ɣar ǧan imezzuɣen i useǧi ejj i t ad iseř umi dd yudef ɣar taddart zi řɣaci sseqsan t imeḥḍaren nnes x umedya nni,/Users/mac/masterAI/tarifit_asr_tfm/data/processed/segments/REC128/REC128_SEG0009_PART02.wav
REC128_SEG0010,REC128,SPK009,data/processed/segments/REC128/REC128_SEG0010.wav,3.992,inna asen ma kenniw ɛad břa řefhamet,/Users/mac/masterAI/tarifit_asr_tfm/data/processed/segments/REC128/REC128_SEG0010.wav
REC128_SEG0011_PART01,REC128,SPK009,data/processed/segments/REC128/REC128_SEG0011_PART01.wav,10.184,ma war tefhimem ca belli marra min ɣa yadfen bnadem zi barra war izemmar ad t issexmej minzi man aya war dd ittidef ca,/Users/mac/masterAI/tarifit_asr_tfm/data/processed/segments/REC128/REC128_SEG0011_PART01.wav
REC128_SEG0011_PART02,REC128,SPK009,data/processed/segments/REC128/REC128_SEG0011_PART02.wav,10.184,ɣar wuř nnes maca ɣar uɛeddis xenni ad iffeɣ ɣar wemcan nnes am issizdeg marra macca xenni inna,/Users/mac/masterAI/tarifit_asr_tfm/data/processed/segments/REC128/REC128_SEG0011_PART02.wav
REC128_SEG0012_PART01,REC128,SPK009,data/processed/segments/REC128/REC128_SEG0012_PART01.wav,12.664,min i dd itteffɣen zi bnadem d man aya issxemmaj bnadem minzi zi daxeř zeg wuřawen n iwdan i dd itteffɣen inwayen iɛeffanen zzina farq ccɣeř,/Users/mac/masterAI/tarifit_asr_tfm/data/processed/segments/REC128/REC128_SEG0012_PART01.wav
REC128_SEG0012_PART02,REC128,SPK009,data/processed/segments/REC128/REC128_SEG0012_PART02.wav,12.664,tukkarḍa anɣay ṭṭmeɛ řɣar taḥraymect afucceḥ tiṭṭ taɛeffant aceqqef tuffet d tubbuheřya,/Users/mac/masterAI/tarifit_asr_tfm/data/processed/segments/REC128/REC128_SEG0012_PART02.wav
REC128_SEG0013,REC128,SPK009,data/processed/segments/REC128/REC128_SEG0013.wav,6.544,marra timesřayin a tiɛeffanin tteffɣent i dd zi daxeř uca ssxemmajent bnadem,/Users/mac/masterAI/tarifit_asr_tfm/data/processed/segments/REC128/REC128_SEG0013.wav
REC128_SEG0014,REC128,SPK009,data/processed/segments/REC128/REC128_SEG0014.wav,9.456,l iman n temɣart di temmurt n tiṣur d ṣaydun ikkar ssenni uca iruḥ ɣar temmurt n ṣur d ṣaydun,/Users/mac/masterAI/tarifit_asr_tfm/data/processed/segments/REC128/REC128_SEG0014.wav
REC128_SEG0015_PART01,REC128,SPK009,data/processed/segments/REC128/REC128_SEG0015_PART01.wav,11.912,řami dd yudef ɣar ijjen taddart war ixs ad t issen ḥed waxxa amenni war izemmar ad innuffar minzi ict n tmeṭṭut ɣares yeǧis dayes ijj n řaryaḥ,/Users/mac/masterAI/tarifit_asr_tfm/data/processed/segments/REC128/REC128_SEG0015_PART01.wav
REC128_SEG0015_PART02,REC128,SPK009,data/processed/segments/REC128/REC128_SEG0015_PART02.wav,11.912,d amengus tesřa xas deɣya uca tusa dd ɣares tewḍa as ɣar iḍaren nnes tuɣa tamɣart a d ijjen tabarranit zi temmurt n suriya d finiqiya,/Users/mac/masterAI/tarifit_asr_tfm/data/processed/segments/REC128/REC128_SEG0015_PART02.wav
REC128_SEG0016_PART01,REC128,SPK009,data/processed/segments/REC128/REC128_SEG0016_PART01.wav,14.248,uca tzawg i t maḥend ad issuffeɣ cciṭan zeg yeǧis maca yasuɛ inna as ejj iḥenjiren amezwar ad jjiwnen minzi war ittřiq ad ittwakkes weɣrum n iḥenjiren ḥima ad immenḍar i yiṭan,/Users/mac/masterAI/tarifit_asr_tfm/data/processed/segments/REC128/REC128_SEG0016_PART01.wav
REC128_SEG0016_PART02,REC128,SPK009,data/processed/segments/REC128/REC128_SEG0016_PART02.wav,14.248,maca nettat tarra dd tenna as wah a sidi uřa d iṭan ttetten iřeqqʷaz n iḥenjiren sadu ṭṭabřa inna as yasuɛ uyur x ssibbet n wawař a i tennid aqa iffeɣ cciṭan zeg yeǧim,/Users/mac/masterAI/tarifit_asr_tfm/data/processed/segments/REC128/REC128_SEG0016_PART02.wav
REC128_SEG0017,REC128,SPK009,data/processed/segments/REC128/REC128_SEG0017.wav,7.76,uca a řami dd tusa ɣar taddart nnes tufa yeǧis tezzeř di qama u cciṭan ittwassuffeɣ zzayes,/Users/mac/masterAI/tarifit_asr_tfm/data/processed/segments/REC128/REC128_SEG0017.wav
REC128_SEG0018_PART01,REC128,SPK009,data/processed/segments/REC128/REC128_SEG0018_PART01.wav,10.92,asgenfi n ijjenn bnadem azizun iffeɣ dd yasuɛ ɛawed zi temmurt n ṣur d ṣaydun,/Users/mac/masterAI/tarifit_asr_tfm/data/processed/segments/REC128/REC128_SEG0018_PART01.wav
REC128_SEG0018_PART02,REC128,SPK009,data/processed/segments/REC128/REC128_SEG0018_PART02.wav,10.92,yiweḍ ɣar řebḥar n ljalil ɣar ṭṭarf n temmurt n dikapulis iwyen dd ɣares ijj n udehcur itewtaw uca ttaren zzayes ad xas issars afus nnes,/Users/mac/masterAI/tarifit_asr_tfm/data/processed/segments/REC128/REC128_SEG0018_PART02.wav
REC128_SEG0019,REC128,SPK009,data/processed/segments/REC128/REC128_SEG0019.wav,12.016,issiggʷej i t zi řɣaci ɣar uɣezdis uca igga as iḍewḍan deg imezzuɣen nnes issusef uca iḥada iřes nnes xenni ixzar ɣar ujenna,/Users/mac/masterAI/tarifit_asr_tfm/data/processed/segments/REC128/REC128_SEG0019.wav
REC128_SEG0020_PART01,REC128,SPK009,data/processed/segments/REC128/REC128_SEG0020_PART01.wav,10.072,isqinf ed inna as nurzem řexdenni nnurzmen imezzuɣen nnes uca tefsi tesɣunt n yiřes nnes ibda issawař nican,/Users/mac/masterAI/tarifit_asr_tfm/data/processed/segments/REC128/REC128_SEG0020_PART01.wav
REC128_SEG0020_PART02,REC128,SPK009,data/processed/segments/REC128/REC128_SEG0020_PART02.wav,10.072,iɛřem asen war t qqaren i ḥed maca mecḥař ma ten yumur waxxa amenni tuɣa ssuffuɣen xas řexbar mah,/Users/mac/masterAI/tarifit_asr_tfm/data/processed/segments/REC128/REC128_SEG0020_PART02.wav
REC128_SEG0021,REC128,SPK009,data/processed/segments/REC128/REC128_SEG0021.wav,10.0,uca tbehten s unexřiɛ ařami nnan marra igga i t mliḥ yarra idehcar ttesřan d ignawen ssawařen,/Users/mac/masterAI/tarifit_asr_tfm/data/processed/segments/REC128/REC128_SEG0021.wav
REC129_SEG0002,REC129,SPK009,data/processed/segments/REC129/REC129_SEG0002.wav,13.968,deg wussan nni am tuɣa din ɛawed aṭṭas n řɣaci uca war tuɣi ɣarsen min ɣa ccen iřaɣa yasuɛ x imeḥḍaren nnes inna asen aqa zziǧzen ayi řɣaci minzi qqimen akidi ɛad třata n wussan,/Users/mac/masterAI/tarifit_asr_tfm/data/processed/segments/REC129/REC129_SEG0002.wav
REC129_SEG0003,REC129,SPK009,data/processed/segments/REC129/REC129_SEG0003.wav,16.72,war ɣarsen min ɣa ccen mařa ssekkeɣ ten ɣar tudrin nsen am ɛad ǧuẓen ad ttwaheyyfen deg webrid minzi ca zzaysen usin dd zi řaggʷaj nnan as imeḥḍaren nnes zi manis izemmar ḥed ad yaf aɣrum di řexřa ya,/Users/mac/masterAI/tarifit_asr_tfm/data/processed/segments/REC129/REC129_SEG0003.wav
REC129_SEG0004,REC129,SPK009,data/processed/segments/REC129/REC129_SEG0004.wav,19.216,isseqsa ten mecḥař n tecnifin i ɣarwem nnan sebɛa xenni yumur řɣaci ad iqqim di temmurt uca iksi sebɛa nni n tecnifin u awarni řami ibarek yarẓa i tent iwca i tent i imeḥḍaren nnes ḥima ad tent qeddmen uca xenni qeddmen tent i řɣaci,/Users/mac/masterAI/tarifit_asr_tfm/data/processed/segments/REC129/REC129_SEG0004.wav
REC129_SEG0005_PART01,REC129,SPK009,data/processed/segments/REC129/REC129_SEG0005_PART01.wav,12.984,tuɣa ɣarsen cwayt n iseřman d imeẓyanen ibark i ten ɛawed inna ad qeddmen ina ccin jjiwnen uca yarwen min iceṭṭen aqa sebɛa n tsuǧatin,/Users/mac/masterAI/tarifit_asr_tfm/data/processed/segments/REC129/REC129_SEG0005_PART01.wav
REC129_SEG0005_PART02,REC129,SPK009,data/processed/segments/REC129/REC129_SEG0005_PART02.wav,12.984,inni iccen tuɣa aten ɛřaḥař di arebɛa ařaf xenni issekk i ten uca řexdenni inya di tɣarrabut ak d imeḥḍaren nnes yiweḍ ɣar jjwayeh n dalmanuta,/Users/mac/masterAI/tarifit_asr_tfm/data/processed/segments/REC129/REC129_SEG0005_PART02.wav
REC129_SEG0006_PART01,REC129,SPK009,data/processed/segments/REC129/REC129_SEG0006_PART01.wav,14.44,ifarisiyyen ttarenijj n řeɛřamet ffɣen ifarisiyyen bdan ttqacaḥen dayes ttaren zzayes ict n řeɛřamet zeg ujenna ḥima ad t jarrben izehhar di arruḥ nnes inna,/Users/mac/masterAI/tarifit_asr_tfm/data/processed/segments/REC129/REC129_SEG0006_PART01.wav
REC129_SEG0006_PART02,REC129,SPK009,data/processed/segments/REC129/REC129_SEG0006_PART02.wav,14.44,mayemmi ittettar jjiř a ijj n řeɛřamet s tidett necc ad awem iniɣ ɛemmarṣ war d as temmewc i jjiř a ict n řeɛřamet xenni ismeḥ daysen uca inya di tɣarrabut uca ruḥen nitni ɣar ujemmaḍ,/Users/mac/masterAI/tarifit_asr_tfm/data/processed/segments/REC129/REC129_SEG0006_PART02.wav
REC129_SEG0008,REC129,SPK009,data/processed/segments/REC129/REC129_SEG0008.wav,8.144,maca imeḥḍaren nnes ttun ad kisen ksin aɣrum uca war tuɣi ɣarsen walu di tɣarrabut mɣir ict n tecnift n weɣrum waha,/Users/mac/masterAI/tarifit_asr_tfm/data/processed/segments/REC129/REC129_SEG0008.wav
REC129_SEG0009_PART01,REC129,SPK009,data/processed/segments/REC129/REC129_SEG0009_PART01.wav,12.696,uca netta iɛermasen i xzarem ḥḍam zeg wentun n ifarisiyyen d wentun n hirudus mcawaren jar asen nnan d man aya minzi war ɣarneɣ bu tecnifin n weɣrum,/Users/mac/masterAI/tarifit_asr_tfm/data/processed/segments/REC129/REC129_SEG0009_PART01.wav
REC129_SEG0009_PART02,REC129,SPK009,data/processed/segments/REC129/REC129_SEG0009_PART02.wav,12.696,uca yargeb yasuɛ inna asen mayemmi temcawarem belli war ɣarwem bu tecnifin n weɣrum ma war tucim ma war tefhimem ma ɛad uřawen nwem qesḥen ma ɣarwem tiṭṭawin maca war tettwiřim,/Users/mac/masterAI/tarifit_asr_tfm/data/processed/segments/REC129/REC129_SEG0009_PART02.wav
REC129_SEG0010_PART01,REC129,SPK009,data/processed/segments/REC129/REC129_SEG0010_PART01.wav,12.696,ma ɣarwem imezzuɣen maca war tettesřim ma war tɛeqqiřem ɛad umi arẓiɣ xemsa n tecnifin n weɣrum i xemsa ařaf mecḥař n tsuǧatin i iccuren s iřeqqʷaz i tyarwem nnan as,/Users/mac/masterAI/tarifit_asr_tfm/data/processed/segments/REC129/REC129_SEG0010_PART01.wav
REC129_SEG0010_PART02,REC129,SPK009,data/processed/segments/REC129/REC129_SEG0010_PART02.wav,12.696,tenɛac u ɣar sebɛa n tecnifin n weɣrum i arebɛa ařaf mecḥař n tsuǧatin iccuren s iřeqqʷaz i tyarwem nnan sebɛa xenni inna asen mammec ɛad war tefhimem ař řexxu,/Users/mac/masterAI/tarifit_asr_tfm/data/processed/segments/REC129/REC129_SEG0010_PART02.wav
REC129_SEG0011,REC129,SPK009,data/processed/segments/REC129/REC129_SEG0011.wav,9.008,asgenfi n ijj n udarɣař di baytṣayḍa yusa dd ɣar bayt ṣayda uca nitni iwyen as dd ijj n udarɣař zawgen t ad iḥada wanita,/Users/mac/masterAI/tarifit_asr_tfm/data/processed/segments/REC129/REC129_SEG0011.wav
REC129_SEG0012_PART01,REC129,SPK009,data/processed/segments/REC129/REC129_SEG0012_PART01.wav,13.224,netta imneɛ adarɣař zeg ufus indeh i t barra i dcar uca issusef di tiṭṭawin nnes issars xas afus nnes isseqsa min ittwařa isewḍ inna ttwařiɣ iwdan gguren am ticejjura,/Users/mac/masterAI/tarifit_asr_tfm/data/processed/segments/REC129/REC129_SEG0012_PART01.wav
REC129_SEG0012_PART02,REC129,SPK009,data/processed/segments/REC129/REC129_SEG0012_PART02.wav,13.224,xenni issars ɛawed afus nnes x tiṭṭawin nnes xenni iggenfa idweř ittwařa marra mliḥ issekk i t ɣar taddart nnes inna war d ttidef dcar war t qqar i ḥed di dcar,/Users/mac/masterAI/tarifit_asr_tfm/data/processed/segments/REC129/REC129_SEG0012_PART02.wav
REC129_SEG0013,REC129,SPK009,data/processed/segments/REC129/REC129_SEG0013.wav,18.768,cchadet n buṭrus x yasuɛ xenni yuyur yasuɛ ak d imeḥḍaren nnes ɣar ředcur n qayṣariya filippus deg webrid isseqsa imeḥḍaren nnes inna asen min qqaren iwdan min ɛniɣ necc arrin dd yuḥanna amseɣḍaṣ ca nneɣni nnan iliya,/Users/mac/masterAI/tarifit_asr_tfm/data/processed/segments/REC129/REC129_SEG0013.wav
REC129_SEG0014,REC129,SPK009,data/processed/segments/REC129/REC129_SEG0014.wav,15.824,inneɣni qqaren ijjen zeg inabiyyen inna asen i kenniw min teqqarem xafi yarra dd cimɛun inna as cek d lmasiḥ mmis n arebbi iddaren yumur i ten mliḥ maḥend war tt xas qqaren uřa i yijj,/Users/mac/masterAI/tarifit_asr_tfm/data/processed/segments/REC129/REC129_SEG0014.wav
REC129_SEG0015,REC129,SPK009,data/processed/segments/REC129/REC129_SEG0015.wav,3.568,yasuɛ izwar issawař x řmewt d tnukra nnes,/Users/mac/masterAI/tarifit_asr_tfm/data/processed/segments/REC129/REC129_SEG0015.wav
REC129_SEG0016,REC129,SPK009,data/processed/segments/REC129/REC129_SEG0016.wav,11.504,ibda isseřmad aqa mmis n bnadem ittxeṣṣa ad iweddeb aṭṭas uca ad ittwasseḥqar zeg imɣaren n řgens d imeqqranen n ikehhanen d imseřmaden n idlisen,/Users/mac/masterAI/tarifit_asr_tfm/data/processed/segments/REC129/REC129_SEG0016.wav
REC129_SEG0017,REC129,SPK009,data/processed/segments/REC129/REC129_SEG0017.wav,18.704,ad t nɣen uca deg wass wiss třata ad dd ikkar inna awař a s bṭayṭay maca iksi t buṭrus ɣares ɣar uɣezdis uca ibda ittwebbex i t xas uca inneqřeb ixzar deg imeḥḍaren nnes uca iwebbex i cimɛun iqqar,/Users/mac/masterAI/tarifit_asr_tfm/data/processed/segments/REC129/REC129_SEG0017.wav
REC129_SEG0018_PART01,REC129,SPK009,data/processed/segments/REC129/REC129_SEG0018_PART01.wav,10.184,aggʷej xafi awarni ayi a cciṭan minzi cek war d ac icqi min iǧan n arebbi maca min iǧan n iwdan iřaɣa dd yasuɛ i řɣaci,/Users/mac/masterAI/tarifit_asr_tfm/data/processed/segments/REC129/REC129_SEG0018_PART01.wav
REC129_SEG0018_PART02,REC129,SPK009,data/processed/segments/REC129/REC129_SEG0018_PART02.wav,10.184,ak d imeḥḍaren nnes ɣares inna asen wenni ixsen ad ayi iḍfar ad inkar ixef nnes ad iksi ṣṣalib nnes uca ad ayi iḍfar,/Users/mac/masterAI/tarifit_asr_tfm/data/processed/segments/REC129/REC129_SEG0018_PART02.wav
REC129_SEG0019,REC129,SPK009,data/processed/segments/REC129/REC129_SEG0019.wav,11.376,minzi wenni ixsen ad issenjem tudart nnes ad tt ixsar maca wenni i ɣa ixsaren tudart nnes di ṭṭweɛ inu u di ṭṭweɛ n řexbar aṣebḥan ad tt issenjem,/Users/mac/masterAI/tarifit_asr_tfm/data/processed/segments/REC129/REC129_SEG0019.wav
REC129_SEG0020_PART01,REC129,SPK009,data/processed/segments/REC129/REC129_SEG0020_PART01.wav,12.584,minzi man řefḍeř n bnadem mařa yarbeḥ ddunect marra maca ad ixsar řeɛmar nnes minzi min ɣa iwc bnadem deg wemcan n řeɛmar nnes minzi wenni,/Users/mac/masterAI/tarifit_asr_tfm/data/processed/segments/REC129/REC129_SEG0020_PART01.wav
REC129_SEG0020_PART02,REC129,SPK009,data/processed/segments/REC129/REC129_SEG0020_PART02.wav,12.584,zzayi i ɣa iseḍḥan u zeg wawařen inu di jjiř a izennan ixḍan aqa uřa d mmis n bnadem ad zzayes iseḍḥa xmi dd ɣa yas s uɛuǧi n babas ak d lmalakat iqeddsen,/Users/mac/masterAI/tarifit_asr_tfm/data/processed/segments/REC129/REC129_SEG0020_PART02.wav
REC130_SEG0001,REC130,SPK009,data/processed/segments/REC130/REC130_SEG0001.wav,3.984,asɛuǧi n yasuɛ x wedrar ak d musa d iliya,/Users/mac/masterAI/tarifit_asr_tfm/data/processed/segments/REC130/REC130_SEG0001.wav
REC130_SEG0002_PART01,REC130,SPK009,data/processed/segments/REC130/REC130_SEG0002_PART01.wav,13.528,uca inna asen s tidett necc ad awem iniɣ aqa ca zeg inni da ibedden war ttqasin ca řmewt ař ɣa ẓaren tageldit n arebbi tenni ad ɣayasen s jjehd awarni setta n wussan yasuɛ yiwi dd,/Users/mac/masterAI/tarifit_asr_tfm/data/processed/segments/REC130/REC130_SEG0002_PART01.wav
REC130_SEG0002_PART02,REC130,SPK009,data/processed/segments/REC130/REC130_SEG0002_PART02.wav,13.528,akides buṭrus d yaɛqub d yuḥanna weḥḥedsen ɣar ijj n wedrar yuɛřan uca ibeddeř abdur nsen arruḍ nnes idweř yařeqq d acemřař aṭṭas am acnaw adfeř,/Users/mac/masterAI/tarifit_asr_tfm/data/processed/segments/REC130/REC130_SEG0002_PART02.wav
REC130_SEG0003_PART01,REC130,SPK009,data/processed/segments/REC130/REC130_SEG0003_PART01.wav,13.768,n wedrar yuɛřan uca ibeddeř abdur nsen arruḍ nnes idweř yařeqq d acemřař aṭṭas am acnaw adfeř war izemmar uřa d ijj n bnadem x temmurt ad issemřeř amenni iḍhar asen dd iliya ak d musa am tuɣa ssawařen ak d yasuɛ inna as buṭrus a amseřmad inu,/Users/mac/masterAI/tarifit_asr_tfm/data/processed/segments/REC130/REC130_SEG0003_PART01.wav
REC130_SEG0003_PART02,REC130,SPK009,data/processed/segments/REC130/REC130_SEG0003_PART02.wav,13.768,aqa mliḥ umi da neǧa ejj aneɣ ad newwet třata n iɛuccuten n tseṭṭa ijjen i cek ijjen i musa u ijjen i iliya maca tuɣa iweddar as min ɣa yini minzi nitni ggʷeden aṭṭas,/Users/mac/masterAI/tarifit_asr_tfm/data/processed/segments/REC130/REC130_SEG0003_PART02.wav
REC130_SEG0004,REC130,SPK009,data/processed/segments/REC130/REC130_SEG0004.wav,17.808,ikka dd useynu issduriy i ten s tiři nnes uca třaɣa dd ict n tmijja zeg useynu teqqar wa d mmi iɛizzen sřem ɣares umi ssgeɛɛden nitni tiṭṭawin nsen deg ict n tecti war qqimen ttwařan ɛad ḥed akidsen mɣir yasuɛ weḥḥdes,/Users/mac/masterAI/tarifit_asr_tfm/data/processed/segments/REC130/REC130_SEG0004.wav
REC130_SEG0005,REC130,SPK009,data/processed/segments/REC130/REC130_SEG0005.wav,9.68,ařami dd hwan zeg wedrar yumur i ten ḥima war ttɛiwiden i ḥed walu zi min ẓrin ař dd ɣa ikkar mmis n bnadem jar imettinen,/Users/mac/masterAI/tarifit_asr_tfm/data/processed/segments/REC130/REC130_SEG0005.wav
REC130_SEG0006_PART01,REC130,SPK009,data/processed/segments/REC130/REC130_SEG0006_PART01.wav,10.696,xemmřen awař a deg yixef nsen am tuɣa ttseqsan ixef nsen min ixs ad yini wawař a ař dd ɣa ikkar zi taddart n imettinen sseqsan t nnan as maye,/Users/mac/masterAI/tarifit_asr_tfm/data/processed/segments/REC130/REC130_SEG0006_PART01.wav
REC130_SEG0006_PART02,REC130,SPK009,data/processed/segments/REC130/REC130_SEG0006_PART02.wav,10.696,mmi qqaren imseřmaden n idlisen belli ittxeṣṣa ad dd yas iliya d amezwaru yarra dd inna asen aqa iliya ad dd yas d amezwaru uca ad yarr kuřci,/Users/mac/masterAI/tarifit_asr_tfm/data/processed/segments/REC130/REC130_SEG0006_PART02.wav
REC130_SEG0007,REC130,SPK009,data/processed/segments/REC130/REC130_SEG0007.wav,12.944,uca ad tiři am mammec tura x mmis n bnadem aqa ad iweddeb aṭṭas uca ad t sseḥqaren maca necc ad awem iniɣ iliya aqa yusa dd uca ggin zzayes min xsen am mammec xas tura,/Users/mac/masterAI/tarifit_asr_tfm/data/processed/segments/REC130/REC130_SEG0007.wav
REC130_SEG0008,REC130,SPK009,data/processed/segments/REC130/REC130_SEG0008.wav,3.376,asgenfi n ijj n abřiɣ dayes řaryaḥ amengus,/Users/mac/masterAI/tarifit_asr_tfm/data/processed/segments/REC130/REC130_SEG0008.wav
REC130_SEG0009_PART01,REC130,SPK009,data/processed/segments/REC130/REC130_SEG0009_PART01.wav,14.136,řami dd yusa ɣar imeḥḍaren iẓra ijj n řɣaci d ameqqran ittenneḍ asen dd u imseřmaden n idlisen ttqacaḥen ten deɣya iẓra i t marra řɣaci tbehten aṭṭas uca uzzřen dd ɣares,/Users/mac/masterAI/tarifit_asr_tfm/data/processed/segments/REC130/REC130_SEG0009_PART01.wav
REC130_SEG0009_PART02,REC130,SPK009,data/processed/segments/REC130/REC130_SEG0009_PART02.wav,14.136,seǧmen xas xenni isseqsa imseřmaden n idlisen min xef kidsen tettqacaḥem yarra dd ijjen zi řɣaci inna a amseɣɣar iwyeɣ dd mmi ɣarek aqa dayes řaryaḥ nni t yarrin d agnaw,/Users/mac/masterAI/tarifit_asr_tfm/data/processed/segments/REC130/REC130_SEG0009_PART02.wav
REC130_SEG0010,REC130,SPK009,data/processed/segments/REC130/REC130_SEG0010.wav,8.432,xmi t itteṭṭef ineṭṭar i t ɣar temmurt itteffeɣ as dd ukuffu zeg uqemmum ittɣezza tiɣmas nnes uca ittaẓeɣ,/Users/mac/masterAI/tarifit_asr_tfm/data/processed/segments/REC130/REC130_SEG0010.wav
REC130_SEG0011_PART01,REC130,SPK009,data/processed/segments/REC130/REC130_SEG0011_PART01.wav,13.176,nniɣ i imeḥḍaren nnec ad t ssuffɣen maca war d as zemmaren yasuɛ yarra dd inna asen a jjiř war yuminen mecḥař kidwem i ɣa qqimeɣ mecḥař i kenniw i ɣa yarbuɣ ɛad awyem t i dd ɣari,/Users/mac/masterAI/tarifit_asr_tfm/data/processed/segments/REC130/REC130_SEG0011_PART01.wav
REC130_SEG0011_PART02,REC130,SPK009,data/processed/segments/REC130/REC130_SEG0011_PART02.wav,13.176,uca iwyen t i dd ɣares umi t iẓra řexdenni immenḍar i t řaryaḥ ammu d wammu ařami iwḍa ɣar temmurt ibda ittbarkikkiḍ ittekk as dd ukuffu zeg uqemmum yasuɛ isseqsa babas,/Users/mac/masterAI/tarifit_asr_tfm/data/processed/segments/REC130/REC130_SEG0011_PART02.wav
REC130_SEG0012_PART01,REC130,SPK009,data/processed/segments/REC130/REC130_SEG0012_PART01.wav,13.976,mecḥař zeg wami t i dd iḥkem uya inna as zi temẓi nnes aṭṭas n imuren ineṭṭar i t di tmessi u deg waman ḥima ad t isshellek maca mařa tzemmared x ca,/Users/mac/masterAI/tarifit_asr_tfm/data/processed/segments/REC130/REC130_SEG0012_PART01.wav
REC130_SEG0012_PART02,REC130,SPK009,data/processed/segments/REC130/REC130_SEG0012_PART02.wav,13.976,ɛawen ayi u ḥinn xafi inna as yasuɛ mařa tzemmared ad tamned aqa kuřci izemmar i wenni yumnen řexdenni isɣuy babas n uḥenjir s imeṭṭawen inna umneɣ a sidi,/Users/mac/masterAI/tarifit_asr_tfm/data/processed/segments/REC130/REC130_SEG0012_PART02.wav
REC130_SEG0013,REC130,SPK009,data/processed/segments/REC130/REC130_SEG0013.wav,13.616,ɛawen l iman ineqṣen inu umi iẓra yasuɛ řɣaci ittazzeř uca ssmunen dd ɣares nitni iwebbex řaryaḥ amengus inna as a řaryaḥ agnaw necc umureɣ cek ffeɣ zzayes,/Users/mac/masterAI/tarifit_asr_tfm/data/processed/segments/REC130/REC130_SEG0013.wav
REC130_SEG0014_PART01,REC130,SPK009,data/processed/segments/REC130/REC130_SEG0014_PART01.wav,11.912,war ttdekkwiř dayes ɛemmarṣ isɣuy cciṭan nni aṭṭas ijebbed i t aṭṭas ammu d wammu uca iffeɣ zzayes xenni idweř uḥenjir am yijj n umettin,/Users/mac/masterAI/tarifit_asr_tfm/data/processed/segments/REC130/REC130_SEG0014_PART01.wav
REC130_SEG0014_PART02,REC130,SPK009,data/processed/segments/REC130/REC130_SEG0014_PART02.wav,11.912,ařami tuɣa nnan aṭṭas aqa immut iṭṭef i t yasuɛ zeg ufus nnes issbedd i t umi dd yudef ɣar taddart sseqsan t imeḥḍaren nnes weḥḥedsen,/Users/mac/masterAI/tarifit_asr_tfm/data/processed/segments/REC130/REC130_SEG0014_PART02.wav
REC130_SEG0015,REC130,SPK009,data/processed/segments/REC130/REC130_SEG0015.wav,11.184,mayemmi war nzemmar neccin ad t nessuffeɣ inna asen ddegg a war izemmar ad ittwassuffeɣ uřa s ict n řḥajjet mɣir s uẓummi d tẓaǧit waha,/Users/mac/masterAI/tarifit_asr_tfm/data/processed/segments/REC130/REC130_SEG0015.wav
REC130_SEG0016,REC130,SPK009,data/processed/segments/REC130/REC130_SEG0016.wav,4.688,yasuɛ issawař x řmewt d tnukra nnes i twařa wiss tnayen,/Users/mac/masterAI/tarifit_asr_tfm/data/processed/segments/REC130/REC130_SEG0016.wav
REC130_SEG0017_PART01,REC130,SPK009,data/processed/segments/REC130/REC130_SEG0017_PART01.wav,11.496,ffɣen dd ssenni uca cuqen di ljalil netta tuɣa war ixs ad t iɛqeř uřa d ijjen maɣar tuɣa isseřmad imeḥḍaren nnes iqqar asen aqa mmis n bnadem ad immewc,/Users/mac/masterAI/tarifit_asr_tfm/data/processed/segments/REC130/REC130_SEG0017_PART01.wav
REC130_SEG0017_PART02,REC130,SPK009,data/processed/segments/REC130/REC130_SEG0017_PART02.wav,11.496,deg ifassen n iwdan ad t nɣen uca awarni řami t ɣa nɣen ad dd ikkar deg wass wiss třata maca nitni war fhimen i wawař a uca ggʷeden ad t sseqsan ɛad x uya,/Users/mac/masterAI/tarifit_asr_tfm/data/processed/segments/REC130/REC130_SEG0017_PART02.wav
REC130_SEG0018,REC130,SPK009,data/processed/segments/REC130/REC130_SEG0018.wav,11.728,man wen iǧan d ameqqran usin dd ɣar kafarnaḥum u awarni řami udfen ɣar taddart isseqsa ten di min di tuɣa tḥarrḍem ak d wayawya deg webrid,/Users/mac/masterAI/tarifit_asr_tfm/data/processed/segments/REC130/REC130_SEG0018.wav
REC130_SEG0019_PART01,REC130,SPK009,data/processed/segments/REC130/REC130_SEG0019_PART01.wav,10.824,maca sqaren minzi tuɣa ttemqacaḥen deg webrid di win iǧan d ameqqran zzaysen iqqim iřaɣa dd i tenɛac inna asen mařa ixs ḥed ad yiři d amez,/Users/mac/masterAI/tarifit_asr_tfm/data/processed/segments/REC130/REC130_SEG0019_PART01.wav
REC130_SEG0019_PART02,REC130,SPK009,data/processed/segments/REC130/REC130_SEG0019_PART02.wav,10.824,war ad yiři d aneggar uřa d amsexxar i marra iksi aḥenjir issbedd i t di řwesṭ nsen idarreɛ as uca inna asen,/Users/mac/masterAI/tarifit_asr_tfm/data/processed/segments/REC130/REC130_SEG0019_PART02.wav
REC130_SEG0020,REC130,SPK009,data/processed/segments/REC130/REC130_SEG0020.wav,10.096,wi ɣa iqebřen mɣir ijj n uḥenjir am uḥenjir a s yisem inu aqa iqbeř ayi u wi d ayi ɣa iqebřen war d ayi iqebbeř maca iqebbeř wi d ayi dd issekken,/Users/mac/masterAI/tarifit_asr_tfm/data/processed/segments/REC130/REC130_SEG0020.wav
REC130_SEG0021,REC130,SPK009,data/processed/segments/REC130/REC130_SEG0021.wav,19.472,wi war iǧin ḍidd nneɣ aqa t akidneɣ yarra dd xas yuḥanna inna as a amseřmad inu neẓra ijjen issuffuɣ ccwaṭen s yisem nnec u nemneɛ i t minzi netta war dd aneɣ iḍeffar inna yasuɛ war t mennɛem ca minzi war din uřa d ijj i ɣa yeggen timegga ijehden s yisem inu,/Users/mac/masterAI/tarifit_asr_tfm/data/processed/segments/REC130/REC130_SEG0021.wav
REC130_SEG0022,REC130,SPK009,data/processed/segments/REC130/REC130_SEG0022.wav,17.776,uca řexdenni deɣya ad xafi issiweř s řɣar minzi wi war iǧin ḍidd nwem aqa t akidwem wi kenniw i ɣa isseswen s yijj n řkas n waman waha minzi aqa kenniw n lmasiḥ i teǧam aqa s tidett necc ad awem iniɣ netta war ixessar ca řmunet nnes,/Users/mac/masterAI/tarifit_asr_tfm/data/processed/segments/REC130/REC130_SEG0022.wav
REC130_SEG0023,REC130,SPK009,data/processed/segments/REC130/REC130_SEG0023.wav,3.952,yasuɛ iɛřem iwdan x min iɣekkʷan i ddnub,/Users/mac/masterAI/tarifit_asr_tfm/data/processed/segments/REC130/REC130_SEG0023.wav
REC130_SEG0024_PART01,REC130,SPK009,data/processed/segments/REC130/REC130_SEG0024_PART01.wav,12.968,wi ɣa issenqraḍen ijjen zeg imeẓyanen a i dayi yumnen iḥřa as ad as tettwagg ict n teṣḍart n tsirt tedqeř deg iri nnes ad immenḍar di řebḥar mařa issenqarḍ cek ufus,/Users/mac/masterAI/tarifit_asr_tfm/data/processed/segments/REC130/REC130_SEG0024_PART01.wav
REC130_SEG0024_PART02,REC130,SPK009,data/processed/segments/REC130/REC130_SEG0024_PART02.wav,12.968,nnec qess i t iḥřa ac ad tadfed ɣar tudart d ameɛḍuř x wadaf s tnayen n ifassen di jehennama mani tikecca nsen war tettmetti u timessi nsen war txessi,/Users/mac/masterAI/tarifit_asr_tfm/data/processed/segments/REC130/REC130_SEG0024_PART02.wav
REC130_SEG0025,REC130,SPK009,data/processed/segments/REC130/REC130_SEG0025.wav,14.768,mařa isseɣwacek cek uḍar nnec qess i t iḥřa ac ad tadfed ɣar tudart d aqejdaḥ x uweṭṭu s tnayen n iḍaren di jehennama mani tikecca nsen war tettmetti u timessi nsen war txessi,/Users/mac/masterAI/tarifit_asr_tfm/data/processed/segments/REC130/REC130_SEG0025.wav
REC130_SEG0026_PART01,REC130,SPK009,data/processed/segments/REC130/REC130_SEG0026_PART01.wav,11.624,mařa tesseɣwacek cek tiṭṭ nnec qeřɛ i tt iḥřa ac ad tadfed ɣar tgeldit n arebbi s ict n tiṭṭ x uweṭṭu s tnayen n tiṭṭawin di tmessi n jehennama,/Users/mac/masterAI/tarifit_asr_tfm/data/processed/segments/REC130/REC130_SEG0026_PART01.wav
REC130_SEG0026_PART02,REC130,SPK009,data/processed/segments/REC130/REC130_SEG0026_PART02.wav,11.624,mani tikecca nsent war tettmetti u timessi nsent war txessi minzi kuř ijjen ad ittwameǧeḥ s tmessi u kuř taɣarṣt ad tettwameǧeḥ s tmeǧaḥt,/Users/mac/masterAI/tarifit_asr_tfm/data/processed/segments/REC130/REC130_SEG0026_PART02.wav
REC130_SEG0027,REC130,SPK009,data/processed/segments/REC130/REC130_SEG0027.wav,11.184,tameǧaḥt teṣbeḥ maca mařa tameǧaḥt ixsar uředdi nnes s min zi tt i ɣa ɛedřen ad tiři tmeǧaḥt daywem uca ḥḍam řehna jar awem,/Users/mac/masterAI/tarifit_asr_tfm/data/processed/segments/REC130/REC130_SEG0027.wav
REC131_SEG0001,REC131,SPK009,data/processed/segments/REC131/REC131_SEG0001.wav,2.672,yasuɛ issiweř x řemřac d waǧaf,/Users/mac/masterAI/tarifit_asr_tfm/data/processed/segments/REC131/REC131_SEG0001.wav
REC131_SEG0002_PART01,REC131,SPK009,data/processed/segments/REC131/REC131_SEG0002_PART01.wav,13.992,ikkar yuyur ssenni uca yiweḍ ɣar temmurt n yahudiyya ɣar wemcan n uẓekkwi n l urdun munen dd xas řɣaci aṭṭas u ɛawed tuɣa isseřmad i ten am mammec tuɣa innum usin dd ɣares ifarisiyyen sseqsan t,/Users/mac/masterAI/tarifit_asr_tfm/data/processed/segments/REC131/REC131_SEG0002_PART01.wav
REC131_SEG0002_PART02,REC131,SPK009,data/processed/segments/REC131/REC131_SEG0002_PART02.wav,13.992,ḥima ad t jarrben ma iḥeǧeř i weryaz ad iǧef i temɣart nnes yarra dd inna asen min xef tuɣa kenniw yumur musa nnan musa iwca ttesriḥ ad tettwari tebrat n waǧaf maḥend aryaz ad as iǧef,/Users/mac/masterAI/tarifit_asr_tfm/data/processed/segments/REC131/REC131_SEG0002_PART02.wav
REC131_SEG0003,REC131,SPK009,data/processed/segments/REC131/REC131_SEG0003.wav,6.416,yarra dd yasuɛ inna asen x ssibbet n řeqsaḥet n wuřawen nwem aqa yura awem tawṣeyyet a,/Users/mac/masterAI/tarifit_asr_tfm/data/processed/segments/REC131/REC131_SEG0003.wav
REC131_SEG0004_PART01,REC131,SPK009,data/processed/segments/REC131/REC131_SEG0004_PART01.wav,11.8,maca zi beddu zi mani tettwagg ddunect ixřeq i ten dd arebbi d awtem d tewtemt s uyenni ad ismeḥ weryaz di babas d yemmas ad iqqen ɣar temɣart nnes,/Users/mac/masterAI/tarifit_asr_tfm/data/processed/segments/REC131/REC131_SEG0004_PART01.wav
REC131_SEG0004_PART02,REC131,SPK009,data/processed/segments/REC131/REC131_SEG0004_PART02.wav,11.8,uca tnayen idsen xenni ad iřin d ict n ddat uca ammu war ttiřin ɛad d tnayen maca ad iřin d ict n arrimet s uya min issmun arebbi war t ibeṭṭi bnadem,/Users/mac/masterAI/tarifit_asr_tfm/data/processed/segments/REC131/REC131_SEG0004_PART02.wav
REC131_SEG0005,REC131,SPK009,data/processed/segments/REC131/REC131_SEG0005.wav,17.008,di taddart sseqsan t imeḥḍaren nnes ɛawed x man aya inna asen wi ɣa iǧfen i temɣart nnes uca ad yawi tenneɣnit aqa netta izna u mařa tamɣart teǧef i weryaz nnes uca xenni ad tiři i weryaz nneɣni aqa nettat tezna,/Users/mac/masterAI/tarifit_asr_tfm/data/processed/segments/REC131/REC131_SEG0005.wav
REC131_SEG0006,REC131,SPK009,data/processed/segments/REC131/REC131_SEG0006.wav,8.944,yasuɛ ibarek iḥenjiren iwyen as dd iḥenjiren ḥima ad ten iḥada maca imeḥḍaren webbxen inni ten dd yiwyen ɣares,/Users/mac/masterAI/tarifit_asr_tfm/data/processed/segments/REC131/REC131_SEG0006.wav
REC131_SEG0007_PART01,REC131,SPK009,data/processed/segments/REC131/REC131_SEG0007_PART01.wav,11.576,umi iẓra yasuɛ man aya ixeyyeq inna asen jjem iḥenjiren ad ɣari dd asen war ten mennɛem minzi tageldit n arebbi n yinni iǧan am nitni s tidett necc ad,/Users/mac/masterAI/tarifit_asr_tfm/data/processed/segments/REC131/REC131_SEG0007_PART01.wav
REC131_SEG0007_PART02,REC131,SPK009,data/processed/segments/REC131/REC131_SEG0007_PART02.wav,11.576,awem iniɣ wi war iqebbřen tageldit n arebbi am yijj n uḥenjir aqa ɛemmarṣ war ɣares ittidef idarreɛ asen uca am xasen issars ifassen nnes ibark i ten,/Users/mac/masterAI/tarifit_asr_tfm/data/processed/segments/REC131/REC131_SEG0007_PART02.wav
REC131_SEG0008,REC131,SPK009,data/processed/segments/REC131/REC131_SEG0008.wav,2.224,yasuɛ d weryaz bu wagřa,/Users/mac/masterAI/tarifit_asr_tfm/data/processed/segments/REC131/REC131_SEG0008.wav
REC131_SEG0009_PART01,REC131,SPK009,data/processed/segments/REC131/REC131_SEG0009_PART01.wav,14.188,umi iffeɣ maḥend ad yuyur deg webrid yuzzeř dd ɣares ijjen iwḍa as ɣar ifadden uca isseqsa t inna a amseɣɣar aṣebḥan min ɣa ggeɣ ḥima ad warteɣ tudart ittduman inna as yasuɛ mayemmi d ayi,/Users/mac/masterAI/tarifit_asr_tfm/data/processed/segments/REC131/REC131_SEG0009_PART01.wav
REC131_SEG0009_PART02,REC131,SPK009,data/processed/segments/REC131/REC131_SEG0009_PART02.wav,14.188,tettřaɣid aṣebḥan uřa d ijj war iǧi d aṣebḥan mɣir ijjen waha arebbi cek tessned tiweṣṣa war zenni war neqq war tticar war cehhed s ẓur war ttɣecca,/Users/mac/masterAI/tarifit_asr_tfm/data/processed/segments/REC131/REC131_SEG0009_PART02.wav
REC131_SEG0010,REC131,SPK009,data/processed/segments/REC131/REC131_SEG0010.wav,8.056,weqqar babac d yemmac yarra dd inna as wah a amseɣɣar aqa marra tina tuɣa ḍeffareɣ tent zi temẓi inu,/Users/mac/masterAI/tarifit_asr_tfm/data/processed/segments/REC131/REC131_SEG0010.wav
REC131_SEG0011_PART01,REC131,SPK009,data/processed/segments/REC131/REC131_SEG0011_PART01.wav,10.728,ixzar dayes yasuɛ uca issɛizz i t inna as teqqim icten ɛad uyur zenz marra min ɣarek ewc i t i imezřaḍ uca ad ɣarek yiři ijj n řkenz deg ujenna,/Users/mac/masterAI/tarifit_asr_tfm/data/processed/segments/REC131/REC131_SEG0011_PART01.wav
REC131_SEG0011_PART02,REC131,SPK009,data/processed/segments/REC131/REC131_SEG0011_PART02.wav,10.728,xenni assed ḍḍa ksi ṣṣalib nnec ḍfar ayi dd maca netta tuɣa iḥzen s wawař nni uca iruḥ icḍen minzi tuɣa ɣares aṭṭas n wagřa,/Users/mac/masterAI/tarifit_asr_tfm/data/processed/segments/REC131/REC131_SEG0011_PART02.wav
REC131_SEG0012,REC131,SPK009,data/processed/segments/REC131/REC131_SEG0012.wav,10.44,ixzar yasuɛ ɣar inni idass dyenden inna asen i imeḥḍaren nnes mecḥař iwɛar x yinni ɣar iǧa attas n wagřa ḥima ad adfen ɣar tgeldit n arebbi,/Users/mac/masterAI/tarifit_asr_tfm/data/processed/segments/REC131/REC131_SEG0012.wav
REC131_SEG0013_PART01,REC131,SPK009,data/processed/segments/REC131/REC131_SEG0013_PART01.wav,12.564,tbehten imeḥḍaren zeg wawařen nnes maca yasuɛ iɛawed iṭṭef deg wawař inna asen a tarwa inu mecḥař iwɛar x yinni ittcařan x wagřa nsen maḥend ad dd adfen ɣar,/Users/mac/masterAI/tarifit_asr_tfm/data/processed/segments/REC131/REC131_SEG0013_PART01.wav
REC131_SEG0013_PART02,REC131,SPK009,data/processed/segments/REC131/REC131_SEG0013_PART02.wav,12.564,tgeldit n arebbi ihwen ad yadef weřɣem zi tiṭṭ n tsineft zeg wadaf n bu wagřa ɣar tgeldit n arebbi immarni daysen ɛad unexřiɛ nnan i wayawya,/Users/mac/masterAI/tarifit_asr_tfm/data/processed/segments/REC131/REC131_SEG0013_PART02.wav
REC131_SEG0014,REC131,SPK009,data/processed/segments/REC131/REC131_SEG0014.wav,13.68,wi izemmaren xenni ad ittwassenjem ixzar daysen yasuɛ inna ɣar iwdan war izemmar maca ɣar arebbi war iǧi amenni minzi aqa ɣar arebbi kuřci di tzemmar nnes,/Users/mac/masterAI/tarifit_asr_tfm/data/processed/segments/REC131/REC131_SEG0014.wav
REC131_SEG0015,REC131,SPK009,data/processed/segments/REC131/REC131_SEG0015.wav,2.512,řmunet n weḍfar n yasuɛ,/Users/mac/masterAI/tarifit_asr_tfm/data/processed/segments/REC131/REC131_SEG0015.wav
REC131_SEG0016,REC131,SPK009,data/processed/segments/REC131/REC131_SEG0016.wav,5.84,ibda buṭrus ad yini xzar aqa neccin nejja kuřci neḍfar i cek dd,/Users/mac/masterAI/tarifit_asr_tfm/data/processed/segments/REC131/REC131_SEG0016.wav
REC131_SEG0017_PART01,REC131,SPK009,data/processed/segments/REC131/REC131_SEG0017_PART01.wav,13.284,yarra dd xas yasuɛ inna s tidett necc ad awem iniɣ war din iǧi uřa d ijjen wenni isemḥen di taddart niɣ deg aytmas niɣ di yessmas niɣ di babas niɣ di yemmas niɣ di,/Users/mac/masterAI/tarifit_asr_tfm/data/processed/segments/REC131/REC131_SEG0017_PART01.wav
REC131_SEG0017_PART02,REC131,SPK009,data/processed/segments/REC131/REC131_SEG0017_PART02.wav,13.284,temɣart niɣ di tarrawt uřa deg iyyaren di ṭṭweɛ inu u di ṭṭweɛ n řexbar aṣebḥan i war ikessin mya n tseqqar řexxu di zzman a ad iksi tudrin niɣ aytmas niɣ yessmas,/Users/mac/masterAI/tarifit_asr_tfm/data/processed/segments/REC131/REC131_SEG0017_PART02.wav
REC131_SEG0018,REC131,SPK009,data/processed/segments/REC131/REC131_SEG0018.wav,19.816,niɣ tyemmatin niɣ tarrawt d yeyyaren ak d umarret uca di zzman i dd ɣa yasen ad iksi tudart ittduman maca aṭṭas n yinni iǧan d imezwura ad iřin d ineggura uca inni iǧan d ineggura ad iřin d imezwura,/Users/mac/masterAI/tarifit_asr_tfm/data/processed/segments/REC131/REC131_SEG0018.wav
REC131_SEG0019,REC131,SPK009,data/processed/segments/REC131/REC131_SEG0019.wav,5.68,yasuɛ issawař x řmewt d tnukra nnes i twařa wiss třata,/Users/mac/masterAI/tarifit_asr_tfm/data/processed/segments/REC131/REC131_SEG0019.wav
REC131_SEG0020_PART01,REC131,SPK009,data/processed/segments/REC131/REC131_SEG0020_PART01.wav,13.768,tuɣa ten deg webrid maḥend ad geɛɛden ɣar urcalim u yasuɛ tuɣa izwar asen nitni tuɣa ttbehten uca ggʷeden umi t i dd ḍeffaren iksi tenɛac ɣar uɣezdis uca ibda iqqar asen x,/Users/mac/masterAI/tarifit_asr_tfm/data/processed/segments/REC131/REC131_SEG0020_PART01.wav
REC131_SEG0020_PART02,REC131,SPK009,data/processed/segments/REC131/REC131_SEG0020_PART02.wav,13.768,min d as ɣa imsaren inna xzar neccin ad ngeɛɛed ɣar urcalim u mmis n bnadem ad immewc deg ifassen n imeqqranen n ikehhanen d imseřmaden n idlisen u nitni ad xas ḥekmen s řmewt,/Users/mac/masterAI/tarifit_asr_tfm/data/processed/segments/REC131/REC131_SEG0020_PART02.wav
REC131_SEG0021,REC131,SPK009,data/processed/segments/REC131/REC131_SEG0021.wav,11.152,ad t sellmen i řegnus ad t sseḥqaren ad t hettken s urekkuḍ ad xas ssusfen ad t nɣen uca deg wass wiss třata ad ikkar,/Users/mac/masterAI/tarifit_asr_tfm/data/processed/segments/REC131/REC131_SEG0021.wav
REC131_SEG0022_PART01,REC131,SPK009,data/processed/segments/REC131/REC131_SEG0022_PART01.wav,10.872,tutra n yaɛqub d yuḥanna yusa dd ɣares yaɛqub d yuḥanna tarwa n zabdi nnan as a amseɣɣar nexs ad aneɣ tegged marra min,/Users/mac/masterAI/tarifit_asr_tfm/data/processed/segments/REC131/REC131_SEG0022_PART01.wav
REC131_SEG0022_PART02,REC131,SPK009,data/processed/segments/REC131/REC131_SEG0022_PART02.wav,10.872,zzayek ɣa nettar inna asen min texsem ad awem ggeɣ nnan as ewc aneɣ ad neqqim ijjen ɣar ufusi nnec u wenneɣni ɣar uzeřmaḍ nnec deg uɛuǧi nnec,/Users/mac/masterAI/tarifit_asr_tfm/data/processed/segments/REC131/REC131_SEG0022_PART02.wav
REC131_SEG0023,REC131,SPK009,data/processed/segments/REC131/REC131_SEG0023.wav,8.176,maca yasuɛ inna asen aqa war tessinem ca min tettarem ma tzemmarem ad teswem řkas i zi ɣa sweɣ necc,/Users/mac/masterAI/tarifit_asr_tfm/data/processed/segments/REC131/REC131_SEG0023.wav
REC131_SEG0024_PART01,REC131,SPK009,data/processed/segments/REC131/REC131_SEG0024_PART01.wav,12.296,niɣ ad tettwassɣeḍṣem s useɣḍeṣ i zi ɣa ttwassɣeḍṣeɣ necc nnan as nzemmar inna asen yasuɛ řkas i ɣa sweɣ necc ad t teswem u aseɣḍeṣ i zi ttwassɣeḍṣeɣ,/Users/mac/masterAI/tarifit_asr_tfm/data/processed/segments/REC131/REC131_SEG0024_PART01.wav
REC131_SEG0024_PART02,REC131,SPK009,data/processed/segments/REC131/REC131_SEG0024_PART02.wav,12.296,necc ad zzayes ttwassɣeḍṣem maca aɣimi x yefus inu niɣ x uzeřmaḍ inu war ɣari iǧi deg ufus inu maḥend ad t wceɣ maca ad immewc i yinni umi ittwassewjed,/Users/mac/masterAI/tarifit_asr_tfm/data/processed/segments/REC131/REC131_SEG0024_PART02.wav
REC131_SEG0025_PART01,REC131,SPK009,data/processed/segments/REC131/REC131_SEG0025_PART01.wav,12.968,řami sřin ɛecra n imeḥḍaren man aya xeyyqen x yaɛqub d yuḥanna xenni iřaɣa asen dd yasuɛ ɣares inna asen kenniw tessnem belli inni ittwaḥesben d řḥukkam n řegnus,/Users/mac/masterAI/tarifit_asr_tfm/data/processed/segments/REC131/REC131_SEG0025_PART01.wav
REC131_SEG0025_PART02,REC131,SPK009,data/processed/segments/REC131/REC131_SEG0025_PART02.wav,12.968,aqa ḥekkmen xasen u imeqqranen nsen aqa ttṣeǧaḍen ten war ittiři ammu jar awem maca wenni ixsen ad idweř d ameqqran jar awem aqa netta ad yiři d amsexxar nwem,/Users/mac/masterAI/tarifit_asr_tfm/data/processed/segments/REC131/REC131_SEG0025_PART02.wav
REC131_SEG0026,REC131,SPK009,data/processed/segments/REC131/REC131_SEG0026.wav,16.56,u wenni ixsen ad yiři d amezwaru jar awem aqa netta ad yiři d amsexxar i marra minzi ɛawed mmis n bnadem war dd yusi ḥima ad xas sexxaren maca ḥima ad ixdem ad iwc tudart nnes d rehdyet i waṭṭas n iwdan,/Users/mac/masterAI/tarifit_asr_tfm/data/processed/segments/REC131/REC131_SEG0026.wav
REC131_SEG0027,REC131,SPK009,data/processed/segments/REC131/REC131_SEG0027.wav,2.96,asgenfi n mmis n timawus adarɣař,/Users/mac/masterAI/tarifit_asr_tfm/data/processed/segments/REC131/REC131_SEG0027.wav
REC131_SEG0028_PART01,REC131,SPK009,data/processed/segments/REC131/REC131_SEG0028_PART01.wav,14.6,iwḍen dd ɣar ariḥa řami dd iffeɣ zi ariḥa ak d imeḥḍaren nnes d waṭṭas n řɣaci tuɣa timawus mmis n timawuswenni tuɛa d adarɣař iqqim deg webrid ittettar umi isřa belli yasuɛ,/Users/mac/masterAI/tarifit_asr_tfm/data/processed/segments/REC131/REC131_SEG0028_PART01.wav
REC131_SEG0028_PART02,REC131,SPK009,data/processed/segments/REC131/REC131_SEG0028_PART02.wav,14.6,nnaṣiri aqa t din ibda isɣuyyu iqqar a mmis n dawud arḥem ayi webbxen t aṭṭas ḥima ad isqar maca netta iqqim isɣuyyu ktar a mmis n dawud arḥem ayi,/Users/mac/masterAI/tarifit_asr_tfm/data/processed/segments/REC131/REC131_SEG0028_PART02.wav
REC131_SEG0029,REC131,SPK009,data/processed/segments/REC131/REC131_SEG0029.wav,3.664,ibedd yasuɛ uca yumur ad xas dd řaɣan,/Users/mac/masterAI/tarifit_asr_tfm/data/processed/segments/REC131/REC131_SEG0029.wav
REC131_SEG0030_PART01,REC131,SPK009,data/processed/segments/REC131/REC131_SEG0030_PART01.wav,13.217,řaɣan dd i udarɣař nnan as egg uř kkar aqa ittřaɣa dd xak inḍar udarɣař ajeǧab nnes ikkar uca yusa dd ɣar yasuɛ yarra dd yasuɛ inna as min texsed ad ac t ggeɣ,/Users/mac/masterAI/tarifit_asr_tfm/data/processed/segments/REC131/REC131_SEG0030_PART01.wav
REC131_SEG0030_PART02,REC131,SPK009,data/processed/segments/REC131/REC131_SEG0030_PART02.wav,13.217,inna as udarɣař a amseřmad ḥima ad twařiɣ inna as yasuɛ xzar l iman nnec isgenfi ccek řexdenni idweř ittwařa uca iḍfar i t deg webrid,/Users/mac/masterAI/tarifit_asr_tfm/data/processed/segments/REC131/REC131_SEG0030_PART02.wav
REC132_SEG0001,REC132,SPK009,data/processed/segments/REC132/REC132_SEG0001.wav,2.896,adaf n yasuɛ ɣar urcalim am ujeǧid,/Users/mac/masterAI/tarifit_asr_tfm/data/processed/segments/REC132/REC132_SEG0001.wav
REC132_SEG0002_PART01,REC132,SPK009,data/processed/segments/REC132/REC132_SEG0002_PART01.wav,11.896,umi dd qarrben ɣar urcalim ɣar bayt faji d bayt ɛanya zzat i wedrar n zzitun issekk tnayen n imeḥḍaren nnes inna asen ruḥem ɣar dcar nni qibac nwem xmi ɣares i,/Users/mac/masterAI/tarifit_asr_tfm/data/processed/segments/REC132/REC132_SEG0002_PART01.wav
REC132_SEG0002_PART02,REC132,SPK009,data/processed/segments/REC132/REC132_SEG0002_PART02.wav,11.896,ɣa tadfem řexdenni ad tafem ijj n wesnus iqqen war xas inyi uřa d ijj n bnadem fesyem as dd uca awyem t i dd ɣari mařa inna awem ḥed mayemmi i tetteggem aya,/Users/mac/masterAI/tarifit_asr_tfm/data/processed/segments/REC132/REC132_SEG0002_PART02.wav
REC132_SEG0003,REC132,SPK009,data/processed/segments/REC132/REC132_SEG0003.wav,9.808,xenni inim aqa sidi iḥdaj i t uca řexdenni ad t i dd issekk da ɛawed nitni ruḥen ufin asnus nni iqqen ɣar tewwart barra x webrid,/Users/mac/masterAI/tarifit_asr_tfm/data/processed/segments/REC132/REC132_SEG0003.wav
REC132_SEG0004_PART01,REC132,SPK009,data/processed/segments/REC132/REC132_SEG0004_PART01.wav,12.664,řami d as dd arxun nnan asen ca n yinni tuɣa din ibedden min tetteggem tfessyem i wesnus nnan asen am mammec ten iweṣṣa yasuɛ uca jjin ten iwyen dd asnus ɣar yasuɛ,/Users/mac/masterAI/tarifit_asr_tfm/data/processed/segments/REC132/REC132_SEG0004_PART01.wav
REC132_SEG0004_PART02,REC132,SPK009,data/processed/segments/REC132/REC132_SEG0004_PART02.wav,12.664,ssarsen xas arruḍ nsen uca inya xas netta aṭṭas ssun arruḍ nsen x webrid ca nneɣni qessen dd řefruɛ s wafriwen zi tcejjura uca ssun ten x webrid,/Users/mac/masterAI/tarifit_asr_tfm/data/processed/segments/REC132/REC132_SEG0004_PART02.wav
REC132_SEG0005_PART01,REC132,SPK009,data/processed/segments/REC132/REC132_SEG0005_PART01.wav,14.408,inni t izwaren d yinni t i dd iḍfaren tuɣa sɣuyyun s jjehd qqaren uṣanna lbaraka i wenni dd yusin s yisem n sidi ad tettwabarek tgeldit tenni i dd ɣa yasen s ufus n babatneɣ dawud uṣan,/Users/mac/masterAI/tarifit_asr_tfm/data/processed/segments/REC132/REC132_SEG0005_PART01.wav
REC132_SEG0005_PART02,REC132,SPK009,data/processed/segments/REC132/REC132_SEG0005_PART02.wav,14.408,na di řuɛřa x řuɛřa n ijenwan yusa dd yasuɛ ɣar urcalim yudef ɣar zzawect tameqqrant uca iẓra marra min din imsaren řami tuɣa issutem řḥař iffeɣ ɣar bayt ɛanya ak d tenɛac,/Users/mac/masterAI/tarifit_asr_tfm/data/processed/segments/REC132/REC132_SEG0005_PART02.wav
REC132_SEG0006,REC132,SPK009,data/processed/segments/REC132/REC132_SEG0006.wav,1.488,anɛař n wartu,/Users/mac/masterAI/tarifit_asr_tfm/data/processed/segments/REC132/REC132_SEG0006.wav
REC132_SEG0007_PART01,REC132,SPK009,data/processed/segments/REC132/REC132_SEG0007_PART01.wav,14.076,tiwecca nnes řami dd iffeɣ zi bayt ɛanya iṭṭef i t i dd řaẓ umi iẓra zi řaggʷaj ijj n wartu n tazart ɣares tifray yuyur din ḥima ad yarzu ma ad taɣ ad dayes yaf ca umi ɣares dd yiweḍ war,/Users/mac/masterAI/tarifit_asr_tfm/data/processed/segments/REC132/REC132_SEG0007_PART01.wav
REC132_SEG0007_PART02,REC132,SPK009,data/processed/segments/REC132/REC132_SEG0007_PART02.wav,14.076,yufi walu mɣir tifray minzi war tuɣi bu řweqt n tazart iṭṭef deg wawař inna as i wartu zi řexxu d tsawent war zzayem ittett uřa d ijj ɛad řɣiǧet tuɣa imeḥḍaren nnes ttesřan,/Users/mac/masterAI/tarifit_asr_tfm/data/processed/segments/REC132/REC132_SEG0007_PART02.wav
REC132_SEG0008,REC132,SPK009,data/processed/segments/REC132/REC132_SEG0008.wav,1.848,min iqqar,/Users/mac/masterAI/tarifit_asr_tfm/data/processed/segments/REC132/REC132_SEG0008.wav
REC132_SEG0009,REC132,SPK009,data/processed/segments/REC132/REC132_SEG0009.wav,3.056,yasuɛ d isebbaben di taddart iqeddsen,/Users/mac/masterAI/tarifit_asr_tfm/data/processed/segments/REC132/REC132_SEG0009.wav
REC132_SEG0010_PART01,REC132,SPK009,data/processed/segments/REC132/REC132_SEG0010_PART01.wav,14.456,ussind ɣar urcalim u umi yudef yasuɛ ɣar zawect temeqrant ibda issuffuɣ isebbaben d imsewwaqen nni iǧan di zzawect tameqqrant uca ibda issneqřab ṭṭwabeř n iṣarrafen,/Users/mac/masterAI/tarifit_asr_tfm/data/processed/segments/REC132/REC132_SEG0010_PART01.wav
REC132_SEG0010_PART02,REC132,SPK009,data/processed/segments/REC132/REC132_SEG0010_PART02.wav,14.456,n tmenyat d řekrasi n yinni tuɣa iznuzan idbiren uca war ijji ḥed ad iɛdu zzawect tameqqrant uřa s ict n řqecɛet tuɣa isseřmad inna asen ma war turi,/Users/mac/masterAI/tarifit_asr_tfm/data/processed/segments/REC132/REC132_SEG0010_PART02.wav
REC132_SEG0011,REC132,SPK009,data/processed/segments/REC132/REC132_SEG0011.wav,10.064,taddart inu ad as řaɣan taddart n tẓaǧit i marra řegnus maca kenniw tarrim tt d ifri n iceffaren,/Users/mac/masterAI/tarifit_asr_tfm/data/processed/segments/REC132/REC132_SEG0011.wav
REC132_SEG0012,REC132,SPK009,data/processed/segments/REC132/REC132_SEG0012.wav,17.84,imseřmaden n idlisen d imeqqranen n ikehhanen sřin man aya kkaren uca arezzun mammec ɣa ggen ad t nɣen minzi ggʷeden zzayes minzi řɣaci marra tuɣa ittebhet s useřmed nnes řami dd tewḍa tmeddit ffɣen ɣar barra n tendint,/Users/mac/masterAI/tarifit_asr_tfm/data/processed/segments/REC132/REC132_SEG0012.wav
REC132_SEG0013,REC132,SPK009,data/processed/segments/REC132/REC132_SEG0013.wav,1.52,artu isřaw,/Users/mac/masterAI/tarifit_asr_tfm/data/processed/segments/REC132/REC132_SEG0013.wav
REC132_SEG0014_PART01,REC132,SPK009,data/processed/segments/REC132/REC132_SEG0014_PART01.wav,12.808,di ṣṣbeḥ zic řami dinni ɛdun ẓrin belli wartu nni isřaw zeg iẓewran cimɛun iften xenni inna as a amseřmad inu xzar artu i tneɛřed aqa isřaw,/Users/mac/masterAI/tarifit_asr_tfm/data/processed/segments/REC132/REC132_SEG0014_PART01.wav
REC132_SEG0014_PART02,REC132,SPK009,data/processed/segments/REC132/REC132_SEG0014_PART02.wav,12.808,yarra dd yasuɛ inna asen maɛlik ad daywem yiři l iman n arebbi s tidett necc ad awem iniɣ mařa ḥed ad yini i wedrar a meksi wḍa di řebḥar,/Users/mac/masterAI/tarifit_asr_tfm/data/processed/segments/REC132/REC132_SEG0014_PART02.wav
REC132_SEG0015,REC132,SPK009,data/processed/segments/REC132/REC132_SEG0015.wav,17.424,war ittcekki deg wuř nnes maca ad yamen belli min inna ad iffeɣ iwa aqa ad iffeɣ i netta am mammec inna netta s uyenni necc ad awem iniɣ marra min ɣa tettarem am tettẓaǧam amnen belli ad t tkesbem uca ad ɣarwem yiři,/Users/mac/masterAI/tarifit_asr_tfm/data/processed/segments/REC132/REC132_SEG0015.wav
REC132_SEG0016,REC132,SPK009,data/processed/segments/REC132/REC132_SEG0016.wav,17.104,u xmi ɣa tbeddem tettẓẓaǧam ɣfarem min ɣarwem x ca n ijjen ḥima ad awem iɣfar ɛawed babatwem i iǧan deg ijenwan ddnub nwem mařa war tɣeffarem kenniw war d awem iɣeffar uřa d babatwem i iǧan deg ijenwan i ddnub nwem,/Users/mac/masterAI/tarifit_asr_tfm/data/processed/segments/REC132/REC132_SEG0016.wav
REC132_SEG0017,REC132,SPK009,data/processed/segments/REC132/REC132_SEG0017.wav,2.224,aseqsi x ttesriḥ n yasuɛ,/Users/mac/masterAI/tarifit_asr_tfm/data/processed/segments/REC132/REC132_SEG0017.wav
REC132_SEG0018_PART01,REC132,SPK009,data/processed/segments/REC132/REC132_SEG0018_PART01.wav,14.908,usin dd ɛawed ɣar urcalim am tuɣa iggur di zzawect tameqqrant qarrben dd ɣares imeqqranen n ikehhanen d imseřmaden n idlisen d imɣaren n řgens nnan as s man ttesriḥ i zi tettegged timesřayin a,/Users/mac/masterAI/tarifit_asr_tfm/data/processed/segments/REC132/REC132_SEG0018_PART01.wav
REC132_SEG0018_PART02,REC132,SPK009,data/processed/segments/REC132/REC132_SEG0018_PART02.wav,14.908,wi d ac iwcin ṣṣulṭa ya ḥima ad tegged timesřayin a yarra dd yasuɛ inna asen uřa d necc ad kenniw sseqsiɣ ijj n useqsi ḥima kenniw ad xafi tarrim uca xenni uřa d necc ad awem iniɣ s man ttesriḥ i zi,/Users/mac/masterAI/tarifit_asr_tfm/data/processed/segments/REC132/REC132_SEG0018_PART02.wav
REC132_SEG0019,REC132,SPK009,data/processed/segments/REC132/REC132_SEG0019.wav,1.016,tteggeɣ aya,/Users/mac/masterAI/tarifit_asr_tfm/data/processed/segments/REC132/REC132_SEG0019.wav
REC132_SEG0020_PART01,REC132,SPK009,data/processed/segments/REC132/REC132_SEG0020_PART01.wav,14.908,aseɣḍaṣ n yuḥanna ma ikka dd zeg ujenna niɣ zeg iwdan arrem dd xafi mcawaren jar asen nnan mařa nenna zeg ujenna ad yini mayemmi war zzayes tuminem maca mařa nenna,/Users/mac/masterAI/tarifit_asr_tfm/data/processed/segments/REC132/REC132_SEG0020_PART01.wav
REC132_SEG0020_PART02,REC132,SPK009,data/processed/segments/REC132/REC132_SEG0020_PART02.wav,14.908,zeg iwdan xenni ittxeṣṣa ad neggʷed zi řgens minzi marra ḥesben yuḥanna d anabi s tidett arrin dd nnan i yasuɛ war nessin yarred xasen yasuɛ inna xenni uřa d necc war d awem,/Users/mac/masterAI/tarifit_asr_tfm/data/processed/segments/REC132/REC132_SEG0020_PART02.wav
REC132_SEG0021,REC132,SPK009,data/processed/segments/REC132/REC132_SEG0021.wav,4.655,qqareɣ zi man ttesriḥ i zi tteggeɣ timesřayin a,/Users/mac/masterAI/tarifit_asr_tfm/data/processed/segments/REC132/REC132_SEG0021.wav
REC133_SEG0001_PART01,REC133,SPK009,data/processed/segments/REC133/REC133_SEG0001_PART01.wav,11.112,amedya n umarjuɛ n tzayart d ixemmasen iɛeffanen ibda issawař akidsen s imedya ijj n bnadem igga ijj n umarjeɛ n uḍiř iẓẓu dayes tizayarin,/Users/mac/masterAI/tarifit_asr_tfm/data/processed/segments/REC133/REC133_SEG0001_PART01.wav
REC133_SEG0001_PART02,REC133,SPK009,data/processed/segments/REC133/REC133_SEG0001_PART02.wav,11.112,iqewwar as dd s ijj n wefray iɣza tasirt n uḍiř ibna dayes ṣṣumɛet uca iwekkeř amarjuɛ nni i ixemmasen uca isafa,/Users/mac/masterAI/tarifit_asr_tfm/data/processed/segments/REC133/REC133_SEG0001_PART02.wav
REC133_SEG0002,REC133,SPK009,data/processed/segments/REC133/REC133_SEG0002.wav,14.032,řami dd yiweḍ řḥař issekk amsexxar nnes ɣar ixemmasen ḥima ad iksi tasɣart nnes zeg weřqaḍ n umarjeɛ n uḍiř maca nitni wtin t uca ssekken t ixwa,/Users/mac/masterAI/tarifit_asr_tfm/data/processed/segments/REC133/REC133_SEG0002.wav
REC133_SEG0003,REC133,SPK009,data/processed/segments/REC133/REC133_SEG0003.wav,19.92,ɛawed issekk ɣarsen ijj n umsexxar nneɣni arejmen t marẓen as uca řami t ssbeḥtřen uẓẓřen xas ɛawed issekk dd ɣarsen wenneɣni uca nɣin t uřa d netta ammu i issekk ɛad aṭṭas n inneɣni hettken ca zzaysen s urekkuḍ d ca nneɣni zzaysen nɣin ten,/Users/mac/masterAI/tarifit_asr_tfm/data/processed/segments/REC133/REC133_SEG0003.wav
REC133_SEG0004,REC133,SPK009,data/processed/segments/REC133/REC133_SEG0004.wav,16.88,ɣar uneggar issekk ɣarsen ayenni n mmis i ɣares i xas iɛizzen inna nican ad weqqaren mmi maca ixemmasen nni nnan jar asen aqa d wa d awrit zidem ad t neneɣ uca ad ɣarneɣ yiři řwart,/Users/mac/masterAI/tarifit_asr_tfm/data/processed/segments/REC133/REC133_SEG0004.wav
REC133_SEG0005,REC133,SPK009,data/processed/segments/REC133/REC133_SEG0005.wav,14.768,ksin t nɣin t uca nḍaren t barra i umarjeɛ n uḍiř min ɣa yegg bab n umarjeɛ n uḍiř ad dd yas ad ineɣ ixemmasen uca ad iwc amarjeɛ n uḍiř i inneɣni ma war teɣrim tira ya,/Users/mac/masterAI/tarifit_asr_tfm/data/processed/segments/REC133/REC133_SEG0005.wav
REC133_SEG0006,REC133,SPK009,data/processed/segments/REC133/REC133_SEG0006.wav,19.344,aẓru i tuɣa immenḍaren ibennayen aqa idweř d aẓru d azeǧif n teɣmart wa yusa dd zi sidi u man aya is tebhaḍ di tiṭṭawin nneɣ xsen ad t ṭṭfen maca nitni ggʷeden zi řɣaci minzi fehmen belli tuɣa issawař xasen s umedya nni nitni jjin t uca uyuren,/Users/mac/masterAI/tarifit_asr_tfm/data/processed/segments/REC133/REC133_SEG0006.wav
REC133_SEG0007,REC133,SPK009,data/processed/segments/REC133/REC133_SEG0007.wav,2.224,axeǧeṣ n ḍḍariba i qayṣar,/Users/mac/masterAI/tarifit_asr_tfm/data/processed/segments/REC133/REC133_SEG0007.wav
REC133_SEG0008_PART01,REC133,SPK009,data/processed/segments/REC133/REC133_SEG0008_PART01.wav,13.272,xenni ssekken ɣares ca n yeryazen zeg ifarisiyyen u ca zi taddart n hirudus ḥima ad as ṭṭfen s wawařen nnes umi dd usin nnan as a amseɣɣar neccin nessen aqa cek d,/Users/mac/masterAI/tarifit_asr_tfm/data/processed/segments/REC133/REC133_SEG0008_PART01.wav
REC133_SEG0008_PART02,REC133,SPK009,data/processed/segments/REC133/REC133_SEG0008_PART02.wav,13.272,tidett war teggʷided zeg iwdan u war txezzared ca ɣar wudem n iwdan maca tesseřmaded abrid n arebbi s tidett ma iḥeǧeř ad newc ddariba i kuř ijjen zzayneɣ i qayṣar niɣ lla,/Users/mac/masterAI/tarifit_asr_tfm/data/processed/segments/REC133/REC133_SEG0008_PART02.wav
REC133_SEG0009_PART01,REC133,SPK009,data/processed/segments/REC133/REC133_SEG0009_PART01.wav,13.96,ma ittxeṣṣa aneɣ ad nxeǧeṣ ḍḍariba niɣ lla řami netta yargeb x nnifaq nsen inna asen mayemmi d ayi tettjarrabem awyem ayi dd ijj n dinar ḥima ad t ẓareɣ iwyen as dd ijj n dinar,/Users/mac/masterAI/tarifit_asr_tfm/data/processed/segments/REC133/REC133_SEG0009_PART01.wav
REC133_SEG0009_PART02,REC133,SPK009,data/processed/segments/REC133/REC133_SEG0009_PART02.wav,13.96,xenni inna asen wi yiřan taṣwirt a d tira ya nnan as n qayṣar yarra dd yasuɛ inna asen wcem xenni i qayṣar min iǧan i qayṣar u min iǧan i arebbi i arebbi uca ttɛejben dayes,/Users/mac/masterAI/tarifit_asr_tfm/data/processed/segments/REC133/REC133_SEG0009_PART02.wav
REC133_SEG0010_PART01,REC133,SPK009,data/processed/segments/REC133/REC133_SEG0010_PART01.wav,11.736,aseqsi n iṣaduqiyyen x tnukra usin dd ɣares ɛawed iṣaduqiyyen nni iqqaren belli war din bu tnukra sseqsan t nnan a amseɣɣar aqa yura aneɣ musa,/Users/mac/masterAI/tarifit_asr_tfm/data/processed/segments/REC133/REC133_SEG0010_PART01.wav
REC133_SEG0010_PART02,REC133,SPK009,data/processed/segments/REC133/REC133_SEG0010_PART02.wav,11.736,mařa immut i ḥed umas uca ijja tamɣart maca war dd ijji bu tarrawt ad yawi umas tamɣart nni uca ad as isggaɛed dduriyet i umas,/Users/mac/masterAI/tarifit_asr_tfm/data/processed/segments/REC133/REC133_SEG0010_PART02.wav
REC133_SEG0011,REC133,SPK009,data/processed/segments/REC133/REC133_SEG0011.wav,2.0,tuɣa din sebɛa n wawmaten,/Users/mac/masterAI/tarifit_asr_tfm/data/processed/segments/REC133/REC133_SEG0011.wav
REC133_SEG0012,REC133,SPK009,data/processed/segments/REC133/REC133_SEG0012.wav,6.096,amezwaru yiwi ict n temɣart uca awarni řami immut war dd ijji bu dduriyet,/Users/mac/masterAI/tarifit_asr_tfm/data/processed/segments/REC133/REC133_SEG0012.wav
REC133_SEG0013,REC133,SPK009,data/processed/segments/REC133/REC133_SEG0013.wav,3.376,xenni yiwyi i tt wenni wiss tnayen uca immut,/Users/mac/masterAI/tarifit_asr_tfm/data/processed/segments/REC133/REC133_SEG0013.wav
REC133_SEG0014,REC133,SPK009,data/processed/segments/REC133/REC133_SEG0014.wav,2.8,war dd ijji bu dduriyet uřa d netta,/Users/mac/masterAI/tarifit_asr_tfm/data/processed/segments/REC133/REC133_SEG0014.wav
REC133_SEG0015_PART01,REC133,SPK009,data/processed/segments/REC133/REC133_SEG0015_PART01.wav,14.264,uca ammu uřa d wenni wiss třata marra sebɛa nni iwyen tt war dd jjin bu dduriyet aneggar nsen marra temmut temɣart nni ɛawed iwa di tnukra xmi dd ɣa kkaren umi ɣa tiři temɣart,/Users/mac/masterAI/tarifit_asr_tfm/data/processed/segments/REC133/REC133_SEG0015_PART01.wav
REC133_SEG0015_PART02,REC133,SPK009,data/processed/segments/REC133/REC133_SEG0015_PART02.wav,14.264,nni minzi nettat tuɣa tamɣart n sebɛa nni marra yarra dd yasuɛ inna asen ma war txeṭṭim ca minzi war tessinem ca tira iqeddsen d jjehd n arebbi maɣar xmi dd ɣa kkaren jar imettinen war tent ttiwyen d tamɣart,/Users/mac/masterAI/tarifit_asr_tfm/data/processed/segments/REC133/REC133_SEG0015_PART02.wav
REC133_SEG0016_PART01,REC133,SPK009,data/processed/segments/REC133/REC133_SEG0016_PART01.wav,14.248,u war ssmiǧicen timɣarin i yeryazen maca ad iřin am lmalakat i iǧan deg ujenna maca zi jjihet n imettinen aqa ttwassnekkaren ma war teɣrim deg wedlis n musa rami tuɣa ɣa tabɣa,/Users/mac/masterAI/tarifit_asr_tfm/data/processed/segments/REC133/REC133_SEG0016_PART01.wav
REC133_SEG0016_PART02,REC133,SPK009,data/processed/segments/REC133/REC133_SEG0016_PART02.wav,14.248,issiweř arebb inna necc arebbi n ibrahim d arebbi n isḥaq d arebbi n yaɛqub netta maci d arebbi n imettinen maca d arebbi n yinni iddaren s uyenni aqa kenniw txeṭṭam aṭṭas,/Users/mac/masterAI/tarifit_asr_tfm/data/processed/segments/REC133/REC133_SEG0016_PART02.wav
REC133_SEG0017,REC133,SPK009,data/processed/segments/REC133/REC133_SEG0017.wav,2.032,tawṣeyyet tameqqrant,/Users/mac/masterAI/tarifit_asr_tfm/data/processed/segments/REC133/REC133_SEG0017.wav
REC133_SEG0018,REC133,SPK009,data/processed/segments/REC133/REC133_SEG0018.wav,12.528,umi isřa ijjen zeg imseřmaden n idlisen belli tuɣa ttemharwaḍen jar asen uca issen belli netta aqa yarra dd xasen mliḥ xenni yused ɣares isseqsa t,/Users/mac/masterAI/tarifit_asr_tfm/data/processed/segments/REC133/REC133_SEG0018.wav
REC133_SEG0019_PART01,REC133,SPK009,data/processed/segments/REC133/REC133_SEG0019_PART01.wav,11.128,man tent iǧan d tawṣeyyet tamezwarut x kuřci yarra dd xas yasuɛ aqa tamezwarut x marra tiweṣṣa seř a israil sidi arebbi nneɣ,/Users/mac/masterAI/tarifit_asr_tfm/data/processed/segments/REC133/REC133_SEG0019_PART01.wav
REC133_SEG0019_PART02,REC133,SPK009,data/processed/segments/REC133/REC133_SEG0019_PART02.wav,11.128,sidi d ijj ad texsed sidi arebbi nnec s marra wuř nnec s marra řeɛmar nnec s marra řeɛqeř nnec s marra jjehd nnec ta d tawṣeyyet tamezwarut,/Users/mac/masterAI/tarifit_asr_tfm/data/processed/segments/REC133/REC133_SEG0019_PART02.wav
REC133_SEG0020,REC133,SPK009,data/processed/segments/REC133/REC133_SEG0020.wav,11.28,u tawṣeyyet wiss tnayen amecnaw tanita aqa d ta ad texsed jjar nnec amecnaw ixef nnec war din bu tewṣeyyet nneɣnit d tameqqrant x tina s tnayen,/Users/mac/masterAI/tarifit_asr_tfm/data/processed/segments/REC133/REC133_SEG0020.wav
REC133_SEG0021_PART01,REC133,SPK009,data/processed/segments/REC133/REC133_SEG0021_PART01.wav,13.928,inna as umseřmad n idlisen nican a amseřmad inu s tidett tennid belli netta d ijjen war din uřa d ijj nneɣni mɣir netta u belli mařa ijj n bnadem ad t ixs s wuř,/Users/mac/masterAI/tarifit_asr_tfm/data/processed/segments/REC133/REC133_SEG0021_PART01.wav
REC133_SEG0021_PART02,REC133,SPK009,data/processed/segments/REC133/REC133_SEG0021_PART02.wav,13.928,marra s řeɛqeř marra s řeɛmar marra u s jjehd marra uca ad ixs jjar nnes amecnaw ixef nnes aqa d man aya ḥsen zi marra tiɣarṣin n wecmaḍ d marra tiɣarṣin nneɣnit,/Users/mac/masterAI/tarifit_asr_tfm/data/processed/segments/REC133/REC133_SEG0021_PART02.wav
REC133_SEG0022,REC133,SPK009,data/processed/segments/REC133/REC133_SEG0022.wav,11.536,umi iẓra yasuɛ belli yarra dd s řeɛqeř inna as aqa cek war tiggʷijed ca x tgeldit n arebbi xenni war iɛewweř ḥed ad t isseqsa uřa deg ict n tmesřact,/Users/mac/masterAI/tarifit_asr_tfm/data/processed/segments/REC133/REC133_SEG0022.wav
REC133_SEG0023,REC133,SPK009,data/processed/segments/REC133/REC133_SEG0023.wav,2.384,man wen iǧan d mmis n dawud,/Users/mac/masterAI/tarifit_asr_tfm/data/processed/segments/REC133/REC133_SEG0023.wav
REC133_SEG0024,REC133,SPK009,data/processed/segments/REC133/REC133_SEG0024.wav,9.584,řami tuɣa isseřmad di zzawect tameqqrant iṭṭef yasuɛ deg wawař inna mammec qqaren imseřmaden n idlisen belli lmasiḥ d mmis n dawud,/Users/mac/masterAI/tarifit_asr_tfm/data/processed/segments/REC133/REC133_SEG0024.wav
REC133_SEG0025_PART01,REC133,SPK009,data/processed/segments/REC133/REC133_SEG0025_PART01.wav,10.504,minzi dawud s yixef nnes inna s arruḥ iqeddsen inna sidi i sidi inu qqim dd x ufusi inu ař dd ɣa ggeɣ řɛedyan nnec d,/Users/mac/masterAI/tarifit_asr_tfm/data/processed/segments/REC133/REC133_SEG0025_PART01.wav
REC133_SEG0025_PART02,REC133,SPK009,data/processed/segments/REC133/REC133_SEG0025_PART02.wav,10.504,tanebdat sadu iḍaren nnec s uya ittřaɣa as dd dawud sidi inu manis dd ikka d mmis marra řɣaci tuɣa isřa as s řefraḥet,/Users/mac/masterAI/tarifit_asr_tfm/data/processed/segments/REC133/REC133_SEG0025_PART02.wav
REC133_SEG0026,REC133,SPK009,data/processed/segments/REC133/REC133_SEG0026.wav,3.28,aɛřam n yasuɛ i imseřmaden n idlisen,/Users/mac/masterAI/tarifit_asr_tfm/data/processed/segments/REC133/REC133_SEG0026.wav
REC133_SEG0027_PART01,REC133,SPK009,data/processed/segments/REC133/REC133_SEG0027_PART01.wav,14.392,inna asen deg useřmad nnes ḥḍam ixef nwem zeg imseřmaden n idlisen inni umi itteɛjib asen řḥař xmi ɣa uyuren s řeɛbayat tizirarin u xmi xasen i ɣa seǧmen iwdan di řeswaq inni,/Users/mac/masterAI/tarifit_asr_tfm/data/processed/segments/REC133/REC133_SEG0027_PART01.wav
REC133_SEG0027_PART02,REC133,SPK009,data/processed/segments/REC133/REC133_SEG0027_PART02.wav,14.392,umi itteɛjib asen řekrasi n zzat di temzidawin uřa d imucan imezwura ɣar imensiwen n wuraren inni ittetten tudrin n tijjař am ttettaren tiwhibin,/Users/mac/masterAI/tarifit_asr_tfm/data/processed/segments/REC133/REC133_SEG0027_PART02.wav
REC133_SEG0028,REC133,SPK009,data/processed/segments/REC133/REC133_SEG0028.wav,3.152,aqa ina ad ksin řḥukm d ameqqran,/Users/mac/masterAI/tarifit_asr_tfm/data/processed/segments/REC133/REC133_SEG0028.wav
REC133_SEG0029,REC133,SPK009,data/processed/segments/REC133/REC133_SEG0029.wav,1.936,ṣṣedqet n tajjac,/Users/mac/masterAI/tarifit_asr_tfm/data/processed/segments/REC133/REC133_SEG0029.wav
REC133_SEG0030,REC133,SPK009,data/processed/segments/REC133/REC133_SEG0030.wav,10.288,am iqqim yasuɛ qibac i ssenduq n ṣṣedqet iẓra mammec ineṭṭar řɣaci tinɛacin di ssenduq aṭṭas n aytbab n wagřa tuɣa neṭṭaren dayes aṭṭas,/Users/mac/masterAI/tarifit_asr_tfm/data/processed/segments/REC133/REC133_SEG0030.wav
REC133_SEG0031_PART01,REC133,SPK009,data/processed/segments/REC133/REC133_SEG0031_PART01.wav,10.236,usa dd ict n tajjac d řmeskina tenḍar dayes tnayen n uqiyyat semman tent camunat xenni iřaɣa yasuɛ i imeḥḍaren nnes,/Users/mac/masterAI/tarifit_asr_tfm/data/processed/segments/REC133/REC133_SEG0031_PART01.wav
REC133_SEG0031_PART02,REC133,SPK009,data/processed/segments/REC133/REC133_SEG0031_PART02.wav,10.236,inna asen s tidett necc ad awem iniɣ tajjac a řmeskina aqa tenḍar dayes ktar x marra inni inḍaren di ssenduq n ṣṣedqet,/Users/mac/masterAI/tarifit_asr_tfm/data/processed/segments/REC133/REC133_SEG0031_PART02.wav
REC133_SEG0032,REC133,SPK009,data/processed/segments/REC133/REC133_SEG0032.wav,9.449,minzi marra nḍaren dayes zi min ɣarsen aṭṭas maca ta zi drus nnes tenḍar dayes kuřci min ɣares marra rɛutc nnes,/Users/mac/masterAI/tarifit_asr_tfm/data/processed/segments/REC133/REC133_SEG0032.wav
REC134_SEG0001,REC134,SPK009,data/processed/segments/REC134/REC134_SEG0001.wav,2.512,abarreḥ n yasuɛ x qeṭṭu n ddunect,/Users/mac/masterAI/tarifit_asr_tfm/data/processed/segments/REC134/REC134_SEG0001.wav
REC134_SEG0002,REC134,SPK009,data/processed/segments/REC134/REC134_SEG0002.wav,12.88,ařami dd iffeɣ zi zzawect tameqqrant inna as ijjen zeg imeḥḍaren nnes a amseɣɣar xzar mammec ǧan iẓra ya d řebni ya yarra dd yasuɛ inna as ma teẓrid řebni ya imɣaren,/Users/mac/masterAI/tarifit_asr_tfm/data/processed/segments/REC134/REC134_SEG0002.wav
REC134_SEG0003,REC134,SPK009,data/processed/segments/REC134/REC134_SEG0003.wav,5.136,war da ittɣimi uřa d ijj n weẓru x weẓru nneɣni i war ittnehdim,/Users/mac/masterAI/tarifit_asr_tfm/data/processed/segments/REC134/REC134_SEG0003.wav
REC134_SEG0004,REC134,SPK009,data/processed/segments/REC134/REC134_SEG0004.wav,15.536,řami tuɣa iqqim x wedrar n zzitun qibac i zzawect tameqqrant sseqsan t buṭrus d yaɛqub d yuḥanna d andrawus řami ten tuɣa weḥḥedsen ini aneɣ meřmi i ɣa yiři man aya u man ad tiři řeɛřamet aqa marra aya,/Users/mac/masterAI/tarifit_asr_tfm/data/processed/segments/REC134/REC134_SEG0004.wav
REC134_SEG0005_PART01,REC134,SPK009,data/processed/segments/REC134/REC134_SEG0005_PART01.wav,12.552,ibda yasuɛ iqqar asen xzarem ḥima war kenniw iɣekkwi ḥed aqa aṭṭas ad dd asen s yisem inu qqaren aqa d necc uca ad ɣarren aṭṭas mařa tesřim x imenɣan d,/Users/mac/masterAI/tarifit_asr_tfm/data/processed/segments/REC134/REC134_SEG0005_PART01.wav
REC134_SEG0005_PART02,REC134,SPK009,data/processed/segments/REC134/REC134_SEG0005_PART02.wav,12.552,řexbar n rbaruḍ war ttnexřiɛem ca minzi s uɣiř ad yiři man aya maca war ittiři ɛad d aneggar minzi řgens ad ikkar ḍidd i řgens nneɣni u tageldit ḍidd i tgeldit nneɣni,/Users/mac/masterAI/tarifit_asr_tfm/data/processed/segments/REC134/REC134_SEG0005_PART02.wav
REC134_SEG0006,REC134,SPK009,data/processed/segments/REC134/REC134_SEG0006.wav,8.784,ad iřin inhezzan n temmurt zeg wemcan ɣar wemcan nneɣni uca ad yiři řaẓ d uɣewwuɣ timesřayin a d beddu n řewjeɛ n tarwa,/Users/mac/masterAI/tarifit_asr_tfm/data/processed/segments/REC134/REC134_SEG0006.wav
REC134_SEG0007_PART01,REC134,SPK009,data/processed/segments/REC134/REC134_SEG0007_PART01.wav,13.544,xzarem ixef nwem minzi ad kenniw sellmen i tudrin n ccreɛ ad kenniw hettken s urekkuḍ di temzidawin nsen uca ad kenniw ssiwḍen ɣar ijeǧiden d řḥukkam di ssibbet inu d cch,/Users/mac/masterAI/tarifit_asr_tfm/data/processed/segments/REC134/REC134_SEG0007_PART01.wav
REC134_SEG0007_PART02,REC134,SPK009,data/processed/segments/REC134/REC134_SEG0007_PART02.wav,13.544,adet i nitni maca ɣar umezwar ittxeṣṣa ad ittwabarreḥ s řexbar aṣebḥan di marra řegnus xmi kenniw i ɣa gewwden ḥima ad kenniw sellmen war kessim s wemnus qbeř zi min ɣa tinim,/Users/mac/masterAI/tarifit_asr_tfm/data/processed/segments/REC134/REC134_SEG0007_PART02.wav
REC134_SEG0008,REC134,SPK009,data/processed/segments/REC134/REC134_SEG0008.wav,13.552,war dayes txarriṣem ca maca min ma d awem i ɣa immewcen di tsaɛɛet nni siwřem zzayes minzi war teǧim d kenniw i issawařen maca d arruḥ iqeddsen,/Users/mac/masterAI/tarifit_asr_tfm/data/processed/segments/REC134/REC134_SEG0008.wav
REC134_SEG0009_PART01,REC134,SPK009,data/processed/segments/REC134/REC134_SEG0009_PART01.wav,13.64,umas ad isellem umas maḥend ad t nɣen u babas ad isellem mmis uca ad tekkar tarwa x lwalidin nnes uca ad ten nɣen ad kenniw carhen marra di ssibbet n yise,/Users/mac/masterAI/tarifit_asr_tfm/data/processed/segments/REC134/REC134_SEG0009_PART01.wav
REC134_SEG0009_PART02,REC134,SPK009,data/processed/segments/REC134/REC134_SEG0009_PART02.wav,13.64,m inu maca wenni i ɣa iṣbaren ař aneggar ad ittwassenjem xmi ɣa tẓarem nnɛi n wareyyeb min xef tuɣa issawař unabi daniyal ittbedda mani war ittxeṣṣa ad ibedd,/Users/mac/masterAI/tarifit_asr_tfm/data/processed/segments/REC134/REC134_SEG0009_PART02.wav
REC134_SEG0010,REC134,SPK009,data/processed/segments/REC134/REC134_SEG0010.wav,7.28,wenni iɣrin ad ifhem řexdenni ittxeṣṣa i yinni iǧan di yahudiyya ad arewřen ɣar idurar,/Users/mac/masterAI/tarifit_asr_tfm/data/processed/segments/REC134/REC134_SEG0010.wav
REC134_SEG0011_PART01,REC134,SPK009,data/processed/segments/REC134/REC134_SEG0011_PART01.wav,11.484,u wenni iǧan x tzeqqa war dd ihekkwi ca ɣar taddart u war ittidef ca ḥima ad iksi ca zi taddart nnes u wenni iǧan deg iyyar war dd ittɛiqqib ca ḥima ad,/Users/mac/masterAI/tarifit_asr_tfm/data/processed/segments/REC134/REC134_SEG0011_PART01.wav
REC134_SEG0011_PART02,REC134,SPK009,data/processed/segments/REC134/REC134_SEG0011_PART02.wav,11.484,iksi arud nnes uct x tinni iǧan s ddeyset d tinni issuṭuḍen deg wussan nni ẓaǧem ḥima war tettiři tarewřa nwem di řmecta,/Users/mac/masterAI/tarifit_asr_tfm/data/processed/segments/REC134/REC134_SEG0011_PART02.wav
REC134_SEG0012_PART01,REC134,SPK009,data/processed/segments/REC134/REC134_SEG0012_PART01.wav,10.508,minzi deg wussan nni ad din tiři ict n řeḥsaret i war tuɣi am nettat zeg wami dd ixřeq arebbi ddunect ař řexxu uca war tettiři ɛemmarṣ ɛawed,/Users/mac/masterAI/tarifit_asr_tfm/data/processed/segments/REC134/REC134_SEG0012_PART01.wav
REC134_SEG0012_PART02,REC134,SPK009,data/processed/segments/REC134/REC134_SEG0012_PART02.wav,10.508,mařa sidi war issemẓi ussan nni war tnejjem uřa d ict n ddat maca di ṭṭweɛ n yinni ittwafarzen inni i ixḍar netta aqa issemẓi ussan nni,/Users/mac/masterAI/tarifit_asr_tfm/data/processed/segments/REC134/REC134_SEG0012_PART02.wav
REC134_SEG0013,REC134,SPK009,data/processed/segments/REC134/REC134_SEG0013.wav,19.088,xenni mařa inna awem ijjen aqa lmasiḥ da niɣ aqa t diha war t ttamnem minzi ad kkaren imasiḥen ifalsuten d inabiyyen issxarriqen ad ggen řeɛřamat d řeɛjayeb ḥima mařa izemmar ad ɣarren ɛad imextaren,/Users/mac/masterAI/tarifit_asr_tfm/data/processed/segments/REC134/REC134_SEG0013.wav
REC134_SEG0014_PART01,REC134,SPK009,data/processed/segments/REC134/REC134_SEG0014_PART01.wav,12.728,kenniw maca ḥḍam aqa marra nniɣ awem t qbeř maca deg wussan nni awarni řmeḥnet nni ad tebbarcen tfuct uca taziri war tettic ɛad tafawt nnes itran ad dd wḍan zeg ujen,/Users/mac/masterAI/tarifit_asr_tfm/data/processed/segments/REC134/REC134_SEG0014_PART01.wav
REC134_SEG0014_PART02,REC134,SPK009,data/processed/segments/REC134/REC134_SEG0014_PART02.wav,12.728,na uca ṣṣulaṭat i iǧan deg ijenwan ad ttwanhezzent xenni ad ẓaren mmis n bnadem itased deg iseynuten s jjehd d uɛuǧi ameqqran,/Users/mac/masterAI/tarifit_asr_tfm/data/processed/segments/REC134/REC134_SEG0014_PART02.wav
REC134_SEG0015_PART01,REC134,SPK009,data/processed/segments/REC134/REC134_SEG0015_PART01.wav,11.976,řexdenni ad issekk lmalakat nnes uca ad iyru inni zzayes ittwafarzen zi arebɛa n tɣemmura n usemmiḍ zi ṭṭarf aneggaru n temmurt ař ṭṭarf aneggaru n ujenna,/Users/mac/masterAI/tarifit_asr_tfm/data/processed/segments/REC134/REC134_SEG0015_PART01.wav
REC134_SEG0015_PART02,REC134,SPK009,data/processed/segments/REC134/REC134_SEG0015_PART02.wav,11.976,řemdem zeg wartu n tazart amettiř a xmi ɣa dewřen řefruɛ nnes ad dd areḍben uca tifray ad dd ffɣent xenni ad tessnem aqa anebdu yiweḍ dd,/Users/mac/masterAI/tarifit_asr_tfm/data/processed/segments/REC134/REC134_SEG0015_PART02.wav
REC134_SEG0016_PART01,REC134,SPK009,data/processed/segments/REC134/REC134_SEG0016_PART01.wav,14.248,ammu ittxeṣṣa uřa d kenniw xmi ɣa tẓarem timesřayin a ttemsarant ad tessnem aqa man aya yudes dd x tewwart s tidett ad awem iniɣ jjiř a war iɛeddu ca ař d ɣa yiři,/Users/mac/masterAI/tarifit_asr_tfm/data/processed/segments/REC134/REC134_SEG0016_PART01.wav
REC134_SEG0016_PART02,REC134,SPK009,data/processed/segments/REC134/REC134_SEG0016_PART02.wav,14.248,man aya marra ajenna d temmurt ad ɛdun maca awařen inu war ɛeddun ɛemmarṣ maca ass nni d tsaɛɛet nni uřa d ijj war t issin uřa d lmalakat nni iǧan deg ujenna,/Users/mac/masterAI/tarifit_asr_tfm/data/processed/segments/REC134/REC134_SEG0016_PART02.wav
REC134_SEG0017,REC134,SPK009,data/processed/segments/REC134/REC134_SEG0017.wav,4.08,uřa d tamemmit mɣir tbabat ḥdam,/Users/mac/masterAI/tarifit_asr_tfm/data/processed/segments/REC134/REC134_SEG0017.wav
REC134_SEG0018_PART01,REC134,SPK009,data/processed/segments/REC134/REC134_SEG0018_PART01.wav,14.748,ɛssem zzadjem minzi war tessinem ca meřmi dd ɣa taweḍ řweqt nni aqa t am yijj n bnadem ittxeṣṣa as ad isafar ijja taddart nnes iwekkeř imsexxaren nnes s,/Users/mac/masterAI/tarifit_asr_tfm/data/processed/segments/REC134/REC134_SEG0018_PART01.wav
REC134_SEG0018_PART02,REC134,SPK009,data/processed/segments/REC134/REC134_SEG0018_PART02.wav,14.748,ṣṣulṭa iwca i kuř ijj zzaysen řxedmet nnes uca iɛřem as i uɛessas n tewwart maḥend ad iqqim ad iḥḍa iwa ḥḍam xenni minzi war tessinem ca meřmi i dd ɣa yas bab n taddart,/Users/mac/masterAI/tarifit_asr_tfm/data/processed/segments/REC134/REC134_SEG0018_PART02.wav
REC134_SEG0019,REC134,SPK009,data/processed/segments/REC134/REC134_SEG0019.wav,16.23,ɣar uɛecci niɣ ɣar wezyen n ǧiřet niɣ ɣar usquqeɛ n uyaẓiḍ niɣ ɣar ṣṣbeḥ zic ḥima mařa dd ittis deɣya war kenniw ittif tetteṭṭṣem min d awem qqareɣ řexxu qqareɣ t i marra qimem faqem,/Users/mac/masterAI/tarifit_asr_tfm/data/processed/segments/REC134/REC134_SEG0019.wav
REC135_SEG0001_PART01,REC135,SPK009,data/processed/segments/REC135/REC135_SEG0001_PART01.wav,11.816,udayen arezzun ad nɣen yasuɛ iqqimas tnayen n wussan i řɛid n tɣarṣt n useɛdun řɛid n weɣrum břa antun u tuɣa imeqqranen n ikehhanen d imseř,/Users/mac/masterAI/tarifit_asr_tfm/data/processed/segments/REC135/REC135_SEG0001_PART01.wav
REC135_SEG0001_PART02,REC135,SPK009,data/processed/segments/REC135/REC135_SEG0001_PART02.wav,11.816,maden n idlisen arezzun ict n tewwart maḥend ad t ṭṭfen s teḥraymect uca ad t nɣen maca nitni nnan war ittiři di řɛid ḥima war ittiři uɣewwuɣ di řgens,/Users/mac/masterAI/tarifit_asr_tfm/data/processed/segments/REC135/REC135_SEG0001_PART02.wav
REC135_SEG0002,REC135,SPK009,data/processed/segments/REC135/REC135_SEG0002.wav,2.896,adhan n yasuɛ di bayt ɛanya,/Users/mac/masterAI/tarifit_asr_tfm/data/processed/segments/REC135/REC135_SEG0002.wav
REC135_SEG0003_PART01,REC135,SPK009,data/processed/segments/REC135/REC135_SEG0003_PART01.wav,11.88,řami tuɣa iqqim ɣar ṭṭabřa di bayt ɛanya di taddart n cimɛun wenni di iǧa řbarṣ tusa dd ict n temɣart aqa t ɣares ijj n uɣarraf n alabaster,/Users/mac/masterAI/tarifit_asr_tfm/data/processed/segments/REC135/REC135_SEG0003_PART01.wav
REC135_SEG0003_PART02,REC135,SPK009,data/processed/segments/REC135/REC135_SEG0003_PART02.wav,11.88,dayes řeɛṭur n ṣṣenbel teṣbeḥ tiɣřa tarzem taziyyat n alabaster uca tfarreɣ i tt x uzeǧif n yasuɛ,/Users/mac/masterAI/tarifit_asr_tfm/data/processed/segments/REC135/REC135_SEG0003_PART02.wav
REC135_SEG0004,REC135,SPK009,data/processed/segments/REC135/REC135_SEG0004.wav,6.032,tuɣa din ca n imeḥḍaren xeyyqen aṭṭas deg ixef nsen x man aya nnan,/Users/mac/masterAI/tarifit_asr_tfm/data/processed/segments/REC135/REC135_SEG0004.wav
REC135_SEG0005_PART01,REC135,SPK009,data/processed/segments/REC135/REC135_SEG0005_PART01.wav,12.136,mayemmi aḍeyyeɛ nřeɛṭur n ṣṣenbel minzi iři ad tettwammenz řeɛṭur a s ktar zi teřt mya dinar uca xenni ad immewc i imezřaḍ,/Users/mac/masterAI/tarifit_asr_tfm/data/processed/segments/REC135/REC135_SEG0005_PART01.wav
REC135_SEG0005_PART02,REC135,SPK009,data/processed/segments/REC135/REC135_SEG0005_PART02.wav,12.136,uca xeyyqen xas aṭṭas maca yasuɛ inna jjem tt mayemmi xas tettɛeddam aqa tegga dayi ijj n cɣeř icna minzi imezřaḍ aqa aten řebda akidwem,/Users/mac/masterAI/tarifit_asr_tfm/data/processed/segments/REC135/REC135_SEG0005_PART02.wav
REC135_SEG0006_PART01,REC135,SPK009,data/processed/segments/REC135/REC135_SEG0006_PART01.wav,12.84,tzemmarem ad kisen teggem řxar meřmi ma texsem maca necc war kidwem ttɣimiɣ řebda nettat tegga min umi tzemmar aqa tizzar temseḥ arrimet inu s řeɛṭur i wenḍeř,/Users/mac/masterAI/tarifit_asr_tfm/data/processed/segments/REC135/REC135_SEG0006_PART01.wav
REC135_SEG0006_PART02,REC135,SPK009,data/processed/segments/REC135/REC135_SEG0006_PART02.wav,12.84,s tidett necc ad awem iniɣ mani ma i ɣa ittwabarreḥ s řexbar a aṣebḥan zzayi di marra ddunect ad xebbaren ɛawed x min tegga d řidaret i nettat,/Users/mac/masterAI/tarifit_asr_tfm/data/processed/segments/REC135/REC135_SEG0006_PART02.wav
REC135_SEG0007,REC135,SPK009,data/processed/segments/REC135/REC135_SEG0007.wav,4.368,yahuda izzenz ixef nnes maḥend ad isellem l masiḥ,/Users/mac/masterAI/tarifit_asr_tfm/data/processed/segments/REC135/REC135_SEG0007.wav
REC135_SEG0008_PART01,REC135,SPK009,data/processed/segments/REC135/REC135_SEG0008_PART01.wav,10.072,xenni iruḥ yahuda isxariyuṭi ijjen zi tenɛac ɣar imeqqranen n ikehhanen ḥima ad asen isellem yasuɛ umi sřin man aya,/Users/mac/masterAI/tarifit_asr_tfm/data/processed/segments/REC135/REC135_SEG0008_PART01.wav
REC135_SEG0008_PART02,REC135,SPK009,data/processed/segments/REC135/REC135_SEG0008_PART02.wav,10.072,farḥen uca waɛden ad as wcen tmenyat u netta tuɣa yarezzu ict n tewwart ḥima ad asen t isellem,/Users/mac/masterAI/tarifit_asr_tfm/data/processed/segments/REC135/REC135_SEG0008_PART02.wav
REC135_SEG0009,REC135,SPK009,data/processed/segments/REC135/REC135_SEG0009.wav,3.92,asewjed n amensi rɛid n tɣarṣt n useɛdu,/Users/mac/masterAI/tarifit_asr_tfm/data/processed/segments/REC135/REC135_SEG0009.wav
REC135_SEG0010_PART01,REC135,SPK009,data/processed/segments/REC135/REC135_SEG0010_PART01.wav,13.944,deg wass amezwar n weɣrum břa antun umi ttnuman wudayen ad ɣarṣen i tɣarṣt n useɛdu nnan as imeḥḍaren nnes mani texsed ad nraḥ ḥima ad nessewjed,/Users/mac/masterAI/tarifit_asr_tfm/data/processed/segments/REC135/REC135_SEG0010_PART01.wav
REC135_SEG0010_PART02,REC135,SPK009,data/processed/segments/REC135/REC135_SEG0010_PART02.wav,13.944,maḥend ad tecced amensi n useɛdu issekk tnayen zeg imeḥḍaren nnes inna asen ruḥem ɣar tendint u xzar ad temsagarem ak d ijj n weryaz yarbu ict n teqbuct n waman ḍfarem t,/Users/mac/masterAI/tarifit_asr_tfm/data/processed/segments/REC135/REC135_SEG0010_PART02.wav
REC135_SEG0011_PART01,REC135,SPK009,data/processed/segments/REC135/REC135_SEG0011_PART01.wav,10.12,u mani ɣa yadef inim i bab n taddart amseřmad nneɣ iqqar mani teǧa tɣurfet ḥima ad cceɣ amensi n useɛdu,/Users/mac/masterAI/tarifit_asr_tfm/data/processed/segments/REC135/REC135_SEG0011_PART01.wav
REC135_SEG0011_PART02,REC135,SPK009,data/processed/segments/REC135/REC135_SEG0011_PART02.wav,10.12,ak d imeḥḍaren inu xenni netta ad awem immeř ijj n arwa imɣar sennej issu iɛdeř dinni i d aneɣ ɣa tesswejdem,/Users/mac/masterAI/tarifit_asr_tfm/data/processed/segments/REC135/REC135_SEG0011_PART02.wav
REC135_SEG0012,REC135,SPK009,data/processed/segments/REC135/REC135_SEG0012.wav,9.104,ffɣen imeḥḍaren usin dd ɣar tendint uca ufin marra am mammec tuɣa d asen inna xenni sswejden taɣarst n useɛdu,/Users/mac/masterAI/tarifit_asr_tfm/data/processed/segments/REC135/REC135_SEG0012.wav
REC135_SEG0014_PART01,REC135,SPK009,data/processed/segments/REC135/REC135_SEG0014_PART01.wav,12.824,ɣar uɛecci yusa dd ak d tenɛac n rrusul nnes řami tuɣa qqimen ɣar ṭṭabřa ttetten inna yasuɛ s tidett necc ad awem iniɣ aqa ijjen zzaywem wenni kidi ittetten,/Users/mac/masterAI/tarifit_asr_tfm/data/processed/segments/REC135/REC135_SEG0014_PART01.wav
REC135_SEG0014_PART02,REC135,SPK009,data/processed/segments/REC135/REC135_SEG0014_PART02.wav,12.824,ad ayi iɣdar bdan ttecḍinen nnan as ijjen awarni wenneɣni ma d necc inna asen aqa t d ijjen zi tenɛac i issisnen akidi aɣrum di ṭṭebṣi,/Users/mac/masterAI/tarifit_asr_tfm/data/processed/segments/REC135/REC135_SEG0014_PART02.wav
REC135_SEG0015,REC135,SPK009,data/processed/segments/REC135/REC135_SEG0015.wav,11.344,aqa mmis n bnadem ad iraḥ mammec d as tura maca uct x weryaz nni zi ɣa ittwaɣdar mmis n bnadem iḥřa as i weryaz nni mři war dd ixřiq,/Users/mac/masterAI/tarifit_asr_tfm/data/processed/segments/REC135/REC135_SEG0015.wav
REC135_SEG0017,REC135,SPK009,data/processed/segments/REC135/REC135_SEG0017.wav,15.92,řami tuɣa ttetten iksi yasuɛ aɣrum ibarek i t yarẓa i t uca iwca asen t inna ksim ccem aqa ta d arrimet inu xenni iksi aɣařřaf iqada ibarek uca iwca asen t,/Users/mac/masterAI/tarifit_asr_tfm/data/processed/segments/REC135/REC135_SEG0017.wav
REC135_SEG0018_PART01,REC135,SPK009,data/processed/segments/REC135/REC135_SEG0018_PART01.wav,13.688,u marra idsen swin zzayes inna asen aqa ina d idammen inu n řɛahd n jdid i ɣa ittwassizřen i waṭṭas n iwdan s tidett necc ad awem iniɣ necc war sesseɣ ɛemmar,/Users/mac/masterAI/tarifit_asr_tfm/data/processed/segments/REC135/REC135_SEG0018_PART01.wav
REC135_SEG0018_PART02,REC135,SPK009,data/processed/segments/REC135/REC135_SEG0018_PART02.wav,13.688,ṣ ɛad zi řɣiǧet n tzayart ař ass i di i tt ɣa sweɣ jdid di tgeldit n arebbi xenni awarni řami ɣennjen nitni iẓři n ttesbiḥ ffɣen ɣar wedrar n zzitun,/Users/mac/masterAI/tarifit_asr_tfm/data/processed/segments/REC135/REC135_SEG0018_PART02.wav
REC135_SEG0019,REC135,SPK009,data/processed/segments/REC135/REC135_SEG0019.wav,3.92,yasuɛ izwar issiweř x wenkar n buṭrus,/Users/mac/masterAI/tarifit_asr_tfm/data/processed/segments/REC135/REC135_SEG0019.wav
REC135_SEG0020,REC135,SPK009,data/processed/segments/REC135/REC135_SEG0020.wav,14.928,inna asen yasuɛ aqa marra kenniw ad dayi tenderfem di ǧiřet a minzi tura s ufus n nnabi zakarya aqa ad wteɣ ameksaw uca ad ttwazeǧaɛ weǧǧi,/Users/mac/masterAI/tarifit_asr_tfm/data/processed/segments/REC135/REC135_SEG0020.wav
REC135_SEG0021_PART01,REC135,SPK009,data/processed/segments/REC135/REC135_SEG0021_PART01.wav,11.192,maca awarni řami ttwassnekkareɣ ad awem izwareɣ ɣar ljalil inna as buṭrus waxxa ad dayek nderfen marra necc war dayek ttnedrifeɣ ca,/Users/mac/masterAI/tarifit_asr_tfm/data/processed/segments/REC135/REC135_SEG0021_PART01.wav
REC135_SEG0021_PART02,REC135,SPK009,data/processed/segments/REC135/REC135_SEG0021_PART02.wav,11.192,inna as yasuɛ s tidett necc ad ac iniɣ aqa ass a di ǧiřet a qbeř i ɣa issquqeɛ uyaẓiḍ tnayen n twařawin ad ayi tenkared třata n twařawin,/Users/mac/masterAI/tarifit_asr_tfm/data/processed/segments/REC135/REC135_SEG0021_PART02.wav
REC135_SEG0022,REC135,SPK009,data/processed/segments/REC135/REC135_SEG0022.wav,13.296,maca netta tuɣa iqqar s tmijja ijehden ɛad aṭṭas mařa ittxeṣṣa ad mmteɣ akidek war cek nekkareɣ a sidi inu uca am netta ammu i nnan uřa d nitni marra,/Users/mac/masterAI/tarifit_asr_tfm/data/processed/segments/REC135/REC135_SEG0022.wav
REC135_SEG0023,REC135,SPK009,data/processed/segments/REC135/REC135_SEG0023.wav,3.184,taẓaǧit n yasuɛ di xitsimaniy,/Users/mac/masterAI/tarifit_asr_tfm/data/processed/segments/REC135/REC135_SEG0023.wav
REC135_SEG0024,REC135,SPK009,data/processed/segments/REC135/REC135_SEG0024.wav,3.6,usin dd ɣar wemcan umi qqaren xitsimaniy,/Users/mac/masterAI/tarifit_asr_tfm/data/processed/segments/REC135/REC135_SEG0024.wav
REC135_SEG0025_PART01,REC135,SPK009,data/processed/segments/REC135/REC135_SEG0025_PART01.wav,14.2,inna i imeḥḍaren nnes qqimem da ařami ẓuǧeɣ necc xenni iksi akides buṭrus d yaɛqub d yuḥanna uca ibda ittnexřaɛ iggʷed aṭṭas inna asen aqa řeɛmar inu,/Users/mac/masterAI/tarifit_asr_tfm/data/processed/segments/REC135/REC135_SEG0025_PART01.wav
REC135_SEG0025_PART02,REC135,SPK009,data/processed/segments/REC135/REC135_SEG0025_PART02.wav,14.2,icḍen ař řmewt qqimem da teḥḍam yuyur cwayt ɣar zzat uca iwḍa ɣar temmurt iẓẓuǧ ḥima mařa iɛeddeř ad xas teɛdu tsaɛɛet nni inna baba baba inu,/Users/mac/masterAI/tarifit_asr_tfm/data/processed/segments/REC135/REC135_SEG0025_PART02.wav
REC135_SEG0026,REC135,SPK009,data/processed/segments/REC135/REC135_SEG0026.wav,14.576,kuřci tzemmared xas ksi xafi řkas a maca war ittiři min xseɣ necc maca min texsed cek uca idweř dd yufa i ten ṭṭṣen inna as i buṭrus a cimɛun ma aqa cek tetteṭṭṣed,/Users/mac/masterAI/tarifit_asr_tfm/data/processed/segments/REC135/REC135_SEG0026.wav
REC135_SEG0027,REC135,SPK009,data/processed/segments/REC135/REC135_SEG0027.wav,15.024,ma war tzemmared ad teḥḍid uřa d ict n tsaɛɛet ḥḍam ẓaǧem ḥima war tettidfem deg ujarreb arruḥ aqa iwjed maca ddat aqa teḍɛef uca yuyur ɛawed iẓẓuǧ iɛawed i wawařen nni d ijjen,/Users/mac/masterAI/tarifit_asr_tfm/data/processed/segments/REC135/REC135_SEG0027.wav
REC135_SEG0028,REC135,SPK009,data/processed/segments/REC135/REC135_SEG0028.wav,9.392,idweř dd ɛawed yusa dd ɣarsen twařa nneɣni yufa i ten ṭṭṣen maɣar tuɣa tiṭṭawin nsen deqřent u nitni war ssinen mammec xas dd ɣa yarren,/Users/mac/masterAI/tarifit_asr_tfm/data/processed/segments/REC135/REC135_SEG0028.wav
REC135_SEG0029_PART01,REC135,SPK009,data/processed/segments/REC135/REC135_SEG0029_PART01.wav,10.072,uca idweř dd netta ɣarsen twařa wiss třata inna asen ṭṭṣem řexxu tareyyḥem aqa yudes dd uneggar tiweḍ dd tsaɛɛet xza,/Users/mac/masterAI/tarifit_asr_tfm/data/processed/segments/REC135/REC135_SEG0029_PART01.wav
REC135_SEG0029_PART02,REC135,SPK009,data/processed/segments/REC135/REC135_SEG0029_PART02.wav,10.072,rem aqa mmis n bnadem ad immewc deg ifassen n imednab kkarem ad nraḥ xzarem aqa da wenni d ayi ɣa isellmen aqa yudes dd,/Users/mac/masterAI/tarifit_asr_tfm/data/processed/segments/REC135/REC135_SEG0029_PART02.wav
REC135_SEG0030,REC135,SPK009,data/processed/segments/REC135/REC135_SEG0030.wav,1.68,aḥebbes n yasuɛ,/Users/mac/masterAI/tarifit_asr_tfm/data/processed/segments/REC135/REC135_SEG0030.wav
REC135_SEG0031_PART01,REC135,SPK009,data/processed/segments/REC135/REC135_SEG0031_PART01.wav,13.512,am tuɣa ɛad issawař yusa dd yahuda ijjen zi tenɛac tuɣa akides iryazen aṭṭas s řesyuf d iɛumad usin dd nitni zeg imeqqranen n ikehhanen d,/Users/mac/masterAI/tarifit_asr_tfm/data/processed/segments/REC135/REC135_SEG0031_PART01.wav
REC135_SEG0031_PART02,REC135,SPK009,data/processed/segments/REC135/REC135_SEG0031_PART02.wav,13.512,imseřmaden n idlisen d imɣaren n řgens uca wenni t i ɣa iɣdaren tuɣa ittegg asen ict n řeɛřamet iqqar wenni i ɣa ssudmeɣ d wenni netta ṭṭfem t uca awyem t i dd,/Users/mac/masterAI/tarifit_asr_tfm/data/processed/segments/REC135/REC135_SEG0031_PART02.wav
REC135_SEG0032_PART01,REC135,SPK009,data/processed/segments/REC135/REC135_SEG0032_PART01.wav,12.984,deɣya yuyur ɣares inna a amseřmad inu a amseřmad inu uca issudem i t ssarsen xas ifassen uca ṭṭfen t ijjen zeg inni din ibedden ijbed ssif nnes,/Users/mac/masterAI/tarifit_asr_tfm/data/processed/segments/REC135/REC135_SEG0032_PART01.wav
REC135_SEG0032_PART02,REC135,SPK009,data/processed/segments/REC135/REC135_SEG0032_PART02.wav,12.984,iwta amsexxar n arrays n ikehhanen iqess as amezzuɣ yarra dd yasuɛ inna asen ma axmi x yijj n uqṭaṭɛiy i teffɣem xafi s řesyuf d iɛumad ḥima ad ayi teṭṭfem,/Users/mac/masterAI/tarifit_asr_tfm/data/processed/segments/REC135/REC135_SEG0032_PART02.wav
REC135_SEG0033_PART01,REC135,SPK009,data/processed/segments/REC135/REC135_SEG0033_PART01.wav,12.856,kuř ass tuɣa ayi akidwem di zzawect tameqqrant sseřmadeɣ war d ayi teṭṭifem maca man aya imsar ḥima ad ttwakemmřent tira iqeddsen xenni jjin t imeḥḍaren nnes,/Users/mac/masterAI/tarifit_asr_tfm/data/processed/segments/REC135/REC135_SEG0033_PART01.wav
REC135_SEG0033_PART02,REC135,SPK009,data/processed/segments/REC135/REC135_SEG0033_PART02.wav,12.856,uca arewřen iḍfar i t ijj n uɛezri tuɣa yarḍ ict n tecḍaḍt n řeqṭen waha x tqeddit nnes uca ṭṭfen t i dd maca netta ijja tacḍaḍt uca yarweř zzaysen d aɛaryan,/Users/mac/masterAI/tarifit_asr_tfm/data/processed/segments/REC135/REC135_SEG0033_PART02.wav
REC135_SEG0034,REC135,SPK009,data/processed/segments/REC135/REC135_SEG0034.wav,3.536,l masiḥ zzat i lmeḥkama tameqqrant n wudayen,/Users/mac/masterAI/tarifit_asr_tfm/data/processed/segments/REC135/REC135_SEG0034.wav
REC135_SEG0035,REC135,SPK009,data/processed/segments/REC135/REC135_SEG0035.wav,10.384,iwyen yasuɛ ɣar qayafa arrays n ikehhanen uca munen dd ɣares marra imeqqranen n ikehhanen d imɣaren n řgens d imseřmaden n idlisen,/Users/mac/masterAI/tarifit_asr_tfm/data/processed/segments/REC135/REC135_SEG0035.wav
REC135_SEG0036_PART01,REC135,SPK009,data/processed/segments/REC135/REC135_SEG0036_PART01.wav,14.072,tuɣa cimɛun iḍfar i t i dd zi řaggʷaj ɣar daxeř n řemraḥ n arrays n ikehhanen uca tuɣa iqqim jar iɛessasen ittweqqaḥ ixef nnes ɣar tmessi tuɣa imeqqranen n ikehhanen d marra,/Users/mac/masterAI/tarifit_asr_tfm/data/processed/segments/REC135/REC135_SEG0036_PART01.wav
REC135_SEG0036_PART02,REC135,SPK009,data/processed/segments/REC135/REC135_SEG0036_PART02.wav,14.072,l meḥkama tameqqrant arezzun cchadet ḍidd i yasuɛ ḥima ad t nɣen maca war tt ufin minzi aṭṭas tuɣa xas cehhden s ẓur,/Users/mac/masterAI/tarifit_asr_tfm/data/processed/segments/REC135/REC135_SEG0036_PART02.wav
REC135_SEG0037,REC135,SPK009,data/processed/segments/REC135/REC135_SEG0037.wav,19.472,maca cchadat nsen war ttmeřqint xenni kkaren ca uca cehden xas s ẓur nnan neccin nesřa as umi inna ad hedmeɣ zzawect tameqqrant i ittwaggen s ifassen uca di třata n wussan ad bniɣ icten nneɣnit i war ittwaggen s ifassen,/Users/mac/masterAI/tarifit_asr_tfm/data/processed/segments/REC135/REC135_SEG0037.wav
REC135_SEG0038,REC135,SPK009,data/processed/segments/REC135/REC135_SEG0038.wav,14.128,maca uřa ammu war ttmeřqint ca cchadat nsen xenni ikkar arrays n ikehhanen di řwesṭ nsen uca isseqsa yasuɛ inna as ma war dd tarrid s ca min xak cehhden yina,/Users/mac/masterAI/tarifit_asr_tfm/data/processed/segments/REC135/REC135_SEG0038.wav
REC135_SEG0039,REC135,SPK009,data/processed/segments/REC135/REC135_SEG0039.wav,16.272,maca netta isqar war dd yarri s ca isseqsa t arrays n ikehhanen ɛawed inna as ma cek d lmasiḥ mmis n lmubarek inna as yasuɛ aqa d necc u kenniw ad tẓarem mmis n bnadem ittɣima x ufusi n jjehd,/Users/mac/masterAI/tarifit_asr_tfm/data/processed/segments/REC135/REC135_SEG0039.wav
REC135_SEG0040_PART01,REC135,SPK009,data/processed/segments/REC135/REC135_SEG0040_PART01.wav,12.952,ad dd yas s iseynuten n ujenna icarreg arrays n ikehhanen tcamir nnes inna mayemmi neḥdaj ɛad řechud aqa tesřim aceqqef nni min dd awem iḍharen uca marra ḥekmen xas,/Users/mac/masterAI/tarifit_asr_tfm/data/processed/segments/REC135/REC135_SEG0040_PART01.wav
REC135_SEG0040_PART02,REC135,SPK009,data/processed/segments/REC135/REC135_SEG0040_PART02.wav,12.952,belli isdaheǧ řmewt ca zzaysen bdan ssusufen xas ttřeḥḥafen i uɣembub nnes ccaten t s řpuniyyat qqaren as nabb uca wtin t imxaznyen ar uɣembub,/Users/mac/masterAI/tarifit_asr_tfm/data/processed/segments/REC135/REC135_SEG0040_PART02.wav
REC135_SEG0041,REC135,SPK009,data/processed/segments/REC135/REC135_SEG0041.wav,1.84,ankar n buṭrus,/Users/mac/masterAI/tarifit_asr_tfm/data/processed/segments/REC135/REC135_SEG0041.wav
REC135_SEG0042_PART01,REC135,SPK009,data/processed/segments/REC135/REC135_SEG0042_PART01.wav,10.216,řami tuɣa cimɛun di řemraḥ swadday tusa dd din icten zi tiyya n arrays n ikehhanen umi t teẓra ittweqqaḥ texzar dayes tenna,/Users/mac/masterAI/tarifit_asr_tfm/data/processed/segments/REC135/REC135_SEG0042_PART01.wav
REC135_SEG0042_PART02,REC135,SPK009,data/processed/segments/REC135/REC135_SEG0042_PART02.wav,10.216,aqa tuɣa cek ak d yasuɛ nnaṣiri maca netta inkar inna war t ssineɣ war fhimeɣ min teqqared,/Users/mac/masterAI/tarifit_asr_tfm/data/processed/segments/REC135/REC135_SEG0042_PART02.wav
REC135_SEG0043,REC135,SPK009,data/processed/segments/REC135/REC135_SEG0043.wav,16.432,iffeɣ barra ɣar tesqift n tewwart uca řexdenni issquqeɛ uyaẓiḍ umi t teẓra tayya ijj n umur nneɣni tebda teqqar i yinni din ibedden aqa wa d ijjen zzaysen maca netta inkar i umur nneɣni,/Users/mac/masterAI/tarifit_asr_tfm/data/processed/segments/REC135/REC135_SEG0043.wav
REC135_SEG0044,REC135,SPK009,data/processed/segments/REC135/REC135_SEG0044.wav,14.512,cwayt xenni nnan inni tuɣa din ibedden i buṭrus s tidett cek zzaysen nican minzi cek ɛawed d ajalili řḥarḍ nnec am wenni nsen ibda ineɛɛeř ixef nnes ittjjaǧa,/Users/mac/masterAI/tarifit_asr_tfm/data/processed/segments/REC135/REC135_SEG0044.wav
REC135_SEG0045,REC135,SPK009,data/processed/segments/REC135/REC135_SEG0045.wav,17.68,war ssineɣ bnadem a mixef tessawařem řexdenni issquqeɛ uyaẓiḍ wiss martayen ifekkar cimɛun deg wawař i inna yasuɛ qbeř i ɣa issquqeɛ uyaẓiḍ wiss martayen ad ayi tenkared třata n twařawin xenni ibda ittru aṭṭas,/Users/mac/masterAI/tarifit_asr_tfm/data/processed/segments/REC135/REC135_SEG0045.wav
REC136_SEG0001,REC136,SPK009,data/processed/segments/REC136/REC136_SEG0001.wav,2.608,yasuɛ zzat i pilaṭus,/Users/mac/masterAI/tarifit_asr_tfm/data/processed/segments/REC136/REC136_SEG0001.wav
REC136_SEG0002,REC136,SPK009,data/processed/segments/REC136/REC136_SEG0002.wav,17.296,deɣya ɣar ṣṣbeḥ zic mcawaren imeqqranen n ikehhanen ak d imɣaren n řgens d imseřmaden n idlisen d marra jmaɛet tameqqrant nitni carfen yasuɛ iwyen t uca sellmen t i pilaṭus,/Users/mac/masterAI/tarifit_asr_tfm/data/processed/segments/REC136/REC136_SEG0002.wav
REC136_SEG0003,REC136,SPK009,data/processed/segments/REC136/REC136_SEG0003.wav,9.008,isseqsa i t pilaṭus ma cek d ajeǧid n wudayen yarra dd xas inna as cek tennid t simant nnec,/Users/mac/masterAI/tarifit_asr_tfm/data/processed/segments/REC136/REC136_SEG0003.wav
REC136_SEG0004,REC136,SPK009,data/processed/segments/REC136/REC136_SEG0004.wav,15.12,tuɣa imeqqranen n ikehhanen ttcetcan zzayes zeg waṭṭas n tmesřayin isseqsa t pilaṭus ɛawed inna as ma war dd tettarid s ca xzar aṭṭas n yinni xak ittcetcan,/Users/mac/masterAI/tarifit_asr_tfm/data/processed/segments/REC136/REC136_SEG0004.wav
REC136_SEG0005,REC136,SPK009,data/processed/segments/REC136/REC136_SEG0005.wav,4.304,war dd yarri yasuɛ s walu ařami itebhet pilaṭus,/Users/mac/masterAI/tarifit_asr_tfm/data/processed/segments/REC136/REC136_SEG0005.wav
REC136_SEG0006,REC136,SPK009,data/processed/segments/REC136/REC136_SEG0006.wav,2.096,yasuɛ d bar abbas,/Users/mac/masterAI/tarifit_asr_tfm/data/processed/segments/REC136/REC136_SEG0006.wav
REC136_SEG0007,REC136,SPK009,data/processed/segments/REC136/REC136_SEG0007.wav,12.912,innum iḍeǧeq i ijj n umeḥbus di kuř řɛid wenni ixsen nitni tuɣa din ijjen umi qqaren bar abbas ḥebbsen t ak d imɣewwɣen inni inɣin ijjen deg uɣewweɣ,/Users/mac/masterAI/tarifit_asr_tfm/data/processed/segments/REC136/REC136_SEG0007.wav
REC136_SEG0008,REC136,SPK009,data/processed/segments/REC136/REC136_SEG0008.wav,19.184,isɣuyy řɣaci uca nitni bdan ttettarren zzayes ḥima ad igg am mammec tuɣa innum ittegg i nitni yarra dd pilaṭus inna ma texsem ad awem dd arxuɣ i ujeǧid n wudayen minzi tuɣa issen belli imeqqranen n ikehhanen aqa sellmen t zi řeḥsed,/Users/mac/masterAI/tarifit_asr_tfm/data/processed/segments/REC136/REC136_SEG0008.wav
REC136_SEG0009_PART01,REC136,SPK009,data/processed/segments/REC136/REC136_SEG0009_PART01.wav,10.136,maca imeqqranen n ikehhanen ɛarnen řɣaci maḥend ad ttaren ad asen dd iḍřeq i bar abbas pilaṭus inna asen min texsem,/Users/mac/masterAI/tarifit_asr_tfm/data/processed/segments/REC136/REC136_SEG0009_PART01.wav
REC136_SEG0009_PART02,REC136,SPK009,data/processed/segments/REC136/REC136_SEG0009_PART02.wav,10.136,ad ggeɣ s wenni umi tettřaɣam ajeǧid n wudayen sɣuyyen ɛawed ṣellb i t inna asen pilaṭus man tuɛeffna i igga,/Users/mac/masterAI/tarifit_asr_tfm/data/processed/segments/REC136/REC136_SEG0009_PART02.wav
REC136_SEG0010,REC136,SPK009,data/processed/segments/REC136/REC136_SEG0010.wav,16.528,xenni arnin di tɣuyyit ɛad ktar ṣellb i t am tuɣa ixs pilaṭus ad issarḍa řɣaci iḍřeq i bar abbas maca isellem asen yasuɛ awarni řami t hettken s urekkuḍ ḥima ad t ṣellben,/Users/mac/masterAI/tarifit_asr_tfm/data/processed/segments/REC136/REC136_SEG0010.wav
REC136_SEG0011,REC136,SPK009,data/processed/segments/REC136/REC136_SEG0011.wav,2.608,iɛeskariyyen sseḥqaran yasuɛ,/Users/mac/masterAI/tarifit_asr_tfm/data/processed/segments/REC136/REC136_SEG0011.wav
REC136_SEG0012,REC136,SPK009,data/processed/segments/REC136/REC136_SEG0012.wav,6.96,gewwden t iɛeskariyyen ɣar daxeř n řemraḥ n taddart n ccraɛ umi qqaren prituriyum,/Users/mac/masterAI/tarifit_asr_tfm/data/processed/segments/REC136/REC136_SEG0012.wav
REC136_SEG0013_PART01,REC136,SPK009,data/processed/segments/REC136/REC136_SEG0013_PART01.wav,14.568,uca ssmunen marra řkumpaniyyet n řɛeskar ssyarḍen as ijj n werruḍ d azeggʷaɣ muden as ijj n ttaj s isennanen uca qqnen as t bdan ttseǧamen xas qqaren as azul xak a ajeǧid n wudayen,/Users/mac/masterAI/tarifit_asr_tfm/data/processed/segments/REC136/REC136_SEG0013_PART01.wav
REC136_SEG0013_PART02,REC136,SPK009,data/processed/segments/REC136/REC136_SEG0013_PART02.wav,14.568,tuɣa ccaten t ɣar uzeǧif s yijj n weɛmud n uɣanim ssusufen xas uca uḍaren x ifadden nsen ɛebden t awarni řami t sseḥqaren kksen as aseřham azeggʷaɣ uca ssyarḍen as arruḍ nnes,/Users/mac/masterAI/tarifit_asr_tfm/data/processed/segments/REC136/REC136_SEG0013_PART02.wav
REC136_SEG0014,REC136,SPK009,data/processed/segments/REC136/REC136_SEG0014.wav,3.6,xenni ssuffɣen t ḥima ad t ṣellben,/Users/mac/masterAI/tarifit_asr_tfm/data/processed/segments/REC136/REC136_SEG0014.wav
REC136_SEG0015,REC136,SPK009,data/processed/segments/REC136/REC136_SEG0015.wav,1.84,abrid ɣar ṣṣalib,/Users/mac/masterAI/tarifit_asr_tfm/data/processed/segments/REC136/REC136_SEG0015.wav
REC136_SEG0016,REC136,SPK009,data/processed/segments/REC136/REC136_SEG0016.wav,5.488,ḥṣaren ijjen wenni dd ikkin ssenni am dd yusa zeg iyyar,/Users/mac/masterAI/tarifit_asr_tfm/data/processed/segments/REC136/REC136_SEG0016.wav
REC136_SEG0017,REC136,SPK009,data/processed/segments/REC136/REC136_SEG0017.wav,15.856,cimɛun zi qayrawan babas n aliksandir d rufus ḥima ad as yarbu ṣṣalib iwyen yeccu ɣar wemcan umi qqaren juljuta min ixs ad yini amcan n tceqquft,/Users/mac/masterAI/tarifit_asr_tfm/data/processed/segments/REC136/REC136_SEG0017.wav
REC136_SEG0018_PART01,REC136,SPK009,data/processed/segments/REC136/REC136_SEG0018_PART01.wav,13.384,wcin as binu ixeǧḍen s mirru d amarzag ḥima ad t isuw maca netta war ixs ad t isuw umi t ṣellben bḍan arruḍ nnes ggin xas akeccuḍ x min ɣa iksi kuř,/Users/mac/masterAI/tarifit_asr_tfm/data/processed/segments/REC136/REC136_SEG0018_PART01.wav
REC136_SEG0018_PART02,REC136,SPK009,data/processed/segments/REC136/REC136_SEG0018_PART02.wav,13.384,ijj zzaysen tuɣa tasaɛɛet d třata aqa tt d tesɛa n ṣṣbeḥ umi t ṣellben ssibbet n řmewt nnes aqa tt di tira ya sennej nnes wa d ajeǧid n wudayen,/Users/mac/masterAI/tarifit_asr_tfm/data/processed/segments/REC136/REC136_SEG0018_PART02.wav
REC136_SEG0019,REC136,SPK009,data/processed/segments/REC136/REC136_SEG0019.wav,13.2,ṣellben akides tnayen n ixewwanen ijjen x ufusi nnes wenneɣni x uzeřmaḍ nnes ammu i ttwakemmřent tira iqqaren ittwaḥseb ak d inni itɛeddan,/Users/mac/masterAI/tarifit_asr_tfm/data/processed/segments/REC136/REC136_SEG0019.wav
REC136_SEG0020,REC136,SPK009,data/processed/segments/REC136/REC136_SEG0020.wav,16.304,inni ssenni dd ittekken tuɣa ttceqqafen dayes tthezzan izeǧifen nsen nnan a cek wenni i ɣa ihedmen zzawect tameqqrant uca ad tt tebnid ɛawed di třata n wussan senjem ixef nnec hwa dd zi ṣṣalib,/Users/mac/masterAI/tarifit_asr_tfm/data/processed/segments/REC136/REC136_SEG0020.wav
REC136_SEG0021_PART01,REC136,SPK009,data/processed/segments/REC136/REC136_SEG0021_PART01.wav,10.984,ammu i t sseḥqaren ɛawed imeqqranen n ikehhanen ak d imseřmaden n idlisen nnan tuɣa issenjem inneɣni maca war izemmar ad issenjem ixef nnes,/Users/mac/masterAI/tarifit_asr_tfm/data/processed/segments/REC136/REC136_SEG0021_PART01.wav
REC136_SEG0021_PART02,REC136,SPK009,data/processed/segments/REC136/REC136_SEG0021_PART02.wav,10.984,ejj lmasiḥ ajeǧid n israil ad dd ihwa řexxu zi ṣṣalib ḥima ad nẓar uca ad dayes namen uřa d yinni ittwaṣellben akides kkwaren t,/Users/mac/masterAI/tarifit_asr_tfm/data/processed/segments/REC136/REC136_SEG0021_PART02.wav
REC136_SEG0022,REC136,SPK009,data/processed/segments/REC136/REC136_SEG0022.wav,1.456,řmewt n yasuɛ,/Users/mac/masterAI/tarifit_asr_tfm/data/processed/segments/REC136/REC136_SEG0022.wav
REC136_SEG0023,REC136,SPK009,data/processed/segments/REC136/REC136_SEG0023.wav,13.072,umi dd tiweḍ tsaɛɛet setta aqa tt d ḍḍhur tewḍa dd taǧest x temmurt marra ař tesɛa aqa tt d třata n uɛecci di tsaɛɛet tesɛa isɣuy yasuɛ s tmijja tejhed,/Users/mac/masterAI/tarifit_asr_tfm/data/processed/segments/REC136/REC136_SEG0023.wav
REC136_SEG0024_PART01,REC136,SPK009,data/processed/segments/REC136/REC136_SEG0024_PART01.wav,13.672,inna s iřes n tramit il il lmana cabaqtani min ixs ad yini a arebbi inu a arebbi inu mayemmi dayi tejjid ca zeg inni din ibedden umi sřin aya nnan aqa ne,/Users/mac/masterAI/tarifit_asr_tfm/data/processed/segments/REC136/REC136_SEG0024_PART01.wav
REC136_SEG0024_PART02,REC136,SPK009,data/processed/segments/REC136/REC136_SEG0024_PART02.wav,13.672,tta iřaɣa i iliya yuzzeř dd ɣares ijjen issuff ict n spunxa s řxeǧ igga i tt x uɣanim iwca as ḥima ad isuw inna raja ejj aneɣ ad nẓar ma ad dd yas iliya ḥima ad t i dd issehwa,/Users/mac/masterAI/tarifit_asr_tfm/data/processed/segments/REC136/REC136_SEG0024_PART02.wav
REC136_SEG0025,REC136,SPK009,data/processed/segments/REC136/REC136_SEG0025.wav,13.104,xenni isɣuy yasuɛ s ict n tmijja tejhed uca isellem arruḥ nnes ařeḥḥaf n wadaf ɣar zzawect tameqqrant ittwacarreg x tnayen zi sennej ɣar swadday,/Users/mac/masterAI/tarifit_asr_tfm/data/processed/segments/REC136/REC136_SEG0025.wav
REC136_SEG0026,REC136,SPK009,data/processed/segments/REC136/REC136_SEG0026.wav,8.208,umi iẓra řqebṭan n mya i din ibedden zzates isɣuyyu ammu s jjehd uca xenni ibedd usuffeɣ n nnefs,/Users/mac/masterAI/tarifit_asr_tfm/data/processed/segments/REC136/REC136_SEG0026.wav
REC136_SEG0027_PART01,REC136,SPK009,data/processed/segments/REC136/REC136_SEG0027_PART01.wav,13.752,inna s tidett tuɣa bnadem a d mmis n arebbi tuɣa din ɛawed timɣarin xezzarent i dd zi řaggʷaj jar asent ɛawed maryam n majdala d maryam yemmas n,/Users/mac/masterAI/tarifit_asr_tfm/data/processed/segments/REC136/REC136_SEG0027_PART01.wav
REC136_SEG0027_PART02,REC136,SPK009,data/processed/segments/REC136/REC136_SEG0027_PART02.wav,13.752,yaɛqub amaẓuẓ u rad yemmas n yusis d salumi tinni t i dd iḍfaren sexxarent xas umi t tuɣa di ljalil tuɣa din uřa d aṭṭas n timɣarin nneɣnit tinni tuɣa akides i dd igeɛɛden ɣar urcalim,/Users/mac/masterAI/tarifit_asr_tfm/data/processed/segments/REC136/REC136_SEG0027_PART02.wav
REC136_SEG0028,REC136,SPK009,data/processed/segments/REC136/REC136_SEG0028.wav,1.616,anḍeř n yasuɛ,/Users/mac/masterAI/tarifit_asr_tfm/data/processed/segments/REC136/REC136_SEG0028.wav
REC136_SEG0029_PART01,REC136,SPK009,data/processed/segments/REC136/REC136_SEG0029_PART01.wav,14.932,řami dd tiweḍ tmeddit n usewjed tameddit nni iǧan qbeř i ass n ssebt yusa dd yusuf zi ramta ijj n umcawar icennɛen n meḥkama tameqqrant n udayyen wenni tuɣa ittrajan,/Users/mac/masterAI/tarifit_asr_tfm/data/processed/segments/REC136/REC136_SEG0029_PART01.wav
REC136_SEG0029_PART02,REC136,SPK009,data/processed/segments/REC136/REC136_SEG0029_PART02.wav,14.932,tageldit n arebbi uca netta izɛem ad yadef ɣar pilaṭus maḥend ad as ittar rxecbet n yasuɛ itebhet pilaṭus umi immut ammu deɣya iřaɣa dd i řqebṭan n mya isseqsa t,/Users/mac/masterAI/tarifit_asr_tfm/data/processed/segments/REC136/REC136_SEG0029_PART02.wav
REC136_SEG0030,REC136,SPK009,data/processed/segments/REC136/REC136_SEG0030.wav,1.8,ma immut ma ɛad,/Users/mac/masterAI/tarifit_asr_tfm/data/processed/segments/REC136/REC136_SEG0030.wav
REC136_SEG0031_PART01,REC136,SPK009,data/processed/segments/REC136/REC136_SEG0031_PART01.wav,13.663,umi ifhem man aya zi řqebṭan n mya iwca arrimet i yusuf isɣa yusuf řecfen n řeqṭen azdad iksi t zi ṣṣalib icfen i t di řecfen nni issars i t deg wenḍeř,/Users/mac/masterAI/tarifit_asr_tfm/data/processed/segments/REC136/REC136_SEG0031_PART01.wav
REC136_SEG0031_PART02,REC136,SPK009,data/processed/segments/REC136/REC136_SEG0031_PART02.wav,13.663,i tuɣa it waxebcen di sseǧaḥ uca isseqnunni ict n teṣḍart x tewwart n wenḍeř tuɣa maryam n majdala d maryam yemmas n yusi ẓrint mani t ssarsen,/Users/mac/masterAI/tarifit_asr_tfm/data/processed/segments/REC136/REC136_SEG0031_PART02.wav
REC137_SEG0001,REC137,SPK009,data/processed/segments/REC137/REC137_SEG0001.wav,1.104,tanukra,/Users/mac/masterAI/tarifit_asr_tfm/data/processed/segments/REC137/REC137_SEG0001.wav
REC137_SEG0002,REC137,SPK009,data/processed/segments/REC137/REC137_SEG0002.wav,9.264,umi iɛdu ssebt tesɣa maryam n majdala d maryam yemmas n yaɛqub d salumi řeɛṭur ḥima ad t dehnent,/Users/mac/masterAI/tarifit_asr_tfm/data/processed/segments/REC137/REC137_SEG0002.wav
REC137_SEG0003,REC137,SPK009,data/processed/segments/REC137/REC137_SEG0003.wav,14.128,ɣar ṣṣbeḥ zic deg wass amezwar n ssimana iwḍent i dd ɣar wenḍeř ařami dd tenqar tfuct nnant jar asent wi d aneɣ i ɣa isseqnunnyen taṣḍart nni iǧan x wadaf n wenḍeř,/Users/mac/masterAI/tarifit_asr_tfm/data/processed/segments/REC137/REC137_SEG0003.wav
REC137_SEG0004,REC137,SPK009,data/processed/segments/REC137/REC137_SEG0004.wav,6.576,řami xzarent ẓrint aqa taṣḍart tettwasseqnunni zeg wenḍeř waxxa tuɣa temɣar aṭṭas,/Users/mac/masterAI/tarifit_asr_tfm/data/processed/segments/REC137/REC137_SEG0004.wav
REC137_SEG0005_PART01,REC137,SPK009,data/processed/segments/REC137/REC137_SEG0005_PART01.wav,13.32,řami udfent ɣar yifři n wenḍeř ẓrint ijj n ubřiɣ iqqim ɣar uɣezdis afusi yarḍ arruḍ d acemřař daziřar uca nitenti nnxeřɛent maca netta inna asent war ttnexřiɛent ca,/Users/mac/masterAI/tarifit_asr_tfm/data/processed/segments/REC137/REC137_SEG0005_PART01.wav
REC137_SEG0005_PART02,REC137,SPK009,data/processed/segments/REC137/REC137_SEG0005_PART02.wav,13.32,kennint tarezzunt x yasuɛ nnaṣiri wenni ittwaṣellben aqa netta ikkar war da iǧi xzarent aqa amcan mani t ssarsen maca ruḥent inint i imeḥḍaren nnes uřa i buṭrus,/Users/mac/masterAI/tarifit_asr_tfm/data/processed/segments/REC137/REC137_SEG0005_PART02.wav
REC137_SEG0006,REC137,SPK009,data/processed/segments/REC137/REC137_SEG0006.wav,16.176,aqa ad awem izwar ɣar ljalil dinni ad t tẓarem am mammec tuɣa i d awem inna ffɣent deɣya uca arewřent zeg wenḍeř minzi tqebs i tent tarjijit d ddehcan uca war t nnint i ḥed minzi tuɣa ggʷedent,/Users/mac/masterAI/tarifit_asr_tfm/data/processed/segments/REC137/REC137_SEG0006.wav
REC137_SEG0007,REC137,SPK009,data/processed/segments/REC137/REC137_SEG0007.wav,3.408,aḍḥar n yasuɛ awarni i tnukra nnes,/Users/mac/masterAI/tarifit_asr_tfm/data/processed/segments/REC137/REC137_SEG0007.wav
REC137_SEG0008,REC137,SPK009,data/processed/segments/REC137/REC137_SEG0008.wav,17.552,řami ed ikkar netta zic deg wass amezwar n ssimana ikkar dd uca iḍhar dd d amezwaru i maryam n majdala tenni zi tuɣa issuffeɣ sebɛa n ccwaṭen tanita truḥ uca txebbar aya i yinni tuɣa akides iǧan inni tuɣa iceḍnen u ttrun,/Users/mac/masterAI/tarifit_asr_tfm/data/processed/segments/REC137/REC137_SEG0008.wav
REC137_SEG0009_PART01,REC137,SPK009,data/processed/segments/REC137/REC137_SEG0009_PART01.wav,10.824,řami ina sřin belli netta aqa iddar uca iban asent war zzaysent uminen awarni aya iban dd s yijj n waddud nneɣni i,/Users/mac/masterAI/tarifit_asr_tfm/data/processed/segments/REC137/REC137_SEG0009_PART01.wav
REC137_SEG0009_PART02,REC137,SPK009,data/processed/segments/REC137/REC137_SEG0009_PART02.wav,10.824,tnayen zzaysen umi tuɣa gguren nitni ɣar ijj n dcar uřa d ina ruḥen ɛawed uca xebbaren inneɣni maca war t uminen,/Users/mac/masterAI/tarifit_asr_tfm/data/processed/segments/REC137/REC137_SEG0009_PART02.wav
REC137_SEG0011,REC137,SPK009,data/processed/segments/REC137/REC137_SEG0011.wav,16.08,rexdenni iban dd i ḥiṭac ařami tuɣa qqimen ɣar ṭṭabřa uca iɛayar i ten zi ssibbet n tikkest n l iman nsen u zi ssibbet n řeqsaḥet n wuřawen nsen minzi war uminen zeg inni t iẓrin awarni řami dd ittwassnekkar netta,/Users/mac/masterAI/tarifit_asr_tfm/data/processed/segments/REC137/REC137_SEG0011.wav
REC137_SEG0012,REC137,SPK009,data/processed/segments/REC137/REC137_SEG0012.wav,15.632,inna asen ruḥem ɣar ddunect marra barrḥem s řexbar aṣebḥan di marra min dd ittwaxeřqen wenni yuminen u ittwasseɣḍeṣ aqa iddar maca wenni war yuminen aqa ittwaḥaseb,/Users/mac/masterAI/tarifit_asr_tfm/data/processed/segments/REC137/REC137_SEG0012.wav
REC137_SEG0013_PART01,REC137,SPK009,data/processed/segments/REC137/REC137_SEG0013_PART01.wav,11.656,tina d řeɛřamat i ɣa iḍfaren inni yuminen aqa nitni ad ssuffɣen ccwaṭen s yisem inu ad ssiwřen s iřsawen n jdid ad ksin ifiɣ,/Users/mac/masterAI/tarifit_asr_tfm/data/processed/segments/REC137/REC137_SEG0013_PART01.wav
REC137_SEG0013_PART02,REC137,SPK009,data/processed/segments/REC137/REC137_SEG0013_PART02.wav,11.656,ran s ifassen nsen u mařa swin min ineqqen war ten iḍḍarri ca man aya uca ad ssarsen ifassen nsen x imehřac xenni ad ggenfan,/Users/mac/masterAI/tarifit_asr_tfm/data/processed/segments/REC137/REC137_SEG0013_PART02.wav
REC137_SEG0014,REC137,SPK009,data/processed/segments/REC137/REC137_SEG0014.wav,2.64,tameksit n yasuɛ ɣar ujenna,/Users/mac/masterAI/tarifit_asr_tfm/data/processed/segments/REC137/REC137_SEG0014.wav
REC137_SEG0015_PART01,REC137,SPK009,data/processed/segments/REC137/REC137_SEG0015_PART01.wav,10.984,awarni řami kidsen issiweř immeksi siditneɣ yasuɛ ɣar ujenna uca issɣim ixef nnes x ufusi n arebbi maca nitni ffɣen uca barrḥen,/Users/mac/masterAI/tarifit_asr_tfm/data/processed/segments/REC137/REC137_SEG0015_PART01.wav
REC137_SEG0015_PART02,REC137,SPK009,data/processed/segments/REC137/REC137_SEG0015_PART02.wav,10.984,kuř amcan u siditneɣ tuɣa ixddem akidsen uca issars řxeṭ nnes x wawařen nsen s řeɛřamat i yeggin amin,/Users/mac/masterAI/tarifit_asr_tfm/data/processed/segments/REC137/REC137_SEG0015_PART02.wav
REC137_SEG0016,REC137,SPK009,data/processed/segments/REC137/REC137_SEG0016.wav,5.264,aneggar n l rexbar asebḥan iqedssen am mammec t ibarreḥ markus,/Users/mac/masterAI/tarifit_asr_tfm/data/processed/segments/REC137/REC137_SEG0016.wav
