segment_id,recording_id,speaker_group_id,dataset_split,duration_seconds,audio_path,review_status,transcription,final_selection
REC010_SEG0001,REC010,SPK001,train,1.112,data/processed/segments/REC010/REC010_SEG0001.wav,included,iwa anebḍam,yes
REC010_SEG0002,REC010,SPK001,train,14.816,data/processed/segments/REC010/REC010_SEG0002.wav,included,saḥit wami tusim ḍa ɣa vidyu wis ɛecra gi vidyu ya anessiwer x iqbiren x uqbir anessiwer x iwḍan mizi gin iqbiren gi ṭemmura nneɣ ṭamuarṭ nneɣ,yes
REC010_SEG0003,REC010,SPK001,train,5.648,data/processed/segments/REC010/REC010_SEG0003.wav,included,x mux tirin x mux teggen iwḍan iqbiren ak wayawya,yes
REC010_SEG0004,REC010,SPK001,train,14.496,data/processed/segments/REC010/REC010_SEG0004.wav,included,u ɛaweḍ a nessiwar xmi tirin iqbiren mux teggen iwḍan azzun imukan nsen ḥema aḍgen ak wayawya aqbir u ɛaweḍ gi vidyu ya a nessiwer x ismawen minzi attas n iwḍan,yes
REC010_SEG0005,REC010,SPK001,train,12.256,data/processed/segments/REC010/REC010_SEG0005.wav,included,uɣren ci ḥemken teḥsaben ixefensen ḍ cey neṭnin ussinen ura ussinen waxxa ḍ ismawen n imezwura nsen ussinen ismawen n iwḍan n bara,yes
REC010_SEG0006,REC010,SPK001,train,6.728,data/processed/segments/REC010/REC010_SEG0006.wav,included,teftufen waha teggen zeg teggen ciki s ḍeɣyer xa zi mizi ḍas nniɣ adggeɣ vidyu ya ḥma,yes
REC010_SEG0007,REC010,SPK001,train,9.136,data/processed/segments/REC010/REC010_SEG0007.wav,included,ḥma aḍ ssnen iwḍan mux ḍas n qqan iwḍan gi ṭmura nneɣ ḍ iwḍan n bara,yes
REC010_SEG0008,REC010,SPK001,train,9.304,data/processed/segments/REC010/REC010_SEG0008.wav,included,u ɛawaḍ zi ssa agayta mara ṭufimay gi vidyawaṭ ya ssawareɣ s rebɛaḍ n wawaren wen tessinem ad tessnem mix qqaɣ awaren nni,yes
REC010_SEG0009,REC010,SPK001,train,9.752,data/processed/segments/REC010/REC010_SEG0009.wav,included,bac ataf zi ssa agayta udji aḍay ṭeqqam qa cek ussined ci lla ixessa aḍay ṭfahmem mizi qa rebɛaḍ wawaren gi vidyawaṭ a,yes
REC010_SEG0010,REC010,SPK001,train,4.752,data/processed/segments/REC010/REC010_SEG0010.wav,included,mix anessiwer x manaya waxxa eḍfamayd,yes
REC010_SEG0011,REC010,SPK001,train,6.352,data/processed/segments/REC010/REC010_SEG0011.wav,included,a rux necc ugiɣ ad ssiwreɣ x ṭamezgarut n iwḍan qqaɛ,yes
REC010_SEG0012,REC010,SPK001,train,9.168,data/processed/segments/REC010/REC010_SEG0012.wav,included,rux waxxa umnaɣ zi ad nni umnaɣ reqwaḍ ni udji bu ḍ cɣer inu necc ussiwereɣ ci x rweqt n adam wami ɣa,yes
REC010_SEG0013,REC010,SPK001,train,9.008,data/processed/segments/REC010/REC010_SEG0013.wav,included,niɣ reqwad wami ɣa bḍan iwḍan lla necc mix iɣa ssiwreɣ necc aḍ ssiwreɣ x mux bḍan iwḍan gi ṭmura nneɣ,yes
REC010_SEG0014,REC010,SPK001,train,4.656,data/processed/segments/REC010/REC010_SEG0014.wav,included,fahmeḍ udji ci anaḥ a ṭamezgarut qqaɛ waxxa,yes
REC010_SEG0015,REC010,SPK001,train,11.888,data/processed/segments/REC010/REC010_SEG0015.wav,included,ṭimura nneɣ ira exxrant ṭammurṭ nneɣ ira ṭexxra amezgaru ira ḍin ira ḍin rebḥa ira ḍin ejdi ira ḍin rɣabeṭ ira ḍin rebɛad n ṭimura tibatayin ayenni waha,yes
REC010_SEG0016,REC010,SPK001,train,4.944,data/processed/segments/REC010/REC010_SEG0016.wav,included,xa mizi ibedda mizi ibedda,yes
REC010_SEG0017,REC010,SPK001,train,14.328,data/processed/segments/REC010/REC010_SEG0017.wav,included,ijjen qumn ijjen n marka n iwḍan beddan s familiyaṭ i gixran tammurṭ nneɣni waxxa tiri n familiyaṭ rbɛad n swayeɛ s iḥamucen rbɛad n swayeɛ s bra iḥamucen,yes
REC010_SEG0018,REC010,SPK001,train,10.928,data/processed/segments/REC010/REC010_SEG0018.wav,included,ggʷan zi gi ijjen n ṭammurṭ mizi tafen ḍin amenɣi tafen ḍin itwekkes erqanun tafen iwḍan nni twaddjen tusma yqeɛsen ddec xa,yes
REC010_SEG0019,REC010,SPK001,train,8.136,data/processed/segments/REC010/REC010_SEG0019.wav,included,niɣ qebren zi ddec uxa tafen neṭnin s ixefessen uzemma aḍ din iɛicen niɣ aḍ ɛicen ɛad ṭawa nsen uxa xedjan ṭammurṭ nni,yes
REC010_SEG0020,REC010,SPK001,train,8.464,data/processed/segments/REC010/REC010_SEG0020.wav,included,rux ṭammurṭ nneɣ imekken umi ira uḍin ḍi bu iwḍan ira ḍin ɣa ruḥuc waha ḍ ufin familyaṭ nni imezgura wami ammen ḍa i ɣa neqqim ṭamurt ṭtabbaḥṭ,yes
REC010_SEG0021,REC010,SPK001,train,8.24,data/processed/segments/REC010/REC010_SEG0021.wav,included,udsen nnaneɣ eɣzan yuḍsaneɣ rebḥa manis ḍ ɣa negma u safi,yes
REC010_SEG0022,REC010,SPK001,train,14.536,data/processed/segments/REC010/REC010_SEG0022.wav,included,uḍfen tammurṭ nni qa ta aɛemma n timmura ammen ituqiɛ waxxa familya tiri abas ḍ yemmas twasemma ṭamɣaṭ ḍ wagaz tejjand iḥamucen nsen rux mara din ɣa cin familyaṭ mrra,yes
REC010_SEG0023,REC010,SPK001,train,8.456,data/processed/segments/REC010/REC010_SEG0023.wav,included,teggen ṭarwa nsen tessarayend ṭarwa nsen bac aḍ emsemraken amja ɣa ṭuqeɛ manayenni atiri familya tameqqrant,yes
REC010_SEG0024,REC010,SPK001,train,9.648,data/processed/segments/REC010/REC010_SEG0024.wav,included,anini udji ci ɣak abak ḍ yemmak waha lla ɣak ṭawa ɛzizek ṭawa n xwarek jwan jwan atafeḍasqend ɣak,yes
REC010_SEG0025,REC010,SPK001,train,5.904,data/processed/segments/REC010/REC010_SEG0025.wav,included,ci ijjen ssacet waxxa takkuḥt xa ammen iwḍan teggen familya ḍ tameqrant,yes
REC010_SEG0026,REC010,SPK001,train,10.512,data/processed/segments/REC010/REC010_SEG0026.wav,included,amji ɣafen ammen xa aqen mliḥ uṭen itriḍu ura ḍ ijj attas n familyaṭ timeqranin teggen mara dca amdji ɣa ggen dca,yes
REC010_SEG0027,REC010,SPK001,train,5.36,data/processed/segments/REC010/REC010_SEG0027.wav,included,atafeḍ iwḍan ɛad tessnen ayawya ɛad tessnen ayawya ɛad temsemeraken,yes
REC010_SEG0028,REC010,SPK001,train,10.992,data/processed/segments/REC010/REC010_SEG0028.wav,included,safi muru uṭeniriḍi ura ḍ ijj temɣurn ḥetta ategged amya atafeḍ dca imɣa axas ugan ɛaweḍ ijjen rebɛad n familyaṭ familyaṭ nneɣni teggen ɛaweḍ dca nsen waḥeḍsen,yes
REC010_SEG0029,REC010,SPK001,train,3.504,data/processed/segments/REC010/REC010_SEG0029.wav,included,uxa ammen amdji din attas n dcuraṭ,yes
REC010_SEG0030,REC010,SPK001,train,13.968,data/processed/segments/REC010/REC010_SEG0030.wav,included,ssnen ira teɛnan i wayawya ɣa cwitti waha uxa tekksen ak wayawya smunan dcuraṭ nni dcuraṭ nni mdji ɣa munen uxa teggen awar ḍ lqanun teggen mara,yes
REC010_SEG0031,REC010,SPK001,train,0.944,data/processed/segments/REC010/REC010_SEG0031.wav,included,aqbir,yes
REC010_SEG0032,REC010,SPK001,train,4.528,data/processed/segments/REC010/REC010_SEG0032.wav,included,imeqqan aqbir ssedj mliḥ s ṭmaziɣt aqbir zɛma qebren x wayawya,yes
REC010_SEG0033,REC010,SPK001,train,14.448,data/processed/segments/REC010/REC010_SEG0033.wav,included,min qebren zi wayawya qebren zi wayawya ad ɛeddan x iberiḍen wayawya aḍ ɛeddan x ḍmura n wayawya ur tenɛeddan ci x wayawya aḍ teggen tekksen ak wayawya mirmi ɣa ggen bursaṭ bursa neqqas necnin s ṭmaziɣt zeɛma essuq,yes
REC010_SEG0034,REC010,SPK001,train,12.144,data/processed/segments/REC010/REC010_SEG0034.wav,included,essuq ḍ bu nnaɛeft neccin neqaras bursa tekksen ak wayawya mermi ɣa ggen bursaṭ tekksen ak wayawya mux ɣa zenzen ṭammurt ni mux atmubeddaren ṭimmura ḍwenni umi qqaren aqbir,yes
REC010_SEG0035,REC010,SPK001,train,13.584,data/processed/segments/REC010/REC010_SEG0035.wav,included,mara munen attas n dcuraṭ mara s wawar ḍ rqanun waxxa amedji ɣa imɣar aqbir nni xa ḍin attas n iwḍan uxa yeɛda ijjen miqddar n iwḍan ataf iwḍan utessinen ci ataf uqqimen ci tesnen ayawya,yes
REC010_SEG0036,REC010,SPK001,train,3.312,data/processed/segments/REC010/REC010_SEG0036.wav,included,zi ssin agayta min ytuqeɛen imma,yes
REC011_SEG0001,REC011,SPK001,train,10.96,data/processed/segments/REC011/REC011_SEG0001.wav,included,waxxa ruxa qa anessiwer x ismawen n iqbiren i ɣaneɣ gi ṭmura nneɣ uṭen teggeɣ ci qqaɛ qqaɛ maca aḍ ggeɣ ṭenni ṭimeqqranin qqaɛ ṭenni inessen qqaɛ,yes
REC011_SEG0002,REC011,SPK001,train,10.864,data/processed/segments/REC011/REC011_SEG0002.wav,included,sinn iqbiren ikkuḥen imken axasen nsseɛḍa ciḥaja n wawar imken imken aɣasen nexza ciḥaja imken,yes
REC011_SEG0003,REC011,SPK001,train,10.52,data/processed/segments/REC011/REC011_SEG0003.wav,included,axasen dnawi caḥaja wawar waha maca ci nneɣni a nessiwer x iqbiren imeqqranen waxxa x iqbiren nni imeqqranen tiqebari nni nsen iksend aḍixer waxxa ḍ tinni,yes
REC011_SEG0004,REC011,SPK001,train,7.064,data/processed/segments/REC011/REC011_SEG0004.wav,included,uxissen nessiwer ci gi vidyu ya mizi ugḍeɣ aḍ ɛeḍreɣ attas di wawar waxxa,yes
REC011_SEG0005,REC011,SPK001,train,13.52,data/processed/segments/REC011/REC011_SEG0005.wav,included,aqbir ḍamezgaru minzi ɣa bḍiɣ ad bḍiɣ s ayṭwayaɣer ayṭwayaɣer qqaɛ snenṭen attas ɛizzen xasen ayṭwayaɣer ḍin rebɛaḍiṭ mellenṭen w iwa ɛad rux kur ijj,yes
REC011_SEG0006,REC011,SPK001,train,6.512,data/processed/segments/REC011/REC011_SEG0006.wav,included,maca ijjen n mesrayṭ ixessa a tessnem mara xzard a umezruy n iwḍan nneɣ atafeḍ,yes
REC011_SEG0007,REC011,SPK001,train,8.08,data/processed/segments/REC011/REC011_SEG0007.wav,included,qqaɛ iwḍan waxxa bnaḍem ḍaqerɛi niɣ ḍ ukebḍani ḍ uznasi mani ma is ḍ ikka atafeḍ lassel nsen,yes
REC011_SEG0008,REC011,SPK001,train,9.0,data/processed/segments/REC011/REC011_SEG0008.wav,included,zi ayṭwayaɣer qqaɛ ṭiqebbarin nneɣni kkind zi ayṭwayaɣer ayṭwayaɣer i idja ṭaqbic ṭamezgarut,yes
REC011_SEG0009,REC011,SPK001,train,9.832,data/processed/segments/REC011/REC011_SEG0009.wav,included,i dyuṭfen gi ṭammurt mani ntiri qqaɛ iɛni cek mara ṭufiḍ ixfinek ḍ uṭemsaman yih aqbir inek ḍ uṭemsaman maca mara ṭɛeqbeḍ,yes
REC011_SEG0010,REC011,SPK001,train,12.496,data/processed/segments/REC011/REC011_SEG0010.wav,included,a ṭmezaruut qqaɛ atafed ḍawayaɣer rad cek ayṭ tuzin amenniɣni ayṭsɛiḍ igzennayen imeḍarsen ayṭbu qqaɛ qqaɛ ṭiqebbarin nni kind zi ayṭwayaɣer,yes
REC011_SEG0011,REC011,SPK001,train,11.696,data/processed/segments/REC011/REC011_SEG0011.wav,included,maca wami ṭeɛḍa rweqṭ amux ḍakum nniɣ xumezgaru zi ɣa temɣa aqbir uxa tekkent zeggs ṭiqebbarin uxa ṭiqebbarin nni teggen iqbiren nni w ixfensen,yes
REC011_SEG0012,REC011,SPK001,train,9.096,data/processed/segments/REC011/REC011_SEG0012.wav,included,xa zi ssin ydekkin ṭiqebarin nneɣni n ṭemsaman ayṭuwzin imeḍarsen maca qa amenni ytaḥ,yes
REC011_SEG0013,REC011,SPK001,train,13.416,data/processed/segments/REC011/REC011_SEG0013.wav,included,waxxa ṭebḍa zi ayṭwayeɣer rux rad iwḍan nneɣni gin aqbir nsen gin rqanun nsen ggin awar nsen uxa ammen waxxa neccin qa nbḍa s ayṭwayaɣer waxxa ijjen ṭeqqaḍas,yes
REC012_SEG0002,REC012,SPK001,train,14.0,data/processed/segments/REC012/REC012_SEG0002.wav,included,ḍa gin beɛda teswaṭ n irumyen ɣasen izakuken ḍibarkanen ḍicemraren ɣasen iɛecman ḍibarkanen ṭimɣarin nsen teḍhan amux djan gi ṭmura n irumyen,yes
REC012_SEG0003,REC012,SPK001,train,6.896,data/processed/segments/REC012/REC012_SEG0003.wav,included,qa raḍ wa ḍ teswaṭ n filem aqa beɛda ginas yteḍha beɛda am irumyen nican,yes
REC012_SEG0004,REC012,SPK001,train,11.888,data/processed/segments/REC012/REC012_SEG0004.wav,included,aqa raḍ wa ijjen filem ginṭ yellah mux teggin cin imken nayen iseggʷasen ma ḍ traṭa iseggʷasen zi ggʷami i ṭeggin xa wami cceḍkan attas n iwḍan,yes
REC012_SEG0005,REC012,SPK001,train,6.84,data/processed/segments/REC012/REC012_SEG0005.wav,included,espunya ifransisen iwḍan n purtugal ituakiyen iwḍan am necc cceḍkan,yes
REC012_SEG0006,REC012,SPK001,train,13.784,data/processed/segments/REC012/REC012_SEG0006.wav,included,xa wwinasend mumetṭil beɛda qa ytawid ggurumi nican udwin ci alimani ɣas azakuk ḍ azzuggʷɣ ḍarrubiyu ḍasemmam,yes
REC012_SEG0007,REC012,SPK001,train,4.592,data/processed/segments/REC012/REC012_SEG0007.wav,included,rux anessiwer x ilimanyen ḥma atessned immi qqrn ilimanyen,yes
REC012_SEG0008,REC012,SPK001,train,12.464,data/processed/segments/REC012/REC012_SEG0008.wav,included,ilimanyen niṭni deɣya an tɛeqreḍ ɣasen azakuk ḍ arrubiyu niɣ ḍrus idssen atafeḍ ɣasen azakuk ḍ acehba niɣ ḍazeggʷaɣ,yes
REC012_SEG0009,REC012,SPK001,train,6.256,data/processed/segments/REC012/REC012_SEG0009.wav,included,mara ḍawṭem qaḍas alimani mara tawṭent qadas ttalimaniṭ attas,yes
REC012_SEG0010,REC012,SPK001,train,5.2,data/processed/segments/REC012/REC012_SEG0010.wav,included,attas ilimanyen niɣ tilimanyen rux min teɛnan iwḍana may tirin,yes
REC012_SEG0011,REC012,SPK001,train,2.256,data/processed/segments/REC012/REC012_SEG0011.wav,included,eḥqa,yes
REC012_SEG0012,REC012,SPK001,train,14.096,data/processed/segments/REC012/REC012_SEG0012.wav,included,ilimanyan rad niṭnin ɣasen ismawen attas ilimanyen udji ci nesniṭen s ilimanyen waha raḍ niṭni qqanasan ijarmiqen niɣ ijarmanen jermanik niɣ,yes
REC012_SEG0013,REC012,SPK001,train,1.072,data/processed/segments/REC012/REC012_SEG0013.wav,included,xer manen,yes
REC012_SEG0014,REC012,SPK001,train,10.192,data/processed/segments/REC012/REC012_SEG0014.wav,included,ilimanyen ijarmiqen nniɣ ijarmanen ḍazzud ad t itaɛzuḍ s gellinzit x tefhameḍ i ḍ gellinzit ixessa ad tazuḍ x djurmanik pipel,yes
REC012_SEG0015,REC012,SPK001,train,7.056,data/processed/segments/REC012/REC012_SEG0015.wav,included,ḍ yinni imi qqan ilimanyen attas n iwḍan nneɣ qanas yinni yinni ḍi rumyen maca udji bu nican,yes
REC012_SEG0016,REC012,SPK001,train,10.128,data/processed/segments/REC012/REC012_SEG0016.wav,included,waxxa ilimanyin i gi tirin nux ḍ arbeɛa iglinziyen idanmarkiyen ihulandiyen ḍ iduytciyen,yes
REC012_SEG0017,REC012,SPK001,train,10.992,data/processed/segments/REC012/REC012_SEG0017.wav,included,as ḍ ɛawḍaɣ iglinziyen idanmarkiyen ihulandiyen ḍ iduytciyen mara ṭufiḍ iwḍan kkind ssa ḍ yinni immi qqan ilimanyen,yes
REC012_SEG0018,REC012,SPK001,train,7.152,data/processed/segments/REC012/REC012_SEG0018.wav,included,ilimanyen ḍinni iwḍan andafeḍ ɣasenazakuk ḍarubyu niɣ ḍazggʷaɣ niṭni udjibu ḍilimanyen,yes
REC012_SEG0019,REC012,SPK001,train,5.2,data/processed/segments/REC012/REC012_SEG0019.wav,included,a maca ɛakzeɣ iruxen ḍirumiyyen zi ttaf lla ixessa utirid ci daɣyur,yes
REC012_SEG0020,REC012,SPK001,train,3.952,data/processed/segments/REC012/REC012_SEG0020.wav,included,ixessa utiriḍci ḍ emmis n reḥḥam ina qqanasen ilimanyen,yes
REC012_SEG0021,REC012,SPK001,train,6.664,data/processed/segments/REC012/REC012_SEG0021.wav,included,aqa zzi ceḍkan iwḍan badan tegen teswaṭ n imezgura nsen mmuc nneɣni,yes
REC012_SEG0022,REC012,SPK001,train,14.304,data/processed/segments/REC012/REC012_SEG0022.wav,included,aqa rux beɛda ḍhan teswaṭ n imezgura nsen uqqimen ci teggen teswaṭ mig ɣaḍafeḍ ijjen dḍalimani ɣas aqeyyuɛ ḍalimani teggenṭ gi reɣḍa urumi uqqimen ci tegen manayenni,yes
REC012_SEG0023,REC012,SPK001,train,3.208,data/processed/segments/REC012/REC012_SEG0023.wav,included,minzi qa arinasen rexba s internet arinasen ṭayniṭ rux,yes
REC012_SEG0024,REC012,SPK001,train,13.256,data/processed/segments/REC012/REC012_SEG0024.wav,included,uqqimen ci teggen manayenni aqa rux teggen tsawa n ixefensen n imezgura nsen mux ḍakum nniɣ udji ci madji ɣa ṭafeḍ ci ijjen ɣas azakuk ḍ arubyu ḍazeggʷaɣ xa safiasṭinim ḍalimani lla,yes
REC012_SEG0025,REC012,SPK001,train,5.736,data/processed/segments/REC012/REC012_SEG0025.wav,included,mara ṭufitten zi skutlanda niɣ zi ayrlanda yenni qqarenasen iḍaliqen niɣ iqaletiyen,yes
REC012_SEG0026,REC012,SPK001,train,9.872,data/processed/segments/REC012/REC012_SEG0026.wav,included,galek niɣ kkaltek mara ṭessned taglenziṭ yenni waxxa ɣasen azakuk ḍ arrubyu niɣ ḍazeggʷaɣ,yes
REC012_SEG0027,REC012,SPK001,train,10.896,data/processed/segments/REC012/REC012_SEG0027.wav,included,u tweḥsiben ci zi ilimanyen mizi raḍ niṭni ɣasen iqbiren nsen waḥeḍsen ɣasen awar nsen weḥeḍsen ɣasn kwila nsen weḥeḍsen kwila qqant i ṭṭaqafa,yes
REC012_SEG0028,REC012,SPK001,train,1.232,data/processed/segments/REC012/REC012_SEG0028.wav,included,ḥma tessneḍ,yes
REC012_SEG0029,REC012,SPK001,train,9.328,data/processed/segments/REC012/REC012_SEG0029.wav,included,ḥma tessned ixessa uttɛgizeḍ ci gi ismawen ixessa ad tiniḍ ismawen nican mizi bnaḍem mara ussin ci ixefines u issin ci iwḍan abarra ytxawed waha,yes
REC012_SEG0030,REC012,SPK001,train,14.808,data/processed/segments/REC012/REC012_SEG0030.wav,included,waxxa rux mix tidwwiɣ amya ira ira wmi ḍ ɣa wamira tariɣd ira tesriɣ ijjen izr ira tesriɣ izran lmuziqa n inaṭ n mimun refruɛ ma ussineɣ menwen ira qqarack min ezriɣ,yes
REC012_SEG0031,REC012,SPK001,train,7.832,data/processed/segments/REC012/REC012_SEG0031.wav,included,ayemma gi ḍmurṭ n irumyen uxa qqaɣas miṭ yuɣen wa uyeɣri ci iwa iḍha ira uyɣri ci,yes
REC012_SEG0032,REC012,SPK001,train,11.568,data/processed/segments/REC012/REC012_SEG0032.wav,included,netta mara yezzu adyawi netta rux mara yezzu adyawe muziqa nnes nican izran nican ixessa ataf inna min ezariɣ a yemma gi ḍmurṭ n ilimanyen,yes
REC013_SEG0001,REC013,SPK001,train,1.808,data/processed/segments/REC013/REC013_SEG0001.wav,included,waxxa am,yes
REC013_SEG0002,REC013,SPK001,train,13.424,data/processed/segments/REC013/REC013_SEG0002.wav,included,wami ammen min ɣaneg z gg wawar ḍ tamazɣa attas n iwḍan amedji ɣa ssiwereɣ ṭmaziɣt niɣ azzuɣ aḍ ssiwreɣ x umezruy itekkayd zdaṭ itekkayd tsemma iteggay jnun iqqarak issawar x tamazɣa,yes
REC013_SEG0003,REC013,SPK001,train,7.76,data/processed/segments/REC013/REC013_SEG0003.wav,included,necc tamazɣa ukis teggeɣ smunan zi ttaf mizi necc ssneɣ ma yestekka manis ḍ ikka manayenni ssneɣ ṭubuhella mayes ḍ ikka xa,yes
REC013_SEG0004,REC013,SPK001,train,13.584,data/processed/segments/REC013/REC013_SEG0004.wav,included,manayenni uɣas tmeyareɣ ci manayenni ukis teggeɣ ci essneɣ ira ḍ ixawiḍen waha akum iniɣ maɣa tamazɣa ya mara medji ɣa ṭexzad atafeḍ bandiraṭ tekksenṭan meri ufin bandiraṭ nni unṭntwirin maca manaya qebbrenṭ,yes
REC013_SEG0005,REC013,SPK001,train,4.4,data/processed/segments/REC013/REC013_SEG0005.wav,included,mayemma ṭazuḍ internet atafedd iteḍhad manaya i mizi qebbren manaya u qebbren bu bandiraṭ,yes
REC013_SEG0006,REC013,SPK001,train,11.664,data/processed/segments/REC013/REC013_SEG0006.wav,included,akum iniɣ mays dikka manaya yekkad zi rweqt n ifaṭimiyyen amedji ɣa ṭexzaḍ ɣa umezruy atafeḍ,yes
REC013_SEG0007,REC013,SPK001,train,12.752,data/processed/segments/REC013/REC013_SEG0007.wav,included,g rweqt n ifaṭimiyyen atafeḍ ḍ wenni ḍ rweqt mig ufin imenɛaq isenhajen tsemma imtarcen n sseḥra iwḍan n sseḥra g rweqt nni ufin ṭaksaṭ x iwḍan qqaɛ,yes
REC013_SEG0008,REC013,SPK001,train,3.344,data/processed/segments/REC013/REC013_SEG0008.wav,included,illa x dmurṭ n spanya ḍ ṭṭamurṭ nneɣ,yes
REC013_SEG0009,REC013,SPK001,train,12.008,data/processed/segments/REC013/REC013_SEG0009.wav,included,maca x iwḍan nneɣni neṭnin rufin xesen ṭaksaṭ neṭnin ira ddin uṭqebren neṭnin ddin qebrenṭ ɣa s mi min tɣiren neṭnin,yes
REC013_SEG0010,REC013,SPK001,train,5.32,data/processed/segments/REC013/REC013_SEG0010.wav,included,neṭnin ira takan ṭimura neṭnin ira takan reḥwayej,yes
REC013_SEG0011,REC013,SPK001,train,9.016,data/processed/segments/REC013/REC013_SEG0011.wav,included,muhim amedji ɣa texsaḍ gi idrisen xa ṭazuḍ x fatimiyyen atafeḍ ḍ wenni immi qqan elfitna ṭameqrant n isenhajen,yes
REC013_SEG0012,REC013,SPK001,train,12.176,data/processed/segments/REC013/REC013_SEG0012.wav,included,tsema iwḍan n sseḥra min gin iwḍan qqaɛ udji ci zeɛma emsermen waha lla iwḍan zi ṭṭaf ɣa wenni mig ɣafen ṭaksaṭ tijjanṭ llah iḥefḍ gi,yes
REC013_SEG0013,REC013,SPK001,train,6.856,data/processed/segments/REC013/REC013_SEG0013.wav,included,gi reɣben qedjɛen xes tarin ḍarwina u ɛaweḍ niṭni ira ɣasen kif kif niṭni amedji ɣa ḥaṭen,yes
REC013_SEG0014,REC013,SPK001,train,12.976,data/processed/segments/REC013/REC013_SEG0014.wav,included,xa bnaḍem tɛanenass muhim kulci ḥta ak iniɣ cu wawar daɛffan niṭni ira ṭeɛyan gi iwḍan zi ṭṭaf ufin aḥenja ɛanenas ufina agaz ɛanenas ufin ṭamɣaṭ ɛanenas teggen ira gi rweqt nni ira teggen timesrayen tiɛeffanin,yes
REC013_SEG0015,REC013,SPK001,train,11.664,data/processed/segments/REC013/REC013_SEG0015.wav,included,xa waxxa ḍimenɛuq neṭnin ira ggin ijjen tandint qahira xa zi qahira neṭnin ira teggen ṭimesrayin idji iɣa n iggen qqaɛ,yes
REC013_SEG0016,REC013,SPK001,train,3.176,data/processed/segments/REC013/REC013_SEG0016.wav,included,imenɛaq neṭnin ira ḍ isenhajen,yes
REC034_SEG0001,REC034,SPK002,train,2.608,data/processed/segments/REC034/REC034_SEG0001.wav,included,azul ayṭma suyṭma ssitimeɣ atirim mliḥ,yes
REC034_SEG0002,REC034,SPK002,train,12.688,data/processed/segments/REC034/REC034_SEG0002.wav,included,akiḍwum umaṭum ayub nhara teḥabeɣd zahwum ḍ gijjen n texrasṭ zi ṭxrazin n lpudkast nneɣ ḍaɣimit amux ḍ zrim gi fidyuya nessiwur x rweqṭ emmi ig ṭtaw qqaɛ ac tuya,yes
REC034_SEG0003,REC034,SPK002,train,7.28,data/processed/segments/REC034/REC034_SEG0003.wav,included,qber ima nebḍa ṭaxrasta awim ḍ akiḍ kum rkas watay enkum niɣ rkas n rqahwa ḥma ṭiri ḍaɣimita,yes
REC034_SEG0004,REC034,SPK002,train,8.72,data/processed/segments/REC034/REC034_SEG0004.wav,included,tmizḍigṭ tasebḥant gi ṭaxrazta azzayek talbeɣ ad taris piriḍ mliḥ ad deqqened ṭitawin inek ecway,yes
REC034_SEG0005,REC034,SPK002,train,7.248,data/processed/segments/REC034/REC034_SEG0005.wav,included,mara ṭexsed txiyel iixfinek ira ṭettfeḍ rweqṭ s ifassen inek am ijj n ufiru niɣ ijj n usɣun,yes
REC034_SEG0006,REC034,SPK002,train,11.184,data/processed/segments/REC034/REC034_SEG0006.wav,included,suɣumaɣ igga am ellastik itenejbaḍ mara ḍ jbeḍet bezzaf yḍegger dazegra mara ṭaxuḍas ydzeyya,yes
REC034_SEG0007,REC034,SPK002,train,10.672,data/processed/segments/REC034/REC034_SEG0007.wav,included,eḍ wa ḍ rweqṭ amyi igiga xelli rebɛad n n lɛulama lisyentifik qqanak rweqṭ maṭalan ijjen tminut daks sttin sugund,yes
REC034_SEG0008,REC034,SPK002,train,8.784,data/processed/segments/REC034/REC034_SEG0008.wav,included,sakand ijjen ssaɛat daksa ireqqasem ireqqasen nni ticenakd cḥa din n sigundu ḍ gikur minut cḥa din t minuṭin di kur ssaɛat,yes
REC034_SEG0009,REC034,SPK002,train,10.576,data/processed/segments/REC034/REC034_SEG0009.wav,included,zi cḥa din n swayeɛ gi kur nha maca gi lḥaqiqa rweqṭ udji bu ḍ manayenni rweqṭ ɣas ṭnayen iɣembab niɣ ṭnayenn ikemman akemmar amezgaru,yes
REC034_SEG0010,REC034,SPK002,train,12.208,data/processed/segments/REC034/REC034_SEG0010.wav,included,ɛaweḍ min ḍax eqqan lɛulama yina sayentist qanak qa rweqṭ ḍ ijjen n ṭmesrayṭ fiks qanas s frensis situn uniti ḍ muzuɣ maṭalan,yes
REC034_SEG0011,REC034,SPK002,train,12.144,data/processed/segments/REC034/REC034_SEG0011.wav,included,sigundu niɣ minut niɣ ḍsaɛet uḍ zzaman s ixefines niɣ ḍ rweqṭ s ixefines ydja yjɛal lasyuns niɣ lɛilem,yes
REC034_SEG0012,REC034,SPK002,train,8.144,data/processed/segments/REC034/REC034_SEG0012.wav,included,ad ttuwwer adt ifulya ad tuga ɣa zdaṭ maca necnin nesḥissa ira lweqṭ uɛeddici kif kif,yes
REC034_SEG0013,REC034,SPK002,train,12.912,data/processed/segments/REC034/REC034_SEG0013.wav,included,djan rbɛad n mumintuṭ ɛeddan ḍɣya rbɛad mumintuṭ ɛeddan cway cway umi n nzar kurma nwsa kurma n numɣa nesḥissa ira rweqṭ iɛedda ḍɣya iɛedda itazzer,yes
REC034_SEG0014,REC034,SPK002,train,11.696,data/processed/segments/REC034/REC034_SEG0014.wav,included,rebḥant ureṭni teseqsiɣ ixef inu qars maɣar wami ḥeqqb ɣaḍ za ɣ tmamin min qqan lɛulama aki manaya ufi ɣasen ntmeɣ bzzaf ndɣummur amaysmys zarren,yes
REC034_SEG0015,REC034,SPK002,train,3.44,data/processed/segments/REC034/REC034_SEG0015.wav,included,ṭamesrayṭa mara ṭraḥeḍ a sḥab ɛilm nnefs,yes
REC034_SEG0016,REC034,SPK002,train,12.216,data/processed/segments/REC034/REC034_SEG0016.wav,included,tafḍ ɣasen ijjen nnaḍariya ijjen latiyuri qqanas prupurciunaliti niɣ nnadariya nnisbiyya min dak ṭeqqar ṭeqqarak cḥar ma zzaman,yes
REC034_SEG0017,REC034,SPK002,train,8.12,data/processed/segments/REC034/REC034_SEG0017.wav,included,itcekkal ijj n ijj n nniseba ṭemɣa zi lḥayet inek cḥa ma yɛedda cway cway cḥar ma lmudda zamaniya ni tcekkal,yes
REC034_SEG0018,REC034,SPK002,train,12.624,data/processed/segments/REC034/REC034_SEG0018.wav,included,ijjen nnisba tamezyant zi ṭudaṭ inek rweqṭ iggʷa ḍeɣya akum dcarḥeɣ rux mara teɛqqarem umi ira nedja ḍ imezyanen ira anebdu u ytkemmir,yes
REC034_SEG0019,REC034,SPK002,train,3.792,data/processed/segments/REC034/REC034_SEG0019.wav,included,axmi tfekkaɣ rebɛad inebḍuṭen sseɛdixṭen,yes
REC034_SEG0020,REC034,SPK002,train,13.768,data/processed/segments/REC034/REC034_SEG0020.wav,included,essawid abbi am cɣer sseɛḍiɣ ɛam ikmer g unebḍu ɛaḍ teɛqereɣ x rebḥa umi ɣas hggʷiɣ ɛqreɣ ṭwaret tamezgarut umi hwiɣ a rebḥar bra baba dg imeddukar inu ɛeqereɣ,yes
REC034_SEG0021,REC034,SPK002,train,2.696,data/processed/segments/REC034/REC034_SEG0021.wav,included,ɛeqreɣ x familya ir ditasen zi lxarij,yes
REC034_SEG0022,REC034,SPK002,train,12.4,data/processed/segments/REC034/REC034_SEG0022.wav,included,ɛeqreɣ xmi ira nteɛya ɛeqreɣ x djeyari ira nteffeɣ a parki ɛeqreɣ anebdu sḥissid zakes deqqaḍas manaya gads ɛam walakin gi lḥaqiqa min daɣ qqan ruxa lɛulama n ɛilm nnefs,yes
REC034_SEG0023,REC034,SPK002,train,3.504,data/processed/segments/REC034/REC034_SEG0023.wav,included,gi gi naḍariya ya ṭanitin prupursiunal ṭiyuri,yes
REC034_SEG0024,REC034,SPK002,train,11.6,data/processed/segments/REC034/REC034_SEG0024.wav,included,qanak si nurmal azzaks s tesḥisseḍ ira imɣa tsemma anebdu nni ḍameqqran maɣa mizi anebdu nni ytcekkal ijjen n prupurcen prupurcenal ṭiyuri,yes
REC034_SEG0025,REC034,SPK002,train,11.792,data/processed/segments/REC034/REC034_SEG0025.wav,included,ṭusad zi prupurcen nnisbiya niɣ nnisba yɛni a nebdu nni mecḥar i gi itcekkal ḍ nnisba zi ṭuḍaṭ inek ṭekmer maṭalann ijjen xmessnin niɣ ḍ stesnin,yes
REC034_SEG0026,REC034,SPK002,train,8.016,data/processed/segments/REC034/REC034_SEG0026.wav,included,anebdu nni atafeḍ ytcekkal ijjen ɛicrin gi miya zi ṭudaṭ ines niɣ lɛam itcekkal ɛicrin gi miya zi ṭudaṭ ines,yes
REC034_SEG0027,REC034,SPK002,train,9.648,data/processed/segments/REC034/REC034_SEG0027.wav,included,walakin xmi ntnumɣa maṭalan necc eggʷaɣ ruxa weḥdu ṭraṭin iseggusa ɛam itcekkal mara neggas reḥsab teqriban ṭraṭa gi miya,yes
REC034_SEG0028,REC034,SPK002,train,10.832,data/processed/segments/REC034/REC034_SEG0028.wav,included,zi ɛicrin gi miya ɣa ṭraṭa gi miya bezzaf u mara nessiwer x ci ijjen ɣa ssetin sna tiri ɛam ytcekkal waḥit gi miya niɣ waḥit ḍ uzgen,yes
REC034_SEG0029,REC034,SPK002,train,13.296,data/processed/segments/REC034/REC034_SEG0029.wav,included,lmuhim lɛulama n ɛilem nnefs ɣasen ṭamsrayṭa qanak kur ma nemɣa wussan ṭemziyyen yɛni rweqṭ iɛedda deɣya walakin amux izareɣ udji bu ḍ manaya udji bu ḍ wa ḍ ssabab,yes
REC034_SEG0030,REC034,SPK002,train,8.336,data/processed/segments/REC034/REC034_SEG0030.wav,included,amux ettafeɣ necc qaɣ zeɛma reɛqer nneɣ etmiyyaz rḥajeṭ igidja itɛicit ḍ jdiḍ itɛicit di ḍwaret tamezgarut,yes
REC034_SEG0031,REC034,SPK002,train,14.128,data/processed/segments/REC034/REC034_SEG0031.wav,included,ḍ reḥwayej igidja n itɛiciṭen kur nha n qarasen necnin arutin ɣar xmi ḍeggʷerent riyyam ḍ arrutin waha maṭalan ṭaḥed a rxedmeṭ a ṭmenya n ssbaḥ ṭeffeɣd a setta zi ṭmenya ɣa setta kur nha lɛam ikmer iḍeggʷer manayenni ḍarruṭin,yes
REC034_SEG0032,REC034,SPK002,train,12.048,data/processed/segments/REC034/REC034_SEG0032.wav,included,uxa raɛqre ḥma aci pruṭija cek imken aḍ isejjel nha amezgaru umi ṭraḥeḍ a rxeḍmeṭ ḥma atɛqreḍ x imeḥdan ḍ jḍiḍ maṭalan mara tsɣuriḍ niɣ mara txedmed ḍgi can lbiru ḥma tɛeqreḍ x iwḍan nni kik ixeddmen,yes
REC034_SEG0033,REC034,SPK002,train,11.952,data/processed/segments/REC034/REC034_SEG0033.wav,included,walakin ɣir ateɛda ssimana tnayen ṭraṭa safi rɛqer nek u tɣimici yteɛqar niɣ ytsejjal ussan igiɛedden tsemma iḍeggʷer nhara am ṭiwcca,yes
REC034_SEG0034,REC034,SPK002,train,12.312,data/processed/segments/REC034/REC034_SEG0034.wav,included,gi ṭemzi nneɣ ira kurci dejḍiḍ nha amezgaru mig ṭraḥed a medrasa imeddukar imezgura ṭiggʷḍi ṭamezgarut kumbati ṭamezgarut refraḥeṭ inek ṭamezgarut wami tesɣiṭ ttrumbu wami ṭeɛyaḍ bulaṭ,yes
REC034_SEG0035,REC034,SPK002,train,5.592,data/processed/segments/REC034/REC034_SEG0035.wav,included,niɣ i tḥamucin umi ɛyant llastik ṭwaret temezgarut iɛni kulci ira ḍ jḍiḍ,yes
REC034_SEG0036,REC034,SPK002,train,10.28,data/processed/segments/REC034/REC034_SEG0036.wav,included,amma rux bezzaf n wessan nneɣ temcabahen suyenni tafed bnadem iteɛqar x kunji niɣ livakuns ines kta zi min yteɛqar,yes
REC034_SEG0037,REC034,SPK002,train,8.488,data/processed/segments/REC034/REC034_SEG0037.wav,included,x l ayam lɛadiya x wussan i gidja gi rxdemeṭ niɣ s manayenni qqaras kur nha ixessa tiri dakes cin tmesrayṭ dejdid,yes
REC034_SEG0038,REC034,SPK002,train,6.32,data/processed/segments/REC034/REC034_SEG0038.wav,included,maɣa mizi riyam nni nsɛedd gi arrutin am cɣar n tsiyyabiṭen gi rexwa waha,yes
REC034_SEG0039,REC034,SPK002,train,12.424,data/processed/segments/REC034/REC034_SEG0039.wav,included,ḍin ijjen tɣemmaṭ nedden ḍi ɛilem tsemma laɛsab amux ṭessnem rux raɛqer n bnadem daks laɛsab bezzaf daksen nurunz iseqqan s t gllinziṭ bezzaf n laɛsab,yes
REC034_SEG0040,REC034,SPK002,train,13.448,data/processed/segments/REC034/REC034_SEG0040.wav,included,tkuwwanentid reɛqer n bnaḍem xumi ida xeqqan lɛulama ruxa n ɛilm laɛsab qanak aweddi qa xmi tmunɣa bnadem raɛqer nnes wu tirici atrakted ɣa lḥayat bicakel ɛam iɛni bnadem xmi gitenumɣa,yes
REC034_SEG0041,REC034,SPK002,train,11.632,data/processed/segments/REC034/REC034_SEG0041.wav,included,iqqaral kulci zriɣṭ rebḥa zriɣṭ rbar zriɣṭ meɣrib zriɣt uruppa zriɣt kulci zriɣṭ iɛni qlil ḍrus n tmesrayin igidja tawḍent,yes
REC034_SEG0042,REC034,SPK002,train,11.664,data/processed/segments/REC034/REC034_SEG0042.wav,included,aḍ leftent lintibah ammux das neqqa s taɛrabṭ iɛni dd add kkaptant lintibah n ssiyda wanitin maṭalan mara aqaṭ gi cin ijjen lejtimaɛ maṭalan adnawi ci jjjen ɣas ṭementacasna,yes
REC034_SEG0043,REC034,SPK002,train,6.512,data/processed/segments/REC034/REC034_SEG0043.wav,included,w nedden ɣas ṭmenyu ṭmanin sna aṭneg gi nafs lejtimaɛ wenni umi ɣa ṭedja ṭementacasna ad ikapta kulci,yes
REC034_SEG0044,REC034,SPK002,train,9.328,data/processed/segments/REC034/REC034_SEG0044.wav,included,ad iɛeqer min dinna wa min dinna win miɣd ḍ issiwer wa netta muxasiga yssiwer min dran iwḍan nni akiḍes din bnaḍem mara ɣas ṭmenyu ṭmanin sna,yes
REC034_SEG0045,REC034,SPK002,train,8.784,data/processed/segments/REC034/REC034_SEG0045.wav,included,imken lejtimaɛ nni tsemma amuni nni gan u ṭit aṭiraci ytma wyteɛqir x walu,yes
REC034_SEG0046,REC034,SPK002,train,9.392,data/processed/segments/REC034/REC034_SEG0046.wav,included,s manaya lɛulama rux n ɛilm laɛsab qanak raɛquraṭ yiwḍan ig numɣan uxeddmen ci s ṭazzra,yes
REC034_SEG0047,REC034,SPK002,train,10.672,data/processed/segments/REC034/REC034_SEG0047.wav,included,am raɛquraṭ iwḍan imezzyanen ɛaḍ xubiniṭ raɛquraṭ n xubiniṭ tsejjalen ṭṭafasi l ditilz kur dqiqeṭ kta zi raɛquraṭ iwḍan innumɣan,yes
REC034_SEG0048,REC034,SPK002,train,4.208,data/processed/segments/REC034/REC034_SEG0048.wav,included,u manaya ɛadi banḍem ɣir aḍinnumɣa ciḥaja u ytɛeqqir ci bezzaf,yes
REC034_SEG0049,REC034,SPK002,train,14.16,data/processed/segments/REC034/REC034_SEG0049.wav,included,u din ijjen n tmsaryṭ nedden bnisba i ddupamin ddupamin ḍ ijjen kimikal ḍ ijjen lmadda aqat ɣaneɣ gi ddat nneɣ niɣ tferrazitid ddat nneɣ dssufuɣitid ddat nneɣ nettaṭ,yes
REC034_SEG0050,REC034,SPK002,train,8.912,data/processed/segments/REC034/REC034_SEG0050.wav,included,ṭssexdam rɛqer iɛni t eksita nniḍam lɛasabi iɣaneɣ ḍ sɛuna bnadem ḥma adḍi kunsentra kta axm n tnumɣa,yes
REC034_SEG0051,REC034,SPK002,train,8.944,data/processed/segments/REC034/REC034_SEG0051.wav,included,iḍeggʷer ɣaneɣ ddupamin inqes zi umi ira nedja ḍimezzyanen reḥwayejja s ṭnayen qqant belli ira bnaḍem i gi nnumɣan,yes
REC034_SEG0052,REC034,SPK002,train,9.712,data/processed/segments/REC034/REC034_SEG0052.wav,included,u itkapti ci bezzaf n tmesrayin gi nha ines suyenni ytbanazd nnha iggʷa ḍeɣya minzi uḍaks bu ljadid wu ḍegs bu cin tmesrayeṭ ḍ jdiḍ,yes
REC035_SEG0001,REC035,SPK002,train,7.376,data/processed/segments/REC035/REC035_SEG0001.wav,included,azul ayṭma suyṭma ssitemeɣ atirim mliḥ akiwem umaḍkum ayyub nhara giɣ taqedjabut,yes
REC035_SEG0002,REC035,SPK002,train,8.112,data/processed/segments/REC035/REC035_SEG0002.wav,included,sfekkarayad umi ira nteɛya gi ṭemzi ita ntegas ṭaqedjabut nteɛya bulaṭ niɣ nṭeɛya trumbuw nteg ṭaqedjabut,yes
REC035_SEG0003,REC035,SPK002,train,10.192,data/processed/segments/REC035/REC035_SEG0003.wav,included,ṭaqedjabut ytegid xelli ḍ ijjen umedukker inu qanas acraf axmi ytɛya gitarra yteged rbɛaḍ n vidiyuṭ iqqaras iqqaraneɣd qa teggeɣd ṭaqedjabut,yes
REC035_SEG0004,REC035,SPK002,train,8.464,data/processed/segments/REC035/REC035_SEG0004.wav,included,emi kumenniɣ ḍ taqjabut mizi wazzuɣ bu aḍ ggeɣ vidyu wazzuɣ bu aḍ ggeɣ pudkast azzuɣ anessiwer ciḥaja anemhawad,yes
REC035_SEG0005,REC035,SPK002,train,1.52,data/processed/segments/REC035/REC035_SEG0005.wav,included,aneg ijjen tɣimit,yes
REC035_SEG0006,REC035,SPK002,train,13.136,data/processed/segments/REC035/REC035_SEG0006.wav,included,am cɣer ṭeqqimed ak cin umdduker nkum niɣ ak ijjen zi familya temhawaḍem x rebɛaḍ n tmesrayin i idja thimmant thimmataneɣ necnin sḥab arif ṭawa n arif yessis n arif ṭaxrasta ṭamezgarut,yes
REC035_SEG0007,REC035,SPK002,train,7.376,data/processed/segments/REC035/REC035_SEG0007.wav,included,azzuɣ ad ssiwer x xires n trifiṭ niɣ x lluɣa rrifiya lluɣa nṭirifiṭ,yes
REC035_SEG0008,REC035,SPK002,train,7.664,data/processed/segments/REC035/REC035_SEG0008.wav,included,maɣa dixdaɣ itsemma lmuḍuɛa wanitin i ṭexerast tamezdarut mizi ruxa setesnin zggʷami kenniw ṭessnem,yes
REC035_SEG0009,REC035,SPK002,train,9.104,data/processed/segments/REC035/REC035_SEG0009.wav,included,tegeɣ vidyuṭ cway n tzemma tiquḍaḍin ssermaḍeɣ iress n tmaziɣṭ i yewdan iṭippaḍren,yes
REC035_SEG0010,REC035,SPK002,train,10.544,data/processed/segments/REC035/REC035_SEG0010.wav,included,min baynihim rux sḥab dyaspura dduzyam jinerasyun dyaspura yenni i djan paḍren iress n lwalidin nsen niɣ n rejdud nsen,yes
REC035_SEG0011,REC035,SPK002,train,3.76,data/processed/segments/REC035/REC035_SEG0011.wav,included,u nhara niɣas anssiwer ciḥaja x lluɣa niɣ x iress,yes
REC035_SEG0012,REC035,SPK002,train,8.784,data/processed/segments/REC035/REC035_SEG0012.wav,included,lluɣa nettaṭ ḍ ijjen abiying ijjen lmexluq i ydja yedda,yes
REC035_SEG0013,REC035,SPK002,train,2.704,data/processed/segments/REC035/REC035_SEG0013.wav,included,ma meɛna yedda iɛni,yes
REC035_SEG0014,REC035,SPK002,train,12.272,data/processed/segments/REC035/REC035_SEG0014.wav,included,ilɣuswa i il imi deteɣem s tfransist iɛni itic esteqbaled rebɛaḍ n lkalimat niɣ rbɛad n letiɣm niɣ rbɛad n lizikseprisun,yes
REC035_SEG0015,REC035,SPK002,train,12.4,data/processed/segments/REC035/REC035_SEG0015.wav,included,u manaya itentabaq x kulci lluɣaṭ lɛalam ikmer ṭafransist ak ḍ glinziṭ ṭafransisṭ ak ṭspanyutḍ spanyu ak ak ṭitaleṭ xususan lluɣaṭ i gidjant,yes
REC035_SEG0016,REC035,SPK002,train,7.696,data/processed/segments/REC035/REC035_SEG0016.wav,included,lluɣaṭ n dduwal i gidjan uḍsent a wayawya maɣa minzi tiri din ijjen n interkambyu tiri ḍin ijjen n lecunj,yes
REC035_SEG0017,REC035,SPK002,train,13.584,data/processed/segments/REC035/REC035_SEG0017.wav,included,u ṭarifiṭ udji bu ḍ leksepsyun xli ṭarifiṭ xli ḍ nettaṭ ḍ ijjen n lluɣa i gi dja ssiwrent rejduḍ nneɣ ḍruruf tsemma n wussan niṭni ssawaren s ṭrifiṭ,yes
REC035_SEG0018,REC035,SPK002,train,11.28,data/processed/segments/REC035/REC035_SEG0018.wav,included,u ṭarifit xelli ḍ nettat ṭuwid rebɛaḍ n litiɣm zi abara zi ṭespanyut zi ṭeɛrabṭ zi ṭfransisṭ zi bezzaf n lluɣaṭ,yes
REC035_SEG0020,REC035,SPK002,train,5.872,data/processed/segments/REC035/REC035_SEG0020.wav,included,iqḍiman qqaɛ yufiɣ hwa ijjen llutiɣm aɣarrabu,yes
REC035_SEG0021,REC035,SPK002,train,8.56,data/processed/segments/REC035/REC035_SEG0021.wav,included,aɣarrabu kurci itɣiraneɣ qa ḍ ijjen n ṭtiɣm ijjen n lkalima tarifiṭ niɣ tmazixṭ,yes
REC035_SEG0022,REC035,SPK002,train,11.824,data/processed/segments/REC035/REC035_SEG0022.wav,included,walakin ufiɣ annahu aɣarrabu yusadd zi lluɣa lyunanya akarrabus lluɣa niɣ iress ḍ ijjen lbiying ijjen n lmexluk idja yedda,yes
REC035_SEG0023,REC035,SPK002,train,7.728,data/processed/segments/REC035/REC035_SEG0023.wav,included,u lluɣa nettaṭ trufelita niɣ ḍ ijjen n tisiṭ n lidentiti,yes
REC035_SEG0024,REC035,SPK002,train,2.128,data/processed/segments/REC035/REC035_SEG0024.wav,included,xmi ssawer xl iduntiti irifiyen,yes
REC035_SEG0025,REC035,SPK002,train,11.888,data/processed/segments/REC035/REC035_SEG0025.wav,included,nessawar x yewḍan ira ḍ imjahḍen ira ddafaɛen x ixefen nsen ɣasen rebɛad n lilinye ɣuj iɛni ɣasen rebɛad n lilimit ɛemmas ma,yes
REC035_SEG0026,REC035,SPK002,train,9.136,data/processed/segments/REC035/REC035_SEG0026.wav,included,jjan ḥed aṭen tiɛda min baynihem lkarama nsen min baynihem ṭamɣaṭ min baynihem ṭammurṭ min baynihem bezzaf n tmesrayin dunk,yes
REC035_SEG0027,REC035,SPK002,train,13.904,data/processed/segments/REC035/REC035_SEG0027.wav,included,lluɣa ṭarifiṭ tɣuflita liduntiti irifiyen u ṭsejeḥ ci i lakummunikasyun waha transmita ijjen n ṭṭariqa nliɛic irifiyen,yes
REC035_SEG0028,REC035,SPK002,train,6.896,data/processed/segments/REC035/REC035_SEG0028.wav,included,transmita ijjen n ṭṭariqa ijjen n lafizyun i rifiyen mux sḥissan mik tfekkan mik txarrasen ila axerih,yes
REC035_SEG0029,REC035,SPK002,train,4.048,data/processed/segments/REC035/REC035_SEG0029.wav,included,iress xelli ḍ netta ɛaweḍ niɣ ṭarifiṭ,yes
REC035_SEG0030,REC035,SPK002,train,13.104,data/processed/segments/REC035/REC035_SEG0030.wav,included,ḍ ijjen n lammi mwaḥ kullektifḍ ijjen n ḍḍakira jamaɛya kul teɣm giḍrifiṭ niɣ ku l pruviɣb niɣ kur izri gi ṭrifiṭ ḍ ijj,yes
REC035_SEG0031,REC035,SPK002,train,3.856,data/processed/segments/REC035/REC035_SEG0031.wav,included,lmuwruṭ nwaṭiṭ zi rjḍuḍ nneɣ,yes
REC035_SEG0032,REC035,SPK002,train,11.44,data/processed/segments/REC035/REC035_SEG0032.wav,included,dags rebɛaḍ n lemɛani dagss rebɛad nnnnn muxasyini lḥikam ḍ unsajes djan rebɛaḍ n lḥikam ḍagsen,yes
REC035_SEG0033,REC035,SPK002,train,3.312,data/processed/segments/REC035/REC035_SEG0033.wav,included,ḍagsen amhaweḍt waha ṭadeḥḥakṭ fahmed,yes
REC035_SEG0034,REC035,SPK002,train,1.68,data/processed/segments/REC035/REC035_SEG0034.wav,included,rbɛaḍi ddagsen izran,yes
REC035_SEG0035,REC035,SPK002,train,4.56,data/processed/segments/REC035/REC035_SEG0035.wav,included,iḍan lluɣa nettaṭ temsaras am am ijjen kart mimwar,yes
REC035_SEG0036,REC035,SPK002,train,4.656,data/processed/segments/REC035/REC035_SEG0036.wav,included,ijjen kart mimwar trunsmitiḍ dages qqaɛ min ydjan kultuɣel,yes
REC035_SEG0037,REC035,SPK002,train,9.744,data/processed/segments/REC035/REC035_SEG0037.wav,included,u ṭarifiḍ ɣas lɛalaqa ṭemɣa ak lutiɣitwaɣ lutiɣitwaɣ hiyya ḍ ṭammurṭ arif,yes
REC035_SEG0038,REC035,SPK002,train,2.64,data/processed/segments/REC035/REC035_SEG0038.wav,included,ɣas ijjen laliyezun ṭemɣa ak arif,yes
REC035_SEG0039,REC035,SPK002,train,10.0,data/processed/segments/REC035/REC035_SEG0039.wav,included,maṭalan tafeḍ ibeqquyen ɣasen bezzaf n litaɣm ɣasen lɛalaqa ak rebḥa ayṭwayaɣer ɣasen bezzaf n liteɣm ɣasen lɛalaqa ak jbel,yes
REC035_SEG0040,REC035,SPK002,train,6.448,data/processed/segments/REC035/REC035_SEG0040.wav,included,kur abilaj tafeḍ ɣas rebɛad n litiɣem xassin zzakes netta,yes
REC035_SEG0041,REC035,SPK002,train,8.08,data/processed/segments/REC035/REC035_SEG0041.wav,included,rebɛaḍ n remɛani xassin zzaks netta rebɛaḍ n lizanikdut xassin zzaks netta iḍan ɣaneɣ ijjen ladiveɣsiti,yes
REC035_SEG0042,REC035,SPK002,train,12.112,data/processed/segments/REC035/REC035_SEG0042.wav,included,gi ṭrifiṭ imken atiri nssawar ijjen iress xmi kidkum ssawareɣ djan rebɛad zzak wum ḍ ibeqquyan rebɛad ḍ ayṭwayaɣer rebɛaḍiṭ sḥab temsaman rebɛaḍiṭ ḍaytuzin ilaxirih,yes
REC035_SEG0043,REC035,SPK002,train,4.688,data/processed/segments/REC035/REC035_SEG0043.wav,included,walakin kurci tefhamemmay kulci ṭesnem min azzuɣ adiniɣ,yes
REC035_SEG0044,REC035,SPK002,train,1.072,data/processed/segments/REC035/REC035_SEG0044.wav,included,walakin,yes
REC035_SEG0045,REC035,SPK002,train,1.264,data/processed/segments/REC035/REC035_SEG0045.wav,included,gi nafs rweqṭ,yes
REC035_SEG0046,REC035,SPK002,train,6.064,data/processed/segments/REC035/REC035_SEG0046.wav,included,kur abilaj kur ṭaqbirṭ ɣas rebɛad lmufradaṭ ines weḥeds,yes
REC035_SEG0047,REC035,SPK002,train,1.584,data/processed/segments/REC035/REC035_SEG0047.wav,included,wami dyusa uspanyu,yes
REC035_SEG0048,REC035,SPK002,train,1.264,data/processed/segments/REC035/REC035_SEG0048.wav,included,ekriyad,yes
REC035_SEG0049,REC035,SPK002,train,3.248,data/processed/segments/REC035/REC035_SEG0049.wav,included,ṭamdint n lḥusima ṭamdint n lḥusima,yes
REC035_SEG0050,REC035,SPK002,train,3.44,data/processed/segments/REC035/REC035_SEG0050.wav,included,ira udjici qberaspanyu,yes
REC035_SEG0051,REC035,SPK002,train,5.584,data/processed/segments/REC035/REC035_SEG0051.wav,included,ira ḍin rebɛaḍ n beɛda lḥusima ṭusad gi teɣitwaɣ ibeqquyen,yes
REC035_SEG0052,REC035,SPK002,train,1.296,data/processed/segments/REC035/REC035_SEG0052.wav,included,ufi nefs lweqt,yes
REC035_SEG0053,REC035,SPK002,train,4.784,data/processed/segments/REC035/REC035_SEG0053.wav,included,njmɛen dags bezzaf ḍ iwḍan zi bezzaf n redcuraṭ ḍ bezzaf tqebbal,yes
REC035_SEG0054,REC035,SPK002,train,5.392,data/processed/segments/REC035/REC035_SEG0054.wav,included,tafed dags aytemsaman tafed dags ayt ttuzin tafed dags ayṭwayaɣer tafed dags ibeqquyen,yes
REC035_SEG0055,REC035,SPK002,train,3.92,data/processed/segments/REC035/REC035_SEG0055.wav,included,wami njemɛen iwḍana kurci ig idja ira msefraqen qber,yes
REC035_SEG0056,REC035,SPK002,train,3.856,data/processed/segments/REC035/REC035_SEG0056.wav,included,sakand ṭarifiṭ i nssawar gi lḥusima,yes
REC036_SEG0001,REC036,SPK002,train,3.76,data/processed/segments/REC036/REC036_SEG0001.wav,included,azul ayṭma suyṭma ssitemeɣ atirim mliḥ akiwem umaḍkum ayyub,yes
REC036_SEG0002,REC036,SPK002,train,9.648,data/processed/segments/REC036/REC036_SEG0002.wav,included,gi ṭɣimitta amux ḍacum nniɣ a nessiwer x min ḍaneɣ dejjan rejdud nneɣ niɣ lmuwruṭ niɣ min nwaṭ zagsen niɣ min ixessa anwadṭ zagsen,yes
REC036_SEG0003,REC036,SPK002,train,3.216,data/processed/segments/REC036/REC036_SEG0003.wav,included,gi ṭɣimitta a nssiwer gi cinn tmesrayin udjɣent cway,yes
REC036_SEG0004,REC036,SPK002,train,12.464,data/processed/segments/REC036/REC036_SEG0004.wav,included,gi ḍmesrayin igijjan zzaknaɣ yḍu ḍarifi niɣ lmujtamaɛ arifi ira nessen azzuɣ azzakkʷum talbeɣ ict tmesrayṭ mara iɛejbakum tsemma ṭiɣimiṭina iɛejbakum min teg,yes
REC036_SEG0005,REC036,SPK002,train,2.672,data/processed/segments/REC036/REC036_SEG0005.wav,included,partajamṭent ak yiwḍan ḥma adsedjen i min neqqa,yes
REC036_SEG0006,REC036,SPK002,train,1.552,data/processed/segments/REC036/REC036_SEG0006.wav,included,imkenasen xelli ḍ niṭni,yes
REC036_SEG0007,REC036,SPK002,train,2.288,data/processed/segments/REC036/REC036_SEG0007.wav,included,u ssitimaɣ akum yeɛjeb xelli ḍ kenniw,yes
REC036_SEG0008,REC036,SPK002,train,4.144,data/processed/segments/REC036/REC036_SEG0008.wav,included,amux ṭesneḍ ṭṭaqafa la kultur,yes
REC036_SEG0009,REC036,SPK002,train,6.352,data/processed/segments/REC036/REC036_SEG0009.wav,included,udji ci ḍ izran waha niɣ ḍ ḍiɣennijan niɣ ḍ reɣḍa ineddar niɣ inras,yes
REC036_SEG0010,REC036,SPK002,train,4.944,data/processed/segments/REC036/REC036_SEG0010.wav,included,ṭṭaqafa ḍ mux ytiḍar niɣ mux ytiɛic yijjen wayḍuṭ,yes
REC036_SEG0011,REC036,SPK002,train,4.208,data/processed/segments/REC036/REC036_SEG0011.wav,included,mux itemɛamal wayḍud nni ak iwḍan jan iwḍan ines ak iwḍan nedden,yes
REC036_SEG0012,REC036,SPK002,train,5.296,data/processed/segments/REC036/REC036_SEG0012.wav,included,am ɛawen u wayḍuḍ nni ḍwa umi neqqa lmuruṭ lejtimaɛi tsemma min nwaṭ,yes
REC036_SEG0013,REC036,SPK002,train,1.52,data/processed/segments/REC036/REC036_SEG0013.wav,included,zi rejdud neɣ,yes
REC036_SEG0014,REC036,SPK002,train,4.144,data/processed/segments/REC036/REC036_SEG0014.wav,included,nhara wiɣakumd ijjen n lka qqanas valensyana,yes
REC036_SEG0015,REC036,SPK002,train,7.472,data/processed/segments/REC036/REC036_SEG0015.wav,included,yenni gesnen valensyana uqqimen ci bezzaf necc sedjeɣ tsemma jeddi ḥenna ḍinaṭ ssawaren x valensyana,yes
REC036_SEG0016,REC036,SPK002,train,6.128,data/processed/segments/REC036/REC036_SEG0016.wav,included,lkara wanitin aneɣ yawi ɣa rejḍuḍ nneɣ anza mux ira ddan mux ira tiɛicen,yes
REC036_SEG0017,REC036,SPK002,train,4.08,data/processed/segments/REC036/REC036_SEG0017.wav,included,ḍ min ijjin zzegsen iwḍan nni gibnan arif inessen,yes
REC036_SEG0018,REC036,SPK002,train,2.416,data/processed/segments/REC036/REC036_SEG0018.wav,included,arif nneɣ i ɣaneɣ iɛiz,yes
REC036_SEG0019,REC036,SPK002,train,2.704,data/processed/segments/REC036/REC036_SEG0019.wav,included,arif igi djan nebda ntefqaḍiṭ rux,yes
REC036_SEG0020,REC036,SPK002,train,1.456,data/processed/segments/REC036/REC036_SEG0020.wav,included,akum bḍiɣ s umɛawen,yes
REC036_SEG0021,REC036,SPK002,train,11.664,data/processed/segments/REC036/REC036_SEG0021.wav,included,amɛawen igidjan ijjen z g pilan n wayḍu ḍarifi zi rururuf n wessan u min bayn tsemma amɛawenna ad nebḍa s ṭwiza,yes
REC036_SEG0022,REC036,SPK002,train,9.52,data/processed/segments/REC036/REC036_SEG0022.wav,included,mizi ṭwija ḍ nettaṭ i gi twessan gi arif amen ekmer axmi yazzu ḥed ad essawar ḍ ṭamurṭ niɣ ad imjar,yes
REC036_SEG0023,REC036,SPK002,train,1.712,data/processed/segments/REC036/REC036_SEG0023.wav,included,ṭewiza tfekkayas ṭimesrayen,yes
REC036_SEG0024,REC036,SPK002,train,2.544,data/processed/segments/REC036/REC036_SEG0024.wav,included,tnejmaɛend iwḍan n dca temɛawanen akis,yes
REC036_SEG0025,REC036,SPK002,train,5.008,data/processed/segments/REC036/REC036_SEG0025.wav,included,ḍanitin investment niɣ lestiṭmar n ayṭbab n dcar,yes
REC036_SEG0026,REC036,SPK002,train,5.968,data/processed/segments/REC036/REC036_SEG0026.wav,included,ḍi rweqṭ nsen udjibu ḍ tinɛacin lla ḍ rweqṭ ttiḍi nsen,yes
REC036_SEG0027,REC036,SPK002,train,4.944,data/processed/segments/REC036/REC036_SEG0027.wav,included,ṭwizaṭ ṭemmadjaneɣ ijjen n tmesrayṭ rejḍuḍ nneɣ ujjin ḥed weḥeḍes,yes
REC036_SEG0028,REC036,SPK002,train,9.648,data/processed/segments/REC036/REC036_SEG0028.wav,included,niɣ amux inna xalid izri aḍrar mara nisiṭ akis naca efsus iɛni aḍrar niɣ jbel mara neksiṭ s ṭwiza akis naka efsus,yes
REC036_SEG0029,REC036,SPK002,train,1.968,data/processed/segments/REC036/REC036_SEG0029.wav,included,ṭamserayṭ wiss nnayen ḍ gumɛawen,yes
REC036_SEG0030,REC036,SPK002,train,6.448,data/processed/segments/REC036/REC036_SEG0030.wav,included,bra ṭwiza rejduḍ nneɣ ira ssiɣan isuɣaren nsen niɣ materyal nsen i wenni iṭiḥrajjen,yes
REC036_SEG0031,REC036,SPK002,train,6.608,data/processed/segments/REC036/REC036_SEG0031.wav,included,ssiɣa n nqayer nesjur niɣ ḍ plantaṭ i wayawya mara ufan ḥed iḥrajjiṭenṭ,yes
REC036_SEG0032,REC036,SPK002,train,1.328,data/processed/segments/REC036/REC036_SEG0032.wav,included,manaya nfeqḍiṭ rux,yes
REC036_SEG0033,REC036,SPK002,train,6.544,data/processed/segments/REC036/REC036_SEG0033.wav,included,nettaṭ maṭalan ṭnayen lmmuḥal n ttijara mara ḥed zzagsen eḥraj cin tmesrayṭ wnedden adtisnufa zzagsen,yes
REC036_SEG0034,REC036,SPK002,train,2.288,data/processed/segments/REC036/REC036_SEG0034.wav,included,niɣ mara yusad cin kelliyenti yazzu cin,yes
REC036_SEG0035,REC036,SPK002,train,12.816,data/processed/segments/REC036/REC036_SEG0035.wav,included,cin tmesrayeṭ reɣda niɣ cin tmesrayṭ tmecca iqqaras may wa uɣayedji ci hiwa mayɣa tafeɣ iqqaras wa lmuhim ussineɣ ussineɣ wac atafeḍ ɣaren da gi lḥusima niɣ lla netta tira aqeṭ a wajja ines,yes
REC036_SEG0036,REC036,SPK002,train,1.488,data/processed/segments/REC036/REC036_SEG0036.wav,included,manaya nfeqdiṭ bezzaf,yes
REC036_SEG0037,REC036,SPK002,train,8.784,data/processed/segments/REC036/REC036_SEG0037.wav,included,ḍin amɛawen niɣ ṭiwizawin ḍ gi refruḥ mani ira tnejmaɛ ṭeqbicṭ tekkmer niɣ familya n mulay ḍ tesriṭ,yes
REC036_SEG0038,REC036,SPK002,train,5.04,data/processed/segments/REC036/REC036_SEG0038.wav,included,niɣ iwḍan iṭen dijawan teggen kur nha rfaḥ ɣa yejjen zzagsen,yes
REC036_SEG0039,REC036,SPK002,train,4.88,data/processed/segments/REC036/REC036_SEG0039.wav,included,maɣa ḥma aḍ ssefsusen x mulay ḍ tesriṭ igi dja yallah bdan ṭuḍaṭ nsen,yes
REC036_SEG0040,REC036,SPK002,train,5.744,data/processed/segments/REC036/REC036_SEG0040.wav,included,ṭamɛawent niɣ ṭwiza ira teggent xelli x ibujiren xelli x ṭyijjar,yes
REC036_SEG0041,REC036,SPK002,train,3.952,data/processed/segments/REC036/REC036_SEG0041.wav,included,tsexxanasend scanṭen aṭen sseswen aṭen sseḍren,yes
REC036_SEG0042,REC036,SPK002,train,7.856,data/processed/segments/REC036/REC036_SEG0042.wav,included,ayṭbab n dca niɣ familya jarasen ḥetta demɣarn iḥuḍriyen nni aduwren ḍ yagazen ruxennit adxeḍmen x ixefensen,yes
REC036_SEG0043,REC036,SPK002,train,2.8,data/processed/segments/REC036/REC036_SEG0043.wav,included,s manaya mizi ira djan rejḍuḍ nneɣ bedden,yes
REC036_SEG0044,REC036,SPK002,train,2.64,data/processed/segments/REC036/REC036_SEG0044.wav,included,wa ytɛawan wa wa yessiɣa fus i wa,yes
REC036_SEG0045,REC036,SPK002,train,6.064,data/processed/segments/REC036/REC036_SEG0045.wav,included,ḍin ijjen wawar seglinziṭ ixessa adyinni manaya qanas billunigin niɣ lintima,yes
REC036_SEG0046,REC036,SPK002,train,2.544,data/processed/segments/REC036/REC036_SEG0046.wav,included,ḍ manaya mizi nesḥissa ira ḍirifiyen,yes
REC036_SEG0047,REC036,SPK002,train,3.568,data/processed/segments/REC036/REC036_SEG0047.wav,included,ataf txelli iḥamucen tsemma iḥuḍeriyen,yes
REC036_SEG0048,REC036,SPK002,train,1.52,data/processed/segments/REC036/REC036_SEG0048.wav,included,aqen gi ijjen n ccariɛ,yes
REC036_SEG0049,REC036,SPK002,train,5.68,data/processed/segments/REC036/REC036_SEG0049.wav,included,maṭalan ksend aḍ kifen ad yeɛḍa cin ijjen waxxa udji bu ḍ familiya nsen qqaɛ,yes
REC036_SEG0050,REC036,SPK002,train,3.44,data/processed/segments/REC036/REC036_SEG0050.wav,included,wedji bu dajja nsen tsemma ḍajja wah usen diteɛni ci,yes
REC036_SEG0051,REC036,SPK002,train,5.904,data/processed/segments/REC036/REC036_SEG0051.wav,included,asenn iɛan ciḥaja iseqqiren aṭen inebbeh imken ad issiwer ak lwalidin nsen,yes
REC036_SEG0052,REC036,SPK002,train,3.312,data/processed/segments/REC036/REC036_SEG0052.wav,included,s manaya ira nesḥissa aqaneɣ tsemma am cɣer ḍ ijjen n familya,yes
REC036_SEG0053,REC036,SPK002,train,4.848,data/processed/segments/REC036/REC036_SEG0053.wav,included,ijjen n tmesrayeṭ nnedden jjanaɣtid rejduḍ nneɣ ḍ aweqqa,yes
REC036_SEG0054,REC036,SPK002,train,5.008,data/processed/segments/REC036/REC036_SEG0054.wav,included,aweqqar udjibu ḍ isem aweqqar ḍ abriḍ z gg briḍen n tuḍaṭ,yes
REC036_SEG0055,REC036,SPK002,train,2.32,data/processed/segments/REC036/REC036_SEG0055.wav,included,amezgaru aweqqar n familya,yes
REC036_SEG0056,REC036,SPK002,train,1.648,data/processed/segments/REC036/REC036_SEG0056.wav,included,mara menɣen ṭnayen iḍsen,yes
REC036_SEG0057,REC036,SPK002,train,5.68,data/processed/segments/REC036/REC036_SEG0057.wav,included,ira ɛemmasasen tsedjeḍ jebbḍend niɣ tukkan ayaweya s familya nsen,yes
REC036_SEG0058,REC036,SPK002,train,3.44,data/processed/segments/REC036/REC036_SEG0058.wav,included,ira mara kkand akis familya nni,yes
REC036_SEG0059,REC036,SPK002,train,2.768,data/processed/segments/REC036/REC036_SEG0059.wav,included,nreɛdu ines ytweqqariṭen,yes
REC036_SEG0060,REC036,SPK002,train,1.488,data/processed/segments/REC036/REC036_SEG0060.wav,included,irara xasen ssalam,yes
REC036_SEG0061,REC036,SPK002,train,2.224,data/processed/segments/REC036/REC036_SEG0061.wav,included,ḍin aweqqar yiwḍan inumɣan,yes
REC036_SEG0062,REC036,SPK002,train,7.952,data/processed/segments/REC036/REC036_SEG0062.wav,included,gi yarif ira iwḍan inumɣan awar nsen itwaḥettaram bezzaf mara ssiwren gi rmejmaɛ rmejmaɛ ikmer isɣuḍa,yes
REC036_SEG0063,REC036,SPK002,train,6.64,data/processed/segments/REC036/REC036_SEG0063.wav,included,ira mara ɛḍand attaf inek ixessasen tzureḍ ajedjif niɣasen tzureḍ fus ḍwa umi qqan aweqqar,yes
REC036_SEG0064,REC036,SPK002,train,1.456,data/processed/segments/REC036/REC036_SEG0064.wav,included,manaya nfeqdiṭ bezzaf,yes
REC036_SEG0065,REC036,SPK002,train,4.208,data/processed/segments/REC036/REC036_SEG0065.wav,included,ḍin aweqqa n jmaɛeṭ aweqqa n jmaɛeṭ ḍ ijjen tmutru,yes
REC036_SEG0066,REC036,SPK002,train,4.656,data/processed/segments/REC036/REC036_SEG0066.wav,included,mizi qber madyaḍef uspanyu ira kur ṭaqbirṭ ɣas jmaɛeṭ ines,yes
REC036_SEG0067,REC036,SPK002,train,8.624,data/processed/segments/REC036/REC036_SEG0067.wav,included,jmaɛeṭ nni ḍ nettat igi teḥkamen gi teqbirṭ nni ḍ nettat i gissawaren s isem n teqbirṭ nni imezḍaɣ n dcar nni niɣ nn dcuraṭ,yes
REC037_SEG0002,REC037,SPK002,train,1.904,data/processed/segments/REC037/REC037_SEG0002.wav,included,ɛemmas utesseqsim ixefenkum,yes
REC037_SEG0003,REC037,SPK002,train,9.296,data/processed/segments/REC037/REC037_SEG0003.wav,included,mux ɣa deffɣen idellisen niɣ lektub n miden yurin sseglinziṭ niɣ s fransisṭ niɣ s ccin luɣa nnedden mux ɣa yerin s ṭrifiṭ,yes
REC037_SEG0004,REC037,SPK002,train,3.056,data/processed/segments/REC037/REC037_SEG0004.wav,included,txilemd akidi lkitab nlitel prins,yes
REC037_SEG0006,REC037,SPK002,train,2.064,data/processed/segments/REC037/REC037_SEG0006.wav,included,mara nurit s ṭrifiṭ aḍaneɣ tuc,yes
REC037_SEG0007,REC037,SPK002,train,3.024,data/processed/segments/REC037/REC037_SEG0007.wav,included,anaḍur i gisfan itiri s wur waha,yes
REC037_SEG0008,REC037,SPK002,train,4.56,data/processed/segments/REC037/REC037_SEG0008.wav,included,mara neɣra ṭira s ṭrifiṭ aḍaneɣ dyawi abbi ira lkawen ikmer issawar s iress enneɣ,yes
REC037_SEG0009,REC037,SPK002,train,2.608,data/processed/segments/REC037/REC037_SEG0009.wav,included,nhara anxares g useqsiya,yes
REC037_SEG0010,REC037,SPK002,train,2.416,data/processed/segments/REC037/REC037_SEG0010.wav,included,etband isher maca netta yuɛar,yes
REC037_SEG0011,REC037,SPK002,train,1.264,data/processed/segments/REC037/REC037_SEG0011.wav,included,aseqesi iqqar,yes
REC037_SEG0012,REC037,SPK002,train,5.552,data/processed/segments/REC037/REC037_SEG0012.wav,included,wac ixessaneɣ anestarjem llitrater niɣ ladab lɛalami ɣar ṭrifiṭ niɣ lla,yes
REC037_SEG0013,REC037,SPK002,train,13.616,data/processed/segments/REC037/REC037_SEG0013.wav,included,rux ṭaɣimitta aḍags netxayel marra yeḍneɣ min ɣa ṭiri beddren gi wayḍuḍ nneɣ mara qqaɛ min ydjan gi l adab lɛalami aqaṭ ɣaneɣ s ṭrifiṭ s iress nneɣ translated iɛni emterjam,yes
REC037_SEG0014,REC037,SPK002,train,3.472,data/processed/segments/REC037/REC037_SEG0014.wav,included,ḥuma anebda awar ixessa aneɛqeb gi zzman ad ṭkamin,yes
REC094_SEG0002,REC094,SPK009,train,3.376,data/processed/segments/REC094/REC094_SEG0002.wav,reviewed,adlis n umezruy n wexraq n yasuɛ lmasiḥ,yes
REC094_SEG0004,REC094,SPK009,train,18.032,data/processed/segments/REC094/REC094_SEG0004.wav,reviewed,yahuda ijja dd faris ḍ zaraḥ ak ḍ tamar faris ijja dd ḥasrun ḥasrun ijja dd aram aram ijja dd ɛamminadab ɛamminadab ijja dd naḥcun naḥcun ijja dd salmun salmun ijja dd buɛaz zi raḥab,yes
REC094_SEG0005,REC094,SPK009,train,12.744,data/processed/segments/REC094/REC094_SEG0005.wav,reviewed,buɛaz ijja dd ɛubid ak ḍ raɛut ɛubid ijja dd yassa yassa ijja dd dawud ajedjid uca dawud ijja dd suliman ak ḍ ṭemɣarṭ n uriya,yes
REC094_SEG0006_PART01,REC094,SPK009,train,11.732,data/processed/segments/REC094/REC094_SEG0006_PART01.wav,reviewed,suliman ijja dd raḥabɛam raḥabɛam ijja dd abiya abiya ijja dd asa asa ijja dd yahucafaṭ yahucafaṭ ijja dd yuram,yes
REC094_SEG0007,REC094,SPK009,train,7.76,data/processed/segments/REC094/REC094_SEG0007.wav,reviewed,amun ijja dd yuciya yuciya ijja dd yakunya ḍ ayṭmas deg wussan n nehbast ḍi babil,yes
REC094_SEG0008_PART01,REC094,SPK009,train,11.988,data/processed/segments/REC094/REC094_SEG0008_PART01.wav,reviewed,awarni awmi xsan uzren ɣar ḍi babil yakunya ijja dd caɛaltiyil caɛaltiyil ijja dd zarubbabil zarubbabil ijja dd abihud abihud,yes
REC094_SEG0011,REC094,SPK009,train,12.656,data/processed/segments/REC094/REC094_SEG0011.wav,reviewed,ammu i yemsar wexraq n yasuɛ lmasiḥ umi yemmas maryam tuɣa tt ḍ tanexḍebt n yusuf iḍhar dd belli nettat teksi aɛeddis zi arruḥ iqeddsen qber i ɣa mercen,yes
REC094_SEG0013,REC094,SPK009,train,13.584,data/processed/segments/REC094/REC094_SEG0013.wav,reviewed,minzi wenni i ḍayes dd ixerqen aqa netta zi arruḥ iqeddsen nettat ad dd taruw aḥenjir nettat ad t tsemma yasuɛ minzi netta ad issenjem rgens nnes zi ddnub nsen,yes
REC094_SEG0014,REC094,SPK009,train,17.68,data/processed/segments/REC094/REC094_SEG0014.wav,reviewed,marra aya imsar ḥima ad ittwakemmer min inna sidi s uqemmum n unabi umi inna xzar taɛzarect ad teksi ddeyset uca ad dd taruw aḥenjir adas ggen ɛimmanu il min ixes ad yini arebbi nneɣ aqa t akidneɣ,yes
REC094_SEG0015,REC094,SPK009,train,18.352,data/processed/segments/REC094/REC094_SEG0015.wav,reviewed,rami dd ifaq yusuf zeg iḍes igga am mammec tt yumur lmalak n sidi uca yiwyi dd tamɣart nnes ɣares uca netta war ɣares dd iqarreb ca arami dd turuw mmis amenzu uca tsemma t yeccu,yes
REC095_SEG0003_PART02,REC095,SPK009,train,11.4,data/processed/segments/REC095/REC095_SEG0003_PART02.wav,reviewed,nnan ḍi bayt laḥm ḍi yahudiyya minzi ḍ man aya i yuran s ufus n unabi ura ḍ cem bayt laḥm ḍi ṭammurṭ n yahuda,yes
REC095_SEG0004,REC095,SPK009,train,11.824,data/processed/segments/REC095/REC095_SEG0004.wav,reviewed,cem war tedjid ca ḍ tamezyant jar rhukam n yahuda minzi zzayem dd ɣa iffeɣ ujedjid wenni i ɣa yarewsen rgens inu israil,yes
REC095_SEG0006,REC095,SPK009,train,16.56,data/processed/segments/REC095/REC095_SEG0006.wav,reviewed,ḥima ura ḍ necc ad dd aseɣ adas sejdeɣ awarni rami srin i wawar n ujedjid ruḥen uca xzar itri i zrin ḍi ccarq iggur zzatsen arami dd yiweḍ uca ibedd sennej i wemcan mani idja uḥenjir,yes
REC095_SEG0007_PART02,REC095,SPK009,train,10.936,data/processed/segments/REC095/REC095_SEG0007_PART02.wav,reviewed,sejdenas xenni arezmen reknuz nsen uca qeddmenas tirzifin ureɣ mirru ḍ refwaḥet n rebxur,yes
REC095_SEG0009,REC095,SPK009,train,8.944,data/processed/segments/REC095/REC095_SEG0009.wav,reviewed,tarewra ɣar misra umi ruḥen iḍhar dd lmalak n sidi ɣar yusuf ḍi tarjit inna kkar,yes
REC095_SEG0010_PART02,REC095,SPK009,train,10.888,data/processed/segments/REC095/REC095_SEG0010_PART02.wav,reviewed,ad t isshellek uca ikkar dd yusuf yiwi aḥenjir ḍ yemmas s djiret uca yarwer ɣar misra iqqim dinni arami immut hirudus,yes
REC095_SEG0011,REC095,SPK009,train,10.16,data/processed/segments/REC095/REC095_SEG0011.wav,reviewed,ḥima ad ittwakemmer min ittwannan zi sidi zeg unabi i innan raɣiɣ dd x mmi ḥima ad iffeɣ zi misra,yes
REC095_SEG0013_PART01,REC095,SPK009,train,12.52,data/processed/segments/REC095/REC095_SEG0013_PART01.wav,reviewed,rami izra hirudus belli imusnawen cemten t ixeyyeq attas uca issekk inɣa marra iḥenjiren n bayt laḥm ḍ qqaɛ jjwayeh i ḍas dd yudsen marra iḥ,yes
REC095_SEG0013_PART02,REC095,SPK009,train,12.52,data/processed/segments/REC095/REC095_SEG0013_PART02.wav,reviewed,enjiren zi ṭnayen n iseggʷusa swadday ɛlaḥsab rweqt i yiweḍ ad issen zeg imusnawen rexdenni ittwakemmer min ittwannan zeg unabi irmiya umi inna,yes
REC095_SEG0014,REC095,SPK009,train,13.616,data/processed/segments/REC095/REC095_SEG0014.wav,reviewed,tmijja tettwaser ḍi rama imettawen ḍ tɣuyyit n wecḍan attas rahil tettru x iḥenjiren nnes war tettexs ad tettwaɛezza minzi niṭni war qqimen ɛad,yes
REC095_SEG0015,REC095,SPK009,train,2.672,data/processed/segments/REC095/REC095_SEG0015.wav,reviewed,adwar zi misra ɣar nasera,yes
REC095_SEG0017_PART01,REC095,SPK009,train,12.46,data/processed/segments/REC095/REC095_SEG0017_PART01.wav,reviewed,arxilawus iḍwer ḍ ajedjid ḍi yahudiyya deg wemcan n babas hirudus iggʷed ad iraḥ dinni xenni iweḥḥas dd arebbi ḍi tarjit maḥend ad iraḥ ɣar jjwayeh,yes
REC095_SEG0017_PART02,REC095,SPK009,train,12.46,data/processed/segments/REC095/REC095_SEG0017_PART02.wav,reviewed,n ljalil rami dd yiweḍ izdeɣ ḍi tendint qqarenas nnasira ḥima ad ittwakemmer min ittwannan zeg unabi i innan ad t semman nnasiri,yes
REC096_SEG0001,REC096,SPK009,train,2.896,data/processed/segments/REC096/REC096_SEG0001.wav,reviewed,abarreḥ n yuḥanna amseɣḍas,yes
REC096_SEG0003_PART01,REC096,SPK009,train,10.92,data/processed/segments/REC096/REC096_SEG0003_PART01.wav,reviewed,tmijja i ittraɣan ḍi rexra swejdem abrid n sidi seggem imesraq nnes yuḥanna wanita tuɣa yarreḍ arruḍ n ta,yes
REC096_SEG0004_PART01,REC096,SPK009,train,10.616,data/processed/segments/REC096/REC096_SEG0004_PART01.wav,reviewed,rexdenni teffeɣ dd ɣares urcalim ḍ qqaɛ yahudiyya ḍ marra jjwayeh i ḍas dd innḍen i l urdun uca ttwassɣeḍsen zzayes,yes
REC096_SEG0004_PART02,REC096,SPK009,train,10.616,data/processed/segments/REC096/REC096_SEG0004_PART02.wav,reviewed,deg iɣzar n l urdun neɛmen s ddnub nsen rami izra attas n ifarisiyyen ḍ isaduqiyyen ttasen dd maḥend ad ttwassɣeḍsen inna asen,yes
REC096_SEG0005,REC096,SPK009,train,15.248,data/processed/segments/REC096/REC096_SEG0005.wav,reviewed,a ṭarwa n ifiɣran wi ḍ awem imren aqa tzemmarem ad tarewrem zeg weɣḍab i dd ɣa yasen ggem rɣidjet i ɣa iriqqen i ttubet war ttɣirem ca ad tinim deg ixef nwem ibrahim ḍ jedditneɣ,yes
REC096_SEG0006_PART01,REC096,SPK009,train,14.024,data/processed/segments/REC096/REC096_SEG0006_PART01.wav,reviewed,minzi necc ad awem iniɣ belli arebbi izemmar ad issnekkar zeg izra ya ṭarwa i ibrahim xzar tacaqurt tettwassars ɣar izewran n tcejjura,yes
REC096_SEG0007_PART01,REC096,SPK009,train,11.752,data/processed/segments/REC096/REC096_SEG0007_PART01.wav,reviewed,necc war sdihidjeɣ ad ksiɣ sandaliyat nnes aqa netta ad kenniw isseɣḍes ḍi arruḥ iqeddsen ḍ ṭmessi tazzart nnes deg ufus nnes ad izzu,yes
REC096_SEG0008,REC096,SPK009,train,5.232,data/processed/segments/REC096/REC096_SEG0008.wav,reviewed,aseɣḍes n yasuɛ s waman sufus n yuḥanna amseɣḍas,yes
REC096_SEG0011_PART01,REC096,SPK009,train,12.699,data/processed/segments/REC096/REC096_SEG0011_PART01.wav,reviewed,rexdenni isamḥas awarni rami ittwasseɣḍes yasuɛ yuri dd zeg waman deɣya u ttwarzmenas ijenwan uca izra arruḥ n are,yes
REC096_SEG0011_PART02,REC096,SPK009,train,12.699,data/processed/segments/REC096/REC096_SEG0011_PART02.wav,reviewed,bbi ihwa dd am tadbirt tarsa xas xzar tusa dd ict n tmijja zeg ijenwan ṭenna ḍ wa ḍ mmi iɛizzen ḍayes ufiɣ arḍa inu xariṭa n ṭammurṭ n israil ḍi rweqt n yeccu lmasiḥ mt,yes
REC097_SEG0001,REC097,SPK009,train,3.472,data/processed/segments/REC097/REC097_SEG0001.wav,reviewed,ibris ittjarreb yasuɛ ḍi rexra,yes
REC097_SEG0002_PART02,REC097,SPK009,train,11.96,data/processed/segments/REC097/REC097_SEG0002_PART02.wav,reviewed,jjuɛ ɣar uneggar yusa dd ɣares umjarrab innas mara cek ḍ mmis n arebbi ini i izra ya ad dewren ḍ aɣrum yarra dd xas inna aqa tura,yes
REC097_SEG0003,REC097,SPK009,train,7.504,data/processed/segments/REC097/REC097_SEG0003.wav,reviewed,bnaḍem war iddar s weɣrum waha maca zi kur awar i dd ittekken zeg uqemmum n arebbi,yes
REC097_SEG0004_PART02,REC097,SPK009,train,13.032,data/processed/segments/REC097/REC097_SEG0004_PART02.wav,reviewed,ɣar wadday minzi aqa tura ad yumur lmalakat nnes xak ad cek ksint x ifassen nsent ḥima aḍar nnec war ineggeḥ ca azru,yes
REC097_SEG0005,REC097,SPK009,train,16.624,data/processed/segments/REC097/REC097_SEG0005.wav,reviewed,yasuɛ innas tura ɛaweḍ war ttjarrab sidi arebbi nnec yiwyi t ɛaweḍ ibris ɣar wedrar yuɛran attas isscenas marra tigeldiwin n ddunect ḍ uɛudji nsent innas,yes
REC097_SEG0006,REC097,SPK009,train,18.0,data/processed/segments/REC097/REC097_SEG0006.wav,reviewed,ad ac wceɣ marra man aya mara tewḍid ayi ɣar iḍaren ad ayi tsejded innas yasuɛ ruḥ a cciṭan minzi tura sidi arebbi nnec umi ɣa tsejded u i netta weḥḥdes umi ɣa tsexxared,yes
REC097_SEG0011_PART01,REC097,SPK009,train,10.12,data/processed/segments/REC097/REC097_SEG0011_PART01.wav,reviewed,rgens i iqqimen ḍi tadjest izra tafawt tameqqrant u x yinni izedɣen ḍi ṭammurṭ ḍ tiri n rmewt aqa tenqar dd,yes
REC097_SEG0011_PART02,REC097,SPK009,train,10.12,data/processed/segments/REC097/REC097_SEG0011_PART02.wav,reviewed,xasen tfawt zi ssin ibḍa yasuɛ ittbarreḥ inna tubem minzi tageldit n ijenwan aqa tudes dd,yes
REC097_SEG0015_PART02,REC097,SPK009,train,14.152,data/processed/segments/REC097/REC097_SEG0015_PART02.wav,reviewed,ak ḍ babatsen zabdi deg uɣarrabu ɛeddren tiracciwin nsen uca netta iraɣa xasen deɣya semḥen deg uɣarrabu u ḍi babatsen ḍfaren t,yes
REC097_SEG0017_PART01,REC097,SPK009,train,13.592,data/processed/segments/REC097/REC097_SEG0017_PART01.wav,reviewed,tuɣa ittenneḍ ḍi ṭammurṭ n ljalil marra issermad ḍi ṭemzidawin nsen ittbarreḥ s rexbar asebḥan n tgeldit uca issgenfa kur rehrac ḍ kur,yes
REC097_SEG0017_PART02,REC097,SPK009,train,13.592,data/processed/segments/REC097/REC097_SEG0017_PART02.wav,reviewed,reɛyubat i idjan ḍi rgens iffeɣ rexbar xas ḍi suriya marra uca iwyen dd ɣares marra imehrac inni ɣar idja ɛram kur rehrac ḍ reḥriq,yes
REC098_SEG0003_PART01,REC098,SPK009,train,10.824,data/processed/segments/REC098/REC098_SEG0003_PART01.wav,reviewed,minzi tageldit n ijenwan aqa tt i niṭni sseɛd n yinni ittecḍinen minzi niṭni ad ttwaɛezzan sseɛd n imwaḍɛen,yes
REC098_SEG0006_PART01,REC098,SPK009,train,12.184,data/processed/segments/REC098/REC098_SEG0006_PART01.wav,reviewed,sseɛd i kenniw mara ttɛayaren u ttdarracen xawem uca ad xawem inin ɛram kur awaren iɛeffanen x ssibbet inu waxxa ssxarriqen farḥem,yes
REC098_SEG0006_PART02,REC098,SPK009,train,12.184,data/processed/segments/REC098/REC098_SEG0006_PART02.wav,reviewed,sriwerwem minzi rmunet nwem ḍ tameqqrant deg ijenwan minzi ammu i tuɣa ttdarracen inabiyyen inni qber nwem,yes
REC098_SEG0008,REC098,SPK009,train,15.536,data/processed/segments/REC098/REC098_SEG0008.wav,reviewed,kenniw ḍ tamedjaḥt n ṭammurṭ maca mara tamedjaḥt ixessar ureddi nnes mammec ɣa negg ad tt narr ḍ tamedjaḥt war tneffeɛ ɛad i walu ḥaca ad temmenḍar ɣar barra ad xas ɛefsen iwḍan,yes
REC098_SEG0009_PART01,REC098,SPK009,train,13.656,data/processed/segments/REC098/REC098_SEG0009_PART01.wav,reviewed,kenniw ḍ tafawt n ddunect tandint i ittwabnan x wedrar war tzemmar ad tennuffar war ssreqqin refnar uca ad t ssarsen sadu rmud maca ad t ssarsen x rmerfeɛ,yes
REC098_SEG0009_PART02,REC098,SPK009,train,13.656,data/processed/segments/REC098/REC098_SEG0009_PART02.wav,reviewed,maḥend ad yarɣ i marra inni idjan ḍi ṭaddarṭ jjem tafawt nwem ad tarɣ i iwḍan ḥima ad zaren rexḍayem nwem icnan ad ssuɛran babatwem i idjan deg ijenwan,yes
REC098_SEG0011,REC098,SPK009,train,12.624,data/processed/segments/REC098/REC098_SEG0011.wav,reviewed,aqa ad awem ittɣir aqa usiɣ dd ḥima ad ssbettreɣ ccariɛa niɣ inabiyyen necc war dd usiɣ ca ḥima ad ssbettreɣ maca ḥima ad kemmreɣ,yes
REC098_SEG0012_PART02,REC098,SPK009,train,11.768,data/processed/segments/REC098/REC098_SEG0012_PART02.wav,reviewed,s uya wenni i ɣa issbettren zi twessa ya icten waxxa ḍ tamezyant uca issermad iwḍan ammu ad ittwasemma ḍ amezyan ḍi tgeldit n ijenwan,yes
REC098_SEG0014,REC098,SPK009,train,2.192,data/processed/segments/REC098/REC098_SEG0014.wav,reviewed,axyeq ḍ wenɣay,yes
REC098_SEG0015_PART01,REC098,SPK009,train,10.488,data/processed/segments/REC098/REC098_SEG0015_PART01.wav,reviewed,aqa tesrim belli ittwanna i rejdud war neqq u wenni ineqqen ad ittwaḥaseb maca necc ad awem iniɣ marra wenni,yes
REC098_SEG0015_PART02,REC098,SPK009,train,10.488,data/processed/segments/REC098/REC098_SEG0015_PART02.wav,reviewed,ittxeyyaqen x umas bra ssibbet nhra ma ad xas ittwaḥakem u marra wenni iqqaren i umas ad xak ssusfeɣ,yes
REC098_SEG0020_PART02,REC098,SPK009,train,13.944,data/processed/segments/REC098/REC098_SEG0020_PART02.wav,reviewed,mara tessenqarḍ cek ṭitt nnec tafusect qess i tt nḍar i tt xak iḥra ac mara iweddar ijjen ttarf n arrimet nnec x uwettu n arrimet nnec marra ḍi jehennama,yes
REC098_SEG0021,REC098,SPK009,train,14.928,data/processed/segments/REC098/REC098_SEG0021.wav,reviewed,mara tessenqarḍ cek afus nnec afusi qess i t nḍar i t xak minzi iḥra ac mara iweddar ijjen ttarf n arrimet nnec waha x uwettu n arrimet nnec marra ḍi jehennama,yes
REC098_SEG0022,REC098,SPK009,train,1.072,data/processed/segments/REC098/REC098_SEG0022.wav,reviewed,adjaf,yes
REC098_SEG0025,REC098,SPK009,train,19.248,data/processed/segments/REC098/REC098_SEG0025.wav,reviewed,aqa tesrim ɛaweḍ belli ittwanna i rejdud war tejjadjid zur maca egg min tejjudjed i sidi maca necc ad awem iniɣ war tejjadjam ɛemmas ura ɣar ujenna minzi netta ḍ rɛarc n arebbi,yes
REC098_SEG0026,REC098,SPK009,train,5.392,data/processed/segments/REC098/REC098_SEG0026.wav,reviewed,ura ɣar ṭammurṭ minzi nettat ḍ tanebdat sadu iḍaren nnes,yes
REC098_SEG0027_PART01,REC098,SPK009,train,12.888,data/processed/segments/REC098/REC098_SEG0027_PART01.wav,reviewed,ura ɣar tendint n urcalim minzi nettat ḍ tandint n ujedjid ḍ ameqqran war tejjadjam ura ɣar uzedjif nnec minzi war tzemmared ad tarred ura ḍ ijjen uzettu,yes
REC098_SEG0029,REC098,SPK009,train,5.872,data/processed/segments/REC098/REC098_SEG0029.wav,reviewed,aqa tesrim belli ittwanna ṭitt s ṭitt ḍ tiɣmest s teɣmest,yes
REC098_SEG0030_PART02,REC098,SPK009,train,14.664,data/processed/segments/REC098/REC098_SEG0030_PART02.wav,reviewed,uca netta ad xak ikkes tcamir nnec ejj i t ad iksi ura ḍ ajedjab wenni xak iggin bezzez ḥima ad kides tuyured ijjen kilumitr uyur akides ṭnayen,yes
REC098_SEG0033_PART01,REC098,SPK009,train,11.64,data/processed/segments/REC098/REC098_SEG0033_PART01.wav,reviewed,aqa tesrim belli ittwanna ad texsed jjar nnec ad tcarhed reɛdu nnec maca necc ad awem iniɣ xsem rɛedyan nwem u barkem inni kenniw ineɛɛren,yes
REC098_SEG0033_PART02,REC098,SPK009,train,11.64,data/processed/segments/REC098/REC098_SEG0033_PART02.wav,reviewed,ggem tcuni i yinni kenniw icarrhen zadjem i yinni kenniw ittawyen ḍ imeḥbas ḍ yinni xawem ittdarracen ḥima ad tirim ḍ ṭarwa n babatwem i idjan deg ijenwan,yes
REC098_SEG0034_PART01,REC098,SPK009,train,13.78,data/processed/segments/REC098/REC098_SEG0034_PART01.wav,reviewed,minzi netta issneqqar tafuct nnes x iɛeffanen ḍ isebḥanen uca netta yarexxu dd i wenzar ḥima ad iwwet x imseggaden u x yinni war iseggden minzi mara texsem,yes
REC099_SEG0002_PART01,REC099,SPK009,train,14.476,data/processed/segments/REC099/REC099_SEG0002_PART01.wav,reviewed,ḥḍam war tseddaqem zzat i iwḍan ḥima ad kenniw zaren mara amya war ɣarwem ittiri bu rajar zi babatwem i idjan deg ijenwan mara tseddqed war tt ttegg ḍi rbu,yes
REC099_SEG0003,REC099,SPK009,train,16.344,data/processed/segments/REC099/REC099_SEG0003.wav,reviewed,xmi ɣa tseddqed ittxessa afus nnec azermaḍ war issin min ittegg ufusi nnec ḥima ssedqet nnec ad tiri s tnuffra uca babac wenni ittwaran ḍi tnuffra ad cek ixedjes s bṭayṭay,yes
REC099_SEG0007_PART01,REC099,SPK009,train,12.12,data/processed/segments/REC099/REC099_SEG0007_PART01.wav,reviewed,war ttirim xenni am niṭni minzi babatwem issen min teḥdajem qber ḍas i ɣa tettarem ca ammu i ɣa tezzadjem kenniw a babatneɣ i idjan deg ijenwan,yes
REC099_SEG0007_PART02,REC099,SPK009,train,12.12,data/processed/segments/REC099/REC099_SEG0007_PART02.wav,reviewed,isem nnec ad yiri ittwaqeddes ejj ad dd tas tgeldit nnec ad yiri rxaḍar nnec am deg ujenna ammu ɛaweḍ ḍi ṭammurṭ ewc aneɣ ass a aɣrum n kur ass,yes
REC099_SEG0009_PART01,REC099,SPK009,train,10.152,data/processed/segments/REC099/REC099_SEG0009_PART01.wav,reviewed,maɣar mara kenniw tsamḥem i iwḍan i iɛeddiyen nsen ura ḍ babatwem i idjan deg ijenwan ad awem iɣfar,yes
REC099_SEG0010,REC099,SPK009,train,18.864,data/processed/segments/REC099/REC099_SEG0010.wav,reviewed,azummi mara tzummem war tteggem aɣembub abarcan am yimnafqen inni issneqraben aɣembub nsen ḥima ad ṭen zaren iwḍan belli aqa zummen s tidett necc ad awem iniɣ aqa niṭni ufin rajar nsen zi beɛda,yes
REC099_SEG0011,REC099,SPK009,train,18.768,data/processed/segments/REC099/REC099_SEG0011.wav,reviewed,maca cek mara tzummed dhen azedjif nnec uca sired aɣembub nnec ḥima war tbinid ca i iwḍan belli tettzummed maca i babac wenni idjan ḍi tnuffra uca babac i ittwaran ḍi tnuffra aqa netta i cek i ɣa ixedjsen,yes
REC099_SEG0012,REC099,SPK009,train,2.0,data/processed/segments/REC099/REC099_SEG0012.wav,reviewed,reknuz ḍ gjunna,yes
REC099_SEG0014_PART01,REC099,SPK009,train,11.64,data/processed/segments/REC099/REC099_SEG0014_PART01.wav,reviewed,u mani ɣa ssnuqqben ixewwanen ad ṭen acaren maca smunem i yixef nwem reknuz deg ujenna mani war ṭen tettett ca tcinda,yes
REC099_SEG0014_PART02,REC099,SPK009,train,11.64,data/processed/segments/REC099/REC099_SEG0014_PART02.wav,reviewed,ḍ ddra u mani war ssnuqquben ixewwanen war ṭen ttacaren minzi mani ɣa yiri rkenz nnec aqa ad din yiri ura ḍ ur nnec,yes
REC099_SEG0018_PART02,REC099,SPK009,train,10.232,data/processed/segments/REC099/REC099_SEG0018_PART02.wav,reviewed,netta ad icarh ijjen ad ixes wenneɣni niɣ ad iweqqar ijjen ad isseḥqar wenneɣni kenniw war tzemmarem ad tsexxarem i arebbi ḍ tenɛacin,yes
REC099_SEG0019,REC099,SPK009,train,1.168,data/processed/segments/REC099/REC099_SEG0019.wav,reviewed,imunas,yes
REC099_SEG0021_PART01,REC099,SPK009,train,12.952,data/processed/segments/REC099/REC099_SEG0021_PART01.wav,reviewed,ma war teḥri ṭudarṭ x macca niɣ arrimet x warruḍ xzarem ɣar ijḍaḍ n ujenna aqa niṭni war zarrɛen war mejjaren uca war ttxemmiren ḍi remrasi waxxa amenni,yes
REC099_SEG0021_PART02,REC099,SPK009,train,12.952,data/processed/segments/REC099/REC099_SEG0021_PART02.wav,reviewed,babatwem i idjan deg ijenwan i ṭen isseccan xzarem ma kenniw war tessekkʷim ca ktar attas xasen man wen zzaywem izemmar s wemnus nnes ad yarni mɣir ijjen uɣir ḍi tuzzeggart nnes,yes
REC099_SEG0023_PART02,REC099,SPK009,train,10.644,data/processed/segments/REC099/REC099_SEG0023_PART02.wav,reviewed,djan ass a uca tiwecca ad immenḍar ḍi tefqunt ma xenni war kenniw issyirreḍ attas ḥsen zzayes a kenniw i ḍi idja drus n l iman,yes
REC099_SEG0024_PART02,REC099,SPK009,train,11.136,data/processed/segments/REC099/REC099_SEG0024_PART02.wav,reviewed,issen blli teḥdajem man aya marra arzum amezwaru x tgeldit n arebbi ḍ tsegda nnes uca man aya marra ad ɣarwem immarni ɛaweḍ,yes
REC099_SEG0025,REC099,SPK009,train,8.968,data/processed/segments/REC099/REC099_SEG0025.wav,reviewed,xni war kessim amnus i min i ɣa yiri tiwecca minzi tiwecca ad teksi amnus i yixef nnes icfa i kur ass tuɛeffna nnes,yes
REC100_SEG0002,REC100,SPK009,train,7.568,data/processed/segments/REC100/REC100_SEG0002.wav,reviewed,war ḥekkmem ḥima war tettwaḥakamem minzi ɛlaḥsab rḥukm i zi ɣa tḥekmem ad tettwaḥakmem,yes
REC100_SEG0004_PART01,REC100,SPK009,train,11.38,data/processed/segments/REC100/REC100_SEG0004_PART01.wav,reviewed,cek a amnafeq suffeɣ dd amezwaru taḥnact zi ṭitt nnec xenni tzemmared ad texzared mliḥ ḥima ad tessuffɣed axecciw zi ṭitt n umac war tticem min iqedd,yes
REC100_SEG0006_PART02,REC100,SPK009,train,12.264,data/processed/segments/REC100/REC100_SEG0006_PART02.wav,reviewed,wenni i ɣa issqarqben adas ittwarzem niɣ man bnaḍem jar awem mara mmis ittaras aɣrum adas iwc azru niɣ mara ittaras tasremt adas iwc afiɣar,yes
REC100_SEG0007_PART01,REC100,SPK009,train,11.672,data/processed/segments/REC100/REC100_SEG0007_PART01.wav,reviewed,mara kenniw waxxa kenniw ḍ iɛeffanen aqa tessnem mammec ɣa tewcem min isebḥen i ṭarwa nwem mecḥar ɛad babatwem i idjan deg ijenwan ad yewc min isebḥen i yinni,yes
REC100_SEG0009,REC100,SPK009,train,17.904,data/processed/segments/REC100/REC100_SEG0009.wav,reviewed,adfem zi tewwart iḥsaren minzi tawwart temɣar ura ḍ abrid i ittawyen ɣar uhellek ḍ miriw uca attas i zzayes ittadfen mammec teḥsar tewwart u mammec imzi webrid i ittawyen ɣar ṭudarṭ mɣir drus n yinni t ittafen,yes
REC100_SEG0011,REC100,SPK009,train,11.152,data/processed/segments/REC100/REC100_SEG0011.wav,reviewed,ḥḍam ixef nwem zeg inabiyyen issxarriqen i dd ittasen ɣarwem s thiḍurt n izmaren maca deg iɛeddisen nsen aqa niṭni ḍ uccanen ittettfen,yes
REC100_SEG0012_PART02,REC100,SPK009,train,11.576,data/processed/segments/REC100/REC100_SEG0012_PART02.wav,reviewed,tettawi dd rɣidjet tesbeḥ uca tacejjart taɛeffant tettawi dd rɣidjet taɛeffant tacejjart tasebḥant war tzemmar ad tewc rɣidjet taɛeffant,yes
REC100_SEG0015,REC100,SPK009,train,12.144,data/processed/segments/REC100/REC100_SEG0015.wav,reviewed,war idji ca kur ijjen wenni ḍ ayi ɣa inin a sidi a sidi ad yadef ɣar tgeldit n ijenwan maca ḍ wenni itteggen min ixes baba i idjan deg ijenwan,yes
REC100_SEG0016_PART02,REC100,SPK009,train,10.984,data/processed/segments/REC100/REC100_SEG0016_PART02.wav,reviewed,ma war neggi attas n reɛjayeb xenni necc ad asen iniɣ nican ɛemmas war kenniw ssineɣ beɛɛdem xafi a kenniw inni itteggen min idjan daɛffan,yes
REC100_SEG0019,REC100,SPK009,train,14.352,data/processed/segments/REC100/REC100_SEG0019.wav,reviewed,waxxa amenni war dd tewḍi ca minzi dsas nnes immars x ssedjaḥ maca marra wenni ittesran i wawaren inu war zzaysen ittegg ad yiri am yijjen bnaḍem ḍ afɣur,yes
REC100_SEG0020,REC100,SPK009,train,19.504,data/processed/segments/REC100/REC100_SEG0020.wav,reviewed,i ibna ṭaddarṭ nnes x ijdi xenni iwta wenzar ḥemren dd iɣezran suḍen dd isemmiḍen reqfen ṭaddarṭ nni uca tewḍa tuɣa awettu nnes ḍ ameqqran awarni rami ikemmer yasuɛ awaren a aqa imsar belli rɣaci iqqim ittebhet s tɣuri nnes,yes
REC101_SEG0001,REC101,SPK009,train,2.352,data/processed/segments/REC101/REC101_SEG0001.wav,reviewed,asgenfi n ijjen bu rbars,yes
REC101_SEG0002,REC101,SPK009,train,14.224,data/processed/segments/REC101/REC101_SEG0002.wav,reviewed,rami dd ihwa zeg wedrar ḍfaren t i dd attas n rɣaci xzar yusa dd ɣares ijjen i ḍi idja rbars isjedas inna a sidi mara texsed tzemmared ad ayi tessizdeged,yes
REC101_SEG0003_PART01,REC101,SPK009,train,12.712,data/processed/segments/REC101/REC101_SEG0003_PART01.wav,reviewed,yasuɛ isswizzeḍ afus nnes uca iḥada t inna necc xseɣ zdeg uca ittwassizdeg zi rbars nnes rexdenni xenni innas yasuɛ xzar,yes
REC101_SEG0003_PART02,REC101,SPK009,train,12.712,data/processed/segments/REC101/REC101_SEG0003_PART02.wav,reviewed,war tteqqar i ḥed maca ruḥ scen ixef nnec i ukehhan uca ewc taɣarst i arebbi ɛlaḥsab min zzayes iwessa musa aqa tt ḍ cchadet i niṭni,yes
REC101_SEG0004,REC101,SPK009,train,2.8,data/processed/segments/REC101/REC101_SEG0004.wav,reviewed,amsexxar n rqebṭan arumani,yes
REC101_SEG0006_PART01,REC101,SPK009,train,12.552,data/processed/segments/REC101/REC101_SEG0006_PART01.wav,reviewed,uca rqebṭan x mya yarra dd inna a sidi necc war sdihedjeɣ ad tadfed swadday i tzeqqa inu maca ini ijjen wawar waha xenni ad iggenfa uḥenjar inu minzi,yes
REC101_SEG0007,REC101,SPK009,train,5.456,data/processed/segments/REC101/REC101_SEG0007.wav,reviewed,u i umsexxar inu qqareɣas egg man aya uca ad t igg,yes
REC101_SEG0008_PART02,REC101,SPK009,train,12.008,data/processed/segments/REC101/REC101_SEG0008_PART02.wav,reviewed,necc ad awem iniɣ belli attas i dd ɣa yasen zi ccarq u zi rɣarb ad qqimen ɣar ttabra ak ḍ ibrahim ḍ isḥaq ḍ yaɛqub ḍi tgeldit n ijenwan,yes
REC101_SEG0009,REC101,SPK009,train,18.864,data/processed/segments/REC101/REC101_SEG0009.wav,reviewed,maca ṭarwa n tgeldit ad mmenḍaren barra ɣar ttarf aneggaru n tadjest dinni ad irin imettawen ḍ uɣezzi n teɣmas yasuɛ inna i rqebṭan x mya ruḥ ad imsar am mammec tumned uca iggenfa uḥenjir nnes ḍi ṭsaɛɛet nni,yes
REC101_SEG0011,REC101,SPK009,train,13.2,data/processed/segments/REC101/REC101_SEG0011.wav,reviewed,rexdenni yusa dd yasuɛ ɣar ṭaddarṭ n cimɛun izra taḍekkʷac nnes tezzer ḍayes timessi iḥada afus nnes uca truḥas ṭmessi rexdenni tekkar tsexxar xas,yes
REC101_SEG0012,REC101,SPK009,train,18.512,data/processed/segments/REC101/REC101_SEG0012.wav,reviewed,ɣar uɛecci iwyen dd ɣares attas n imaryaḥen i ḍaysen ccwaten issuffeɣ ccwaten nsen s yijjen wawar waha uca issgenfa marra imehrac ḥima ad ittwakemmer min ittwannan zeg unabi icaɛya ad iksi reḥriq nneɣ u ad yarbu rehrac nneɣ,yes
REC101_SEG0015,REC101,SPK009,train,5.744,data/processed/segments/REC101/REC101_SEG0015.wav,reviewed,innas yasuɛ ḍfar ayi dd ejj imettinen ad neḍren imettinen nsen,yes
REC101_SEG0017_PART01,REC101,SPK009,train,10.232,data/processed/segments/REC101/REC101_SEG0017_PART01.wav,reviewed,rami inya ḍi tɣarrabut nyin imeḥḍaren nnes akides uca xzar tekkar dd ict n tḥaryaḍt ḍi rebḥar ar mani drint remwaj aɣarrabu,yes
REC101_SEG0017_PART02,REC101,SPK009,train,10.232,data/processed/segments/REC101/REC101_SEG0017_PART02.wav,reviewed,maca yasuɛ tuɣa ittes usin dd ɣares imeḥḍaren nnes uca ssfaqen t i ḍ nnanas a siditneɣ senjem aneɣ aqa ad nettwahellek,yes
REC101_SEG0019,REC101,SPK009,train,2.608,data/processed/segments/REC101/REC101_SEG0019.wav,reviewed,asgenfi n ṭnayen n imeryaḥen,yes
REC101_SEG0021_PART02,REC101,SPK009,train,13.768,data/processed/segments/REC101/REC101_SEG0021_PART02.wav,reviewed,sen ruḥem rexdenni ffɣen dd udfen deg irfan uca xzar taḥimart n irfan amen tmun teḥduddar zi teysart uca irfan wḍan ḍi rebḥar ṭmmuṭ deg waman,yes
REC102_SEG0003,REC102,SPK009,train,1.136,data/processed/segments/REC102/REC102_SEG0003.wav,reviewed,uca xzar,yes
REC102_SEG0004_PART02,REC102,SPK009,train,14.172,data/processed/segments/REC102/REC102_SEG0004_PART02.wav,reviewed,ad iniɣ i wanita ddnub nnec ttwaɣfaren niɣ ad iniɣ kkar uyur maca ḥima ad tessnem belli mmis n bnaḍem ɣares ssulṭa ḍi ṭammurṭ ḥima ad iɣfar ddnub ad iniɣ i uneɛḍab a kkar,yes
REC102_SEG0005,REC102,SPK009,train,14.264,data/processed/segments/REC102/REC102_SEG0005.wav,reviewed,ksi tassut nnec tarekkʷeḥed ɣar ṭaddarṭ nnec xenni ikkar iruḥ ɣar ṭaddarṭ nnes rami izra rɣaci man aya tbehten ssɛudjen arebbi wenni iwcin ssulṭa am ṭanita i iwḍan,yes
REC102_SEG0007,REC102,SPK009,train,17.392,data/processed/segments/REC102/REC102_SEG0007.wav,reviewed,rami ssenni ikka yasuɛ izra aryaz wenni umi qqaren matta iqqim ɣar ṭaddarṭ n ḍḍariba innas ḍfar ayi dd uca ikkar iḍfar i t rami qqimen niṭni ɣar ttabra ḍi ṭaddarṭ usin dd wattas n ayt n ḍḍariba ḍ imednab,yes
REC102_SEG0008,REC102,SPK009,train,17.136,data/processed/segments/REC102/REC102_SEG0008.wav,reviewed,qqimen ɣar ttabra ak ḍ yasuɛ ḍ imeḥḍaren nnes rami zrin ifarisiyyen man aya nnan i imeḥḍaren nnes mayemmi ittett umsermad nwem ak ḍ ayt n ḍḍariba ḍ imednab umi isra yasuɛ man aya inna asen inni iseḥḥen war ḥdijen ca aḍbib maca imehrac,yes
REC102_SEG0010,REC102,SPK009,train,1.808,data/processed/segments/REC102/REC102_SEG0010.wav,reviewed,aseqsi x uzummi,yes
REC102_SEG0011_PART02,REC102,SPK009,train,11.848,data/processed/segments/REC102/REC102_SEG0011_PART02.wav,reviewed,izemmar ad ceḍnen reḥbab n umuray umi amuray ɛad akidsen ad dd asen wussan ad xasen immeksi umuray xenni ad zummen,yes
REC102_SEG0013,REC102,SPK009,train,18.0,data/processed/segments/REC102/REC102_SEG0013.wav,reviewed,ura ḍ binu n jdid war ittwagg ca ḍi txuncay tiburay ḥima war dduqquzent txuncay ad izedjeɛ binu uca ṭixuncay ad ḍeyyɛent ittxessa ad tteggen binu n jdid ḍi txuncay n jdid ḥima ad ttwaxemmren niṭni s ṭnayen,yes
REC102_SEG0017_PART01,REC102,SPK009,train,11.528,data/processed/segments/REC102/REC102_SEG0017_PART01.wav,reviewed,maca inneqreb dd yasuɛ izra i tt inna egg ur a yedji aqa l iman nnem i cem issnejmen uca tettwassggenfa ṭemɣarṭ nni ḍi ṭsaɛɛet nni,yes
REC102_SEG0017_PART02,REC102,SPK009,train,11.528,data/processed/segments/REC102/REC102_SEG0017_PART02.wav,reviewed,xenni yusa dd yasuɛ ɣar ṭaddarṭ n umeqqran izra iɣeyyaḍen ḍ rɣaci sɣuyyun inna asen ffɣem ssa taḥenjirt war temmut ca aqa tettes,yes
REC102_SEG0018,REC102,SPK009,train,12.432,data/processed/segments/REC102/REC102_SEG0018.wav,reviewed,maca niṭni ḍeḥcen ḍayes arami issuffeɣ rɣaci yudef ɣar daxer uca ittef i tt zeg ufus nnes xenni tekkar tḥenjirt uca iffeɣ rexbar ɣar ṭammurṭ nni marra,yes
REC102_SEG0020_PART02,REC102,SPK009,train,13.176,data/processed/segments/REC102/REC102_SEG0020_PART02.wav,reviewed,tumnem belli zemmareɣ ad ggeɣ man aya nnanas wah a siditneɣ rexdenni iḥada ṭittawin nsen inna ad ɣarwem yiri ɛlaḥsab l iman nwem rexdenni ttwarezment ṭittawin nsen,yes
REC102_SEG0022_PART02,REC102,SPK009,train,11.112,data/processed/segments/REC102/REC102_SEG0022_PART02.wav,reviewed,ɛemmas war nezri am wanita ḍi israil maca ifarisiyyen nnan s umeqqran n aryaḥ iɛfffanen issuffuɣ raryaḥ iɛfffanen,yes
REC102_SEG0024_PART02,REC102,SPK009,train,12.072,data/processed/segments/REC102/REC102_SEG0024_PART02.wav,reviewed,rehracat ḍ reɛyub n rgens rami izra yasuɛ rɣaci iḥinn xasen minzi uḥren nnhewren am wudji i war ɣar idji umeksaw,yes
REC103_SEG0002,REC103,SPK009,train,11.408,data/processed/segments/REC103/REC103_SEG0002.wav,reviewed,iraɣa yasuɛ x ṭenɛac n imeḥḍaren nnes iwca asen ssulṭa ḥima ad ssuffɣen raryaḥ imengas u ḥima ad ssgenfan marra rehracat ḍ reɛyubat,yes
REC103_SEG0003_PART02,REC103,SPK009,train,10.04,data/processed/segments/REC103/REC103_SEG0003_PART02.wav,reviewed,ḍ yaɛqub mmis n zabdi ḍ umas yuḥanna ḍ filippus ḍ bar tulumawus tuma ḍ matta,yes
REC103_SEG0004_PART02,REC103,SPK009,train,14.408,data/processed/segments/REC103/REC103_SEG0004_PART02.wav,reviewed,yasuɛ issekk ṭenɛac a yumur i ṭen inna war ttruḥem ca x webrid n regnuss war ttadfem ca ɣar tendint n isamariyyen maca ḥsen ad traḥem ɣar wudji iweddaren n ṭaddarṭ n israil,yes
REC103_SEG0006,REC103,SPK009,train,16.784,data/processed/segments/REC103/REC103_SEG0006.wav,reviewed,war kessim ca wureɣ ura ḍ nnuqart ura ḍ nnḥas deg ibuyas nwem war kessim ca ttesṭim i webrid ra ḍ ṭnayen n tcamirat ra ḍ sandaliyat ura ḍ taɣɣarct nneɣni minzi axeddam isdahedj macca nnes,yes
REC103_SEG0007,REC103,SPK009,train,8.304,data/processed/segments/REC103/REC103_SEG0007.wav,reviewed,man tandint niɣ dcar i ɣa tadfem arzum wi ḍayes isdahedj uca qqimem din ar ḍ traḥem,yes
REC103_SEG0008_PART01,REC103,SPK009,train,11.144,data/processed/segments/REC103/REC103_SEG0008_PART01.wav,reviewed,mara tudfem ɣar ṭaddarṭ sedjmem x aytbab n ṭaddarṭ s rehna mara ṭaddarṭ tesdahedj jjem xas rehna nwem mara war t tesdihedj,yes
REC103_SEG0010,REC103,SPK009,train,3.888,data/processed/segments/REC103/REC103_SEG0010.wav,reviewed,yasuɛ issawar x reḥsaret ḍ udarrec,yes
REC103_SEG0011,REC103,SPK009,train,9.904,data/processed/segments/REC103/REC103_SEG0011.wav,reviewed,xzarem rexxu ad kenniw ssekkeɣ am udji ḍi rwesṭ n wuccanen irim tfettnem amecnaw ifiɣran u ɣeffrem am idbiren,yes
REC103_SEG0013_PART01,REC103,SPK009,train,12.872,data/processed/segments/REC103/REC103_SEG0013_PART01.wav,reviewed,ad kenniw hettken s urekkuḍ ḍi ṭemzidawin nsen ad kenniw neddhen zzat i rḥukkam ḍ zzat i ijedjiden ḍi ssibbet inu ḥima ad tirim ḍ cchadet i niṭni u,yes
REC103_SEG0013_PART02,REC103,SPK009,train,12.872,data/processed/segments/REC103/REC103_SEG0013_PART02.wav,reviewed,ra i regnus mara sellmen kenniw war kessim ca s wemnus mammec ḍ min ɣa tessiwrem minzi ad awem immewc ḍi ṭsaɛɛet nni min ittxessa ad tinim,yes
REC103_SEG0015,REC103,SPK009,train,17.488,data/processed/segments/REC103/REC103_SEG0015.wav,reviewed,maca wenni i ɣa isbaren ar aneggaru ad ittwassenjem mara darrcen xawem ḍi tendint a arewrem ɣar tenneɣnit s tidett necc ad awem iniɣ kenniw war tettekkem ca x marra tineddam n israil ar dd ɣa yas mmis n bnaḍem,yes
REC103_SEG0016,REC103,SPK009,train,13.136,data/processed/segments/REC103/REC103_SEG0016.wav,reviewed,war idji umeḥḍar yuɛra x umsermad nnes ura ḍ amsexxar x bab nnes ikfa i umeḥḍar ad yiri am umsermad nnes u amsexxar am bab nnes,yes
REC103_SEG0018,REC103,SPK009,train,18.064,data/processed/segments/REC103/REC103_SEG0018.wav,reviewed,war tteggʷedem ca zeg inni ineqqen arrimet maca war zemmaren ad nɣen reɛmar ggʷedem ḍ amezwaru zeg wenni izemmaren ad isshellek reɛmar ḍ arrimet ḍi jehennama ma war ttmenzin ṭnayen n zzawec s yijjen usuldi n nnḥas,yes
REC103_SEG0019_PART02,REC103,SPK009,train,12.184,data/processed/segments/REC103/REC103_SEG0019_PART02.wav,reviewed,ca aqa kenniw teɛdum zzawec attas s uya kur ijjen wenni zzayi i ɣa icehden zzat i iwḍan ura ḍ necc ad zzayes cehdeɣ zzat i baba i idjan deg ijenwan,yes
REC103_SEG0022_PART01,REC103,SPK009,train,10.84,data/processed/segments/REC103/REC103_SEG0022_PART01.wav,reviewed,wenni ittexsen babas niɣ ḍ yemmas xafi war ḍ ayi isdihedj ca uca wenni ittexsen mmis niɣ ḍ yedjis xafi war ḍ ayi isdihe,yes
REC103_SEG0022_PART02,REC103,SPK009,train,10.84,data/processed/segments/REC103/REC103_SEG0022_PART02.wav,reviewed,dj ca wenni war ikessin ssalib nnes uca ad ayi dd iḍfar aqa netta war ḍ ayi isdihedj ca wenni i ɣa yafen ṭudarṭ nnes ad tt ixessar,yes
REC103_SEG0023_PART01,REC103,SPK009,train,12.76,data/processed/segments/REC103/REC103_SEG0023_PART01.wav,reviewed,ḍ wenni i ɣa ixessaren ṭudarṭ nnes ḍi ttweɛ inu ad tt yaf wenni kenniw i ɣa iqebren iqebber ayi u wenni ḍ ayi ɣa iqebren iqebber wenni ḍ ayi dd issekken,yes
REC104_SEG0001,REC104,SPK009,train,2.576,data/processed/segments/REC104/REC104_SEG0001.wav,reviewed,yasuɛ ḍ yuḥanna amseɣḍas,yes
REC104_SEG0002,REC104,SPK009,train,10.16,data/processed/segments/REC104/REC104_SEG0002.wav,reviewed,awarni rami ikemmer yasuɛ rumur nnes i ṭenɛac n imeḥḍaren nnes yuyur ssenni ḥima ad issermed u ad ibarreḥ ḍi tneddam nsen,yes
REC104_SEG0003_PART02,REC104,SPK009,train,13.016,data/processed/segments/REC104/REC104_SEG0003_PART02.wav,reviewed,yasuɛ inna asen ruḥem tɛawdem i yuḥanna min tesram ḍ min ṭezrim aqa idarɣaren ttwaran ineɛḍaben gguren ḍ yinni ḍi idja rbars ttwassizdigen,yes
REC104_SEG0005,REC104,SPK009,train,13.296,data/processed/segments/REC104/REC104_SEG0005.wav,reviewed,sseɛd n wenni war ḍayi ittendrifen rami uyuren ina ibḍa yasuɛ issawar ak ḍ rɣaci x yuḥanna inna min ɣar dd teffɣem ɣar rexra maḥend ad t tzarem,yes
REC104_SEG0006_PART01,REC104,SPK009,train,14.632,data/processed/segments/REC104/REC104_SEG0006_PART01.wav,reviewed,ma ɣar ijjen uɣanim issenhezza t usemmiḍ mara lla min ɣar dd teffɣem ad t tzarem ma ɣar ijjen bnaḍem s warruḍ yarḍeb xzar inni yarrḍen arruḍ iɣran yarḍeb a,yes
REC104_SEG0008_PART01,REC104,SPK009,train,10.68,data/processed/segments/REC104/REC104_SEG0008_PART01.wav,reviewed,jar inni dd ittwaxerqen zi temɣarin war dd iffiɣ ura ḍ ijj ḍ ameqqran x yuḥanna amseɣḍas waxxa amenni amezyan ḍi tgeldit n ijenwan ḍ ameqqran xas ze,yes
REC104_SEG0009,REC104,SPK009,train,17.936,data/processed/segments/REC104/REC104_SEG0009.wav,reviewed,minzi marra inabiyyen ḍ ccariɛa tuɣa ttnabban ar dd yas yuḥanna mara texsem qebrem aqa wanita ḍ iliya wenni ad dd yas wenni ɣar idja imezzuɣen i usedji ad iser,yes
REC104_SEG0010,REC104,SPK009,train,2.864,data/processed/segments/REC104/REC104_SEG0010.wav,reviewed,wi ak ḍ i ɣa ssemquddeɣ jjir a,yes
REC104_SEG0014_PART01,REC104,SPK009,train,12.552,data/processed/segments/REC104/REC104_SEG0014_PART01.wav,reviewed,rexdenni ibḍa ittwebbex tineddam i ḍi igga attas n reɛjayeb nnes minzi niṭenti war tubent ca uct xam a xurazin,yes
REC104_SEG0014_PART02,REC104,SPK009,train,12.552,data/processed/segments/REC104/REC104_SEG0014_PART02.wav,reviewed,uct xam a bayt sayda mri tuɣa ttwaggent ḍi sur ḍ saydun reɛjayeb ijehden tinni ittwaggen ḍaykent iri aqa tubent attas zeg wami,yes
REC104_SEG0016_PART01,REC104,SPK009,train,13.048,data/processed/segments/REC104/REC104_SEG0016_PART01.wav,reviewed,maca necc ad awem iniɣ ad yiri rḥar i tendint n sur ḍ saydun ihwen zi rḥar nwem deg wass n lḥisab i cem a tandint n kafarnaḥum ṭenni ittwassgeɛɛden,yes
REC104_SEG0018,REC104,SPK009,train,2.064,data/processed/segments/REC104/REC104_SEG0018.wav,reviewed,tazadjit n yasuɛ,yes
REC104_SEG0019_PART01,REC104,SPK009,train,10.92,data/processed/segments/REC104/REC104_SEG0019_PART01.wav,reviewed,ḍi tsaɛet nni ibḍa yasuɛ ad yini ḥemdeɣ cek a baba sidi n ujenna ḍ ṭammurṭ minzi tessnuffared aya x imiɣisen ḍ imusna,yes
REC104_SEG0019_PART02,REC104,SPK009,train,10.92,data/processed/segments/REC104/REC104_SEG0019_PART02.wav,reviewed,wen maca tessaregbed aya i iḥenjiren wah a baba minzi ḍ wa ḍ arḍa i cek marra min idjan immewc ayi dd zi baba,yes
REC104_SEG0020_PART01,REC104,SPK009,train,10.408,data/processed/segments/REC104/REC104_SEG0020_PART01.wav,reviewed,uca ura ḍ ijj war issin tammemmit mɣir tababbat uca ura ḍ ijj war issin tababbat mɣir tammemmit u wi umi ixes,yes
REC105_SEG0002_PART01,REC105,SPK009,train,13.236,data/processed/segments/REC105/REC105_SEG0002_PART01.wav,reviewed,ḍi rweqt nni icuq yasuɛ deg iyyaren n zzariɛet n imendi ḍi ssebt tuɣa imeḥḍaren nnes djuzen uca bdan reqqḍen tidrin ccin zzaysent arami ṭen zrin ifarisiyyen,yes
REC105_SEG0008,REC105,SPK009,train,14.448,data/processed/segments/REC105/REC105_SEG0008.wav,reviewed,rexdenni innas i bnaḍem nni swizzeḍ afus nnec isswizzeḍ afus nnes uca iḍwer iggenfa am wenneɣni ifarisiyyen ffɣen dd ɣar barra mcawaren xas mammec ɣa ggen ad t nɣen,yes
REC105_SEG0010,REC105,SPK009,train,10.32,data/processed/segments/REC105/REC105_SEG0010.wav,reviewed,maca yasuɛ issen aya uca yuyur ssenni iḍfar i t i dd ijjen rɣaci ḍ ameqqran issgenfa i ṭen marra,yes
REC105_SEG0012,REC105,SPK009,train,3.856,data/processed/segments/REC105/REC105_SEG0012.wav,reviewed,xzar amsexxar inu wenni farrzeɣ,yes
REC105_SEG0014,REC105,SPK009,train,2.384,data/processed/segments/REC105/REC105_SEG0014.wav,reviewed,ad xas ssarseɣ arruḥ inu,yes
REC105_SEG0016_PART01,REC105,SPK009,train,10.36,data/processed/segments/REC105/REC105_SEG0016_PART01.wav,reviewed,war ittemcubbuc war isɣuyyu ura ḍ ijj war ittesri tmijja nnes deg ibriden aɣanim yarzen war t yarezzi,yes
REC105_SEG0016_PART02,REC105,SPK009,train,10.36,data/processed/segments/REC105/REC105_SEG0016_PART02.wav,reviewed,ura ḍ taftic idduxxunen war tt issxessi ar dd ɣa issuffeɣ reḥkam i ɣa inedhen i uɣelleb uca ad ssitmen regnus deg yisem nnes,yes
REC105_SEG0017,REC105,SPK009,train,2.768,data/processed/segments/REC105/REC105_SEG0017.wav,reviewed,awar n yasuɛ x arruḥ iqeddsen,yes
REC105_SEG0018,REC105,SPK009,train,7.408,data/processed/segments/REC105/REC105_SEG0018.wav,reviewed,rexdenni iwyenas dd ijjen umeryaḥ tuɣa t ḍ adarɣar ḍ aynaw uca netta issgenfa i t,yes
REC105_SEG0019,REC105,SPK009,train,10.256,data/processed/segments/REC105/REC105_SEG0019.wav,reviewed,arami wenni tuɣa idjan ḍ aynaw ḍ adarɣar iḍwer issawar u ittwara itebhet rɣaci marra nnan ma wanita war idji ḍ mmis n dawud,yes
REC105_SEG0020,REC105,SPK009,train,10.0,data/processed/segments/REC105/REC105_SEG0020.wav,reviewed,maca srin ifarisiyyen man aya nnan wanita issuffuɣ ccwaten mɣir s webrid n beɛalzabub ameqqran n ccwaten,yes
REC105_SEG0023,REC105,SPK009,train,18.416,data/processed/segments/REC105/REC105_SEG0023.wav,reviewed,maca mara necc ssuffuɣeɣ ccwaten s arruḥ n arebbi aqa tudes awem dd tgeldit n arebbi niɣ mammec izemmar ḥed ad yadef ɣar ṭaddarṭ n wenni ijehden maḥend ad ikecceḍ reqcuɛ nnes mara war icarf wenni ijehden amezwaru,yes
REC105_SEG0026_PART01,REC105,SPK009,train,10.216,data/processed/segments/REC105/REC105_SEG0026_PART01.wav,reviewed,war ḍas ittwaɣfar ca ura ḍi rweqt a ura ḍi rweqt i dd ɣa yasen ḥesbem tacejjart ḍ tasebḥant ura ḍ rɣidjet nnes ḍ tasebḥant,yes
REC105_SEG0026_PART02,REC105,SPK009,train,10.216,data/processed/segments/REC105/REC105_SEG0026_PART02.wav,reviewed,niɣ ḥesbem tacejjart texsar ura ḍ rɣidjet nnes texsar minzi tacejjart tettwassen zi rɣidjet nnes,yes
REC105_SEG0028,REC105,SPK009,train,6.8,data/processed/segments/REC105/REC105_SEG0028.wav,reviewed,a ṭarwa n ifiɣran mammec ɣa teggem ad tessiwrem x min isebḥen waxxa kenniw ḍ iɛeffanen,yes
REC105_SEG0029_PART01,REC105,SPK009,train,13.7,data/processed/segments/REC105/REC105_SEG0029_PART01.wav,reviewed,minzi zeg uɛemmar n wur ad issiwer uqemmum bnaḍem asebḥan issuffuɣ dd min isebḥen zi rkenz asebḥan n wur nnes uca bnaḍem aɛeffan issuffuɣ dd zi rkenz aɛeffan nn,yes
REC105_SEG0029_PART02,REC105,SPK009,train,13.7,data/processed/segments/REC105/REC105_SEG0029_PART02.wav,reviewed,es min iɛeffnen maca necc ad awem iniɣ belli kur awar ixwan ad zzayes ssiwren iwḍan ad zzayes ttwaḥasben deg wass n lḥisab minzi s wawaren nnec ad tettwaseggded,yes
REC105_SEG0030,REC105,SPK009,train,3.144,data/processed/segments/REC105/REC105_SEG0030.wav,reviewed,uca s wawaren nnec ad tettwaḥasbed,yes
REC105_SEG0031,REC105,SPK009,train,1.936,data/processed/segments/REC105/REC105_SEG0031.wav,reviewed,reɛrameṭ n yunus,yes
REC105_SEG0033_PART01,REC105,SPK009,train,14.056,data/processed/segments/REC105/REC105_SEG0033_PART01.wav,reviewed,war ḍas ittmewci ura ḍ ict n reɛrameṭ mɣir reɛrameṭ n yunus minzi am mammec tuɣa yunus ṭraṭa n wussan jar djyari ḍ wussan deg uɛeddis n wesrem,yes
REC105_SEG0033_PART02,REC105,SPK009,train,14.056,data/processed/segments/REC105/REC105_SEG0033_PART02.wav,reviewed,ammu i ɣa yiri ura ḍ mmis n bnaḍem deg wur n ṭammurṭ ṭraṭa n wussan jar djyari ḍ wussan iryazen n ninwa ad dd kkaren deg wass n lḥisab ak ḍ jjir a ad t ḥasben,yes
REC105_SEG0036,REC105,SPK009,train,4.368,data/processed/segments/REC105/REC105_SEG0036.wav,reviewed,awar n yasuɛ x rxeḍmeṭ n raryaḥ amengus,yes
REC105_SEG0038_PART02,REC105,SPK009,train,10.616,data/processed/segments/REC105/REC105_SEG0038_PART02.wav,reviewed,ni yuyur uca yiwi akides sebɛa n raryaḥ nneɣni ḍ iɛeffanen ktar zzayes ad dd adfen ad raḥen ad zedɣen ḍiha,yes
REC105_SEG0041,REC105,SPK009,train,19.472,data/processed/segments/REC105/REC105_SEG0041.wav,reviewed,rami tuɣa ɛad issawar ak ḍ rɣaci xzar yemmas ḍ ayṭmas bedden barra arezzun ad kides ssiwren innas ijjen xzar yemmac ḍ aytmac bedden ḍi barra arezzun ad kidek ssiwren maca netta yarra dd x wenni tuɣa ḍas t innan inna,yes
REC105_SEG0042,REC105,SPK009,train,18.806,data/processed/segments/REC105/REC105_SEG0042.wav,reviewed,min teɛna yemma ḍ min ɛnan ayṭma xas uca isswizzeḍ s ufus nnes ɣar imeḥḍaren nnes inna xzar yemma xzar ayṭma minzi man wen itteggen min ixes baba i idjan deg ijenwan aqa netta ḍ uma ḍ ucma ḍ yemma,yes
REC106_SEG0004,REC106,SPK009,train,11.824,data/processed/segments/REC106/REC106_SEG0004.wav,reviewed,xeccen dd ijḍaḍ neqben tt tewḍa ca nneɣni x wezru mani tuɣa war idji ucar attas deɣya teɣmi dd s minzi ṭammurṭ war tudjiɣ,yes
REC106_SEG0005_PART01,REC106,SPK009,train,13.224,data/processed/segments/REC106/REC106_SEG0005_PART01.wav,reviewed,umi dd tenqar tfuct icmeḍ uɣemmuy uca israw minzi war ɣares tuɣi bu wezwar ca nneɣni tewḍa x isennanen mɣaren isennanen jiyyfen tt ca nneɣn,yes
REC106_SEG0006,REC106,SPK009,train,16.496,data/processed/segments/REC106/REC106_SEG0006.wav,reviewed,xas uca usin dd ɣares imeḥḍaren nnes nnanas mayemmi akidsen tessawared s imedya netta yarra dd inna asen minzi immewc awem ad tessnem ssirr n tgeldit n ijenwan,yes
REC106_SEG0007,REC106,SPK009,train,15.12,data/processed/segments/REC106/REC106_SEG0007.wav,reviewed,niṭni maca war ḍ asen t immewc ca minzi wenni ɣar idja adas immewc uca ad ɣares yiri s wattas maca wenni war ɣar idji ca ad zzayes ittwakkes ura ḍ min ɣares,yes
REC106_SEG0008,REC106,SPK009,train,17.552,data/processed/segments/REC106/REC106_SEG0008.wav,reviewed,s uyenni ssawareɣ akidsen s imedya arami niṭni ttwaran am war ttwirin u ttesran am war ttesrin war fehhmen ḍaysen i ɣa ikemmer wawar i inebba icaɛya inna s usedji ad tesrem maca war tfehhmen,yes
REC106_SEG0009_PART02,REC106,SPK009,train,11.848,data/processed/segments/REC106/REC106_SEG0009_PART02.wav,reviewed,qqnen ṭittawin nsen maḥend war ttwirin s ṭittawin nsen ad sren s imezzuɣen nsen ad fehmen s wur nsen ḥima ad tuben uca necc ad ṭen ssgenfiɣ,yes
REC106_SEG0012_PART02,REC106,SPK009,train,13.24,data/processed/segments/REC106/REC106_SEG0012_PART02.wav,reviewed,arɛen deg wur nnes aqa ḍ man aya min ittwazarɛen x tma n webrid min ittwazarɛen x wezru aqa wa ḍ wenni i ɣa isedjen awar ad t iqber deɣya s refraḥet,yes
REC106_SEG0013,REC106,SPK009,train,11.952,data/processed/segments/REC106/REC106_SEG0013.wav,reviewed,maca war ḍas iwti ca wezwar deg ixef nnes ad iqqim drus waha xmi dd ɣa tas rmeḥnet niɣ amarret ḍi ttweɛ n wawar ad innedref deɣya,yes
REC106_SEG0014_PART01,REC106,SPK009,train,14.44,data/processed/segments/REC106/REC106_SEG0014_PART01.wav,reviewed,min ittwazarɛen jar isennanen aqa wa ḍ wenni ittesran awar maca amnus n rweqt a ḍ uɣekkʷi n wagra ad jiyyfen awar uca netta war dd ittiwi ca rɣidjet min ittwazarɛen,yes
REC106_SEG0015,REC106,SPK009,train,3.312,data/processed/segments/REC106/REC106_SEG0015.wav,reviewed,amedya n rḥayyar ḍi rwest n yirden,yes
REC106_SEG0016,REC106,SPK009,train,9.68,data/processed/segments/REC106/REC106_SEG0016.wav,reviewed,iwca asen ijjen umedya nneɣni inna tageldit n ijenwan am yijjen bnaḍem tuɣa izarreɛ zzariɛet tasebḥant deg iyyar nnes,yes
REC106_SEG0017_PART02,REC106,SPK009,train,12.504,data/processed/segments/REC106/REC106_SEG0017_PART02.wav,reviewed,dd rḥayyar tanya xenni usin dd imsexxaren n bab n ṭaddarṭ nnanas a siditneɣ ma war tzarɛed ca zzariɛet tasebḥant deg iyyar nnec,yes
REC106_SEG0019,REC106,SPK009,train,9.488,data/processed/segments/REC106/REC106_SEG0019.wav,reviewed,yarwem amezwar rḥayyar ceddem t ḍi tqebbiṭin ḥima ad ittwassecmeḍ maca irden yarwem t ḍi rmarsi inu,yes
REC106_SEG0023_PART01,REC106,SPK009,train,11.48,data/processed/segments/REC106/REC106_SEG0023_PART01.wav,reviewed,arami issmemm warecti qqaɛ marra man aya issiwer zzayes yasuɛ i rɣaci s imettiren uca bra amedya war kisen issiwer ca ḥi,yes
REC106_SEG0023_PART02,REC106,SPK009,train,11.48,data/processed/segments/REC106/REC106_SEG0023_PART02.wav,reviewed,ima ad ittwakemmer min xef issiwer unabi i innan ad arezmeɣ aqemmum inu s imedya ad barrḥeɣ s min innufaren zeg wami ittwagg dsas n ddunect,yes
REC106_SEG0024,REC106,SPK009,train,4.4,data/processed/segments/REC106/REC106_SEG0024.wav,reviewed,afessar n umedya n rḥayyar ḍi rwest n yirden,yes
REC106_SEG0027_PART01,REC106,SPK009,train,12.696,data/processed/segments/REC106/REC106_SEG0027_PART01.wav,reviewed,uca ssabet aqa nettat ḍ qettu n ddunect u inni imejjaren niṭni ḍ lmalakat am mammec ssmunen rḥayyar uca sscemḍen t s ṭmessi,yes
REC106_SEG0028,REC106,SPK009,train,17.04,data/processed/segments/REC106/REC106_SEG0028.wav,reviewed,ad ṭen nḍaren ḍi rkuccet n ṭmessi mani ɣa yirin imettawen ḍ uɣezzi n teɣmas xenni imseggaden ad arɣen am tfuct ḍi tgeldit n babatsen wenni ɣar idja imezzuɣen i usedji ad iser,yes
REC106_SEG0029,REC106,SPK009,train,5.136,data/processed/segments/REC106/REC106_SEG0029.wav,reviewed,amedya n rkenz deg iyyar ḍ umedya n tyaqut,yes
REC106_SEG0030_PART02,REC106,SPK009,train,14.472,data/processed/segments/REC106/REC106_SEG0030_PART02.wav,reviewed,isɣa iyyar nni tageldit n ijenwan ɛaweḍ am yijjen usebbab i yarezzun tiyaqutin tisebḥanin rami yufa ict n tyaqut tiɣra attas yuyur izzenz marra min tuɣa ɣares xenni isɣa i tt,yes
REC106_SEG0032_PART01,REC106,SPK009,train,11.272,data/processed/segments/REC106/REC106_SEG0032_PART01.wav,reviewed,tageldit n ijenwan ɛaweḍ am tracca mmenḍaren tt ḍi rebḥar teyru ɛram kur asrem xmi teccur ssuffɣen tt i dd ibeḥriyyen ɣar tma n rebḥar,yes
REC106_SEG0033,REC106,SPK009,train,11.856,data/processed/segments/REC106/REC106_SEG0033.wav,reviewed,ad dd ffɣent lmalakat ad farnent iɛeffanen zi rwesṭ n imseggaden ad ṭen nḍarent ḍi rkuccet n ṭmessi mani ɣa yirin imettawen ḍ uɣezzi n teɣmas,yes
REC106_SEG0035,REC106,SPK009,train,4.624,data/processed/segments/REC106/REC106_SEG0035.wav,reviewed,anabi war ɣares bu ccan ḍi tendint nnes,yes
REC106_SEG0036_PART01,REC106,SPK009,train,10.552,data/processed/segments/REC106/REC106_SEG0036_PART01.wav,reviewed,rami ikemmer yasuɛ imedya ya yuyur ssenni rami dd yusa ɣar ṭammurṭ nnes ikkar issermad i ṭen ḍi te,yes
REC106_SEG0036_PART02,REC106,SPK009,train,10.552,data/processed/segments/REC106/REC106_SEG0036_PART02.wav,reviewed,mzida nsen arami qqimen tbehten nnan manis ḍas dd tekka ṭiɣiṭ a ḍ reɛjayeb a ma war idji wa ḍ mmis n unejjar,yes
REC106_SEG0038,REC106,SPK009,train,2.512,data/processed/segments/REC106/REC106_SEG0038.wav,reviewed,ma war djint suyetmas qqaɛ ɣarneɣ,yes
REC106_SEG0039,REC106,SPK009,train,18.48,data/processed/segments/REC106/REC106_SEG0039.wav,reviewed,manis ḍas dd ikka man aya marra uca nderfen zzayes maca yasuɛ inna asen anabi ɛemmas war idji bra ccan mɣir ḍi tendint nnes u ḍi ṭaddarṭ nnes uca war iggi ḍiha reɛjayeb attas zi ssibbet n bra l iman nsen,yes
REC107_SEG0001,REC107,SPK009,train,2.384,data/processed/segments/REC107/REC107_SEG0001.wav,reviewed,rmewt n yuḥanna amseɣḍas,yes
REC107_SEG0002_PART01,REC107,SPK009,train,13.908,data/processed/segments/REC107/REC107_SEG0002_PART01.wav,reviewed,ḍi rweqt nni isra hirudus rḥakem x ijjen arbaɛ n ṭammurṭ rexbar x yasuɛ inna i yimsexxaren nnes wanita ḍ yuḥanna amseɣḍas aqa ittwassnekkar dd zi ṭaddarṭ n imettinen,yes
REC107_SEG0004,REC107,SPK009,train,16.016,data/processed/segments/REC107/REC107_SEG0004.wav,reviewed,maca rami dd yiweḍ wass n wexraq n hirudus tecḍeḥ yedjis n hirudiyya zzat i inewjiwen i dinni iqqimen uca teɛjebas i hirudus s uyenni innas s ict n tjadjit adas iwc marra min i ɣa tettar,yes
REC107_SEG0005_PART02,REC107,SPK009,train,11.464,data/processed/segments/REC107/REC107_SEG0005_PART02.wav,reviewed,judj u x ssibbet n yinni akides iqqimen yumur adas immewc uzedjif issekk ḥed ɣares ḥima ad iqess azedjif i yuḥanna ḍi reḥbes,yes
REC107_SEG0009,REC107,SPK009,train,14.96,data/processed/segments/REC107/REC107_SEG0009.wav,reviewed,rami dd tiweḍ tmeddiṭ usin dd ɣares imeḥḍaren nnes nnan aqa amcan a ixra u rweqt teɛdu zeɛma sqebbeḍ rɣaci ḥima ad uyuren ɣar redcur ad sɣen min ɣa ccen i yixef nsen,yes
REC107_SEG0010_PART01,REC107,SPK009,train,10.616,data/processed/segments/REC107/REC107_SEG0010_PART01.wav,reviewed,inna asen nhra ma ruḥen wcem asen kenniw min ɣa ccen nnanas war da walu mɣir xemsa n tecnifin ḍ ṭnayen n iserman,yes
REC107_SEG0011_PART01,REC107,SPK009,train,11.672,data/processed/segments/REC107/REC107_SEG0011_PART01.wav,reviewed,ixzar ɣar ujenna ibarek yarza i tent uca iwca ticnifin nni i imeḥḍaren u imeḥḍaren wcin tent i rɣaci marra ccin jjiwnen,yes
REC107_SEG0011_PART02,REC107,SPK009,train,11.672,data/processed/segments/REC107/REC107_SEG0011_PART02.wav,reviewed,rexdenni ksin ireqqwaz icetten tuɣa din ṭenɛac n tsudjatin ɛemmarent inni ccin tuɣa aten ḍi xemsa aref n yeryazen bra timɣarin ḍ iḥenjiren,yes
REC107_SEG0012,REC107,SPK009,train,11.024,data/processed/segments/REC107/REC107_SEG0012.wav,reviewed,yasuɛ iggur x waman n rebḥar deɣya iziyyar yasuɛ imeḥḍaren nnes ad nyen ḍi tɣarrabut uca adas izwaren ɣar ujemmaḍ,yes
REC107_SEG0015_PART01,REC107,SPK009,train,13.78,data/processed/segments/REC107/REC107_SEG0015_PART01.wav,reviewed,wa ḍ rewḥiy aɣeddar uca sɣuyen zi tiggʷudi deɣya issiwer dd ɣarsen yasuɛ inna ggem ur aqa ḍ necc war tteggʷedem ca buṭrus yarra dd xas inna,yes
REC107_SEG0017_PART01,REC107,SPK009,train,10.248,data/processed/segments/REC107/REC107_SEG0017_PART01.wav,reviewed,yasuɛ isswizzeḍ siditneɣ afus nnes ittef ḍayes innas a cek wenni ḍi idja drus n l iman mayemmi ḍayek yudef ccek awarni,yes
REC107_SEG0017_PART02,REC107,SPK009,train,10.248,data/processed/segments/REC107/REC107_SEG0017_PART02.wav,reviewed,rami nyin deg uɣarrabu yarsa usemmiḍ inni idjan deg uɣarrabu usin dd ɣares sejdenas nnan s tidett cek ḍ mmis n arebbi,yes
REC107_SEG0019_PART01,REC107,SPK009,train,11.913,data/processed/segments/REC107/REC107_SEG0019_PART01.wav,reviewed,awarni rami zwan rebḥar iwḍen ɣar ṭammurṭ n jinnisaret rami t ɛeqren yeryazen n ṭammurṭ nni ssuffɣen rexbar ḍi marra dcurat i ḍas dd innḍen iwyen dd ɣares,yes
REC107_SEG0019_PART02,REC107,SPK009,train,11.913,data/processed/segments/REC107/REC107_SEG0019_PART02.wav,reviewed,marra inni tuɣa ihercen attas uca ttaren zzayes ad ṭen yejj ad ḥadan mɣir abeḥrur n ujedjab nnes u marra inni t iḥadan dewren ggenfan,yes
REC108_SEG0002_PART01,REC108,SPK009,train,12.632,data/processed/segments/REC108/REC108_SEG0002_PART01.wav,reviewed,rexdenni usin dd imsermaden n idlisen ḍ ifarisiyyen zi urcalim ɣar yasuɛ nnan mayemmi ttɛeddan imeḥḍaren nnec x tubbart n imɣaren nneɣ,yes
REC108_SEG0005_PART01,REC108,SPK009,train,12.456,data/processed/segments/REC108/REC108_SEG0005_PART01.wav,reviewed,ammu tbettrem awar n arebbi ḍi ttweɛ n tubbart nwem kenniw a imnafqen icaɛya tuɣa ittnabba xawem s sseḥ inna rgens a ittcenneɛ ayi s iyenc,yes
REC108_SEG0006,REC108,SPK009,train,14.416,data/processed/segments/REC108/REC108_SEG0006.wav,reviewed,rami ḍ iraɣa dd x rɣaci ɣares inna asen srem mliḥ fehmem war idji min ittadfen deg uqemmum issexmej bnaḍem maca min i dd itteffɣen zeg uqemmum ḍ man aya i issexmajen bnaḍem,yes
REC108_SEG0007,REC108,SPK009,train,15.696,data/processed/segments/REC108/REC108_SEG0007.wav,reviewed,denni usin dd ɣares imeḥḍaren nnes nnanas ma tessned belli ifarisiyyen nderfen ḍi man aya rami t srin maca netta yarra dd inna asen kur aɣeddu war t izzu baba wenni idjan deg ijenna ad ittwaqreɛ,yes
REC108_SEG0008,REC108,SPK009,train,9.744,data/processed/segments/REC108/REC108_SEG0008.wav,reviewed,ejj i ṭen niṭni ḍ idarɣaren neddhen idarɣaren mara adarɣar ineddeh adarɣar ad wḍan s ṭnayen idsen deg weḥfur,yes
REC108_SEG0010_PART01,REC108,SPK009,train,12.152,data/processed/segments/REC108/REC108_SEG0010_PART01.wav,reviewed,arq ccɣer tuceffra cchadat s zur ḍ uceqqef aqa ḍ man aya min issxemmajen bnaḍem maca macca s ifassen war issirden war tessxemmij ca bnaḍem,yes
REC108_SEG0010_PART02,REC108,SPK009,train,12.152,data/processed/segments/REC108/REC108_SEG0010_PART02.wav,reviewed,qa ḍ man aya i issxemmajen bnaḍem minzi zeg wur n iwḍan i dd tteffɣen ixarrisen iɛeffanen zzina anɣay f,yes
REC108_SEG0012,REC108,SPK009,train,14.512,data/processed/segments/REC108/REC108_SEG0012.wav,reviewed,rexdenni iffeɣ dd yasuɛ ssenni iruḥ ɣar jjwayeh n sur ḍ saydun u xzar ict n ṭemɣarṭ zeg ayt n kenɛan zi ṭammurṭ nni tesɣuy ṭenna a sidi a mmis n dawud arḥem ayi,yes
REC108_SEG0013_PART01,REC108,SPK009,train,13.832,data/processed/segments/REC108/REC108_SEG0013_PART01.wav,reviewed,yedji aqa ḍayes cciṭan issnexraɛen maca netta war xas dd yarri ca ura s yijjen wawar usin dd ɣares imeḥḍaren nnes ttaren zzayes nnan azzer xas minzi nettat teḍfar aneɣ dd,yes
REC108_SEG0014_PART02,REC108,SPK009,train,13.688,data/processed/segments/REC108/REC108_SEG0014_PART02.wav,reviewed,zi ttabra n siditsen uca ttɣiman ddaren rexdenni innas yasuɛ a tamɣart l iman nnem imɣar ad yiri am mammec rxaḍar nnem uca yedjis teggenfa ḍi ṭsaɛɛet nni,yes
REC108_SEG0016_PART01,REC108,SPK009,train,14.228,data/processed/segments/REC108/REC108_SEG0016_PART01.wav,reviewed,uca yuyur yasuɛ ssenni yiweḍ dd ɣar tma n rebḥar n ljalil igeɛɛed ɣar wedrar iqqim dinni yusa dd ɣares ijjen ubarru ameqqran n rɣaci iwyen dd akidsen ineɛ,yes
REC108_SEG0016_PART02,REC108,SPK009,train,14.228,data/processed/segments/REC108/REC108_SEG0016_PART02.wav,reviewed,ḍaben ḍ idarɣaren ḍ ignawen ḍ iqejdaḥen ḍ inneɣni attas ssarsen ṭen ɣar iḍaren n yasuɛ uca issgenfa ṭen arami itebhet rɣaci aqa zrin ignawen ssawaren,yes
REC108_SEG0020_PART01,REC108,SPK009,train,12.524,data/processed/segments/REC108/REC108_SEG0020_PART01.wav,reviewed,war ɣarsen min ɣa ccen war xseɣ ca ad ṭen ssqebbḍeɣ ttzuman ḥima war tteḍɛifen ca deg webrid nnanas imeḥḍaren nnes manis ḍ ɣa nawi aɣr,yes
REC108_SEG0022_PART01,REC108,SPK009,train,11.288,data/processed/segments/REC108/REC108_SEG0022_PART01.wav,reviewed,marra ccin jjiwnen xenni yarwen dd ireqqwaz icetten tuɣa din sebɛa n tsudjatin ɛemmarent inni tuɣa iccen aqa aten ḍi arebɛa araf,yes
REC109_SEG0003_PART01,REC109,SPK009,train,13.64,data/processed/segments/REC109/REC109_SEG0003_PART01.wav,reviewed,maca netta yarra dd inna asen ɣar tmeddiṭ ad tinim aqa rḥar iffeɣ minzi ajenna ḍ azeggʷaɣ u ɣar refjar ad tinim aqa ass a ad isuḍ usemmiḍ minzi ajenna ḍ azeg,yes
REC109_SEG0004,REC109,SPK009,train,7.76,data/processed/segments/REC109/REC109_SEG0004.wav,reviewed,maca war ḍas ittmewci ura ḍ ict n reɛrameṭ mɣir reɛrameṭ n yunus anabi xenni ijja i ṭen iruḥ,yes
REC109_SEG0005,REC109,SPK009,train,2.768,data/processed/segments/REC109/REC109_SEG0005.wav,reviewed,antun n ifarisiyyen ḍ isaḍuqiyyen,yes
REC109_SEG0006,REC109,SPK009,train,18.128,data/processed/segments/REC109/REC109_SEG0006.wav,reviewed,rami dd iwḍen imeḥḍaren nnes ɣar ujemmaḍ n rebḥar ttun ad kisen dd awyen aɣrum inna asen yasuɛ ḥḍam ixef nwem zeg wentun n ifarisiyyen ḍ isaduqiyyen niṭni mcawaren jar asen x man aya nnan aqa inna man aya minzi war ḍ niwi ca aɣrum,yes
REC109_SEG0011,REC109,SPK009,train,13.776,data/processed/segments/REC109/REC109_SEG0011.wav,reviewed,rami dd yiweḍ yasuɛ ɣar ṭammurṭ n qaysariya filippus isseqsa imeḥḍaren nnes min ɛniɣ necc mmis n bnaḍem ɛlaḥsab min qqaren iwḍan nnanas ca qqaren ḍ yuḥanna amseɣḍas,yes
REC109_SEG0013_PART01,REC109,SPK009,train,13.096,data/processed/segments/REC109/REC109_SEG0013_PART01.wav,reviewed,niɣ ḍ ijjen zeg inabiyyen inna asen maca kenniw min xafi teqqarem yarra dd xas cimɛun buṭrus inna cek ḍ lmasiḥ mmis n arebbi iddaren yarra dd xas yasuɛ,yes
REC109_SEG0013_PART02,REC109,SPK009,train,13.096,data/processed/segments/REC109/REC109_SEG0013_PART02.wav,reviewed,innas sseɛd nnec a cimɛun mmis n yuna minzi war idji ḍ aysum niɣ ḍ iḍammen i ḍ ac imren man aya maca ḍ baba i idjan deg ijenwan necc ad ac iniɣ,yes
REC109_SEG0014,REC109,SPK009,train,7.888,data/processed/segments/REC109/REC109_SEG0014.wav,reviewed,aqa cek ḍ buṭrus ḍ tasḍat n wezru u x tasḍarta ya ad bniɣ tamesmunt inu i yenni ḍaytiqqan,yes
REC109_SEG0015_PART01,REC109,SPK009,train,12.216,data/processed/segments/REC109/REC109_SEG0015_PART01.wav,reviewed,uca tiwwura n raxart war ḍas zemmarent ḍ necc ad ac wceɣ tisarutin n tgeldit n ijenwan u marra min ɣa tcedded ḍi ṭammurṭ ad yiri icedd deg,yes
REC109_SEG0016,REC109,SPK009,train,4.848,data/processed/segments/REC109/REC109_SEG0016.wav,reviewed,yasuɛ izwar issawar x rmewt ḍ tnukra nnes i ṭwara tamezwarut,yes
REC109_SEG0017,REC109,SPK009,train,17.84,data/processed/segments/REC109/REC109_SEG0017.wav,reviewed,ssenni ibḍa yasuɛ ad isscen i imeḥḍaren nnes belli ittxessas ad iraḥ ɣar urcalim ad iweddeb attas zeg imɣaren n rgens u zeg imeqqranen n ikehhanen ḍ imsermaden n idlisen ad ittwaneɣ uca ad dd ittwassnekkar ɛaweḍ deg wass wiss ṭraṭa,yes
REC109_SEG0018_PART02,REC109,SPK009,train,11.272,data/processed/segments/REC109/REC109_SEG0018_PART02.wav,reviewed,inna i buṭrus ffeɣ xafi a cciṭan cek ḍ ict n tɛenkrift i necc minzi war cek icqi min idjan n arebbi maca min idjan n iwḍan,yes
REC109_SEG0020_PART02,REC109,SPK009,train,10.872,data/processed/segments/REC109/REC109_SEG0020_PART02.wav,reviewed,ruct ḍi reɛmar nnes niɣ min ɣa iwc bnaḍem i wesraḥ n reɛmar nnes minzi mmis n bnaḍem ad dd yas s uɛudji n babas ak ḍ lmalakat nnes,yes
REC110_SEG0006_PART01,REC110,SPK009,train,14.104,data/processed/segments/REC110/REC110_SEG0006_PART01.wav,reviewed,am dd hwan zeg wedrar yumur i ṭen yasuɛ inna asen war ssiwirem x rewḥiy a am ɣarwem idja ijjenneɣni ar dd ɣa ikkar mmis n bnaḍem jar imettinen,yes
REC110_SEG0006_PART02,REC110,SPK009,train,14.104,data/processed/segments/REC110/REC110_SEG0006_PART02.wav,reviewed,imeḥḍaren sseqsan t nnanas mayemmi qqaren imsermaden n idlisen aqa iliya ad dd yas ḍ amezwaru yarra dd yasuɛ inna iliya ad dd yas ḍ amezwaru ḥima ad ittwakemmer marra,yes
REC110_SEG0007_PART01,REC110,SPK009,train,10.184,data/processed/segments/REC110/REC110_SEG0007_PART01.wav,reviewed,maca necc ad awem iniɣ xzar iliya aqa yusa dd war zzayes steɛtarifen maca ggin zzayes min xsen ammu ura ḍ,yes
REC110_SEG0007_PART02,REC110,SPK009,train,10.184,data/processed/segments/REC110/REC110_SEG0007_PART02.wav,reviewed,mmis n bnaḍem ad zzaysen iweddeb rexdenni fehmen imeḥḍaren belli tuɣa issawar akidsen x yuḥanna amseɣḍas,yes
REC110_SEG0009_PART02,REC110,SPK009,train,11.784,data/processed/segments/REC110/REC110_SEG0009_PART02.wav,reviewed,kiḍ immarni xas rḥar maɣar attas n twarawin iwḍa ḍi ṭmessi u deg waman iwyeɣ t ɣar imeḥḍaren nnec maca niṭni war zemmaren ad t ssgenfan,yes
REC110_SEG0011,REC110,SPK009,train,16.816,data/processed/segments/REC110/REC110_SEG0011.wav,reviewed,awyem t i dd ɣari xenni iwebbex i t yasuɛ uca iffeɣ zzayes cciṭan uca iḍwer uḥenjir iggenfa zi ṭsaɛɛet nni rexdenni usin dd imeḥḍaren weḥḥedsen ɣar yasuɛ nnanas mayemmi neccin war nzemmar ad t nessufeɣ,yes
REC110_SEG0012_PART02,REC110,SPK009,train,14.296,data/processed/segments/REC110/REC110_SEG0012_PART02.wav,reviewed,ssa ar ḍiha xenni ad immutti uca war din ittiri ɛad ura ḍ ict n rḥajjeṭ war ḍas tzemmarem ɛad maca ddarb a war dd itteffeɣ mɣir s tzadjit ḍ uzummi,yes
REC110_SEG0013,REC110,SPK009,train,5.296,data/processed/segments/REC110/REC110_SEG0013.wav,reviewed,yasuɛ issawar x rmewt ḍ tnukra nnes i ṭwara wiss ṭnayen,yes
REC110_SEG0014,REC110,SPK009,train,14.32,data/processed/segments/REC110/REC110_SEG0014.wav,reviewed,rami tuɣa ttsaran ḍi ljalil inna asen yasuɛ i imeḥḍaren nnes mmis n bnaḍem ad immewc deg ifassen n iwḍan ad t nɣen uca ad dd ittwassnekkar deg wass wiss ṭraṭa xenni ceḍnen attas,yes
REC110_SEG0015,REC110,SPK009,train,3.824,data/processed/segments/REC110/REC110_SEG0015.wav,reviewed,awar n yasuɛ x ḍḍariba i zzawect tameqqrant,yes
REC110_SEG0017,REC110,SPK009,train,1.2,data/processed/segments/REC110/REC110_SEG0017.wav,reviewed,inna wah,yes
REC110_SEG0018_PART01,REC110,SPK009,train,14.148,data/processed/segments/REC110/REC110_SEG0018_PART01.wav,reviewed,arami dd yudef buṭrus ɣar ṭaddarṭ izwaras dd yasuɛ inna cimɛun mammec twarid cek wi zi ttfen ijedjiden n ddunect reɛcur ḍ tenɛacin i izemmen i kur azedjif,yes
REC110_SEG0018_PART02,REC110,SPK009,train,14.148,data/processed/segments/REC110/REC110_SEG0018_PART02.wav,reviewed,ma zi ṭarwa nsen niɣ zeg ibarraniyyen innas cimɛun zeg ibarraniyyen innas yasuɛ s uya djan ṭarwa ḍ iḥurriyyen maca ḥima war ṭen nessendrif ruḥ ɣar rebḥar,yes
REC110_SEG0019,REC110,SPK009,train,14.792,data/processed/segments/REC110/REC110_SEG0019.wav,reviewed,nḍar tasennart uca arzem aqemmum i tesremt tamezwarut i dd ɣa iffɣen uca ad tafed ict n tepyist n usulḍi n ustatir ksi tt uca ewc i tt xafi u x yixef nnec,yes
REC111_SEG0001,REC111,SPK009,train,3.824,data/processed/segments/REC111/REC111_SEG0001.wav,reviewed,man wen idjan ḍ ameqqran ḍi tgeldit n ijenwan,yes
REC111_SEG0003,REC111,SPK009,train,6.256,data/processed/segments/REC111/REC111_SEG0003.wav,reviewed,u wenni i ɣa iqebren ijjen uḥenjir i idjan am uḥenjir a s yisem inu iqebber ayi,yes
REC111_SEG0005_PART02,REC111,SPK009,train,11.064,data/processed/segments/REC111/REC111_SEG0005_PART02.wav,reviewed,tedqer ɣar yiri nnes ad ittwassɣareq ḍi radjaɣ n rebḥar uct x ddunect x ssibbet n tɛenkrifin iwa ittxessa ad dd asent tɛenkrifin,yes
REC111_SEG0006_PART01,REC111,SPK009,train,12.616,data/processed/segments/REC111/REC111_SEG0006_PART01.wav,reviewed,maca amcum n bnaḍem nni itteggen taɛenkrift mara issenqarḍ cek ufus nnec niɣ aḍar nnec xenni qess i t nḍar i t xak iḥra ac ad,yes
REC111_SEG0006_PART02,REC111,SPK009,train,12.616,data/processed/segments/REC111/REC111_SEG0006_PART02.wav,reviewed,tadfed ɣar ṭudarṭ ḍ aqejdaḥ niɣ ḍ ameɛḍur x umenḍar s ṭnayen n ifassen niɣ s ṭnayen n iḍaren ḍi ṭmessi i rebda mara tessenqarḍ cek ṭitt nnec,yes
REC111_SEG0007,REC111,SPK009,train,10.768,data/processed/segments/REC111/REC111_SEG0007.wav,reviewed,xenni qerɛ i tt nḍar i tt xak iḥra ac ad tadfed ɣar ṭudarṭ s ict n ṭitt x uwettu ḍi jehennama iccuren s ṭmessi s ṭnayen n ṭittawin,yes
REC111_SEG0008,REC111,SPK009,train,2.0,data/processed/segments/REC111/REC111_SEG0008.wav,reviewed,amedya n wudji iweddaren,yes
REC111_SEG0011,REC111,SPK009,train,18.416,data/processed/segments/REC111/REC111_SEG0011.wav,reviewed,u mara yufa i t s tidett necc ad awem iniɣ ad zzayes ifarḥ ktar zi min ɣa ifarḥ zi tesɛa u tesɛin inni war iweddaren ammu ura ḍ babatwem i idjan deg ijenwan war ixes ad iweddar ura ḍ ijj zeg imezyanen a,yes
REC111_SEG0014_PART02,REC111,SPK009,train,14.636,data/processed/segments/REC111/REC111_SEG0014_PART02.wav,reviewed,waḍmen wawar marra mara netta war ɣarsen isri xenni ini tt i tmesmunt n rmuminin uca mara war isri ura ɣar tmesmunt xenni ejj i t ad ɣarwem yiri,yes
REC111_SEG0015,REC111,SPK009,train,3.864,data/processed/segments/REC111/REC111_SEG0015.wav,reviewed,am yijjen bu ḍḍariba niɣ am yijjen kuffar,yes
REC111_SEG0019,REC111,SPK009,train,19.376,data/processed/segments/REC111/REC111_SEG0019.wav,reviewed,rexdenni yusa dd ɣares buṭrus inna a sidi mecḥar n twarawin i ɣa ixḍa akidi uma necc adas samḥeɣ ma ar sebɛa n twarawin innas yasuɛ war ḍ ac qqareɣ ca ar sebɛa maca ar sebɛin ḍi sebɛa n imuren,yes
REC111_SEG0020,REC111,SPK009,train,10.96,data/processed/segments/REC111/REC111_SEG0020.wav,reviewed,suyenni tgeldit n ijenwan deg ijjen weryaz ḍ ajedjid i ixsen ad yegg reḥsab ak ḍ imsexxaren nnes umi ibḍa ad imseḥseb,yes
REC111_SEG0021_PART01,REC111,SPK009,train,14.408,data/processed/segments/REC111/REC111_SEG0021_PART01.wav,reviewed,iwyen dd ɣares ijjen bnaḍem ittursas ɛecra araf talint am war tuɣi ɣares min zi ɣa yarr amarwas yumur bab nnes ḥima ad ittwammenz,yes
REC111_SEG0022,REC111,SPK009,train,7.12,data/processed/segments/REC111/REC111_SEG0022.wav,reviewed,aqa izzidjezas bab n umsexxar nni iḍreqas uca isamḥas deg umarwas,yes
REC111_SEG0023_PART02,REC111,SPK009,train,12.76,data/processed/segments/REC111/REC111_SEG0023_PART02.wav,reviewed,xedjes min ḍ ac tturseɣ iwḍa yas umsexxar amɛacar nnes ɣar iḍaren iḥeccmit i t inna sbar xafi ad ac arreɣ marra maca netta war ixes,yes
REC111_SEG0024,REC111,SPK009,train,4.336,data/processed/segments/REC111/REC111_SEG0024.wav,reviewed,iruḥ inḍar i t ḍi reḥbes ar dd ɣa yarr amarwas,yes
REC111_SEG0025,REC111,SPK009,train,17.488,data/processed/segments/REC111/REC111_SEG0025.wav,reviewed,rami zrin imsexxaren imɛacaren nnes min imsaren ceḍnen attas uca ruḥen nnan tt i bab nsen uca iraɣa dd xas sidis innas a cek amsexxar aɛeffan marra min ḍ ac tturseɣ samḥeɣ ac minzi tettared ayi,yes
REC111_SEG0026_PART02,REC111,SPK009,train,14.825,data/processed/segments/REC111/REC111_SEG0026_PART02.wav,reviewed,ar ɣa ixedjes marra min ḍayes ḍ amarwas ammu i ɣa yegg baba wenni idjan deg ujenna i kenniw mara kenniw war tsimiḥem s wur kur ijjen zzaywem i umas ixettan nnes,yes
REC112_SEG0002,REC112,SPK009,train,14.928,data/processed/segments/REC112/REC112_SEG0002.wav,reviewed,arami ikemmer yasuɛ awaren a iffeɣ zi ljalil yiweḍ ɣar jjwayeh n ṭammurṭ n yahudiyya ɣar ujemmaḍ n yeɣzar n l urdun aqa iḍfar i t ijjen rɣaci ḍ ameqqran,yes
REC112_SEG0003,REC112,SPK009,train,1.904,data/processed/segments/REC112/REC112_SEG0003.wav,reviewed,issgenfa i ṭen dinni,yes
REC112_SEG0004_PART01,REC112,SPK009,train,11.64,data/processed/segments/REC112/REC112_SEG0004_PART01.wav,reviewed,usin dd ɣares ura ḍ ifarisiyyen tuɣa arezzun ad t jarrben nnanas ma iḥedjer i weryaz ad idjef i ṭemɣarṭ nnes zi mkur sibbet,yes
REC112_SEG0004_PART02,REC112,SPK009,train,11.64,data/processed/segments/REC112/REC112_SEG0004_PART02.wav,reviewed,yarra dd inna asen ma war teɣrim ca belli wenni ṭen dd ixerqen zeg umezwaru ixreq i ṭen dd ḍ awtem ḍ tewtemt uca aqa inna,yes
REC112_SEG0005,REC112,SPK009,train,11.472,data/processed/segments/REC112/REC112_SEG0005.wav,reviewed,s uyenni ad ismeḥ weryaz ḍi babas ḍ yemmas ad iqqen ɣar ṭemɣarṭ nnes uca ṭnayen idsen nni ad irin ḍ iijjen arimeṭ,yes
REC112_SEG0006,REC112,SPK009,train,5.744,data/processed/segments/REC112/REC112_SEG0006.wav,reviewed,ammu war ttirin ɛad ḍ ṭnayen maca ḍ ijjen n arrimet,yes
REC112_SEG0007_PART01,REC112,SPK009,train,13.844,data/processed/segments/REC112/REC112_SEG0007_PART01.wav,reviewed,min issmun arebbi war t ibetti bnaḍem nnanas mayemmi yumur musa xenni maḥend ad iwc ṭabrat n wadjaf ḥima adas idjef inna asen musa,yes
REC112_SEG0008,REC112,SPK009,train,19.528,data/processed/segments/REC112/REC112_SEG0008.wav,reviewed,wa idjii sibbet n faqcɣer uca adimrec icten nneɣni aqa netta izenna u wenni i ɣa iwyen tamɣart ṭenni i idjfen aqa ura ḍ netta izenna imeḥḍaren nnes nnanas mara ammu i tedja tmesract jar bnaḍem ḍ ṭemɣarṭ nnes,yes
REC112_SEG0011,REC112,SPK009,train,3.088,data/processed/segments/REC112/REC112_SEG0011.wav,reviewed,yasuɛ ibarek iḥenjiren imezyanen,yes
REC112_SEG0012,REC112,SPK009,train,8.144,data/processed/segments/REC112/REC112_SEG0012.wav,reviewed,rexdenni iwyenas dd iḥenjiren imezyanen maḥend ad xasen issars afus nnes uca ad asen iksi s rmeɛruf,yes
REC112_SEG0013,REC112,SPK009,train,16.816,data/processed/segments/REC112/REC112_SEG0013.wav,reviewed,maca imeḥḍaren nnes webbxen ṭen maca yasuɛ inna asen jjem iḥenjiren ad ɣari dd asen war ṭen mennɛem ca minzi tageldit n ijenwan i yinni am niṭni issars xasen afus nnes uca iruḥ ssenni,yes
REC112_SEG0014,REC112,SPK009,train,3.824,data/processed/segments/REC112/REC112_SEG0014.wav,reviewed,yasuɛ ak ḍ webriɣ wenni ḍ bab n wagra,yes
REC112_SEG0016_PART02,REC112,SPK009,train,13.176,data/processed/segments/REC112/REC112_SEG0016_PART02.wav,reviewed,zur weqqar babac ḍ yemmac uca ad amqarreb nnec am yixef nnec abriɣ innas aqa ḍfareɣ timesrayin a marra zi ṭemzi inu min ḍ ayi ittxissen ɛad,yes
REC112_SEG0020,REC112,SPK009,train,8.592,data/processed/segments/REC112/REC112_SEG0020.wav,reviewed,xenni yarra dd buṭrus innas xzar aqa neccin nejja kurci neḍfar i cek min ɣarneɣ i ɣa yirin,yes
REC112_SEG0021_PART01,REC112,SPK009,train,10.552,data/processed/segments/REC112/REC112_SEG0021_PART01.wav,reviewed,yasuɛ inna asen s tidett necc ad awem iniɣ i kenniw inni ḍ ayi dd iḍfaren aqa xmi ɣa tiri marra ddunect ḍ jdid xmi ɣa iqqim mmis n bnaḍem x rɛarc n uɛudji,yes
REC112_SEG0022_PART02,REC112,SPK009,train,14.589,data/processed/segments/REC112/REC112_SEG0022_PART02.wav,reviewed,ad iksi mya n tseqqar uca ad iwart ṭudarṭ ittduman maca attas n yinni idjan ḍ imezwura ad irin ḍ ineggura uca ineggura ad irin ḍ imezwura,yes
REC113_SEG0002,REC113,SPK009,train,11.088,data/processed/segments/REC113/REC113_SEG0002.wav,reviewed,minzi tageldit n ijenwan am yijjen bab n ṭaddarṭ iffeɣ ɣar ssbeḥ zic ḥima ad icra ixemmasen i umarjeɛ nnes n uḍir,yes
REC113_SEG0003_PART01,REC113,SPK009,train,10.248,data/processed/segments/REC113/REC113_SEG0003_PART01.wav,reviewed,rami ikkes awar ak ḍ icewwaren s yijjen dinar i yijjen wass issekk i ṭen ɣar umarjeɛ nnes n uḍir rami dd iffeɣ netta,yes
REC113_SEG0004,REC113,SPK009,train,15.568,data/processed/segments/REC113/REC113_SEG0004.wav,reviewed,netta inna asen ruḥem ura ḍ kenniw ɣar umarjeɛ inu n uḍir ad awem wceɣ min ḍ awem dd ikkaren uca ruḥen iffeɣ dd ɛaweḍ ḍi jjwayeh n ṭsaɛɛet wiss setta ḍ wiss tesɛa uca igga amenni ɛaweḍ,yes
REC113_SEG0006,REC113,SPK009,train,13.584,data/processed/segments/REC113/REC113_SEG0006.wav,reviewed,rami dd tiweḍ tmeddiṭ inna bab n umarjeɛ n uḍir i uweqqaf nnes raɣa dd x ixemmasen xedjes asen rmunet sizwar zeg inni dd yusin ḍ ineggura uca ammu ar imezwura,yes
REC113_SEG0007,REC113,SPK009,train,19.408,data/processed/segments/REC113/REC113_SEG0007.wav,reviewed,uca usin dd inni ḍ icra ḍi jjwayeh n ṭsaɛɛet wiss ḥiṭac uca kur ijjen zzaysen ittef ijjen dinar rami dd usin inni tuɣa ḍ imezwura ittɣir asen ad ttfen ktar maca ura ḍ niṭni ttfen i kur ijjen zzaysen ijjen dinar,yes
REC113_SEG0008_PART01,REC113,SPK009,train,13.608,data/processed/segments/REC113/REC113_SEG0008_PART01.wav,reviewed,aqa xeyyqen x bab n ṭaddarṭ nnan aqa ina ḍ inni ḍ ineggura xedmen ict n ṭsaɛɛet u cek temqudd i ṭen akidneɣ neccin inni yarebbun,yes
REC113_SEG0008_PART02,REC113,SPK009,train,13.608,data/processed/segments/REC113/REC113_SEG0008_PART02.wav,reviewed,ddqer n wass ḍ reḥmu maca netta yarra dd x ijjen zzaysen inna a ameddukker inu necc war cek ḍrimeɣ ma war kidi tekkised awar x ijjen dinar,yes
REC113_SEG0010,REC113,SPK009,train,15.184,data/processed/segments/REC113/REC113_SEG0010.wav,reviewed,niɣ ṭitt nnec ḍ taɛeffant minzi necc ḍ asebḥan ammu i ɣa dewren ineggura ḍ imezwura uca imezwura ad dewren ḍ ineggura minzi attas inni ittwaraɣan maca drus inni ittwaxdaren,yes
REC113_SEG0012_PART01,REC113,SPK009,train,11.528,data/processed/segments/REC113/REC113_SEG0012_PART01.wav,reviewed,rami ikkar dd yasuɛ maḥend ad igeɛɛed ɣar urcalim yiwi ṭenɛac n imeḥḍaren nnes ɣar uɣezdis deg webrid inna asen xzar ad ngeɛɛed ɣar,yes
REC113_SEG0014,REC113,SPK009,train,3.12,data/processed/segments/REC113/REC113_SEG0014.wav,reviewed,tutra n yemmas n yaɛqub ḍ yuḥanna,yes
REC113_SEG0015_PART02,REC113,SPK009,train,11.032,data/processed/segments/REC113/REC113_SEG0015_PART02.wav,reviewed,n texsed ṭennas nettat ini maḥend ad qqimen ṭnayen n iḥenjiren a inu ijjen ɣar ufusi nnec u wenneɣni ɣar uzermaḍ nnec ḍi tgeldit nnec,yes
REC113_SEG0017,REC113,SPK009,train,17.776,data/processed/segments/REC113/REC113_SEG0017.wav,reviewed,netta inna asen rkas inu ad t teswem u aseɣḍes i zi ɣa ttwassɣeḍseɣ ad zzayes tettwassɣeḍsem maca aɣimi ɣar ufusi inu ḍ uzermaḍ inu war idji i necc maḥend ad t wceɣ maca ad yiri i yinni umi t issewjed baba,yes
REC113_SEG0019_PART01,REC113,SPK009,train,13.912,data/processed/segments/REC113/REC113_SEG0019_PART01.wav,reviewed,war ittiri ammu jar awem maca s rmeqrub wenni ixsen ad yiri ḍ ameqqran jar awem ad yiri ḍ amsexxar nwem u wenni ixsen ad yiri ḍ amezwaru jar awem jit ad yiri,yes
REC113_SEG0022_PART01,REC113,SPK009,train,14.488,data/processed/segments/REC113/REC113_SEG0022_PART01.wav,reviewed,rami srin belli yasuɛ ad iɛdu raɣan nnan a sidi mmis n dawud arḥem aneɣ maca rɣaci iziyyar xasen ḥima ad sqaren maca niṭni sɣuyen s jjehd ktar nnan,yes
REC113_SEG0023,REC113,SPK009,train,7.28,data/processed/segments/REC113/REC113_SEG0023.wav,reviewed,yasuɛ iḥinn xasen xenni iḥada ṭittawin nsen rexdenni dewrent ṭittawin nsen ttwarant,yes
REC114_SEG0001,REC114,SPK009,train,3.472,data/processed/segments/REC114/REC114_SEG0001.wav,reviewed,adaf n yasuɛ ɣar urcalim am ujedjid,yes
REC114_SEG0003_PART01,REC114,SPK009,train,11.32,data/processed/segments/REC114/REC114_SEG0003_PART01.wav,reviewed,issekk yasuɛ ṭnayen n imeḥḍaren nnes inna asen ruḥem ɣar dcar nni qibac nwem deɣya ad tafem ict n teɣyuc teqqen ḍ ijjen wesnus akides,yes
REC114_SEG0003_PART02,REC114,SPK009,train,11.32,data/processed/segments/REC114/REC114_SEG0003_PART02.wav,reviewed,fesyem asen tawyem ṭen dd ɣari mara inna awem ḥed ca arrem xas ammu aqa siditneɣ iḥdaj i ṭen netta ad ṭen dd yarr deɣya,yes
REC114_SEG0005_PART01,REC114,SPK009,train,13.192,data/processed/segments/REC114/REC114_SEG0005_PART01.wav,reviewed,yenya x weɣyur ḍ wesnus aqa ḍ mmis n teɣyuc ruḥen imeḥḍaren uca ggin am mammec ṭen yumur yasuɛ iwyen dd aɣyur ḍ wesnus sarsen arruḍ nsen,yes
REC114_SEG0009_PART01,REC114,SPK009,train,13.5,data/processed/segments/REC114/REC114_SEG0009_PART01.wav,reviewed,yudef yasuɛ ɣar zzawect tameqqrant n arebbi issuffeɣ marra inni izznuzan ḍ yinni issaɣen ḍi zzawect tameqqrant uca iqreb ttwaber n isarrafen n tenɛacin ḍ rekrasi n yinni i,yes
REC114_SEG0009_PART02,REC114,SPK009,train,13.5,data/processed/segments/REC114/REC114_SEG0009_PART02.wav,reviewed,zznuzan idbiren inna asen aqa tura ṭaddarṭ inu ad tettwasemma ṭaddarṭ n tzadjit maca kenniw tarrim tt ḍ ifri n iceffaren iwyen dd ɣares ḍi zzawect tameqqrant,yes
REC114_SEG0010,REC114,SPK009,train,13.432,data/processed/segments/REC114/REC114_SEG0010.wav,reviewed,idarɣaren ḍ ineɛḍaben uca issgenfa ṭen umi zrin imeqqranen n ikehhanen ḍ imsermaden n idlisen lmuɛjizat i yegga u aqa iḥenjiren ttraɣan ḍi zzawect tameqqrant qqaren,yes
REC114_SEG0011_PART01,REC114,SPK009,train,11.176,data/processed/segments/REC114/REC114_SEG0011_PART01.wav,reviewed,usanna i mmis n dawud xeyyqen attas nnanas ma tesrid min qqaren yina inna asen yasuɛ wah ma war teɣrim ɛemmas,yes
REC114_SEG0012,REC114,SPK009,train,1.392,data/processed/segments/REC114/REC114_SEG0012.wav,reviewed,artu yuzɣen,yes
REC114_SEG0014_PART01,REC114,SPK009,train,13.256,data/processed/segments/REC114/REC114_SEG0014_PART01.wav,reviewed,umi zrin imeḥḍaren man aya tbehten nnan mammec igga wartu yuzeɣ deɣya yasuɛ yarra dd inna asen s tidett necc ad awem iniɣ mara ḍaywem l iman u war tcekkim ca aqa war tetteggem,yes
REC114_SEG0014_PART02,REC114,SPK009,train,13.256,data/processed/segments/REC114/REC114_SEG0014_PART02.wav,reviewed,min imsaren i wartu waha maca ɛaweḍ mara tennam i wedrar a meksi wḍa ḍi rebḥar ad yiri ḍ qqaɛ min ɣa tettarem ḍi tzadjit s l iman ad t tettfem,yes
REC114_SEG0016_PART01,REC114,SPK009,train,13.88,data/processed/segments/REC114/REC114_SEG0016_PART01.wav,reviewed,rami yudef ɣar zzawect tameqqrant usin dd ɣares imeqqranen n ikehhanen ḍ imɣaren n rgens am tuɣa issermad nnan s man ssulṭa i teggid timesrayin a wi ḍ ac iwcin ssulṭa ya,yes
REC114_SEG0019_PART02,REC114,SPK009,train,11.064,data/processed/segments/REC114/REC114_SEG0019_PART02.wav,reviewed,ass a ad ṭxedmeḍ deg umarjeɛ n uḍir netta yarra dd inna necc war xseɣ ca maca awarni man aya indem uca iruḥ din,yes
REC114_SEG0020,REC114,SPK009,train,14.224,data/processed/segments/REC114/REC114_SEG0020.wav,reviewed,uca yusa dd netta ɣar wenni wiss ṭnayen innas amenni beɛda wanita yarra dd xas wah a sidi maca war iruḥ ca man wen zzaysen i iggin rxaḍar i babas niṭni arrin dd xas,yes
REC114_SEG0021_PART01,REC114,SPK009,train,13.864,data/processed/segments/REC114/REC114_SEG0021_PART01.wav,reviewed,wenni ḍ amezwaru yasuɛ inna asen s tidett necc ad awem iniɣ aqa ayt n ḍḍariba ḍ temɣarin n farq ccɣer ad awem izwaren ɣar tgeldit n arebbi minzi yuḥanna yusa dd ɣarwem deg webrid n t,yes
REC114_SEG0021_PART02,REC114,SPK009,train,13.864,data/processed/segments/REC114/REC114_SEG0021_PART02.wav,reviewed,segda kenniw war zzayes tuminem maca ayt n ḍḍariba ḍ temɣarin n farq ccɣer aqa niṭni umnen zzayes rami ṭezrim man aya war tetubem ca ɣar uneggaru maḥend ad zzayes tamnem,yes
REC114_SEG0023_PART01,REC114,SPK009,train,11.736,data/processed/segments/REC114/REC114_SEG0023_PART01.wav,reviewed,srem ɛaweḍ i yijjen umedya nneɣni tuɣa din ijjen weryaz bab n ṭaddarṭ igga ijjen umarjeɛ n uḍir izzu ḍayes tizayarin netta iquwwaras dd s,yes
REC114_SEG0024,REC114,SPK009,train,9.072,data/processed/segments/REC114/REC114_SEG0024.wav,reviewed,umi dd tiweḍ rweqt n ssabet n rɣidjet issekk imsexxaren nnes ɣar ixemmasen nni ḥima ad dd awyen rɣidjet nnes,yes
REC114_SEG0028,REC114,SPK009,train,12.24,data/processed/segments/REC114/REC114_SEG0028.wav,reviewed,azru i iɛiffen ibennayen aqa iḍwer ḍ azru azedjif n teɣmart manaya it wag zi sidi aqqat ijjen ḥajjet s ṭebhet ṭittawin nneɣ,yes
REC114_SEG0029,REC114,SPK009,train,9.808,data/processed/segments/REC114/REC114_SEG0029.wav,reviewed,s uyenni ad awem iniɣ belli tageldit n arebbi ad awem tettwakkes uca ad temmewc i yijjen rgens i ɣa iwcen rɣidjet nnes,yes
REC114_SEG0030,REC114,SPK009,train,19.924,data/processed/segments/REC114/REC114_SEG0030.wav,reviewed,wi ɣa iwḍan x wezru ya ad ittwarbez u wi xef i ɣa iwḍa ad t irbez rami srin imeqqranen n ikehhanen ḍ ifarisiyyen imedya nnes fehmen belli issawar xasen arezzun ad t ttfen maca ggʷeden zi rɣaci minzi rɣaci tuɣa iḥesseb i t ḍ ijjen unabi,yes
REC115_SEG0003,REC115,SPK009,train,15.312,data/processed/segments/REC115/REC115_SEG0003.wav,reviewed,ɛaweḍ issekk dd imsexxaren nneɣni inna inim i yinni ittwaɛarḍen aqa sswejdeɣ awem amecri ɣarseɣ i iyenduzen inu ḍ rmar inu iseḥḥen aqa marra iwjed asem dd ɣar wurar,yes
REC115_SEG0004,REC115,SPK009,train,14.128,data/processed/segments/REC115/REC115_SEG0004.wav,reviewed,niṭni maca war wcin ca taynit i man aya ruḥen ijjen ɣar reɛrasi nnes u wenneɣni ɣar ttijara nnes inni iqqimen ttfen imsexxaren nnes ɣezzan ḍaysen uca nɣin ṭen,yes
REC115_SEG0005,REC115,SPK009,train,10.512,data/processed/segments/REC115/REC115_SEG0005.wav,reviewed,rami isra ujedjid man aya ixeyyeq attas issekk dd rɛeskar nnes uca yareyyeb iqettaren nni uca issecmeḍ tandint nsen,yes
REC115_SEG0006,REC115,SPK009,train,15.216,data/processed/segments/REC115/REC115_SEG0006.wav,reviewed,xenni inna i imsexxaren nnes aqa urar iwjed maca inni tuɣa ittwaɛarḍen war t sdihidjen ca s uya uyurem ɣar mani ttemsebḍan ibriden raɣam dd x marra inni i ɣa tafem din ɣar wurar,yes
REC115_SEG0007_PART01,REC115,SPK009,train,11.72,data/processed/segments/REC115/REC115_SEG0007_PART01.wav,reviewed,xenni ffɣen dd imsexxaren nni ɣar ibriden uca ssmunen marra inni ufin am yisebḥanen am yiɛeffanen uca amcan n wurar tedwer teccur s inewjiwen i iqqimen,yes
REC115_SEG0007_PART02,REC115,SPK009,train,11.72,data/processed/segments/REC115/REC115_SEG0007_PART02.wav,reviewed,dinni rami dd yudef ujedjid maḥend ad izar inewjiwen nni iqqimen dinni iḥekkar i yijjen bnaḍem war yarḍ ca arruḍ n wurar innas a ameddukker inu,yes
REC115_SEG0008_PART01,REC115,SPK009,train,11.512,data/processed/segments/REC115/REC115_SEG0008_PART01.wav,reviewed,mammec dd tudfed danita bra arruḍ n wurar maca netta iḍwer ignu xenni inna ujedjid i imsexxaren carfem t s ifassen ḍ iḍaren uca nḍarem,yes
REC115_SEG0008_PART02,REC115,SPK009,train,11.512,data/processed/segments/REC115/REC115_SEG0008_PART02.wav,reviewed,t barra ɣar uneggar n tadjest mani ɣa irin imettawen ḍ uɣezzi n teɣmas minzi aqa din attas inni ittwaraɣan maca drus inni ittwafarzen,yes
REC115_SEG0009,REC115,SPK009,train,2.288,data/processed/segments/REC115/REC115_SEG0009.wav,reviewed,aseqsi x ḍḍariba i qaysar,yes
REC115_SEG0011,REC115,SPK009,train,4.656,data/processed/segments/REC115/REC115_SEG0011.wav,reviewed,ma iḥeqq ɛlaḥsab ccariɛa ad tettwaxedjes ḍḍariba i qaysar niɣ lla,yes
REC115_SEG0013,REC115,SPK009,train,4.528,data/processed/segments/REC115/REC115_SEG0013.wav,reviewed,rami srin man aya tbehten semḥen ḍayes uca ruḥen,yes
REC115_SEG0016,REC115,SPK009,train,19.312,data/processed/segments/REC115/REC115_SEG0016.wav,reviewed,tuɣa ɣarneɣ sebɛa n wawmaten amezwaru imrec immut umi war dd yejji ca ṭarwa aqa ijja tamɣart nnes i umas ammu i immut ura ḍ wenni wiss ṭnayen ḍ wiss ṭraṭa ar wenni wiss sebɛa ɣar uneggaru nsen marra temmut ṭemɣarṭ,yes
REC115_SEG0019_PART02,REC115,SPK009,train,14.408,data/processed/segments/REC115/REC115_SEG0019_PART02.wav,reviewed,jar imettinen ma war teɣrim ca min ḍ awem inna arebbi i iqqaren aqa necc ḍ arebbi n ibrahim arebbi n isḥaq arebbi n yaɛqub arebbi war idji ḍ arebbi n imettinen maca n yinni iddaren,yes
REC115_SEG0023,REC115,SPK009,train,12.56,data/processed/segments/REC115/REC115_SEG0023.wav,reviewed,ṭenni wiss ṭnayen tarwes ḍayes aqa nettat ad texsed jjar nnec amecnaw ixef nnec x ṭnayen n twessa ya tettwabna marra ccariɛa ḍ inabiyyen,yes
REC115_SEG0025_PART01,REC115,SPK009,train,14.28,data/processed/segments/REC115/REC115_SEG0025_PART01.wav,reviewed,am tuɣa munen ifarisiyyen isseqsa ṭen yasuɛ inna min teqqarem x lmasiḥ umi igga mmis nnanas mmis n dawud inna asen mammec i ɣa yegg dawud adas isemma zi arruḥ,yes
REC115_SEG0025_PART02,REC115,SPK009,train,14.28,data/processed/segments/REC115/REC115_SEG0025_PART02.wav,reviewed,sidi am iqqar sidi inna i sidi inu qqim dd x ufusi inu ar ɣa ggeɣ rɛedyan nnec sadu iḍaren nnec mara dawud iraɣas sidi mammec ɣa yiri ḍ mmis,yes
REC116_SEG0001,REC116,SPK009,train,4.304,data/processed/segments/REC116/REC116_SEG0001.wav,reviewed,awaren iqesḥen x imsermaden n ccariɛa ḍ ifarisiyyen,yes
REC116_SEG0002_PART01,REC116,SPK009,train,11.352,data/processed/segments/REC116/REC116_SEG0002_PART01.wav,reviewed,rexdenni issiwer yasuɛ ak ḍ rɣaci u ak ḍ imeḥḍaren nnes inna imsermaden n idlisen ḍ ifarisiyyen ssɣimen simant nsen x rkursi n musa s uya marra,yes
REC116_SEG0005_PART02,REC116,SPK009,train,10.984,data/processed/segments/REC116/REC116_SEG0005_PART02.wav,reviewed,amsermaḍ nwem ḍ ijjen maca kenniw marra ḍ awmaten war ttejjim ad awem raɣan ḍi ṭammurṭ a baba minzi babatwem i idjan deg ijenwan ḍ ijjen,yes
REC116_SEG0006_PART01,REC116,SPK009,train,12.344,data/processed/segments/REC116/REC116_SEG0006_PART01.wav,reviewed,war ttejjim ad awem raɣan imgewwaden minzi ijjen ḍ wenni ḍ amgewwad nwem aqa t ḍ lmasiḥ maca ameqqran nwem ad yiri ḍ amsexxar nwem wenni i ɣa issuɛ,yes
REC116_SEG0007_PART02,REC116,SPK009,train,13.608,data/processed/segments/REC116/REC116_SEG0007_PART02.wav,reviewed,ḍ ifarisiyyen kenniw a imnafqen kenniw tettbellɛem tageldit n ijenwan i iwḍan minzi kenniw simant nwem war tt tettidfem uca inni yarezzun ad dd adfen war ṭen tettejjim ad dd adfen,yes
REC116_SEG0009,REC116,SPK009,train,17.712,data/processed/segments/REC116/REC116_SEG0009.wav,reviewed,uct xawem a kenniw imgewwaden idarɣaren inni iqqaren wenni ijjudjen ɣar zzawect tameqqrant aqa tajadjit nnes war tessekkʷi walu maca wenni i ɣa ijjudjen s wureɣ i idjan ḍi zzawect tameqqrant aqa netta iqqen ɣar iress nnes,yes
REC116_SEG0010,REC116,SPK009,train,14.096,data/processed/segments/REC116/REC116_SEG0010.wav,reviewed,a ifɣar a idarɣaren min isekkʷan ktar ureɣ niɣ zzawect tameqqrant ṭenni tessqeddes ureɣ uca ammu i teqqarem ɛaweḍ wenni ijjudjen ɣar uɛalṭar aqa tajadjit nnes war tsekkʷi walu,yes
REC116_SEG0011_PART02,REC116,SPK009,train,13.928,data/processed/segments/REC116/REC116_SEG0011_PART02.wav,reviewed,qeddes tamewci s uya wi ɣa ijjadjen xenni ɣar uɛalṭar aqa ijjudj ɣar uɛalṭar u ɣar marra min xas idjan u wi ɣa ijjadjen ɣar zzawect tameqqrant ijjudj ɣares u ɣar wenni ḍayes izeddɣen,yes
REC116_SEG0012,REC116,SPK009,train,5.744,data/processed/segments/REC116/REC116_SEG0012.wav,reviewed,u wi ɣa ijjadjen ɣar ujenna aqa ijjudj ɣar rɛarc n arebbi ḍ wenni xas iqqimen,yes
REC116_SEG0013_PART01,REC116,SPK009,train,11.848,data/processed/segments/REC116/REC116_SEG0013_PART01.wav,reviewed,uct xawem a kenniw imsermaden n idlisen ḍ ifarisiyyen kenniw a imnafqen minzi kenniw tetticem taɛcart n nneɛnaɛ ḍ ssanudj ḍ rcemmum,yes
REC116_SEG0013_PART02,REC116,SPK009,train,11.848,data/processed/segments/REC116/REC116_SEG0013_PART02.wav,reviewed,maca war ḍ awem icqi min idjan ḍ ameqqran ḍi ccariɛa aqa rḥukm ḍ arreḥmet ḍ l iman ina i ittxessa ad teggem inneɣni,yes
REC116_SEG0015_PART01,REC116,SPK009,train,12.808,data/processed/segments/REC116/REC116_SEG0015_PART01.wav,reviewed,uct xawem a kenniw imsermaden n idlisen ḍ ifarisiyyen kenniw a imnafqen minzi tessizdagem barra n aɣarraf ḍ ttebsi maca ɣar daxer t ccuren,yes
REC116_SEG0018_PART02,REC116,SPK009,train,14.008,data/processed/segments/REC116/REC116_SEG0018_PART02.wav,reviewed,inabiyyen iwa kemmrem kenniw xenni ura reqyas n min ggin rejdud nwem a irefsawen ṭarwa n ifiɣran mammec ɣa teggem ad tettwassnejmem zi rḥukm n ṭmessi n jehennama,yes
REC116_SEG0020_PART01,REC116,SPK009,train,12.028,data/processed/segments/REC116/REC116_SEG0020_PART01.wav,reviewed,ca zzaysen ad ṭen tenɣem ca zzaysen ad ṭen tsellbem u ca zzaysen ad ṭen thettkem s urekkuḍ ḍi ṭemzidawin nwem uca ad xasen tazzrem zi tendint,yes
REC116_SEG0020_PART02,REC116,SPK009,train,12.028,data/processed/segments/REC116/REC116_SEG0020_PART02.wav,reviewed,ɣar tendint nneɣni arami ad xawem irin marra iḍammen iseggden i issizzren x ṭammurṭ zeg iḍammen n habil amseggad ar iḍammen n zakariyya,yes
REC116_SEG0021,REC116,SPK009,train,10.808,data/processed/segments/REC116/REC116_SEG0021.wav,reviewed,mmis n birixya i tenɣim jar zzawect tameqqrant ḍ uɛalṭar s tidett necc ad awem iniɣ marra timesrayin a ad dd asent x jjir a,yes
REC116_SEG0024_PART01,REC116,SPK009,train,14.791,data/processed/segments/REC116/REC116_SEG0024_PART01.wav,reviewed,a urcalim cem i ineqqen inabiyyen u yarejjmen inni ḍ am dd ittwassekken mecḥar tuɣa xseɣ ad ssmuneɣ ṭarwa nnem amacnaw yict n tyaziḍt tegga ifidjusen nnes sadu afriwen nnes,yes
REC116_SEG0024_PART02,REC116,SPK009,train,14.791,data/processed/segments/REC116/REC116_SEG0024_PART02.wav,reviewed,maca kenniw tuɣa war tettexsem xzar ṭaddarṭ nwem ad tettwajj i cem ḍ rxarbet minzi necc ad awem iniɣ kenniw war ḍ ayi tzarrem ar ɣa tinim damimuni wenni dd yusin s yisem n sidi,yes
REC117_SEG0002,REC117,SPK009,train,13.296,data/processed/segments/REC117/REC117_SEG0002.wav,reviewed,xenni yuyar yasuɛ iffeɣ zi zzawect tameqqrant usin dd ɣares imeḥḍaren nnes hima ad asecnen rebniyyat n zzawect tameqqrant inna sen yasuɛ ma warṭezrim marra man aya,yes
REC117_SEG0003_PART01,REC117,SPK009,train,10.568,data/processed/segments/REC117/REC117_SEG0003_PART01.wav,reviewed,s tidett necc ad awem iniɣ war da ittɣimi ura ḍ ijjen wezru x wezru nneɣni i war ittnehdim umi tuɣa yasuɛ iqqim x wedrar n zzitun usin dd,yes
REC117_SEG0005_PART01,REC117,SPK009,train,11.032,data/processed/segments/REC117/REC117_SEG0005_PART01.wav,reviewed,uca ad tesrem x garrat u x rexburat n imenɣan ɣarwem aqa ad teggʷedem minzi s uɣir ad yiri man aya maca war ittiri ɛad ḍ aneggar,yes
REC117_SEG0005_PART02,REC117,SPK009,train,11.032,data/processed/segments/REC117/REC117_SEG0005_PART02.wav,reviewed,minzi rgens ad iɣewweɣ x ijjen rgens nneɣni u tageldit x tgeldit nneɣni ad yiri raz ḍ rehracat yewɛaren ḍ inhezzan n ṭammurṭ da ḍ ḍiha,yes
REC117_SEG0006,REC117,SPK009,train,14.096,data/processed/segments/REC117/REC117_SEG0006.wav,reviewed,maca marra man aya ḍ beddu n rewjeɛ n tarut xenni ad kenniw dd awyen ɣar rmeḥnet uca ad kenniw nɣen u marra regnus ad kenniw carhen zi ssibbet n yisem inu,yes
REC117_SEG0007,REC117,SPK009,train,16.08,data/processed/segments/REC117/REC117_SEG0007.wav,reviewed,rexdenni ad nqarḍen wattas ad carhen ijjen wenneɣni uca ad sellmen ijjen wenneɣni ad kkaren wattas n inabiyyen issxarriqen uca ad ɣwan attas s wattas n rmuɛsiyyet ad tudrus tayri n wattas n iwḍan,yes
REC117_SEG0010,REC117,SPK009,train,10.8,data/processed/segments/REC117/REC117_SEG0010.wav,reviewed,u wenni idjan deg iyyar war dd iddikkʷir ca ḥima ad dd yawi arruḍ nnes uct x tinni idjan s ddeyset ḍ tinni issuttuḍen deg wussan nni,yes
REC117_SEG0011_PART01,REC117,SPK009,train,11.64,data/processed/segments/REC117/REC117_SEG0011_PART01.wav,reviewed,zadjem ḥima war tettiri tarewra nwem ḍi rmecta niɣ ḍi ssebt minzi rexdenni ad tiri rmeḥnet tameqqrant i war imsaren ɛemmas zeg wami tedja ddunect ar i rexxu u,yes
REC117_SEG0012,REC117,SPK009,train,14.096,data/processed/segments/REC117/REC117_SEG0012.wav,reviewed,mara inna awem ḥed xzarem aqa da lmasiḥ niɣ aqa t ḍiha war t ttimnem minzi ad irin imasiḥen issxarriqen ḍ inabiyyen issxarriqen ad ggen reɛramat mɣarent ḥima,yes
REC117_SEG0014_PART01,REC117,SPK009,train,13.096,data/processed/segments/REC117/REC117_SEG0014_PART01.wav,reviewed,war tt ttimnem minzi am wajjaj i dd itteffɣen zi ccarq uca ittegg tafawt ar rɣarb ammu i ɣa tiri twasit n mmis n bnaḍem mani ɣa tiri arrimet,yes
REC117_SEG0015,REC117,SPK009,train,3.568,data/processed/segments/REC117/REC117_SEG0015.wav,reviewed,u ssulaṭat n ijenwan ad ttwanhezzent,yes
REC117_SEG0016,REC117,SPK009,train,14.608,data/processed/segments/REC117/REC117_SEG0016.wav,reviewed,xenni ad dd teḍhar reɛrameṭ n mmis n bnaḍem deg ujenna u marra tiqebbar n ṭammurṭ ad wtent agejdur uca ad zarent mmis n bnaḍem yusa dd x iseynuten s jjehd u s izran usebbeḥ,yes
REC117_SEG0019,REC117,SPK009,train,6.16,data/processed/segments/REC117/REC117_SEG0019.wav,reviewed,s tidett necc ad awem iniɣ jjir a war iɛeddu ar ɣa imsar man aya marra,yes
REC117_SEG0020,REC117,SPK009,train,5.488,data/processed/segments/REC117/REC117_SEG0020.wav,reviewed,ajenna ḍ ṭammurṭ ad ɛdun maca awaren inu war ɛeddun ɛemmas,yes
REC117_SEG0024_PART01,REC117,SPK009,train,10.008,data/processed/segments/REC117/REC117_SEG0024_PART01.wav,reviewed,ḍi rweqt nni ad irin ṭnayen deg iyyar ijjen ad t ksin u wenneɣni ad t jjen ṭnayen n temɣarin ad ḥaryent s tsirt,yes
REC117_SEG0025_PART01,REC117,SPK009,train,11.24,data/processed/segments/REC117/REC117_SEG0025_PART01.wav,reviewed,maca ssnem aya mara bab n ṭaddarṭ issen ḍi man ḥettu n djiret i dd ɣa yas uceffar iri iqqim iḥetta war t ittejji,yes
REC117_SEG0025_PART02,REC117,SPK009,train,11.24,data/processed/segments/REC117/REC117_SEG0025_PART02.wav,reviewed,ad yadef ɣar ṭaddarṭ nnes s uyenni irim twejdem minzi mmis n bnaḍem ad dd yas deg ict n ṭsaɛɛet war tt tettrijim,yes
REC117_SEG0028_PART02,REC117,SPK009,train,10.968,data/processed/segments/REC117/REC117_SEG0028_PART02.wav,reviewed,mara amsexxar aɛeffan nni ad yini deg wur nnes sidi inu iɛettar maḥend ad dd yas uca ibḍa iccat imsexxaren imɛacaren nni ikides idjjan,yes
REC117_SEG0029,REC117,SPK009,train,19.76,data/processed/segments/REC117/REC117_SEG0029.wav,reviewed,ad icc ad isu ak ḍ imeskaren xenni ad dd yas sidis n umsexxar nni deg ijjen wass i ḍi war t ittriji u deg ict n ṭsaɛɛet war tt issin ad t iqess ḍ iwetwiten uca ad tiri tesɣart nnes ak ḍ imnafqen din i ɣa yirin imettawen ḍ uɣezzi n teɣmas,yes
REC118_SEG0002_PART02,REC118,SPK009,train,13.368,data/processed/segments/REC118/REC118_SEG0002_PART02.wav,reviewed,tifɣar tinni idjan ḍ tifɣar ksint refnarat nsent maca war iwyint ca zzect timiɣisin iwyent i dd zzect ḍi tziyyatin nsent ak ḍ refnarat nsent,yes
REC118_SEG0003,REC118,SPK009,train,6.352,data/processed/segments/REC118/REC118_SEG0003.wav,reviewed,rami iɛḍer umuray bdant ttnudument marra uca ttsent,yes
REC118_SEG0005,REC118,SPK009,train,3.888,data/processed/segments/REC118/REC118_SEG0005.wav,reviewed,ruḥent ɣar isebbaben maḥend ad tesɣent i yixef nkent,yes
REC118_SEG0006,REC118,SPK009,train,10.064,data/processed/segments/REC118/REC118_SEG0006.wav,reviewed,rami ruḥent niṭenti ḥima ad sɣent yusa dd umuray u tinni tuɣa iwejden udfent akides ɣar wurar uca tbelleɛ tewwart,yes
REC118_SEG0007_PART01,REC118,SPK009,train,10.936,data/processed/segments/REC118/REC118_SEG0007_PART01.wav,reviewed,awarni man aya usint teɛzariyyin nneɣni qqarent a siditneɣ a siditneɣ arzem aneɣ netta yarra dd inna s tidett,yes
REC118_SEG0007_PART02,REC118,SPK009,train,10.936,data/processed/segments/REC118/REC118_SEG0007_PART02.wav,reviewed,necc ad akent iniɣ war kennint ssineɣ s uyenni ḥḍam minzi kenniw war tessinem ca ass ura ḍ tasaɛɛet i ḍi dɣayass mmis n bnaḍem,yes
REC118_SEG0012_PART02,REC118,SPK009,train,14.552,data/processed/segments/REC118/REC118_SEG0012_PART02.wav,reviewed,uca issnuffar tmenyat n nnuqart n bab nnes rami teɛdu attas n rweqt yusa dd bab n imsexxaren nni uca igga akidsen reḥsab xenni yusa dd wenni ittfen xemsa talint yiwi dd xemsa talint nneɣni,yes
REC118_SEG0014,REC118,SPK009,train,9.232,data/processed/segments/REC118/REC118_SEG0014.wav,reviewed,xenni yusa dd ɛaweḍ wenni ittfen ṭnayen talint inna a sidi tewcid ayi ṭnayen talint aqa arebḥeɣ ṭnayen nneɣni ktar,yes
REC118_SEG0015_PART01,REC118,SPK009,train,11.528,data/processed/segments/REC118/REC118_SEG0015_PART01.wav,reviewed,innas sidi nnes mliḥ i teggid a amsexxar asebḥan ḍ amtiqqi tuɣa cek ḍ amtiqqi x drus ad ac ggeɣ x wattas adef dd ɣar refraḥet n,yes
REC118_SEG0015_PART02,REC118,SPK009,train,11.528,data/processed/segments/REC118/REC118_SEG0015_PART02.wav,reviewed,sidi nekk maca wenni ittfen ict n talint yusa dd ɛaweḍ inna a sidi ssneɣ aqa cek ḍ bnaḍem tqesḥed tmejjared mani war tzarrɛed,yes
REC118_SEG0017_PART01,REC118,SPK009,train,13.208,data/processed/segments/REC118/REC118_SEG0017_PART01.wav,reviewed,yarra dd sidi nnes innas a amsexxar aɛeffan ameɛguz aqa tessned belli aqa mjareɣ mani war zarɛeɣ u yarweɣ mani war ssarweteɣ xenni,yes
REC118_SEG0017_PART02,REC118,SPK009,train,13.208,data/processed/segments/REC118/REC118_SEG0017_PART02.wav,reviewed,mri tiwyed tmenyat inu ɣar rbanku xenni necc xmi dd ɣa yaseɣ ad ttareɣ min idjan inu s arriba s uya kksemas talint nni ewc i tt i wenni ɣar idja ɛecra talintat,yes
REC118_SEG0018,REC118,SPK009,train,19.184,data/processed/segments/REC118/REC118_SEG0018.wav,reviewed,minzi i kur ijjen wenni ɣar idja adas immewc uca ad ɣares yiri s wattas maca wenni war ɣar idji ura ḍ min ɣares adas ittwakkes nḍarem amsexxar ibettren ɣar barra deg uneggar n tadjest mani ɣa irin imettawen ḍ uɣezzi n teɣmas,yes
REC118_SEG0021_PART01,REC118,SPK009,train,11.352,data/processed/segments/REC118/REC118_SEG0021_PART01.wav,reviewed,rexdenni ad ini ujedjid i yinni x ufusi nnes asem dd a kenniw inni ittwabarken zi baba wartem tageldit i ḍ awem dd iwejden zeg wami,yes
REC118_SEG0022_PART02,REC118,SPK009,train,10.872,data/processed/segments/REC118/REC118_SEG0022_PART02.wav,reviewed,a xas dd arren imseggaden qqaren a siditneɣ mermi cek nezra tdjuzed uca nessecc i cek niɣ mermi cek nezra teffuded uca newc ac ad teswed,yes
REC118_SEG0024_PART02,REC118,SPK009,train,13.4,data/processed/segments/REC118/REC118_SEG0024_PART02.wav,reviewed,beɛɛdem xafi a kenniw inni ittwaneɛren ɣar ṭmessi n rebda i iwejden i ibris ḍ lmalakat nnes minzi tuɣa ḍayi raz war ḍ ayi tesseccem,yes
REC118_SEG0025,REC118,SPK009,train,2.288,data/processed/segments/REC118/REC118_SEG0025.wav,reviewed,ffudeɣ war ḍ ayi tewcim ad sweɣ,yes
REC118_SEG0026_PART02,REC118,SPK009,train,13.784,data/processed/segments/REC118/REC118_SEG0026_PART02.wav,reviewed,en ad inin a siditneɣ mermi cek nezra tedjuzed niɣ teffuded niɣ ḍ abarrani niɣ ḍ aɛaryan niɣ therced niɣ ḍi reḥbes xenni neccin war xak nsexxar ca,yes
REC118_SEG0027,REC118,SPK009,train,18.448,data/processed/segments/REC118/REC118_SEG0027.wav,reviewed,xenni ad xasen dd yarr ad yini s tidett necc ad awem iniɣ min war teggim i yijjen zeg imezyanen inu i necc umi war t teggim ɛaweḍ ad raḥen niṭni ɣar reɛdab ittduman maca imseggaden ɣar ṭudarṭ ittduman,yes
REC119_SEG0002,REC119,SPK009,train,10.384,data/processed/segments/REC119/REC119_SEG0002.wav,reviewed,awarni rami ikemmer yasuɛ awaren a inna i imeḥḍaren nnes tessnem belli awarni ṭnayen n wussan ad tiri rɛid n tɣarst n useɛdu,yes
REC119_SEG0004,REC119,SPK009,train,12.784,data/processed/segments/REC119/REC119_SEG0004.wav,reviewed,uca mcawaren mammec ɣa ttfen yasuɛ s teḥraymect uca ad t nɣen nnan war ittiri ḍi rɛid ḥima war ittekkar uɣewweɣ ḍi rgens,yes
REC119_SEG0006,REC119,SPK009,train,16.976,data/processed/segments/REC119/REC119_SEG0006.wav,reviewed,rami tuɣa yasuɛ ḍi bayt ɛanya ḍi ṭaddarṭ n cimɛun wenni ḍi idja rbars tusa dd ɣares ict n ṭemɣarṭ s ijjen uɣarraf n alabaster iccur s zzect iɣran i weḍhan uca tfarreɣ i tt x uzedjif nnes am iqqim yasuɛ ɣar ttabra,yes
REC119_SEG0008_PART01,REC119,SPK009,train,14.376,data/processed/segments/REC119/REC119_SEG0008_PART01.wav,reviewed,minzi imezraḍ aqa aten rebda akidwem maca necc war kiwem ttiriɣ i rebda minzi nettat mara tfarreɣ dd zzect a i weḍhan x arrimet inu aqa tegga man aya i usewjed n,yes
REC119_SEG0008_PART02,REC119,SPK009,train,14.376,data/processed/segments/REC119/REC119_SEG0008_PART02.wav,reviewed,wenḍer inu s tidett necc ad awem iniɣ mani ma i ɣa ittwabarreḥ zi rexbar a asebḥan zayyi ḍi marra ddunect ad ssiwren ɛaweḍ x min ḍayi tegga ḍ riḍaret i nettat,yes
REC119_SEG0009,REC119,SPK009,train,4.816,data/processed/segments/REC119/REC119_SEG0009.wav,reviewed,yahuda izzenz ixef nnes maḥend ad isellem yasuɛ,yes
REC119_SEG0013,REC119,SPK009,train,5.52,data/processed/segments/REC119/REC119_SEG0013.wav,reviewed,imeḥḍaren ggin am mammec ṭen iwessa yasuɛ uca ssewjden taɣarest useɛdu,yes
REC119_SEG0014,REC119,SPK009,train,11.824,data/processed/segments/REC119/REC119_SEG0014.wav,reviewed,rami dd tiweḍ tmeddiṭ iqqim ɣar umensi ak ḍ ṭenɛac n imeḥḍaren nnes am ttetten niṭni inna s tidett necc ad awem iniɣ ijjen zzaywem ad ayi iɣdar,yes
REC119_SEG0015_PART02,REC119,SPK009,train,11.128,data/processed/segments/REC119/REC119_SEG0015_PART02.wav,reviewed,ttebsi ḍ netta i ḍ ayi ɣa iɣdaren mmis n bnaḍem ad iraḥ am mammec xas tura maca uct x bnaḍem nni i ɣa iɣdaren mmis n bnaḍem,yes
REC119_SEG0016,REC119,SPK009,train,10.64,data/processed/segments/REC119/REC119_SEG0016.wav,reviewed,iḥras i bnaḍem nni war dd ixriq ɛemmas yahuda aɣeddar yarra dd inna ma war idji ḍ necc a amsermaḍ inu,yes
REC119_SEG0020_PART01,REC119,SPK009,train,11.88,data/processed/segments/REC119/REC119_SEG0020_PART01.wav,reviewed,iksi rkas iqada uca iwca asen t inna swem zzayes marra idwem minzi wa ḍ iḍammen inu n rɛahd n jdid inni i ɣa ittwassizren,yes
REC119_SEG0020_PART02,REC119,SPK009,train,11.88,data/processed/segments/REC119/REC119_SEG0020_PART02.wav,reviewed,i weɣfar n ddnub necc ad awem iniɣ zi rexxu tsawent war sesseɣ ɛad zi rɣidjet n tzayart ar ass i ḍi tt ɣa sweɣ zi jdid akidwem ḍi tgeldit n baba,yes
REC119_SEG0021,REC119,SPK009,train,6.0,data/processed/segments/REC119/REC119_SEG0021.wav,reviewed,u awarni rami ɣennjen izri n ttesbiḥ ffɣen ɣar wedrar n zzitun,yes
REC119_SEG0024_PART01,REC119,SPK009,train,13.688,data/processed/segments/REC119/REC119_SEG0024_PART01.wav,reviewed,minzi aqa tura ad wteɣ ameksaw uca iḥuriyyen n tḥimart ad ttwazuzzaren maca awarni rami i dd ɣa ttwassnekkareɣ ad awem izwareɣ ɣar ljalil maca buṭrus yarra dd innas mara ḍaye,yes
REC119_SEG0024_PART02,REC119,SPK009,train,13.688,data/processed/segments/REC119/REC119_SEG0024_PART02.wav,reviewed,k i ɣa nderfen marra necc war ḍayek ttendrifeɣ ca ɛemmas innas yasuɛ s tidett necc ad ac iniɣ ḍi djiret a qber i ɣa issquqeɛ uyaziḍ ad ayi tenkared ṭraṭa n twarawin,yes
REC119_SEG0025,REC119,SPK009,train,9.136,data/processed/segments/REC119/REC119_SEG0025.wav,reviewed,buṭrus innas waxxa tuɣa ittxessa ayi ad mmteɣ akidek necc war cek nekkareɣ ɛemmas ammu i nnan marra imeḥḍaren ɛaweḍ,yes
REC119_SEG0026,REC119,SPK009,train,4.976,data/processed/segments/REC119/REC119_SEG0026.wav,reviewed,tazadjit n yasuɛ deg weḥwic n xitsimaniy,yes
REC119_SEG0027,REC119,SPK009,train,18.416,data/processed/segments/REC119/REC119_SEG0027.wav,reviewed,rexdenni iruḥ yasuɛ akidsen ɣar ijjen wemcan qqarenas xitsimaniy inna i imeḥḍaren nnes qqimem danita am i ɣa zzadjeɣ din am kis yiwi buṭrus ḍ ṭnayen n iḥenjiren n zabdi ibḍa isḥissif uca tudef ḍayes tiggʷdi,yes
REC119_SEG0028_PART01,REC119,SPK009,train,10.888,data/processed/segments/REC119/REC119_SEG0028_PART01.wav,reviewed,xenni inna asen reɛmar inu issḥissif attas ar rmewt qqimem da ḥḍam akidi xenni iɛzer cwayt ktar iwḍa x uɣembub nnes itt,yes
REC119_SEG0029,REC119,SPK009,train,8.848,data/processed/segments/REC119/REC119_SEG0029.wav,reviewed,rexdenni iḍwer dd ɣar imeḥḍaren nnes uca yufa i ṭen ttsen inna i buṭrus ma war tzemmarem ad kidi teḥḍam ura ḍ ict n ṭsaɛɛet,yes
REC119_SEG0030,REC119,SPK009,train,7.664,data/processed/segments/REC119/REC119_SEG0030.wav,reviewed,ḥḍam zzadjem ḥima war dd tettidfem deg hukki arruḥ aqa iwjed maca ddat teḍɛef,yes
REC119_SEG0031,REC119,SPK009,train,11.568,data/processed/segments/REC119/REC119_SEG0031.wav,reviewed,yuyur ɛaweḍ i umur wiss ṭnayen uca izzudj inna a baba mara rkas a war izemmar ad xafi yekk mɣir mara necc swiɣ t aqa ad yiri min texsed cek,yes
REC119_SEG0033,REC119,SPK009,train,6.16,data/processed/segments/REC119/REC119_SEG0033.wav,reviewed,kkarem ad nraḥ xzarem wenni ḍ ayi ɣa iɣdaren yudes dd,yes
REC119_SEG0035,REC119,SPK009,train,9.168,data/processed/segments/REC119/REC119_SEG0035.wav,reviewed,am tuɣa issawar ɛad yusa dd yahuda aɣeddar ijjen zi ṭenɛac ak ḍ ijjen rɣaci ameqqran s resyuf ḍ iɛumad,yes
REC119_SEG0039,REC119,SPK009,train,6.448,data/processed/segments/REC119/REC119_SEG0039.wav,reviewed,mammec xenni i ɣa ttwakemmrent tira iqeddsen i iqqaren belli ittxessa ad imsar ammu,yes
REC119_SEG0041,REC119,SPK009,train,3.408,data/processed/segments/REC119/REC119_SEG0041.wav,reviewed,yasuɛ qibadj lmeḥkama tameqqrant n wuḍayen,yes
REC119_SEG0042,REC119,SPK009,train,9.872,data/processed/segments/REC119/REC119_SEG0042.wav,reviewed,inni ittfen yasuɛ iwyen t ɣar qayafa arrays n ikehhanen wenni ɣar tuɣa munen imsermaden n idlisen ḍ imɣaren n rgens,yes
REC119_SEG0044_PART02,REC119,SPK009,train,12.328,data/processed/segments/REC119/REC119_SEG0044_PART02.wav,reviewed,ɣen maca war zemmaren ad tt afen waxxa usin dd attas n rechud issxarriqen ɣar uneggar usin dd ṭnayen n rechud issxarriqen niṭni innan,yes
REC119_SEG0046_PART02,REC119,SPK009,train,12.12,data/processed/segments/REC119/REC119_SEG0046_PART02.wav,reviewed,cek ṭennid t maca necc ad awem iniɣ zi ssa tsawent ad tzarem mmis n bnaḍem iqqim x ufusi n tzemmar xmi dd ɣa yas x iseynuten n ujenna,yes
REC119_SEG0048,REC119,SPK009,train,17.424,data/processed/segments/REC119/REC119_SEG0048.wav,reviewed,niṭni arrin dd xas nnan netta isdahedj rmewt xenni bdan ssusufenas x uɣembub ccaten t s rpuniyyat x uzedjif u inneɣni wtin t ɛaweḍ nnan nabb aneɣ a cek lmasiḥ wi cek iwtin,yes
REC119_SEG0050_PART02,REC119,SPK009,train,12.888,data/processed/segments/REC119/REC119_SEG0050_PART02.wav,reviewed,war ssineɣ min xef tessawared am iggur ɣar usqif n tewwart tezra i t ict n tayya nneɣni ṭenna asen i yinni din iqqimen ḍ wa tuɣa ak ḍ yasuɛ zi nnasira,yes
REC119_SEG0052,REC119,SPK009,train,19.248,data/processed/segments/REC119/REC119_SEG0052.wav,reviewed,xenni ibḍa ineɛɛer ittjjadja necc war ssineɣ bnaḍem nni rexdenni issquqeɛ uyaziḍ uca iɛqer buṭrus awar i ḍas inna yasuɛ qber i ɣa issquqeɛ uyaziḍ ad ayi tenkared ṭraṭa n twarawin uca iffeɣ iru s imettawen imerzagen,yes
REC120_SEG0001,REC120,SPK009,train,3.088,data/processed/segments/REC120/REC120_SEG0001.wav,reviewed,andam ḍ rmewt n yahuda,yes
REC120_SEG0002,REC120,SPK009,train,15.792,data/processed/segments/REC120/REC120_SEG0002.wav,reviewed,ɣar ssbeḥ zic aqa marra imeqqranen n ikehhanen ḍ imɣaren n rgens mcawaren x yasuɛ mammec i t ɣa nɣen uca niṭni carfen t iwyen t uca sellmen t i lɛamil arumani pilaṭus,yes
REC120_SEG0004_PART01,REC120,SPK009,train,13.736,data/processed/segments/REC120/REC120_SEG0004_PART01.wav,reviewed,aqa ɣdareɣ iḍammen imezdagen maca niṭni nnan min ḍ aneɣ iruḥen xzar dd cek awarni rami inḍar rweznat n nnuqart ḍi zzawect tameqqrant iffeɣ uca iruḥ yuyer,yes
REC120_SEG0004_PART02,REC120,SPK009,train,13.736,data/processed/segments/REC120/REC120_SEG0004_PART02.wav,reviewed,ixef nnes imeqqranen n ikehhanen ksin rweznat n nnuqart nnan war icuwwar ad ṭen nessars deg wexxam n ssdaqi minzi rweznat nni ḍ ttaman n usizzer n iḍammen,yes
REC120_SEG0005,REC120,SPK009,train,15.184,data/processed/segments/REC120/REC120_SEG0005.wav,reviewed,kksen awar jar asen maḥend ad zzayes sɣen iyyar n bu traxt maḥend ad yiri i imeḍran n ibarraniyyen s uyenni ittwasemma iyyar nni iyyar n iḍammen ar ass n rexxu,yes
REC120_SEG0007,REC120,SPK009,train,3.184,data/processed/segments/REC120/REC120_SEG0007.wav,reviewed,yasuɛ qibac lɛamil pilaṭus,yes
REC120_SEG0009_PART02,REC120,SPK009,train,10.28,data/processed/segments/REC120/REC120_SEG0009_PART02.wav,reviewed,pilaṭus ma war tesrid mecḥar xak cehhden netta war xas dd yarri ura s ijjen wawar arami iqqim lɛamil ittebhet attas,yes
REC120_SEG0015_PART01,REC120,SPK009,train,12.856,data/processed/segments/REC120/REC120_SEG0015_PART01.wav,reviewed,nnan bar abbas pilaṭus inna asen min ɣa ggeɣ xenni ak ḍ yasuɛ umi qqaren lmasiḥ nnanas marra sellb i t inna asen lɛamil man tuɛeffna i igga,yes
REC120_SEG0015_PART02,REC120,SPK009,train,12.856,data/processed/segments/REC120/REC120_SEG0015_PART02.wav,reviewed,sɣuyyen s jjehd ktar nnan sellb i t rami izra pilaṭus belli war yiweḍ ɣar walu mahu ad ikkar uɣuwweɣ iksi aman issird ifassen nnes qibac i rɣaci inna,yes
REC120_SEG0016_PART01,REC120,SPK009,train,10.328,data/processed/segments/REC120/REC120_SEG0016_PART01.wav,reviewed,necc war tturseɣ ca deg iḍammen n umseggad a xzarem kenniw rgens marra yarra dd inna ejj iḍammen nnes ad xaneɣ irin u x ṭarwa nneɣ,yes
REC120_SEG0016_PART02,REC120,SPK009,train,10.328,data/processed/segments/REC120/REC120_SEG0016_PART02.wav,reviewed,xenni yarxu asen dd i bar abbas maca awarni rami ihettek yasuɛ s urekkuḍ isellem i t ḥima ad ittwaselleb,yes
REC120_SEG0017,REC120,SPK009,train,3.856,data/processed/segments/REC120/REC120_SEG0017.wav,reviewed,aseḥqar n yasuɛ zi rɛeskar n pilaṭus,yes
REC120_SEG0018_PART01,REC120,SPK009,train,13.612,data/processed/segments/REC120/REC120_SEG0018_PART01.wav,reviewed,rexdenni iwyen iɛeskariyyen n lɛamil yasuɛ ɣar ṭaddarṭ n ccraɛ umi qqaren prituriyum uca ssmunen xas marra rɛeskar kksenas dd arruḍ uca arḍenas ijjen ujedjab ḍ aze,yes
REC120_SEG0018_PART02,REC120,SPK009,train,13.612,data/processed/segments/REC120/REC120_SEG0018_PART02.wav,reviewed,ggʷaɣ niṭni mudenas ijjen ttaj s isennanen ssarsen t x uzedjif nnes uca gginas uɣanim deg ufus nnes afusi xenni wḍan ɣar iḍaren nnes zzates,yes
REC120_SEG0019,REC120,SPK009,train,19.16,data/processed/segments/REC120/REC120_SEG0019.wav,reviewed,qqimen ttbusaren xas nnan azul xak a cek a ajedjid n wuḍayen ssusfenas x uɣembub nnes ksin aɣanim uca wtin t zzayes ɣar uzedjif awarni rami t dedjen ksin xas aserham arḍenas arruḍ nnes uca nedhen t maḥend ad t sellben,yes
REC120_SEG0021,REC120,SPK009,train,9.744,data/processed/segments/REC120/REC120_SEG0021.wav,reviewed,am ffɣen ɣar barra n tendint ufin ijjen weryaz zi qayrawan qqarenas cimɛun uca ziyyaren xas ḥima ad yarbu ssalib nnes,yes
REC120_SEG0025,REC120,SPK009,train,18.736,data/processed/segments/REC120/REC120_SEG0025.wav,reviewed,ura ḍ imeqqranen n ikehhanen ak ḍ imsermaden n idlisen ḍ imɣaren n rgens ḍ ifarisiyyen stehzan zzayes amenni nnan issenjem inneɣni maca war izemmar ad issenjem xef nnes mara netta ḍ ajedjid n israil ejj i t ad dd ihwa zi ssalib ad zzayes namen,yes
REC120_SEG0026,REC120,SPK009,train,14.544,data/processed/segments/REC120/REC120_SEG0026.wav,reviewed,ittcer x arebbi ejj i t netta ad t issenjem mara yarḍa xas minzi inna necc ḍ mmis n arebbi ura ḍ ixewwanen inni tuɣa ittwasellben akides tuɣa ssfettaḥen zzayes amenni,yes
REC120_SEG0028_PART01,REC120,SPK009,train,10.264,data/processed/segments/REC120/REC120_SEG0028_PART01.wav,reviewed,zi ṭsaɛɛet wiss setta tewḍa dd tadjest x marra ṭammurṭ ar tasaɛɛet wiss tesɛa jjwayeh n ṭsaɛɛet wiss tesɛa isɣuy yasuɛ s t,yes
REC120_SEG0030,REC120,SPK009,train,11.12,data/processed/segments/REC120/REC120_SEG0030.wav,reviewed,inneɣni nnan ejj i t ad nzar ma ad dd yas iliya ḥima ad t issenjem isɣuyy yasuɛ ɛaweḍ s tmijja ijehden uca issarxu arruḥ nnes,yes
REC120_SEG0034,REC120,SPK009,train,8.912,data/processed/segments/REC120/REC120_SEG0034.wav,reviewed,jarasent maryam n majdala ḍ maryam yemmas n yaɛqub ḍ yusis ḍ yemmas n ayt n zabdi,yes
REC120_SEG0037_PART02,REC120,SPK009,train,12.616,data/processed/segments/REC120/REC120_SEG0037_PART02.wav,reviewed,nni ijjen tesḍart ḥima ad iqfer tawwart n wenḍer iruḥ tuɣa din maryam n majdala ḍ maryam nneɣnit qqiment qibac i wenḍer,yes
REC120_SEG0039,REC120,SPK009,train,8.4,data/processed/segments/REC120/REC120_SEG0039.wav,reviewed,tiwecca nnes awarni ass n usewjed munen imeqqranen n ikehhanen ḍ ifarisiyyen ɣar pilaṭus nnan a siditneɣ,yes
REC120_SEG0041_PART02,REC120,SPK009,train,11.88,data/processed/segments/REC120/REC120_SEG0041_PART02.wav,reviewed,ṭaddarṭ n imettinen uca ammu i ɣa yiri uweddar aneggaru ktar x umezwar inna asen pilaṭus aqa ɣarwem iɛessasen ruḥem ḍemnen t am mammec tettwaram,yes
REC120_SEG0042,REC120,SPK009,train,7.568,data/processed/segments/REC120/REC120_SEG0042.wav,reviewed,ruḥen ḥima ad ɛessen x wenḍer uca ḍemnen azru niṭni jmiɛ ak ḍ iɛessasen,yes
REC121_SEG0002_PART01,REC121,SPK009,train,11.976,data/processed/segments/REC121/REC121_SEG0002_PART01.wav,reviewed,awarni rami teɛdu ssebt ɣar refjar n wass amezwaru n ssimana tusa dd maryam n majdala ḍ maryam nneɣnit ḥima ad ssijjent x wenḍer,yes
REC121_SEG0002_PART02,REC121,SPK009,train,11.976,data/processed/segments/REC121/REC121_SEG0002_PART02.wav,reviewed,xzar imsar ijjen wenhezzi n ṭammurṭ imɣar minzi lmalak n sidi ihwa dd zeg ujenna iqarreb dd isseqnunni tasḍart zeg wadaf uca iqqim xas,yes
REC121_SEG0004,REC121,SPK009,train,17.616,data/processed/segments/REC121/REC121_SEG0004.wav,reviewed,asent i dd da xzarent amcan mani tuɣa immars siditneɣ ruḥent deɣya inint i imeḥḍaren nnes aqa ittwassnekkar dd zi ṭaddarṭ n imettinen u xzar netta ḍ awem i ɣa izwaren ɣar ljalil,yes
REC121_SEG0005_PART01,REC121,SPK009,train,12.152,data/processed/segments/REC121/REC121_SEG0005_PART01.wav,reviewed,din ad t tzarem xzar aqa nniɣ awem tt ffɣent niṭenti deɣya zeg wenḍer s tiggʷudi ḍ refraḥet imɣaren ttazzrent ḥima ad tt xebbarent,yes
REC121_SEG0005_PART02,REC121,SPK009,train,12.152,data/processed/segments/REC121/REC121_SEG0005_PART02.wav,reviewed,imeḥḍaren uca xzar yasuɛ irqa tent deg webrid inna asen sram xakent niṭenti usint i dd ɣares ttfent deg iḍaren nnes uca sejdentas,yes
REC121_SEG0006,REC121,SPK009,train,9.712,data/processed/segments/REC121/REC121_SEG0006.wav,reviewed,rexdenni inna asent yasuɛ war tteggʷedent ca ssiwḍent rexbar a i ayṭma ḥima ad raḥen ɣar ljalil ḍiha ad ayi zaren,yes
REC121_SEG0009,REC121,SPK009,train,17.232,data/processed/segments/REC121/REC121_SEG0009.wav,reviewed,uca mara isra i t lɛamil ad t nesseqneɛ uca ad negg war tettirim deg imunas ttfen tmenyat n nnuqart uca ggin am mammec ḍ asen ɛermen ammu i dd itteffeɣ rexbar a jar wuḍayen ar ass n yiḍa,yes
REC121_SEG0010,REC121,SPK009,train,3.408,data/processed/segments/REC121/REC121_SEG0010.wav,reviewed,rumur ameqqran i ubarreḥ n rexbar asebḥan,yes
REC121_SEG0011,REC121,SPK009,train,14.384,data/processed/segments/REC121/REC121_SEG0011.wav,reviewed,ḥiṭac n imeḥḍaren nni ruḥen ɣar ljalil ɣar wedrar mani ṭen yumur yasuɛ arami t zrin sejdenas maca ca cekken iqarreb dd ɣarsen yasuɛ issiwer akidsen inna,yes
REC122_SEG0001,REC122,SPK009,train,6.416,data/processed/segments/REC122/REC122_SEG0001.wav,reviewed,rexbar asbḥan n yasuɛ lmasiḥ sufuss n markus twasit n yasuɛ lmasiḥ,yes
REC122_SEG0002_PART01,REC122,SPK009,train,10.936,data/processed/segments/REC122/REC122_SEG0002_PART01.wav,reviewed,beddu n rexbar asbḥan n yasuɛ lmasiḥ mmis n arebbi am mammec tura deg wedlis n unabi icaɛya aqa necc ad ssekkeɣ zzat i wudem nnec arqq,yes
REC122_SEG0002_PART02,REC122,SPK009,train,10.936,data/processed/segments/REC122/REC122_SEG0002_PART02.wav,reviewed,as inu wenni i ɣa isswejden abrid nnec tmijja n wenni isɣuyyun ḍi rexra swejdem abrid n sidi seggmem imesraq nnes,yes
REC122_SEG0004_PART01,REC122,SPK009,train,10.6,data/processed/segments/REC122/REC122_SEG0004_PART01.wav,reviewed,ffɣen dd ɣares marra jjwayeh n yahudiyya ḍ ayt n urcalim ttwassɣeḍsen zzayes deg iɣzar n l urdun am neɛɛmen s ddnub nsen tuɣa yuḥ,yes
REC122_SEG0004_PART02,REC122,SPK009,train,10.6,data/processed/segments/REC122/REC122_SEG0004_PART02.wav,reviewed,anna yarḍ taḍuft n ireɣman ibekkes s yijjen webyas n yirem x tejɛinna nnes u tuɣa ittett iburexsen ḍ tamment taḥurrect,yes
REC122_SEG0006_PART01,REC122,SPK009,train,13.64,data/processed/segments/REC122/REC122_SEG0006_PART01.wav,reviewed,asɣdes n yasuɛ deg wussan nni yusa dd yasuɛ zi nnasira ḍi ljalil ittwasseɣḍes zi yuḥanna deg yeɣzar n l urdun deɣya am dd igeɛɛed zeg waman,yes
REC122_SEG0008,REC122,SPK009,train,11.6,data/processed/segments/REC122/REC122_SEG0008.wav,reviewed,deɣya igewwed i t arruḥ ɣar rexra uca iqqim din ḍi rexra arebɛin n wussan ijarreb i t cciṭan tuɣa t ak ḍ rewḥuc uca sexxarent xas lmalakat,yes
REC122_SEG0009,REC122,SPK009,train,2.512,data/processed/segments/REC122/REC122_SEG0009.wav,reviewed,araɣi n imeḥḍaren imezwura,yes
REC122_SEG0011_PART01,REC122,SPK009,train,11.608,data/processed/segments/REC122/REC122_SEG0011_PART01.wav,reviewed,am tuɣa iggur ɣar rebḥar n ljalil izra cimɛun ḍ andrawus umas nettaren tracca ḍi rebḥar maɣar niṭni ḍ ineymaren n iser,yes
REC122_SEG0011_PART02,REC122,SPK009,train,11.608,data/processed/segments/REC122/REC122_SEG0011_PART02.wav,reviewed,man inna asen yasuɛ asem dd awarni ayi uca ad kenniw arreɣ ḍ ineymaren n yewdan rexdenni jjin tiracciwin nsen uca ḍfaren t,yes
REC122_SEG0016,REC122,SPK009,train,12.72,data/processed/segments/REC122/REC122_SEG0016.wav,reviewed,uca iɛremas yasuɛ innas sqar ffeɣ zzayes ijebd i t raryaḥ amengus isɣuy s ict n tɣuyyit tejhed,yes
REC122_SEG0017_PART02,REC122,SPK009,train,10.024,data/processed/segments/REC122/REC122_SEG0017_PART02.wav,reviewed,ura ḍ raryaḥ imengas uca at ttaɛen rexdenni iffeɣ rexbar nnes ɣar marra jjwayeh i ḍas dd innḍen i ljalil,yes
REC122_SEG0019_PART02,REC122,SPK009,train,13.16,data/processed/segments/REC122/REC122_SEG0019_PART02.wav,reviewed,tejja xas ṭmessi uca nettat tebda tettsexxar xasen rami dd tiweḍ tmeddiṭ tafuct truḥ ad teɣri iwyen ɣares marra imehrac ḍ imaryaḥ,yes
REC122_SEG0021,REC122,SPK009,train,4.592,data/processed/segments/REC122/REC122_SEG0021.wav,reviewed,war ijji ccwaten ad ssiwren minzi ssnen t,yes
REC122_SEG0022,REC122,SPK009,train,2.544,data/processed/segments/REC122/REC122_SEG0022.wav,reviewed,izzudj yasuɛ ɣar ssbeḥ zic,yes
REC122_SEG0023_PART01,REC122,SPK009,train,14.652,data/processed/segments/REC122/REC122_SEG0023_PART01.wav,reviewed,tiwecca zic tuɣa ɛad ḍ djiret ikkar uca iffeɣ ɣar ijjen wemcan ixran tuɣa ittzadja din cimɛun ḍ yinni tuɣa akides arzun xas rami t ufin nnanas marra iwḍan,yes
REC122_SEG0023_PART02,REC122,SPK009,train,14.652,data/processed/segments/REC122/REC122_SEG0023_PART02.wav,reviewed,arezzun xak inna asen ittxessa ad nraḥ ɣar dcurat ḍ tneddam yudsen ḥima ad din barrḥeɣ ɛaweḍ minzi aqa i uya umi dd usiɣ tuɣa issermad ḍi ṭemzidawin nsen,yes
REC122_SEG0024,REC122,SPK009,train,3.608,data/processed/segments/REC122/REC122_SEG0024.wav,reviewed,ḍi marra ljalil u issuffuɣ ccwaten,yes
REC122_SEG0025,REC122,SPK009,train,2.96,data/processed/segments/REC122/REC122_SEG0025.wav,reviewed,asgenfi n ijjen bnaḍem ḍayes rbars,yes
REC122_SEG0026,REC122,SPK009,train,10.672,data/processed/segments/REC122/REC122_SEG0026.wav,reviewed,yusa dd ɣares ijjen ḍayes rbars iwḍa ɣar iḍaren nnes ittaras inna mara texsed tzemmared ad ayi tessizdeged,yes
REC122_SEG0027,REC122,SPK009,train,14.256,data/processed/segments/REC122/REC122_SEG0027.wav,reviewed,izzidjez i yasuɛ isswizzeḍ afus nnes iḥada i t innas xseɣ iwa dwer ḍ amezdag ḍi ṭsaɛɛet nni am tyinna rexdenni iruḥ xas rbars uca iḍwer izdig,yes
REC123_SEG0001_PART01,REC123,SPK009,train,11.256,data/processed/segments/REC123/REC123_SEG0001_PART01.wav,reviewed,asgenfi n ijjen uneɛḍab yudef yasuɛ ɛaweḍ ɣar kafarnaḥum rami srin belli aqa t ḍi ṭaddarṭ munen xas wattas n iwḍan,yes
REC123_SEG0006_PART01,REC123,SPK009,train,12.872,data/processed/segments/REC123/REC123_SEG0006_PART01.wav,reviewed,araɣi n matta lawi xenni iffeɣ ɛaweḍ ɣar rebḥar uca yusa dd ɣares rɣaci marra uca issermed i ṭen am yeɛdu ibarq lawi mmis n ḥalfa iqqim ɣar ṭaddarṭ n ḍḍariba,yes
REC123_SEG0006_PART02,REC123,SPK009,train,12.872,data/processed/segments/REC123/REC123_SEG0006_PART02.wav,reviewed,uca innas ḍfar ayi dd ikkar uca iḍfar i t am iqqim netta ɣar umensi ḍi ṭaddarṭ nnes tuɣa attas n ayt n ḍḍariba ḍ imednab qqimen ak ḍ yasuɛ ḍ imeḥḍaren nnes,yes
REC123_SEG0007_PART01,REC123,SPK009,train,14.168,data/processed/segments/REC123/REC123_SEG0007_PART01.wav,reviewed,minzi tuɣa aten deg wattas uca ḍfaren t umi zrin imsermaden n idlisen ḍ ifarisiyyen aqa ittett ak ḍ ayt n ḍḍariba ḍ imednab nnan i imeḥḍaren nnes mayemmi ittett isess ak ḍ ayt n,yes
REC123_SEG0008,REC123,SPK009,train,12.624,data/processed/segments/REC123/REC123_SEG0008.wav,reviewed,aseqsi x uzummi tuɣa imeḥḍaren n yuḥanna amseɣḍas ḍ ifarisiyyen ttzumman uca xenni usin dd ɣares nnanas mayemmi ttzumman imeḥḍaren n yuḥanna ḍ ifarisiyyen,yes
REC123_SEG0009_PART01,REC123,SPK009,train,13.576,data/processed/segments/REC123/REC123_SEG0009_PART01.wav,reviewed,maca imeḥḍaren nnec war ttzummin ca inna asen yasuɛ ma zemmaren ṭarwa n umuray ad zummen ḍ umuray ɛad akidsen lla,yes
REC123_SEG0010_PART01,REC123,SPK009,train,11.656,data/processed/segments/REC123/REC123_SEG0010_PART01.wav,reviewed,niɣ xenni taneqqic nni n jdid ad teqreɛ zeg warruḍ aburay uca ad iḍwer ucarreg imɣar ura ḍ ijj war ittfarreɣ binu n jdid ḍi txuncay tiqdimin,yes
REC123_SEG0012_PART01,REC123,SPK009,train,14.908,data/processed/segments/REC123/REC123_SEG0012_PART01.wav,reviewed,xenni imsar aqa icuq yasuɛ deg iyyaren n imendi ḍi ssebt uca imeḥḍaren nnes bdan reqqḍen tidrin am gguren nnanas ifarisiyyen xzar mayemmi tteggen ḍi ssebt min war iḥedjren inna asen,yes
REC123_SEG0012_PART02,REC123,SPK009,train,14.908,data/processed/segments/REC123/REC123_SEG0012_PART02.wav,reviewed,yasuɛ ma war teɣrim qqaɛ min igga dawud rami tuɣa ittwaḥsar ittef i t raz netta ḍ yinni akides mammec dd yudef ɣar ṭaddarṭ n arebbi deg wussan n abyatar arrays n ikehhanen uca icca aɣrum,yes
REC123_SEG0013,REC123,SPK009,train,17.344,data/processed/segments/REC123/REC123_SEG0013.wav,reviewed,n wescan n sidi i war iḥedjren ad t ccen mɣir ikehhanen waha uca iwca ɛaweḍ i yinni tuɣa akides xenni inna asen aqa ass n ssebt ittwagg i bnaḍem war idji bnaḍem i ssebt ammu i idja mmis n bnaḍem ura ḍ bab n ssebt,yes
REC124_SEG0001,REC124,SPK009,train,2.16,data/processed/segments/REC124/REC124_SEG0001.wav,reviewed,asgenfi deg wass n ssebt,yes
REC124_SEG0002,REC124,SPK009,train,11.888,data/processed/segments/REC124/REC124_SEG0002.wav,reviewed,uca yudef dd yasuɛ ɛaweḍ ɣar ṭemzida tuɣa din ijjen weryaz afus nnes iqucceḥ bdan ḥettan t ma ad taɣ ad t issgenfa ḍi ssebt ḥima zemmaren ad zzayes cetcan,yes
REC124_SEG0003_PART02,REC124,SPK009,train,12.392,data/processed/segments/REC124/REC124_SEG0003_PART02.wav,reviewed,issenjem ijjen reɛmar niɣ ad t yareddedj maca niṭni sqaren ixzar ɣar yinni ḍas dd innḍen s tefqeḥt zi ssibbet n reqsaḥet n wurawen nsen uca inna i weryaz,yes
REC124_SEG0005,REC124,SPK009,train,4.08,data/processed/segments/REC124/REC124_SEG0005.wav,reviewed,yasuɛ isscen ssulṭa nnes x raryaḥ imengas,yes
REC124_SEG0006,REC124,SPK009,train,17.424,data/processed/segments/REC124/REC124_SEG0006.wav,reviewed,iffeɣ yasuɛ ak ḍ imeḥḍaren nnes ɣar rebḥar uca yarni iḍeffar i t dd rɣaci attas zi ljalil zi yahudiyya zi urcalim zi idumiya zeg ujemmaḍ n l urdun zi sur u zi saydun aqa ijjen rɣaci ḍ ameqqran,yes
REC124_SEG0008_PART02,REC124,SPK009,train,12.856,data/processed/segments/REC124/REC124_SEG0008_PART02.wav,reviewed,wḍan ḥima ad t awḍen ad t ḥadan uca raryaḥ imengas wḍan zzates ɣar iḍaren nnes rami t zrin sɣuyen qqan aqa cek ḍ mmis n arebbi,yes
REC124_SEG0009,REC124,SPK009,train,4.432,data/processed/segments/REC124/REC124_SEG0009.wav,reviewed,maca iwessa ṭen attas ḥima war xas ssuffuɣen rexbar,yes
REC124_SEG0010,REC124,SPK009,train,2.96,data/processed/segments/REC124/REC124_SEG0010.wav,reviewed,yasuɛ ixḍar ṭenɛac n rrusul nnes,yes
REC124_SEG0011_PART01,REC124,SPK009,train,14.568,data/processed/segments/REC124/REC124_SEG0011_PART01.wav,reviewed,xas uca yuri ɣar wedrar iraɣa dd ɣares inni ixes uca usin dd ɣares igga ṭenɛac ḥima ad kides irin u ḥima ad ṭen issekk maḥend ad barrḥen s rexbar asebḥan uca,yes
REC124_SEG0012_PART02,REC124,SPK009,train,12.264,data/processed/segments/REC124/REC124_SEG0012_PART02.wav,reviewed,ḍ matta ḍ tuma ḍ yaɛqub mmis n ḥalfa ḍ taddawus ḍ cimɛun wenni umi ttkennan amɛessab ḍ yahuda isxariyuṭi wenni t i ɣa iɣdaren,yes
REC124_SEG0013,REC124,SPK009,train,2.288,data/processed/segments/REC124/REC124_SEG0013.wav,reviewed,yasuɛ ḍ beɛalzabub,yes
REC124_SEG0015_PART01,REC124,SPK009,train,13.448,data/processed/segments/REC124/REC124_SEG0015_PART01.wav,reviewed,iraɣa asen dd uca issiwer akidsen s imedya mammec izemmar cciṭan ad issuffeɣ cciṭan maɣar mara temsebḍa ict n tgeldit x yixef nnes war tzemmar tgeldit nni ad tbedd,yes
REC124_SEG0016,REC124,SPK009,train,3.408,data/processed/segments/REC124/REC124_SEG0016.wav,reviewed,maca ad yiri man aya ḍ aneggar nnes,yes
REC124_SEG0017,REC124,SPK009,train,10.992,data/processed/segments/REC124/REC124_SEG0017.wav,reviewed,war izemmar ḥed ad yadef ɣar ṭaddarṭ n wenni ijehden maḥend ad ikecceḍ reqcuɛ nnes mara war icarf wenni ijehden amezwar,yes
REC124_SEG0018_PART01,REC124,SPK009,train,13.864,data/processed/segments/REC124/REC124_SEG0018_PART01.wav,reviewed,xenni izemmar ad ikecceḍ ṭaddarṭ nnes s tidett necc ad awem iniɣ belli ad asen ttwaɣfaren i ṭarwa n bnaḍem marra ddnub nsen ura ḍ aceqqef i zi ɣa ceqqfen maca wenni i ɣa,yes
REC124_SEG0020,REC124,SPK009,train,18.064,data/processed/segments/REC124/REC124_SEG0020.wav,reviewed,man ṭen i idjan ḍ yemma u man yen i idjan ḍ ayṭma uca umi ixzar ɣar yinni ɣares iqqimen inna xzar aqa yemma ḍ ayṭma minzi wenni itteggen min ixes arebbi ḍ netta ḍ uma ḍ ucma ḍ yemma,yes
REC125_SEG0004_PART01,REC125,SPK009,train,10.2,data/processed/segments/REC125/REC125_SEG0004_PART01.wav,reviewed,ixecc dd ijjen ujḍiḍ ineqb i tt tewḍa ca n zzariɛet nneɣni x wezru mani war ḍayes tuɣi bu ucar attas deɣya teɣmi,yes
REC125_SEG0005_PART01,REC125,SPK009,train,13.96,data/processed/segments/REC125/REC125_SEG0005_PART01.wav,reviewed,tewḍa ca n zzariɛet nneɣni jar isennanen uca mɣaren xas isennanen uca jeyyḥen tt war tewci ca rɣidjet tewḍa ca n zzariɛet nneɣni x ṭammurṭ tesbeḥ uca teɣmi tegma tewca rɣidjet,yes
REC125_SEG0005_PART02,REC125,SPK009,train,13.96,data/processed/segments/REC125/REC125_SEG0005_PART02.wav,reviewed,ca n zzariɛet tusa dd s tratin ca s settin u ca s mya n tseqqar xenni inna wenni ɣar idja imezzuɣen i usedji ejj i t ad iser,yes
REC125_SEG0006,REC125,SPK009,train,9.904,data/processed/segments/REC125/REC125_SEG0006.wav,reviewed,maymi issiwer yasuɛ s imedya umi tuɣa aten weḥḥedsen sseqsan t inni ḍas dd innḍen jmiɛ ak ḍ ṭenɛac x umedya nni,yes
REC125_SEG0007_PART02,REC125,SPK009,train,11.848,data/processed/segments/REC125/REC125_SEG0007_PART02.wav,reviewed,ad ttwaran uca war ttwirin am ttesran ttesran uca war fehhmen ḥima war ttetuben uca ad asen ittwaɣfar ddnub nsen,yes
REC125_SEG0010_PART01,REC125,SPK009,train,13.096,data/processed/segments/REC125/REC125_SEG0010_PART01.wav,reviewed,afedjaḥ nni izarɛen izarreɛ awar ina aqa ḍ inni x webrid aqa yina ḍ yinni ḍaysen ittwazarɛ wawar maca awarni rami ḍas srin rexdenni yusa dd cciṭan,yes
REC125_SEG0011,REC125,SPK009,train,10.576,data/processed/segments/REC125/REC125_SEG0011.wav,reviewed,ad t qebren deɣya s refraḥet maca war ɣarsen bu jjadira deg ixef nsen maca ad qqimen ɣar ijjen rmijar,yes
REC125_SEG0012_PART01,REC125,SPK009,train,14.024,data/processed/segments/REC125/REC125_SEG0012_PART01.wav,reviewed,mara temsar rmeḥnet niɣ umarret ḍi ssibbet n wawar ad nqarḍen deɣya uca yina ḍ inni ittwazarɛen jar isennanen aqa yina ḍ inni xmi ɣa sre,yes
REC125_SEG0013_PART01,REC125,SPK009,train,10.04,data/processed/segments/REC125/REC125_SEG0013_PART01.wav,reviewed,idakkʷar wawar bra rɣidjet uca yina ḍ inni ittwazarɛen x ṭammurṭ isebḥen aqa yina ḍ inni xmi,yes
REC125_SEG0013_PART02,REC125,SPK009,train,10.04,data/processed/segments/REC125/REC125_SEG0013_PART02.wav,reviewed,ɣa sren awar ad t qebren ad wcen rɣidjet ca zzaysen tratin inneɣni settin u inneɣni mya n tseqqar,yes
REC125_SEG0016_PART01,REC125,SPK009,train,12.616,data/processed/segments/REC125/REC125_SEG0016_PART01.wav,reviewed,ma war ittmarsi ca x rmerfeɛ minzi war din min inuffaren war dd ittwassargeb uca war din ura ḍ ict n rḥajjeṭ ḍi tnuffra war tetwasseḍhari mara din ḥed i ɣar,yes
REC125_SEG0018,REC125,SPK009,train,3.664,data/processed/segments/REC125/REC125_SEG0018.wav,reviewed,amedya n zzariɛet ḍ tgeldit n arebbi,yes
REC125_SEG0021,REC125,SPK009,train,3.216,data/processed/segments/REC125/REC125_SEG0021.wav,reviewed,amedya n tḥebbuct n zzariɛet n uxerdel,yes
REC125_SEG0023,REC125,SPK009,train,12.432,data/processed/segments/REC125/REC125_SEG0023.wav,reviewed,aqa tt am tḥebbuct n zzariɛet n uxerdel ṭenni rami tettwazarɛ ḍi ṭammurṭ aqa nettat ḍ tamezyant x marra tiḥebba n zzariɛet i idjan ḍi ṭammurṭ,yes
REC125_SEG0026,REC125,SPK009,train,17.584,data/processed/segments/REC125/REC125_SEG0026.wav,reviewed,tuɣa yasuɛ issawar awar akidsen s imedya attas am yina s imedya ittriqen maḥend ad ṭen sren iwḍan bra imedya war kisen issiwer ca maca tuɣa issefham kurci i imeḥḍaren nnes weḥḥedsen,yes
REC125_SEG0028,REC125,SPK009,train,17.136,data/processed/segments/REC125/REC125_SEG0028.wav,reviewed,tekkar dd ict n tḥaryaḍt temɣar remwaj ccaten ḍi tɣarrabut arami tebda tettcura maca yasuɛ tuɣa ittes x ict n tsunta ɣar ḍeffar n tɣarrabut niṭni ssfaqen t nnanas a amsermaḍ ma war ḍ ac necqi ca neccin mara nettwahellek,yes
REC125_SEG0029_PART01,REC125,SPK009,train,11.48,data/processed/segments/REC125/REC125_SEG0029_PART01.wav,reviewed,xenni ikkar iwebbex asemmiḍ inna i rebḥar ars sqar yarsa usemmiḍ uca iḍwer kurci yarsa xenni inna asen mayemmi teggʷedem ammu,yes
REC125_SEG0029_PART02,REC125,SPK009,train,11.48,data/processed/segments/REC125/REC125_SEG0029_PART02.wav,reviewed,min kenniw yuɣin war ḍaywem bu l iman tudef i ṭen tiggʷudi temɣar nnan i wayawya min iɛna wa aqa ura ḍ asemmiḍ ḍ rebḥar tggenas array,yes
REC126_SEG0001,REC126,SPK009,train,2.256,data/processed/segments/REC126/REC126_SEG0001.wav,reviewed,asgenfi n ijjen umeryaḥ,yes
REC126_SEG0002,REC126,SPK009,train,13.328,data/processed/segments/REC126/REC126_SEG0002.wav,reviewed,iwden ɣar ujemmaḍin n rebḥar ḍi ṭammurṭ n gadarinis umi dd iffeɣ zi tɣarrabut irqa i t ijjen bnaḍem zeg imeḍran ḍayes ijjen raryaḥ ḍ amengus,yes
REC126_SEG0004,REC126,SPK009,train,8.24,data/processed/segments/REC126/REC126_SEG0004.wav,reviewed,tuɣa t rebda ass ḍ djiret deg idurar u deg imeḍran isɣuyyu iyezzem ixef nnes s izra,yes
REC126_SEG0005_PART02,REC126,SPK009,train,13.624,data/processed/segments/REC126/REC126_SEG0005_PART02.wav,reviewed,ttzawgeɣ cek s arebbi war ḍ ayi ttmarrat minzi aqa innas ffeɣ zi bnaḍem a a raryaḥ amengus isseqsa t mammec ḍ ac qqaren,yes
REC126_SEG0006_PART02,REC126,SPK009,train,13.448,data/processed/segments/REC126/REC126_SEG0006_PART02.wav,reviewed,tuɣa din ɣar wedrar ict n tḥimart temɣar n irfan tetthedda zawgen t ccwaten nni nnan sekk aneɣ ɣar irfan ḥima ad ḍaysen nadef,yes
REC126_SEG0007,REC126,SPK009,train,17.776,data/processed/segments/REC126/REC126_SEG0007.wav,reviewed,isamḥ asen yasuɛ rexdenni ffɣen raryaḥ imengas zeg weryaz nni udfen deg irfan uca tuzzer tḥimart nni ɣar ijjen jjarf yuɛran uca tewḍa ḍi rebḥar tuɣa ṭen ɛraḥar deg warfayen zzaysen uca ɣarqen ḍi rebḥar,yes
REC126_SEG0008_PART01,REC126,SPK009,train,10.344,data/processed/segments/REC126/REC126_SEG0008_PART01.wav,reviewed,maca imeksawen n irfan arewren xebbaren man aya ḍi tendint u x iyyaren iwḍan ffɣen dd ḥima ad zaren min imsaren,yes
REC126_SEG0010_PART02,REC126,SPK009,train,10.824,data/processed/segments/REC126/REC126_SEG0010_PART02.wav,reviewed,ṭen ḥima ad iqqim akides war t ijji maca innas ruḥ ɣar ṭaddarṭ nnec ḍ radj nnec xebbar i ṭen marra min zzayek igga sidi,yes
REC126_SEG0011,REC126,SPK009,train,10.544,data/processed/segments/REC126/REC126_SEG0011.wav,reviewed,mammec xak yarḥem uca iruḥ ibḍa ittbarreḥ ḍi dikapulis marra min ḍas igga yasuɛ uca marra tbehten,yes
REC126_SEG0012,REC126,SPK009,train,5.712,data/processed/segments/REC126/REC126_SEG0012.wav,reviewed,yedjis n yayrus tamɣart tehrec rqedd n ṭenɛac n iseggʷusa,yes
REC126_SEG0013_PART01,REC126,SPK009,train,12.312,data/processed/segments/REC126/REC126_SEG0013_PART01.wav,reviewed,awarni rami izwa yasuɛ s tɣarrabut ɣar ujemmaḍ imun dd xas ɛaweḍ attas n rɣaci am tuɣa t x tma n rebḥar yusa dd ijjen zeg imeqqranen n ṭemzida,yes
REC126_SEG0013_PART02,REC126,SPK009,train,12.312,data/processed/segments/REC126/REC126_SEG0013_PART02.wav,reviewed,issem ness yayrus umi t izra iwḍas ɣar iḍaren izawg i t attas innas idji tmazuzt tḥerc attas ttzawgeɣ cek ad dd tased ad,yes
REC126_SEG0016_PART01,REC126,SPK009,train,13.8,data/processed/segments/REC126/REC126_SEG0016_PART01.wav,reviewed,mara ḥadiɣ mɣir arruḍ nnes ad qqimeɣ ddareɣ rexdenni yuzeɣ usizzer n iḍammen tuca ak ḍ arrimet nnes belli teggenfa zi rehrac nnes rexdenni yuca yasuɛ ak ḍ yixef nnes belli,yes
REC126_SEG0016_PART02,REC126,SPK009,train,13.8,data/processed/segments/REC126/REC126_SEG0016_PART02.wav,reviewed,iffeɣ zzayes jjehd uca inneqreb ɣar rɣaci inna wi iḥadan arruḍ inu nnanas imeḥḍaren nnes cek twarid rɣaci ideḥḥes i cek u cek tesseqsid,yes
REC126_SEG0017,REC126,SPK009,train,6.352,data/processed/segments/REC126/REC126_SEG0017.wav,reviewed,wi ḍ ayi iḥadan maca iqqim ixezzar ḥima ad izar wi yeggin man aya,yes
REC126_SEG0018_PART02,REC126,SPK009,train,14.024,data/processed/segments/REC126/REC126_SEG0018_PART02.wav,reviewed,l iman nnem aqa iwca am ṭudarṭ ruḥ s rehna ad tirid teggenfid zi rehrac nnem am tuɣa ɛad issawar usin dd ca zi ṭaddarṭ n umeqqran n ṭemzida nnanas,yes
REC126_SEG0019,REC126,SPK009,train,11.6,data/processed/segments/REC126/REC126_SEG0019.wav,reviewed,idjic temmut mayemmi tseddaɛed ɛad amseɣɣar maca yasuɛ isra awaren i innan uca inna i umeqqran n ṭemzida war tteggʷed ca amen waha,yes
REC127_SEG0003_PART01,REC127,SPK009,train,13.8,data/processed/segments/REC127/REC127_SEG0003_PART01.wav,reviewed,u nderfen ḍayes inna asen yasuɛ war idji anabi bra ccan mɣir ḍi ṭammurṭ nnes jar radj nnes u ḍi ṭaddarṭ nnes uca netta war izemmar ad din igg ura ḍ ijjen,yes
REC127_SEG0005,REC127,SPK009,train,14.992,data/processed/segments/REC127/REC127_SEG0005.wav,reviewed,lla tipyisin n nnḥas deg ubyass maca ad qqnen sandaliyat maca war yarrḍen tyuya n tcamirat inna asen mani ma tudfem ɣar ca n ṭaddarṭ qqimem ḍayes ar ssenni i ɣa teffɣem,yes
REC127_SEG0009_PART01,REC127,SPK009,train,11.208,data/processed/segments/REC127/REC127_SEG0009_PART01.wav,reviewed,isra xas ujedjid hirudus minzi isem nnes iḍwer icneɛ inna aqa yuḥanna amseɣḍas ittwassnekkar dd zi ṭaddarṭ n imettinen s uyenni,yes
REC127_SEG0010_PART01,REC127,SPK009,train,12.552,data/processed/segments/REC127/REC127_SEG0010_PART01.wav,reviewed,rami isra hirudus man aya inna wa ḍ yuḥanna wenni umi qesseɣ azedjif aqa netta ittwassnekkar dd zi ṭaddarṭ n imettinen minzi hirudus simant nnes tuɣa issekk,yes
REC127_SEG0010_PART02,REC127,SPK009,train,12.552,data/processed/segments/REC127/REC127_SEG0010_PART02.wav,reviewed,dd ɣares uca iḥebbes yuḥanna icarf i t ḍi reḥbes x ssibbet n hirudiyya tamɣart n umas filippus ṭenni i k ḍ imrec hirudus,yes
REC127_SEG0012_PART01,REC127,SPK009,train,14.328,data/processed/segments/REC127/REC127_SEG0012_PART01.wav,reviewed,war ḍ ac iḥedjer ad ɣarek tiri ṭemɣarṭ n umac s uyenni tuɣa hirudiyya tenḍar ḍayes ṭittawin uca tarezzu ad t tneɣ maca war tzemmar minzi hirudus,yes
REC127_SEG0012_PART02,REC127,SPK009,train,14.328,data/processed/segments/REC127/REC127_SEG0012_PART02.wav,reviewed,tuɣa itteggʷed zi yuḥanna issen belli netta ḍ aryaz ḍ amseggad ḍ amqeddas u iḥetta xas isra zzayes attas n tmesrayin uca isexxar xas,yes
REC127_SEG0014_PART01,REC127,SPK009,train,11.72,data/processed/segments/REC127/REC127_SEG0014_PART01.wav,reviewed,uca tudef dd yedjis n hirudiyya tecḍeḥ teɛjebas i hirudus ḍ yinni iqqimen akides xenni innas ujedjid i tḥenjirt ttar zzayi,yes
REC127_SEG0017,REC127,SPK009,train,16.208,data/processed/segments/REC127/REC127_SEG0017.wav,reviewed,u rexdenni issekk ujedjid ijjen uɛessas ɣar reḥbes s ssif yumur ḥima ad dd yawi azedjif n yuḥanna wanita iruḥ iqessas azedjif i yuḥanna ḍi reḥbes xas uca yiwi dd azedjif nnes x ttebsi,yes
REC127_SEG0020_PART02,REC127,SPK009,train,10.632,data/processed/segments/REC127/REC127_SEG0020_PART02.wav,reviewed,ejj aneɣ ad nraḥ ɣar ijjen wemcan ixran ḥima ad tareyyḥem cwayt minzi tuɣa din attas n yinni dd yusin ḍ n yinni iruḥen,yes
REC127_SEG0023_PART01,REC127,SPK009,train,11.64,data/processed/segments/REC127/REC127_SEG0023_PART01.wav,reviewed,xenni ibḍa ad ṭen issermed attas rami iruḥ wass ad iqḍa qarrben dd ɣares imeḥḍaren nnes nnanas amcan a ixra u rweqt teɛdu,yes
REC127_SEG0023_PART02,REC127,SPK009,train,11.64,data/processed/segments/REC127/REC127_SEG0023_PART02.wav,reviewed,sekk i ṭen ḥima ad raḥen ɣar reɛrasiyyat u ɣar dcurat yudsen ḥima ad sɣen aɣrum i yixef nsen minzi war ɣarsen min ɣa ccen,yes
REC127_SEG0024,REC127,SPK009,train,16.944,data/processed/segments/REC127/REC127_SEG0024.wav,reviewed,maca netta inna asen wcem asen kenniw min ɣa ccen nnanas ma ad nraḥ maḥend ad asen nseɣ aɣrum s mitayen dinar uca ad asen newc min ɣa ccen inna asen ruḥem xzarem mecḥar n tecnifin i ɣarwem,yes
REC127_SEG0025,REC127,SPK009,train,6.224,data/processed/segments/REC127/REC127_SEG0025.wav,reviewed,umi argben nnanas xemsa n tecnifin n weɣrum ḍ ṭnayen n iserman,yes
REC127_SEG0027_PART01,REC127,SPK009,train,14.296,data/processed/segments/REC127/REC127_SEG0027_PART01.wav,reviewed,umi iksi yeccu xemsa n tecnifin ḍ ṭnayen n iserman nni issgeɛɛed tamuɣri nnes ɣar ujenna ibarek uca yarza ticnifin iwca i tent i imeḥḍaren nnes ḥima ad tent ssarsen zzatsen,yes
REC127_SEG0027_PART02,REC127,SPK009,train,14.296,data/processed/segments/REC127/REC127_SEG0027_PART02.wav,reviewed,uca niṭni farqen ɛaweḍ ṭnayen n iserman i marra ccin marra jjiwnen xenni reqḍen ireqqʷaz icetten ccuren ṭenɛac n tsudjatin ura ḍ iserman icetten,yes
REC127_SEG0028,REC127,SPK009,train,5.552,data/processed/segments/REC127/REC127_SEG0028.wav,reviewed,inni iccin zi tecnifin tuɣa aten ḍi xemsa araf n yeryazen,yes
REC127_SEG0030_PART01,REC127,SPK009,train,11.496,data/processed/segments/REC127/REC127_SEG0030_PART01.wav,reviewed,ad isqad netta rɣaci awarni rami ṭen isqad iruḥ ɣar wedrar ḥima ad izzadj rami dd tewḍa tmeddiṭ tuɣa taɣarrabut ḍi rbuɣaz,yes
REC127_SEG0030_PART02,REC127,SPK009,train,11.496,data/processed/segments/REC127/REC127_SEG0030_PART02.wav,reviewed,uca netta tuɣa weḥḥdes x rbarr izra belli niṭni ttemqetmaren s uqeddef n tɣarrabut minzi asemmiḍ yusa asen dd deg uɣembub,yes
REC127_SEG0031_PART02,REC127,SPK009,train,12.616,data/processed/segments/REC127/REC127_SEG0031_PART02.wav,reviewed,ar aɣeddar uca sɣuyen minzi marra zrin t uca nnxerɛen rexdenni issiwer akidsen inna asen ggem ur aqa ḍ necc war teggʷedem ca,yes
REC127_SEG0033,REC127,SPK009,train,4.464,data/processed/segments/REC127/REC127_SEG0033.wav,reviewed,asgenfi n wattas n iwḍan ḍi jinisaret,yes
REC127_SEG0034,REC127,SPK009,train,18.544,data/processed/segments/REC127/REC127_SEG0034.wav,reviewed,umi zwan ɣar ujemmaḍ usin dd ɣar ṭammurṭ n jinnisaret umi dd ffɣen zi tɣarrabut ɛeqren t iwḍan deɣya uzzren ɣar marra jjwayeh nni uca bdan ad dd awyen inni tuɣa ihercen attas ḍi tassut ɣar wemcan mani srin aqa t netta,yes
REC127_SEG0035,REC127,SPK009,train,18.416,data/processed/segments/REC127/REC127_SEG0035.wav,reviewed,mani ma dd yusa ḍi tendint niɣ ḍi redcur niɣ ḍi reɛrasiyyat ssrusanas dd imehrac deg ibriden uca ttzawagen t ad asen ismeḥ ad ḥadan mɣir abeḥrur n ujedjab nnes u marra inni t iḥadan ggenfan,yes
REC128_SEG0002_PART01,REC128,SPK009,train,13.64,data/processed/segments/REC128/REC128_SEG0002_PART01.wav,reviewed,munen ɣares ifarisiyyen ḍ imsermaden n idlisen i dd yusin zi urcalim umi zrin belli ca n imeḥḍaren nnes ccin aɣrum bra ma ad ssirden,yes
REC128_SEG0004,REC128,SPK009,train,18.96,data/processed/segments/REC128/REC128_SEG0004.wav,reviewed,maca ttetten aɣrum am war ssiriden ifassen yarra dd inna asen nican inebba icaɛya xawem a imnafqen am mammec tura rgens a iweqqar ayi s iyencicen nnes maca ur nsen iggʷej xafi,yes
REC128_SEG0007_PART01,REC128,SPK009,train,11.88,data/processed/segments/REC128/REC128_SEG0007_PART01.wav,reviewed,maca kenniw teqqarem mara ijjen weryaz inna i babas niɣ i yemmas min ma tzemmarem ad zzayi testenfɛem aqa ggiɣ t ḍ ssedqet i arebbi war t,yes
REC128_SEG0009_PART01,REC128,SPK009,train,14.908,data/processed/segments/REC128/REC128_SEG0009_PART01.wav,reviewed,umi idas ḍ iraɣa marra rɣaci inna asen srem dd ɣari marra uca fehmem war din ura ḍ ijjen n rḥajjeṭ i dd ittadfen ɣar bnaḍem zi barra tzemmar ad t tessexmej maca,yes
REC128_SEG0011_PART01,REC128,SPK009,train,10.184,data/processed/segments/REC128/REC128_SEG0011_PART01.wav,reviewed,ma war tefhimem ca belli marra min ɣa yadfen bnaḍem zi barra war izemmar ad t issexmej minzi man aya war dd ittidef ca,yes
REC128_SEG0011_PART02,REC128,SPK009,train,10.184,data/processed/segments/REC128/REC128_SEG0011_PART02.wav,reviewed,ɣar wur nnes maca ɣar uɛeddis xenni ad iffeɣ ɣar wemcan nnes am issizdeg marra macca xenni inna,yes
REC128_SEG0012_PART01,REC128,SPK009,train,12.664,data/processed/segments/REC128/REC128_SEG0012_PART01.wav,reviewed,min i dd itteffɣen zi bnaḍem ḍ man aya issxemmaj bnaḍem minzi zi daxer zeg wurawen n iwḍan i dd itteffɣen inwayen iɛeffanen zzina farq ccɣer,yes
REC128_SEG0012_PART02,REC128,SPK009,train,12.664,data/processed/segments/REC128/REC128_SEG0012_PART02.wav,reviewed,tukkarḍa anɣay ttmeɛ rɣar taḥraymect afucceḥ ṭitt taɛeffant aceqqef tuffet ḍ tubbuherya,yes
REC128_SEG0014,REC128,SPK009,train,9.456,data/processed/segments/REC128/REC128_SEG0014.wav,reviewed,l iman n ṭemɣarṭ ḍi ṭammurṭ n tisur ḍ saydun ikkar ssenni uca iruḥ ɣar ṭammurṭ n sur ḍ saydun,yes
REC128_SEG0015_PART01,REC128,SPK009,train,11.912,data/processed/segments/REC128/REC128_SEG0015_PART01.wav,reviewed,rami dd yudef ɣar ijjen ṭaddarṭ war ixes ad t issen ḥed waxxa amenni war izemmar ad innuffar minzi ict n tmettut ɣares yedjis ḍayes ijjen raryaḥ,yes
REC128_SEG0017,REC128,SPK009,train,7.76,data/processed/segments/REC128/REC128_SEG0017.wav,reviewed,uca a rami dd tusa ɣar ṭaddarṭ nnes tufa yedjis tezzer ḍi qama u cciṭan ittwassuffeɣ zzayes,yes
REC128_SEG0018_PART01,REC128,SPK009,train,10.92,data/processed/segments/REC128/REC128_SEG0018_PART01.wav,reviewed,asgenfi n ijjenn bnaḍem azizun iffeɣ dd yasuɛ ɛaweḍ zi ṭammurṭ n sur ḍ saydun,yes
REC128_SEG0018_PART02,REC128,SPK009,train,10.92,data/processed/segments/REC128/REC128_SEG0018_PART02.wav,reviewed,yiweḍ ɣar rebḥar n ljalil ɣar ttarf n ṭammurṭ n dikapulis iwyen dd ɣares ijjen udehcur itewtaw uca ttaren zzayes ad xas issars afus nnes,yes
REC128_SEG0019,REC128,SPK009,train,12.016,data/processed/segments/REC128/REC128_SEG0019.wav,reviewed,issiggʷej i t zi rɣaci ɣar uɣezdis uca iggas iḍewḍan deg imezzuɣen nnes issusef uca iḥada iress nnes xenni ixzar ɣar ujenna,yes
REC128_SEG0020_PART01,REC128,SPK009,train,10.072,data/processed/segments/REC128/REC128_SEG0020_PART01.wav,reviewed,isqinf ed innas nurzem rexdenni nnurzmen imezzuɣen nnes uca tefsi tesɣunt n yires nnes ibḍa issawar nican,yes
REC129_SEG0004,REC129,SPK009,train,19.216,data/processed/segments/REC129/REC129_SEG0004.wav,reviewed,isseqsa ṭen mecḥar n tecnifin i ɣarwem nnan sebɛa xenni yumur rɣaci ad iqqim ḍi ṭammurṭ uca iksi sebɛa nni n tecnifin u awarni rami ibarek yarza i tent iwca i tent i imeḥḍaren nnes ḥima ad tent qeddmen uca xenni qeddmen tent i rɣaci,yes
REC129_SEG0005_PART01,REC129,SPK009,train,12.984,data/processed/segments/REC129/REC129_SEG0005_PART01.wav,reviewed,tuɣa ɣarsen cwayt n iserman ḍ imezyanen ibark i ṭen ɛaweḍ inna ad qeddmen ina ccin jjiwnen uca yarwen min icetten aqa sebɛa n tsudjatin,yes
REC129_SEG0005_PART02,REC129,SPK009,train,12.984,data/processed/segments/REC129/REC129_SEG0005_PART02.wav,reviewed,inni iccen tuɣa aten ɛraḥar ḍi arebɛa araf xenni issekk i ṭen uca rexdenni inya ḍi tɣarrabut ak ḍ imeḥḍaren nnes yiweḍ ɣar jjwayeh n dalmanuta,yes
REC129_SEG0006_PART01,REC129,SPK009,train,14.44,data/processed/segments/REC129/REC129_SEG0006_PART01.wav,reviewed,ifarisiyyen ttarenijjen reɛrameṭ ffɣen ifarisiyyen bdan ttqacaḥen ḍayes ttaren zzayes ict n reɛrameṭ zeg ujenna ḥima ad t jarrben izehhar ḍi arruḥ nnes inna,yes
REC129_SEG0008,REC129,SPK009,train,8.144,data/processed/segments/REC129/REC129_SEG0008.wav,reviewed,maca imeḥḍaren nnes ttun ad kisen ksin aɣrum uca war tuɣi ɣarsen walu ḍi tɣarrabut mɣir ict n tecnift n weɣrum waha,yes
REC129_SEG0009_PART01,REC129,SPK009,train,12.696,data/processed/segments/REC129/REC129_SEG0009_PART01.wav,reviewed,uca netta iɛermasen i xzarem ḥḍam zeg wentun n ifarisiyyen ḍ wentun n hirudus mcawaren jar asen nnan ḍ man aya minzi war ɣarneɣ bu tecnifin n weɣrum,yes
REC129_SEG0009_PART02,REC129,SPK009,train,12.696,data/processed/segments/REC129/REC129_SEG0009_PART02.wav,reviewed,uca yargeb yasuɛ inna asen mayemmi temcawarem belli war ɣarwem bu tecnifin n weɣrum ma war tucim ma war tefhimem ma ɛad urawen nwem qesḥen ma ɣarwem ṭittawin maca war tettwirim,yes
REC129_SEG0010_PART01,REC129,SPK009,train,12.696,data/processed/segments/REC129/REC129_SEG0010_PART01.wav,reviewed,ma ɣarwem imezzuɣen maca war tettesrim ma war tɛeqqirem ɛad umi arziɣ xemsa n tecnifin n weɣrum i xemsa araf mecḥar n tsudjatin i iccuren s ireqqʷaz i tyarwem nnanas,yes
REC129_SEG0010_PART02,REC129,SPK009,train,12.696,data/processed/segments/REC129/REC129_SEG0010_PART02.wav,reviewed,ṭenɛac u ɣar sebɛa n tecnifin n weɣrum i arebɛa araf mecḥar n tsudjatin iccuren s ireqqʷaz i tyarwem nnan sebɛa xenni inna asen mammec ɛad war tefhimem ar rexxu,yes
REC129_SEG0012_PART01,REC129,SPK009,train,13.224,data/processed/segments/REC129/REC129_SEG0012_PART01.wav,reviewed,netta imneɛ adarɣar zeg ufus indeh i t barra i dcar uca issusef ḍi ṭittawin nnes issars xas afus nnes isseqsa min ittwara isewḍ inna ttwariɣ iwḍan gguren am ticejjura,yes
REC129_SEG0016,REC129,SPK009,train,11.504,data/processed/segments/REC129/REC129_SEG0016.wav,reviewed,ibḍa issermad aqa mmis n bnaḍem ittxessa ad iweddeb attas uca ad ittwasseḥqar zeg imɣaren n rgens ḍ imeqqranen n ikehhanen ḍ imsermaden n idlisen,yes
REC129_SEG0018_PART01,REC129,SPK009,train,10.184,data/processed/segments/REC129/REC129_SEG0018_PART01.wav,reviewed,aggʷej xafi awarni ayi a cciṭan minzi cek war ḍ ac icqi min idjan n arebbi maca min idjan n iwḍan iraɣa dd yasuɛ i rɣaci,yes
REC129_SEG0020_PART01,REC129,SPK009,train,12.584,data/processed/segments/REC129/REC129_SEG0020_PART01.wav,reviewed,minzi man refḍer n bnaḍem mara yarbeḥ ddunect marra maca ad ixsar reɛmar nnes minzi min ɣa iwc bnaḍem deg wemcan n reɛmar nnes minzi wenni,yes
REC130_SEG0002_PART01,REC130,SPK009,train,13.528,data/processed/segments/REC130/REC130_SEG0002_PART01.wav,reviewed,uca inna asen s tidett necc ad awem iniɣ aqa ca zeg inni da ibedden war ttqasin ca rmewt ar ɣa zaren tageldit n arebbi ṭenni ad ɣayasen s jjehd awarni setta n wussan yasuɛ yiwi dd,yes
REC130_SEG0002_PART02,REC130,SPK009,train,13.528,data/processed/segments/REC130/REC130_SEG0002_PART02.wav,reviewed,akides buṭrus ḍ yaɛqub ḍ yuḥanna weḥḥedsen ɣar ijjen wedrar yuɛran uca ibedder abdur nsen arruḍ nnes iḍwer yareqq ḍ acemrar attas am acnaw adfer,yes
REC130_SEG0003_PART02,REC130,SPK009,train,13.768,data/processed/segments/REC130/REC130_SEG0003_PART02.wav,reviewed,aqa mliḥ umi da nedja ejj aneɣ ad newwet ṭraṭa n iɛuccuten n tsetta ijjen i cek ijjen i musa u ijjen i iliya maca tuɣa iweddaras min ɣa yini minzi niṭni ggʷeden attas,yes
REC130_SEG0004,REC130,SPK009,train,17.808,data/processed/segments/REC130/REC130_SEG0004.wav,reviewed,ikka dd useynu issduriy i ṭen s tiri nnes uca traɣa dd ict n tmijja zeg useynu teqqar wa ḍ mmi iɛizzen srem ɣares umi ssgeɛɛden niṭni ṭittawin nsen deg ict n tecti war qqimen ttwaran ɛad ḥed akidsen mɣir yasuɛ weḥḥdes,yes
REC130_SEG0005,REC130,SPK009,train,9.68,data/processed/segments/REC130/REC130_SEG0005.wav,reviewed,arami dd hwan zeg wedrar yumur i ṭen ḥima war ttɛiwiden i ḥed walu zi min zrin ar dd ɣa ikkar mmis n bnaḍem jar imettinen,yes
REC130_SEG0006_PART01,REC130,SPK009,train,10.696,data/processed/segments/REC130/REC130_SEG0006_PART01.wav,reviewed,xemmren awar a deg yixef nsen am tuɣa ttseqsan ixef nsen min ixes ad yini wawar a ar dd ɣa ikkar zi ṭaddarṭ n imettinen sseqsan t nnanas maye,yes
REC130_SEG0009_PART02,REC130,SPK009,train,14.136,data/processed/segments/REC130/REC130_SEG0009_PART02.wav,reviewed,sedjmen xas xenni isseqsa imsermaden n idlisen min xef kidsen tettqacaḥem yarra dd ijjen zi rɣaci inna a amseɣɣar iwyeɣ dd mmi ɣarek aqa ḍayes raryaḥ nni t yarrin ḍ agnaw,yes
REC130_SEG0010,REC130,SPK009,train,8.432,data/processed/segments/REC130/REC130_SEG0010.wav,reviewed,xmi t ittettef inettar i t ɣar ṭammurṭ itteffeɣas dd ukuffu zeg uqemmum ittɣezza tiɣmas nnes uca ittazeɣ,yes
REC130_SEG0011_PART02,REC130,SPK009,train,13.176,data/processed/segments/REC130/REC130_SEG0011_PART02.wav,reviewed,uca iwyen t i dd ɣares umi t izra rexdenni immenḍar i t raryaḥ ammu ḍ wammu arami iwḍa ɣar ṭammurṭ ibḍa ittbarkikkiḍ ittekkas dd ukuffu zeg uqemmum yasuɛ isseqsa babas,yes
REC130_SEG0012_PART01,REC130,SPK009,train,13.976,data/processed/segments/REC130/REC130_SEG0012_PART01.wav,reviewed,mecḥar zeg wami t i dd iḥkem uya innas zi ṭemzi nnes attas n imuren inettar i t ḍi ṭmessi u deg waman ḥima ad t isshellek maca mara tzemmared x ca,yes
REC130_SEG0014_PART02,REC130,SPK009,train,11.912,data/processed/segments/REC130/REC130_SEG0014_PART02.wav,reviewed,arami tuɣa nnan attas aqa immut ittef i t yasuɛ zeg ufus nnes issbedd i t umi dd yudef ɣar ṭaddarṭ sseqsan t imeḥḍaren nnes weḥḥedsen,yes
REC130_SEG0015,REC130,SPK009,train,11.184,data/processed/segments/REC130/REC130_SEG0015.wav,reviewed,mayemmi war nzemmar neccin ad t nessuffeɣ inna asen ddegg a war izemmar ad ittwassuffeɣ ura s ict n rḥajjeṭ mɣir s uzummi ḍ tzadjit waha,yes
REC130_SEG0016,REC130,SPK009,train,4.688,data/processed/segments/REC130/REC130_SEG0016.wav,reviewed,yasuɛ issawar x rmewt ḍ tnukra nnes i ṭwara wiss ṭnayen,yes
REC130_SEG0017_PART01,REC130,SPK009,train,11.496,data/processed/segments/REC130/REC130_SEG0017_PART01.wav,reviewed,ffɣen dd ssenni uca cuqen ḍi ljalil netta tuɣa war ixes ad t iɛqer ura ḍ ijjen maɣar tuɣa issermad imeḥḍaren nnes iqqar asen aqa mmis n bnaḍem ad immewc,yes
REC130_SEG0020,REC130,SPK009,train,10.096,data/processed/segments/REC130/REC130_SEG0020.wav,reviewed,wi ɣa iqebren mɣir ijjen uḥenjir am uḥenjir a s yisem inu aqa iqber ayi u wi ḍ ayi ɣa iqebren war ḍ ayi iqebber maca iqebber wi ḍ ayi dd issekken,yes
REC130_SEG0021,REC130,SPK009,train,19.472,data/processed/segments/REC130/REC130_SEG0021.wav,reviewed,wi war idjin ḍidd nneɣ aqa t akidneɣ yarra dd xas yuḥanna innas a amsermaḍ inu nezra ijjen issuffuɣ ccwaten s yisem nnec u nemneɛ i t minzi netta war dd aneɣ iḍeffar inna yasuɛ war t mennɛem ca minzi war din ura ḍ ijj i ɣa yeggen timegga ijehden s yisem inu,yes
REC130_SEG0022,REC130,SPK009,train,17.776,data/processed/segments/REC130/REC130_SEG0022.wav,reviewed,uca rexdenni deɣya ad xafi issiwer s rɣar minzi wi war idjin ḍidd nwem aqa t akidwem wi kenniw i ɣa isseswen s yijjen rkas n waman waha minzi aqa kenniw n lmasiḥ i tedjam aqa s tidett necc ad awem iniɣ netta war ixessar ca rmunet nnes,yes
REC130_SEG0024_PART01,REC130,SPK009,train,12.968,data/processed/segments/REC130/REC130_SEG0024_PART01.wav,reviewed,wi ɣa issenqraḍen ijjen zeg imezyanen a i ḍayi yumnen iḥras adas tettwagg ict n tesḍart n tsirt tedqer deg iri nnes ad immenḍar ḍi rebḥar mara issenqarḍ cek ufus,yes
REC131_SEG0001,REC131,SPK009,train,2.672,data/processed/segments/REC131/REC131_SEG0001.wav,reviewed,yasuɛ issiwer x remrac ḍ wadjaf,yes
REC131_SEG0003,REC131,SPK009,train,6.416,data/processed/segments/REC131/REC131_SEG0003.wav,reviewed,yarra dd yasuɛ inna asen x ssibbet n reqsaḥet n wurawen nwem aqa yura awem tawseyyet a,yes
REC131_SEG0006,REC131,SPK009,train,8.944,data/processed/segments/REC131/REC131_SEG0006.wav,reviewed,yasuɛ ibarek iḥenjiren iwyenas dd iḥenjiren ḥima ad ṭen iḥada maca imeḥḍaren webbxen inni ṭen dd yiwyen ɣares,yes
REC131_SEG0007_PART02,REC131,SPK009,train,11.576,data/processed/segments/REC131/REC131_SEG0007_PART02.wav,reviewed,awem iniɣ wi war iqebbren tageldit n arebbi am yijjen uḥenjir aqa ɛemmas war ɣares ittidef idarreɛ asen uca am xasen issars ifassen nnes ibark i ṭen,yes
REC131_SEG0008,REC131,SPK009,train,2.224,data/processed/segments/REC131/REC131_SEG0008.wav,reviewed,yasuɛ ḍ weryaz bu wagra,yes
REC131_SEG0009_PART01,REC131,SPK009,train,14.188,data/processed/segments/REC131/REC131_SEG0009_PART01.wav,reviewed,umi iffeɣ maḥend ad yuyur deg webrid yuzzer dd ɣares ijjen iwḍas ɣar ifadden uca isseqsa t inna a amseɣɣar asebḥan min ɣa ggeɣ ḥima ad warteɣ ṭudarṭ ittduman innas yasuɛ mayemmi ḍ ayi,yes
REC131_SEG0009_PART02,REC131,SPK009,train,14.188,data/processed/segments/REC131/REC131_SEG0009_PART02.wav,reviewed,tettraɣid asebḥan ura ḍ ijj war idji ḍ asebḥan mɣir ijjen waha arebbi cek tessned tiwessa war zenni war neqq war tticar war cehhed s zur war ttɣecca,yes
REC131_SEG0010,REC131,SPK009,train,8.056,data/processed/segments/REC131/REC131_SEG0010.wav,reviewed,weqqar babac ḍ yemmac yarra dd innas wah a amseɣɣar aqa marra tina tuɣa ḍeffareɣ tent zi ṭemzi inu,yes
REC131_SEG0011_PART02,REC131,SPK009,train,10.728,data/processed/segments/REC131/REC131_SEG0011_PART02.wav,reviewed,xenni assed ḍḍa ksi ssalib nnec ḍfar ayi dd maca netta tuɣa iḥzen s wawar nni uca iruḥ icḍen minzi tuɣa ɣares attas n wagra,yes
REC131_SEG0013_PART01,REC131,SPK009,train,12.564,data/processed/segments/REC131/REC131_SEG0013_PART01.wav,reviewed,tbehten imeḥḍaren zeg wawaren nnes maca yasuɛ iɛawed ittef deg wawar inna asen a ṭarwa inu mecḥar iwɛar x yinni ittcaran x wagra nsen maḥend ad dd adfen ɣar,yes
REC131_SEG0014,REC131,SPK009,train,13.68,data/processed/segments/REC131/REC131_SEG0014.wav,reviewed,wi izemmaren xenni ad ittwassenjem ixzar ḍaysen yasuɛ inna ɣar iwḍan war izemmar maca ɣar arebbi war idji amenni minzi aqa ɣar arebbi kurci ḍi tzemmar nnes,yes
REC131_SEG0016,REC131,SPK009,train,5.84,data/processed/segments/REC131/REC131_SEG0016.wav,reviewed,ibḍa buṭrus ad yini xzar aqa neccin nejja kurci neḍfar i cek dd,yes
REC131_SEG0018,REC131,SPK009,train,19.816,data/processed/segments/REC131/REC131_SEG0018.wav,reviewed,niɣ tyemmatin niɣ tarrawt ḍ yeyyaren ak ḍ umarret uca ḍi zzman i dd ɣa yasen ad iksi ṭudarṭ ittduman maca attas n yinni idjan ḍ imezwura ad irin ḍ ineggura uca inni idjan ḍ ineggura ad irin ḍ imezwura,yes
REC131_SEG0020_PART01,REC131,SPK009,train,13.768,data/processed/segments/REC131/REC131_SEG0020_PART01.wav,reviewed,tuɣa ṭen deg webrid maḥend ad geɛɛden ɣar urcalim u yasuɛ tuɣa izwar asen niṭni tuɣa ttbehten uca ggʷeden umi t i dd ḍeffaren iksi ṭenɛac ɣar uɣezdis uca ibḍa iqqar asen x,yes
REC131_SEG0020_PART02,REC131,SPK009,train,13.768,data/processed/segments/REC131/REC131_SEG0020_PART02.wav,reviewed,min ḍas ɣa imsaren inna xzar neccin ad ngeɛɛed ɣar urcalim u mmis n bnaḍem ad immewc deg ifassen n imeqqranen n ikehhanen ḍ imsermaden n idlisen u niṭni ad xas ḥekmen s rmewt,yes
REC131_SEG0022_PART01,REC131,SPK009,train,10.872,data/processed/segments/REC131/REC131_SEG0022_PART01.wav,reviewed,tutra n yaɛqub ḍ yuḥanna yusa dd ɣares yaɛqub ḍ yuḥanna ṭarwa n zabdi nnanas a amseɣɣar nexs ad aneɣ tegged marra min,yes
REC131_SEG0022_PART02,REC131,SPK009,train,10.872,data/processed/segments/REC131/REC131_SEG0022_PART02.wav,reviewed,zzayek ɣa nettar inna asen min texsem ad awem ggeɣ nnanas ewc aneɣ ad neqqim ijjen ɣar ufusi nnec u wenneɣni ɣar uzermaḍ nnec deg uɛudji nnec,yes
REC131_SEG0024_PART01,REC131,SPK009,train,12.296,data/processed/segments/REC131/REC131_SEG0024_PART01.wav,reviewed,niɣ ad tettwassɣeḍsem s useɣḍes i zi ɣa ttwassɣeḍseɣ necc nnanas nzemmar inna asen yasuɛ rkas i ɣa sweɣ necc ad t teswem u aseɣḍes i zi ttwassɣeḍseɣ,yes
REC131_SEG0024_PART02,REC131,SPK009,train,12.296,data/processed/segments/REC131/REC131_SEG0024_PART02.wav,reviewed,necc ad zzayes ttwassɣeḍsem maca aɣimi x yefus inu niɣ x uzermaḍ inu war ɣari idji deg ufus inu maḥend ad t wceɣ maca ad immewc i yinni umi ittwassewjed,yes
REC131_SEG0025_PART01,REC131,SPK009,train,12.968,data/processed/segments/REC131/REC131_SEG0025_PART01.wav,reviewed,rami srin ɛecra n imeḥḍaren man aya xeyyqen x yaɛqub ḍ yuḥanna xenni iraɣa asen dd yasuɛ ɣares inna asen kenniw tessnem belli inni ittwaḥesben ḍ rḥukkam n regnus,yes
REC131_SEG0027,REC131,SPK009,train,2.96,data/processed/segments/REC131/REC131_SEG0027.wav,reviewed,asgenfi n mmis n timawus adarɣar,yes
REC131_SEG0028_PART01,REC131,SPK009,train,14.6,data/processed/segments/REC131/REC131_SEG0028_PART01.wav,reviewed,iwḍen dd ɣar ariḥa rami dd iffeɣ zi ariḥa ak ḍ imeḥḍaren nnes ḍ wattas n rɣaci tuɣa timawus mmis n timawuswenni tuɛa ḍ adarɣar iqqim deg webrid ittettar umi isra belli yasuɛ,yes
REC131_SEG0029,REC131,SPK009,train,3.664,data/processed/segments/REC131/REC131_SEG0029.wav,reviewed,ibedd yasuɛ uca yumur ad xas dd raɣan,yes
REC132_SEG0001,REC132,SPK009,train,2.896,data/processed/segments/REC132/REC132_SEG0001.wav,reviewed,adaf n yasuɛ ɣar urcalim am ujedjid,yes
REC132_SEG0002_PART01,REC132,SPK009,train,11.896,data/processed/segments/REC132/REC132_SEG0002_PART01.wav,reviewed,umi dd qarrben ɣar urcalim ɣar bayt faji ḍ bayt ɛanya zzat i wedrar n zzitun issekk ṭnayen n imeḥḍaren nnes inna asen ruḥem ɣar dcar nni qibac nwem xmi ɣares i,yes
REC132_SEG0002_PART02,REC132,SPK009,train,11.896,data/processed/segments/REC132/REC132_SEG0002_PART02.wav,reviewed,ɣa tadfem rexdenni ad tafem ijjen wesnus iqqen war xas inyi ura ḍ ijjen bnaḍem fesyemas dd uca awyem t i dd ɣari mara inna awem ḥed mayemmi i tetteggem aya,yes
REC132_SEG0003,REC132,SPK009,train,9.808,data/processed/segments/REC132/REC132_SEG0003.wav,reviewed,xenni inim aqa sidi iḥdaj i t uca rexdenni ad t i dd issekk da ɛaweḍ niṭni ruḥen ufin asnus nni iqqen ɣar tewwart barra x webrid,yes
REC132_SEG0004_PART02,REC132,SPK009,train,12.664,data/processed/segments/REC132/REC132_SEG0004_PART02.wav,reviewed,ssarsen xas arruḍ nsen uca inya xas netta attas ssun arruḍ nsen x webrid ca nneɣni qessen dd refruɛ s wafriwen zi tcejjura uca ssun ṭen x webrid,yes
REC132_SEG0005_PART02,REC132,SPK009,train,14.408,data/processed/segments/REC132/REC132_SEG0005_PART02.wav,reviewed,na ḍi ruɛra x ruɛra n ijenwan yusa dd yasuɛ ɣar urcalim yudef ɣar zzawect tameqqrant uca izra marra min din imsaren rami tuɣa issutem rḥar iffeɣ ɣar bayt ɛanya ak ḍ ṭenɛac,yes
REC132_SEG0006,REC132,SPK009,train,1.488,data/processed/segments/REC132/REC132_SEG0006.wav,reviewed,anɛar n wartu,yes
REC132_SEG0007_PART01,REC132,SPK009,train,14.076,data/processed/segments/REC132/REC132_SEG0007_PART01.wav,reviewed,tiwecca nnes rami dd iffeɣ zi bayt ɛanya ittef i t i dd raz umi izra zi raggʷaj ijjen wartu n tazart ɣares tifray yuyur din ḥima ad yarzu ma ad taɣ ad ḍayes yaf ca umi ɣares dd yiweḍ war,yes
REC132_SEG0009,REC132,SPK009,train,3.056,data/processed/segments/REC132/REC132_SEG0009.wav,reviewed,yasuɛ ḍ isebbaben ḍi ṭaddarṭ iqeddsen,yes
REC132_SEG0010_PART02,REC132,SPK009,train,14.456,data/processed/segments/REC132/REC132_SEG0010_PART02.wav,reviewed,n tmenyat ḍ rekrasi n yinni tuɣa iznuzan idbiren uca war ijji ḥed ad iɛdu zzawect tameqqrant ura s ict n rqecɛet tuɣa issermad inna asen ma war turi,yes
REC132_SEG0012,REC132,SPK009,train,17.84,data/processed/segments/REC132/REC132_SEG0012.wav,reviewed,imsermaden n idlisen ḍ imeqqranen n ikehhanen srin man aya kkaren uca arezzun mammec ɣa ggen ad t nɣen minzi ggʷeden zzayes minzi rɣaci marra tuɣa ittebhet s usermed nnes rami dd tewḍa tmeddiṭ ffɣen ɣar barra n tendint,yes
REC132_SEG0015,REC132,SPK009,train,17.424,data/processed/segments/REC132/REC132_SEG0015.wav,reviewed,war ittcekki deg wur nnes maca ad yamen belli min inna ad iffeɣ iwa aqa ad iffeɣ i netta am mammec inna netta s uyenni necc ad awem iniɣ marra min ɣa tettarem am tettzadjam amnen belli ad t tkesbem uca ad ɣarwem yiri,yes
REC132_SEG0016,REC132,SPK009,train,17.104,data/processed/segments/REC132/REC132_SEG0016.wav,reviewed,u xmi ɣa tbeddem tettzzadjam ɣfarem min ɣarwem x ca n ijjen ḥima ad awem iɣfar ɛaweḍ babatwem i idjan deg ijenwan ddnub nwem mara war tɣeffarem kenniw war ḍ awem iɣeffar ura ḍ babatwem i idjan deg ijenwan i ddnub nwem,yes
REC132_SEG0017,REC132,SPK009,train,2.224,data/processed/segments/REC132/REC132_SEG0017.wav,reviewed,aseqsi x ttesriḥ n yasuɛ,yes
REC132_SEG0020_PART02,REC132,SPK009,train,14.908,data/processed/segments/REC132/REC132_SEG0020_PART02.wav,reviewed,zeg iwḍan xenni ittxessa ad neggʷed zi rgens minzi marra ḥesben yuḥanna ḍ anabi s tidett arrin dd nnan i yasuɛ war nessin yarred xasen yasuɛ inna xenni ura ḍ necc war ḍ awem,yes
REC132_SEG0021,REC132,SPK009,train,4.655,data/processed/segments/REC132/REC132_SEG0021.wav,reviewed,qqareɣ zi man ttesriḥ i zi tteggeɣ timesrayin a,yes
REC133_SEG0003,REC133,SPK009,train,19.92,data/processed/segments/REC133/REC133_SEG0003.wav,reviewed,ɛaweḍ issekk ɣarsen ijjen umsexxar nneɣni arejmen t marzenas uca rami t ssbeḥtren uzzren xas ɛaweḍ issekk dd ɣarsen wenneɣni uca nɣin t ura ḍ netta ammu i issekk ɛad attas n inneɣni hettken ca zzaysen s urekkuḍ ḍ ca nneɣni zzaysen nɣin ṭen,yes
REC133_SEG0005,REC133,SPK009,train,14.768,data/processed/segments/REC133/REC133_SEG0005.wav,reviewed,ksin t nɣin t uca nḍaren t barra i umarjeɛ n uḍir min ɣa yegg bab n umarjeɛ n uḍir ad dd yas ad ineɣ ixemmasen uca ad iwc amarjeɛ n uḍir i inneɣni ma war teɣrim tira ya,yes
REC133_SEG0007,REC133,SPK009,train,2.224,data/processed/segments/REC133/REC133_SEG0007.wav,reviewed,axedjes n ḍḍariba i qaysar,yes
REC133_SEG0008_PART01,REC133,SPK009,train,13.272,data/processed/segments/REC133/REC133_SEG0008_PART01.wav,reviewed,xenni ssekken ɣares ca n yeryazen zeg ifarisiyyen u ca zi ṭaddarṭ n hirudus ḥima adas ttfen s wawaren nnes umi dd usin nnanas a amseɣɣar neccin nessen aqa cek ḍ,yes
REC133_SEG0008_PART02,REC133,SPK009,train,13.272,data/processed/segments/REC133/REC133_SEG0008_PART02.wav,reviewed,tidett war teggʷided zeg iwḍan u war txezzared ca ɣar wudem n iwḍan maca tessermaded abrid n arebbi s tidett ma iḥedjer ad newc ddariba i kur ijjen zzayneɣ i qaysar niɣ lla,yes
REC133_SEG0009_PART02,REC133,SPK009,train,13.96,data/processed/segments/REC133/REC133_SEG0009_PART02.wav,reviewed,xenni inna asen wi yiran taswirt a ḍ tira ya nnanas n qaysar yarra dd yasuɛ inna asen wcem xenni i qaysar min idjan i qaysar u min idjan i arebbi i arebbi uca ttɛejben ḍayes,yes
REC133_SEG0010_PART02,REC133,SPK009,train,11.736,data/processed/segments/REC133/REC133_SEG0010_PART02.wav,reviewed,mara immut i ḥed umas uca ijja tamɣart maca war dd ijji bu tarrawt ad yawi umas tamɣart nni uca adas isggaɛed dduriyet i umas,yes
REC133_SEG0014,REC133,SPK009,train,2.8,data/processed/segments/REC133/REC133_SEG0014.wav,reviewed,war dd ijji bu dduriyet ura ḍ netta,yes
REC133_SEG0015_PART02,REC133,SPK009,train,14.264,data/processed/segments/REC133/REC133_SEG0015_PART02.wav,reviewed,nni minzi nettat tuɣa tamɣart n sebɛa nni marra yarra dd yasuɛ inna asen ma war txettim ca minzi war tessinem ca tira iqeddsen ḍ jjehd n arebbi maɣar xmi dd ɣa kkaren jar imettinen war tent ttiwyen ḍ tamɣart,yes
REC133_SEG0016_PART01,REC133,SPK009,train,14.248,data/processed/segments/REC133/REC133_SEG0016_PART01.wav,reviewed,u war ssmidjicen timɣarin i yeryazen maca ad irin am lmalakat i idjan deg ujenna maca zi jjihet n imettinen aqa ttwassnekkaren ma war teɣrim deg wedlis n musa rami tuɣa ɣa tabɣa,yes
REC133_SEG0016_PART02,REC133,SPK009,train,14.248,data/processed/segments/REC133/REC133_SEG0016_PART02.wav,reviewed,issiwer arebb inna necc arebbi n ibrahim ḍ arebbi n isḥaq ḍ arebbi n yaɛqub netta maci ḍ arebbi n imettinen maca ḍ arebbi n yinni iddaren s uyenni aqa kenniw txettam attas,yes
REC133_SEG0019_PART02,REC133,SPK009,train,11.128,data/processed/segments/REC133/REC133_SEG0019_PART02.wav,reviewed,sidi ḍ ijj ad texsed sidi arebbi nnec s marra wur nnec s marra reɛmar nnec s marra reɛqer nnec s marra jjehd nnec ta ḍ tawseyyet tamezwarut,yes
REC133_SEG0020,REC133,SPK009,train,11.28,data/processed/segments/REC133/REC133_SEG0020.wav,reviewed,u tawseyyet wiss ṭnayen amecnaw ṭanita aqa ḍ ta ad texsed jjar nnec amecnaw ixef nnec war din bu tewseyyet nneɣnit ḍ tameqqrant x tina s ṭnayen,yes
REC133_SEG0022,REC133,SPK009,train,11.536,data/processed/segments/REC133/REC133_SEG0022.wav,reviewed,umi izra yasuɛ belli yarra dd s reɛqer innas aqa cek war tiggʷijed ca x tgeldit n arebbi xenni war iɛewwer ḥed ad t isseqsa ura deg ict n tmesract,yes
REC133_SEG0025_PART01,REC133,SPK009,train,10.504,data/processed/segments/REC133/REC133_SEG0025_PART01.wav,reviewed,minzi dawud s yixef nnes inna s arruḥ iqeddsen inna sidi i sidi inu qqim dd x ufusi inu ar dd ɣa ggeɣ rɛedyan nnec ḍ,yes
REC133_SEG0025_PART02,REC133,SPK009,train,10.504,data/processed/segments/REC133/REC133_SEG0025_PART02.wav,reviewed,tanebdat sadu iḍaren nnec s uya ittraɣas dd dawud sidi inu manis dd ikka ḍ mmis marra rɣaci tuɣa isras s refraḥet,yes
REC133_SEG0027_PART01,REC133,SPK009,train,14.392,data/processed/segments/REC133/REC133_SEG0027_PART01.wav,reviewed,inna asen deg usermad nnes ḥḍam ixef nwem zeg imsermaden n idlisen inni umi itteɛjib asen rḥar xmi ɣa uyuren s reɛbayat tizirarin u xmi xasen i ɣa sedjmen iwḍan ḍi reswaq inni,yes
REC133_SEG0027_PART02,REC133,SPK009,train,14.392,data/processed/segments/REC133/REC133_SEG0027_PART02.wav,reviewed,umi itteɛjib asen rekrasi n zzat ḍi ṭemzidawin ura ḍ imucan imezwura ɣar imensiwen n wuraren inni ittetten tudrin n tijjar am ttettaren tiwhibin,yes
REC133_SEG0028,REC133,SPK009,train,3.152,data/processed/segments/REC133/REC133_SEG0028.wav,reviewed,aqa ina ad ksin rḥukm ḍ ameqqran,yes
REC133_SEG0029,REC133,SPK009,train,1.936,data/processed/segments/REC133/REC133_SEG0029.wav,reviewed,ssedqet n tajjac,yes
REC133_SEG0031_PART01,REC133,SPK009,train,10.236,data/processed/segments/REC133/REC133_SEG0031_PART01.wav,reviewed,usa dd ict n tajjac ḍ rmeskina tenḍar ḍayes ṭnayen n uqiyyat semman tent camunat xenni iraɣa yasuɛ i imeḥḍaren nnes,yes
REC134_SEG0001,REC134,SPK009,train,2.512,data/processed/segments/REC134/REC134_SEG0001.wav,reviewed,abarreḥ n yasuɛ x qettu n ddunect,yes
REC134_SEG0004,REC134,SPK009,train,15.536,data/processed/segments/REC134/REC134_SEG0004.wav,reviewed,rami tuɣa iqqim x wedrar n zzitun qibac i zzawect tameqqrant sseqsan t buṭrus ḍ yaɛqub ḍ yuḥanna ḍ andrawus rami ṭen tuɣa weḥḥedsen ini aneɣ mermi i ɣa yiri man aya u man ad tiri reɛrameṭ aqa marra aya,yes
REC134_SEG0005_PART02,REC134,SPK009,train,12.552,data/processed/segments/REC134/REC134_SEG0005_PART02.wav,reviewed,rexbar n rbaruḍ war ttnexriɛem ca minzi s uɣir ad yiri man aya maca war ittiri ɛad ḍ aneggar minzi rgens ad ikkar ḍidd i rgens nneɣni u tageldit ḍidd i tgeldit nneɣni,yes
REC134_SEG0007_PART01,REC134,SPK009,train,13.544,data/processed/segments/REC134/REC134_SEG0007_PART01.wav,reviewed,xzarem ixef nwem minzi ad kenniw sellmen i tudrin n ccreɛ ad kenniw hettken s urekkuḍ ḍi ṭemzidawin nsen uca ad kenniw ssiwḍen ɣar ijedjiden ḍ rḥukkam ḍi ssibbet inu ḍ cch,yes
REC134_SEG0009_PART02,REC134,SPK009,train,13.64,data/processed/segments/REC134/REC134_SEG0009_PART02.wav,reviewed,m inu maca wenni i ɣa isbaren ar aneggar ad ittwassenjem xmi ɣa tzarem nnɛi n wareyyeb min xef tuɣa issawar unabi daniyal ittbedda mani war ittxessa ad ibedd,yes
REC134_SEG0010,REC134,SPK009,train,7.28,data/processed/segments/REC134/REC134_SEG0010.wav,reviewed,wenni iɣrin ad ifhem rexdenni ittxessa i yinni idjan ḍi yahudiyya ad arewren ɣar idurar,yes
REC134_SEG0011_PART01,REC134,SPK009,train,11.484,data/processed/segments/REC134/REC134_SEG0011_PART01.wav,reviewed,u wenni idjan x tzeqqa war dd ihekkʷi ca ɣar ṭaddarṭ u war ittidef ca ḥima ad iksi ca zi ṭaddarṭ nnes u wenni idjan deg iyyar war dd ittɛiqqib ca ḥima ad,yes
REC134_SEG0012_PART01,REC134,SPK009,train,10.508,data/processed/segments/REC134/REC134_SEG0012_PART01.wav,reviewed,minzi deg wussan nni ad din tiri ict n reḥsaret i war tuɣi am nettat zeg wami dd ixreq arebbi ddunect ar rexxu uca war tettiri ɛemmas ɛaweḍ,yes
REC134_SEG0012_PART02,REC134,SPK009,train,10.508,data/processed/segments/REC134/REC134_SEG0012_PART02.wav,reviewed,mara sidi war issemzi ussan nni war tnejjem ura ḍ ict n ddat maca ḍi ttweɛ n yinni ittwafarzen inni i ixḍar netta aqa issemzi ussan nni,yes
REC134_SEG0013,REC134,SPK009,train,19.088,data/processed/segments/REC134/REC134_SEG0013.wav,reviewed,xenni mara inna awem ijjen aqa lmasiḥ da niɣ aqa t ḍiha war t ttamnem minzi ad kkaren imasiḥen ifalsuten ḍ inabiyyen issxarriqen ad ggen reɛramat ḍ reɛjayeb ḥima mara izemmar ad ɣarren ɛad imextaren,yes
REC134_SEG0015_PART01,REC134,SPK009,train,11.976,data/processed/segments/REC134/REC134_SEG0015_PART01.wav,reviewed,rexdenni ad issekk lmalakat nnes uca ad iyru inni zzayes ittwafarzen zi arebɛa n tɣemmura n usemmiḍ zi ttarf aneggaru n ṭammurṭ ar ttarf aneggaru n ujenna,yes
REC134_SEG0016_PART01,REC134,SPK009,train,14.248,data/processed/segments/REC134/REC134_SEG0016_PART01.wav,reviewed,ammu ittxessa ura ḍ kenniw xmi ɣa tzarem timesrayin a ttemsarant ad tessnem aqa man aya yudes dd x tewwart s tidett ad awem iniɣ jjir a war iɛeddu ca ar ḍ ɣa yiri,yes
REC134_SEG0018_PART01,REC134,SPK009,train,14.748,data/processed/segments/REC134/REC134_SEG0018_PART01.wav,reviewed,ɛssem zzadjem minzi war tessinem ca mermi dd ɣa taweḍ rweqt nni aqa t am yijjen bnaḍem ittxessas ad isafar ijja ṭaddarṭ nnes iwekker imsexxaren nnes s,yes
REC134_SEG0018_PART02,REC134,SPK009,train,14.748,data/processed/segments/REC134/REC134_SEG0018_PART02.wav,reviewed,ssulṭa iwca i kur ijj zzaysen rxeḍmeṭ nnes uca iɛremas i uɛessas n tewwart maḥend ad iqqim ad iḥḍa iwa ḥḍam xenni minzi war tessinem ca mermi i dd ɣa yas bab n ṭaddarṭ,yes
REC135_SEG0003_PART01,REC135,SPK009,train,11.88,data/processed/segments/REC135/REC135_SEG0003_PART01.wav,reviewed,rami tuɣa iqqim ɣar ttabra ḍi bayt ɛanya ḍi ṭaddarṭ n cimɛun wenni ḍi idja rbars tusa dd ict n ṭemɣarṭ aqa t ɣares ijjen uɣarraf n alabaster,yes
REC135_SEG0003_PART02,REC135,SPK009,train,11.88,data/processed/segments/REC135/REC135_SEG0003_PART02.wav,reviewed,ḍayes reɛṭur n ssenbel tesbeḥ tiɣra tarzem taziyyat n alabaster uca tfarreɣ i tt x uzedjif n yasuɛ,yes
REC135_SEG0004,REC135,SPK009,train,6.032,data/processed/segments/REC135/REC135_SEG0004.wav,reviewed,tuɣa din ca n imeḥḍaren xeyyqen attas deg ixef nsen x man aya nnan,yes
REC135_SEG0007,REC135,SPK009,train,4.368,data/processed/segments/REC135/REC135_SEG0007.wav,reviewed,yahuda izzenz ixef nnes maḥend ad isellem l masiḥ,yes
REC135_SEG0008_PART02,REC135,SPK009,train,10.072,data/processed/segments/REC135/REC135_SEG0008_PART02.wav,reviewed,farḥen uca waɛden adas wcen tmenyat u netta tuɣa yarezzu ict n tewwart ḥima ad asen t isellem,yes
REC135_SEG0009,REC135,SPK009,train,3.92,data/processed/segments/REC135/REC135_SEG0009.wav,reviewed,asewjed n amensi rɛid n tɣarst n useɛdu,yes
REC135_SEG0010_PART01,REC135,SPK009,train,13.944,data/processed/segments/REC135/REC135_SEG0010_PART01.wav,reviewed,deg wass amezwar n weɣrum bra antun umi ttnuman wuḍayen ad ɣarsen i tɣarst n useɛdu nnanas imeḥḍaren nnes mani texsed ad nraḥ ḥima ad nessewjed,yes
REC135_SEG0010_PART02,REC135,SPK009,train,13.944,data/processed/segments/REC135/REC135_SEG0010_PART02.wav,reviewed,maḥend ad tecced amensi n useɛdu issekk ṭnayen zeg imeḥḍaren nnes inna asen ruḥem ɣar tendint u xzar ad temsagarem ak ḍ ijjen weryaz yarbu ict n teqbuct n waman ḍfarem t,yes
REC135_SEG0011_PART01,REC135,SPK009,train,10.12,data/processed/segments/REC135/REC135_SEG0011_PART01.wav,reviewed,u mani ɣa yadef inim i bab n ṭaddarṭ amsermaḍ nneɣ iqqar mani tedja tɣurfet ḥima ad cceɣ amensi n useɛdu,yes
REC135_SEG0015,REC135,SPK009,train,11.344,data/processed/segments/REC135/REC135_SEG0015.wav,reviewed,aqa mmis n bnaḍem ad iraḥ mammec ḍas tura maca uct x weryaz nni zi ɣa ittwaɣdar mmis n bnaḍem iḥras i weryaz nni mri war dd ixriq,yes
REC135_SEG0017,REC135,SPK009,train,15.92,data/processed/segments/REC135/REC135_SEG0017.wav,reviewed,rami tuɣa ttetten iksi yasuɛ aɣrum ibarek i t yarza i t uca iwca asen t inna ksim ccem aqa ta ḍ arrimet inu xenni iksi aɣarraf iqada ibarek uca iwca asen t,yes
REC135_SEG0018_PART02,REC135,SPK009,train,13.688,data/processed/segments/REC135/REC135_SEG0018_PART02.wav,reviewed,s ɛad zi rɣidjet n tzayart ar ass i ḍi i tt ɣa sweɣ jdid ḍi tgeldit n arebbi xenni awarni rami ɣennjen niṭni izri n ttesbiḥ ffɣen ɣar wedrar n zzitun,yes
REC135_SEG0019,REC135,SPK009,train,3.92,data/processed/segments/REC135/REC135_SEG0019.wav,reviewed,yasuɛ izwar issiwer x wenkar n buṭrus,yes
REC135_SEG0021_PART01,REC135,SPK009,train,11.192,data/processed/segments/REC135/REC135_SEG0021_PART01.wav,reviewed,maca awarni rami ttwassnekkareɣ ad awem izwareɣ ɣar ljalil innas buṭrus waxxa ad ḍayek nderfen marra necc war ḍayek ttnedrifeɣ ca,yes
REC135_SEG0021_PART02,REC135,SPK009,train,11.192,data/processed/segments/REC135/REC135_SEG0021_PART02.wav,reviewed,innas yasuɛ s tidett necc ad ac iniɣ aqa ass a ḍi djiret a qber i ɣa issquqeɛ uyaziḍ ṭnayen n twarawin ad ayi tenkared ṭraṭa n twarawin,yes
REC135_SEG0023,REC135,SPK009,train,3.184,data/processed/segments/REC135/REC135_SEG0023.wav,reviewed,tazadjit n yasuɛ ḍi xitsimaniy,yes
REC135_SEG0024,REC135,SPK009,train,3.6,data/processed/segments/REC135/REC135_SEG0024.wav,reviewed,usin dd ɣar wemcan umi qqaren xitsimaniy,yes
REC135_SEG0025_PART01,REC135,SPK009,train,14.2,data/processed/segments/REC135/REC135_SEG0025_PART01.wav,reviewed,inna i imeḥḍaren nnes qqimem da arami zudjeɣ necc xenni iksi akides buṭrus ḍ yaɛqub ḍ yuḥanna uca ibḍa ittnexraɛ iggʷed attas inna asen aqa reɛmar inu,yes
REC135_SEG0026,REC135,SPK009,train,14.576,data/processed/segments/REC135/REC135_SEG0026.wav,reviewed,kurci tzemmared xas ksi xafi rkas a maca war ittiri min xseɣ necc maca min texsed cek uca iḍwer dd yufa i ṭen ttsen innas i buṭrus a cimɛun ma aqa cek tettettsed,yes
REC135_SEG0027,REC135,SPK009,train,15.024,data/processed/segments/REC135/REC135_SEG0027.wav,reviewed,ma war tzemmared ad teḥḍid ura ḍ ict n ṭsaɛɛet ḥḍam zadjem ḥima war tettidfem deg ujarreb arruḥ aqa iwjed maca ddat aqa teḍɛef uca yuyur ɛaweḍ izzudj iɛawed i wawaren nni ḍ ijjen,yes
REC135_SEG0029_PART01,REC135,SPK009,train,10.072,data/processed/segments/REC135/REC135_SEG0029_PART01.wav,reviewed,uca iḍwer dd netta ɣarsen ṭwara wiss ṭraṭa inna asen ttsem rexxu tareyyḥem aqa yudes dd uneggar tiweḍ dd ṭsaɛɛet xza,yes
REC135_SEG0030,REC135,SPK009,train,1.68,data/processed/segments/REC135/REC135_SEG0030.wav,reviewed,aḥebbes n yasuɛ,yes
REC135_SEG0031_PART02,REC135,SPK009,train,13.512,data/processed/segments/REC135/REC135_SEG0031_PART02.wav,reviewed,imsermaden n idlisen ḍ imɣaren n rgens uca wenni t i ɣa iɣdaren tuɣa ittegg asen ict n reɛrameṭ iqqar wenni i ɣa ssudmeɣ ḍ wenni netta ttfem t uca awyem t i dd,yes
REC135_SEG0033_PART01,REC135,SPK009,train,12.856,data/processed/segments/REC135/REC135_SEG0033_PART01.wav,reviewed,kur ass tuɣa ayi akidwem ḍi zzawect tameqqrant ssermadeɣ war ḍ ayi tettifem maca man aya imsar ḥima ad ttwakemmrent tira iqeddsen xenni jjin t imeḥḍaren nnes,yes
REC135_SEG0033_PART02,REC135,SPK009,train,12.856,data/processed/segments/REC135/REC135_SEG0033_PART02.wav,reviewed,uca arewren iḍfar i t ijjen uɛezri tuɣa yarḍ ict n tecḍaḍt n reqṭen waha x tqeddit nnes uca ttfen t i dd maca netta ijja tacḍaḍt uca yarwer zzaysen ḍ aɛaryan,yes
REC135_SEG0036_PART01,REC135,SPK009,train,14.072,data/processed/segments/REC135/REC135_SEG0036_PART01.wav,reviewed,tuɣa cimɛun iḍfar i t i dd zi raggʷaj ɣar daxer n remraḥ n arrays n ikehhanen uca tuɣa iqqim jar iɛessasen ittweqqaḥ ixef nnes ɣar ṭmessi tuɣa imeqqranen n ikehhanen ḍ marra,yes
REC135_SEG0039,REC135,SPK009,train,16.272,data/processed/segments/REC135/REC135_SEG0039.wav,reviewed,maca netta isqar war dd yarri s ca isseqsa t arrays n ikehhanen ɛaweḍ innas ma cek ḍ lmasiḥ mmis n lmubarek innas yasuɛ aqa ḍ necc u kenniw ad tzarem mmis n bnaḍem ittɣima x ufusi n jjehd,yes
REC135_SEG0040_PART02,REC135,SPK009,train,12.952,data/processed/segments/REC135/REC135_SEG0040_PART02.wav,reviewed,belli isdahedj rmewt ca zzaysen bdan ssusufen xas ttreḥḥafen i uɣembub nnes ccaten t s rpuniyyat qqarenas nabb uca wtin t imxaznyen ar uɣembub,yes
REC135_SEG0042_PART01,REC135,SPK009,train,10.216,data/processed/segments/REC135/REC135_SEG0042_PART01.wav,reviewed,rami tuɣa cimɛun ḍi remraḥ swadḍay tusa dd din icten zi tiyya n arrays n ikehhanen umi t tezra ittweqqaḥ texzar ḍayes ṭenna,yes
REC135_SEG0043,REC135,SPK009,train,16.432,data/processed/segments/REC135/REC135_SEG0043.wav,reviewed,iffeɣ barra ɣar tesqift n tewwart uca rexdenni issquqeɛ uyaziḍ umi t tezra tayya ijjen umur nneɣni tebda teqqar i yinni din ibedden aqa wa ḍ ijjen zzaysen maca netta inkar i umur nneɣni,yes
REC135_SEG0044,REC135,SPK009,train,14.512,data/processed/segments/REC135/REC135_SEG0044.wav,reviewed,cwayt xenni nnan inni tuɣa din ibedden i buṭrus s tidett cek zzaysen nican minzi cek ɛaweḍ ḍ ajalili rḥarḍ nnec am wenni nsen ibḍa ineɛɛer ixef nnes ittjjadja,yes
REC135_SEG0045,REC135,SPK009,train,17.68,data/processed/segments/REC135/REC135_SEG0045.wav,reviewed,war ssineɣ bnaḍem a mixef tessawarem rexdenni issquqeɛ uyaziḍ wiss martayen ifekkar cimɛun deg wawar i inna yasuɛ qber i ɣa issquqeɛ uyaziḍ wiss martayen ad ayi tenkared ṭraṭa n twarawin xenni ibḍa ittru attas,yes
REC136_SEG0002,REC136,SPK009,train,17.296,data/processed/segments/REC136/REC136_SEG0002.wav,reviewed,deɣya ɣar ssbeḥ zic mcawaren imeqqranen n ikehhanen ak ḍ imɣaren n rgens ḍ imsermaden n idlisen ḍ marra jmaɛet tameqqrant niṭni carfen yasuɛ iwyen t uca sellmen t i pilaṭus,yes
REC136_SEG0003,REC136,SPK009,train,9.008,data/processed/segments/REC136/REC136_SEG0003.wav,reviewed,isseqsa i t pilaṭus ma cek ḍ ajedjid n wuḍayen yarra dd xas innas cek ṭennid t simant nnec,yes
REC136_SEG0004,REC136,SPK009,train,15.12,data/processed/segments/REC136/REC136_SEG0004.wav,reviewed,tuɣa imeqqranen n ikehhanen ttcetcan zzayes zeg wattas n tmesrayin isseqsa t pilaṭus ɛaweḍ innas ma war dd tettarid s ca xzar attas n yinni xak ittcetcan,yes
REC136_SEG0005,REC136,SPK009,train,4.304,data/processed/segments/REC136/REC136_SEG0005.wav,reviewed,war dd yarri yasuɛ s walu arami itebhet pilaṭus,yes
REC136_SEG0006,REC136,SPK009,train,2.096,data/processed/segments/REC136/REC136_SEG0006.wav,reviewed,yasuɛ ḍ bar abbas,yes
REC136_SEG0010,REC136,SPK009,train,16.528,data/processed/segments/REC136/REC136_SEG0010.wav,reviewed,xenni arnin ḍi tɣuyyit ɛad ktar sellb i t am tuɣa ixes pilaṭus ad issarḍa rɣaci iḍreq i bar abbas maca isellem asen yasuɛ awarni rami t hettken s urekkuḍ ḥima ad t sellben,yes
REC136_SEG0012,REC136,SPK009,train,6.96,data/processed/segments/REC136/REC136_SEG0012.wav,reviewed,gewwden t iɛeskariyyen ɣar daxer n remraḥ n ṭaddarṭ n ccraɛ umi qqaren prituriyum,yes
REC136_SEG0013_PART01,REC136,SPK009,train,14.568,data/processed/segments/REC136/REC136_SEG0013_PART01.wav,reviewed,uca ssmunen marra rkumpaniyyet n rɛeskar ssyarḍenas ijjen werruḍ ḍ azeggʷaɣ mudenas ijjen ttaj s isennanen uca qqnenas t bdan ttsedjamen xas qqarenas azul xak a ajedjid n wuḍayen,yes
REC136_SEG0017,REC136,SPK009,train,15.856,data/processed/segments/REC136/REC136_SEG0017.wav,reviewed,cimɛun zi qayrawan babas n aliksandir ḍ rufus ḥima adas yarbu ssalib iwyen yeccu ɣar wemcan umi qqaren juljuta min ixes ad yini amcan n tceqquft,yes
REC136_SEG0018_PART02,REC136,SPK009,train,13.384,data/processed/segments/REC136/REC136_SEG0018_PART02.wav,reviewed,ijj zzaysen tuɣa tasaɛɛet ḍ ṭraṭa aqa tt ḍ tesɛa n ssbeḥ umi t sellben ssibbet n rmewt nnes aqa tt ḍi tira ya sennej nnes wa ḍ ajedjid n wuḍayen,yes
REC136_SEG0020,REC136,SPK009,train,16.304,data/processed/segments/REC136/REC136_SEG0020.wav,reviewed,inni ssenni dd ittekken tuɣa ttceqqafen ḍayes tthezzan izedjifen nsen nnan a cek wenni i ɣa ihedmen zzawect tameqqrant uca ad tt tebnid ɛaweḍ ḍi ṭraṭa n wussan senjem ixef nnec hwa dd zi ssalib,yes
REC136_SEG0021_PART01,REC136,SPK009,train,10.984,data/processed/segments/REC136/REC136_SEG0021_PART01.wav,reviewed,ammu i t sseḥqaren ɛaweḍ imeqqranen n ikehhanen ak ḍ imsermaden n idlisen nnan tuɣa issenjem inneɣni maca war izemmar ad issenjem ixef nnes,yes
REC136_SEG0022,REC136,SPK009,train,1.456,data/processed/segments/REC136/REC136_SEG0022.wav,reviewed,rmewt n yasuɛ,yes
REC136_SEG0024_PART02,REC136,SPK009,train,13.672,data/processed/segments/REC136/REC136_SEG0024_PART02.wav,reviewed,tta iraɣa i iliya yuzzer dd ɣares ijjen issuff ict n spunxa s rxedj igga i tt x uɣanim iwcas ḥima ad isuw inna raja ejj aneɣ ad nzar ma ad dd yas iliya ḥima ad t i dd issehwa,yes
REC136_SEG0027_PART01,REC136,SPK009,train,13.752,data/processed/segments/REC136/REC136_SEG0027_PART01.wav,reviewed,inna s tidett tuɣa bnaḍem a ḍ mmis n arebbi tuɣa din ɛaweḍ timɣarin xezzarent i dd zi raggʷaj jar asent ɛaweḍ maryam n majdala ḍ maryam yemmas n,yes
REC136_SEG0028,REC136,SPK009,train,1.616,data/processed/segments/REC136/REC136_SEG0028.wav,reviewed,anḍer n yasuɛ,yes
REC136_SEG0029_PART02,REC136,SPK009,train,14.932,data/processed/segments/REC136/REC136_SEG0029_PART02.wav,reviewed,tageldit n arebbi uca netta izɛem ad yadef ɣar pilaṭus maḥend adas ittar rxecbeṭ n yasuɛ itebhet pilaṭus umi immut ammu deɣya iraɣa dd i rqebṭan n mya isseqsa t,yes
REC136_SEG0031_PART01,REC136,SPK009,train,13.663,data/processed/segments/REC136/REC136_SEG0031_PART01.wav,reviewed,umi ifhem man aya zi rqebṭan n mya iwca arrimet i yusuf isɣa yusuf recfen n reqṭen azdad iksi t zi ssalib icfen i t ḍi recfen nni issars i t deg wenḍer,yes
REC136_SEG0031_PART02,REC136,SPK009,train,13.663,data/processed/segments/REC136/REC136_SEG0031_PART02.wav,reviewed,i tuɣa it waxebcen ḍi ssedjaḥ uca isseqnunni ict n tesḍart x tewwart n wenḍer tuɣa maryam n majdala ḍ maryam yemmas n yusi zrint mani t ssarsen,yes
REC137_SEG0001,REC137,SPK009,train,1.104,data/processed/segments/REC137/REC137_SEG0001.wav,reviewed,tanukra,yes
REC137_SEG0002,REC137,SPK009,train,9.264,data/processed/segments/REC137/REC137_SEG0002.wav,reviewed,umi iɛdu ssebt tesɣa maryam n majdala ḍ maryam yemmas n yaɛqub ḍ salumi reɛṭur ḥima ad t dehnent,yes
REC137_SEG0004,REC137,SPK009,train,6.576,data/processed/segments/REC137/REC137_SEG0004.wav,reviewed,rami xzarent zrint aqa tasḍart tettwasseqnunni zeg wenḍer waxxa tuɣa temɣar attas,yes
REC137_SEG0005_PART01,REC137,SPK009,train,13.32,data/processed/segments/REC137/REC137_SEG0005_PART01.wav,reviewed,rami udfent ɣar yifri n wenḍer zrint ijjen ubriɣ iqqim ɣar uɣezdis afusi yarḍ arruḍ ḍ acemrar dazirar uca niṭenti nnxerɛent maca netta inna asent war ttnexriɛent ca,yes
REC137_SEG0005_PART02,REC137,SPK009,train,13.32,data/processed/segments/REC137/REC137_SEG0005_PART02.wav,reviewed,kennint tarezzunt x yasuɛ nnasiri wenni ittwasellben aqa netta ikkar war da idji xzarent aqa amcan mani t ssarsen maca ruḥent inint i imeḥḍaren nnes ura i buṭrus,yes
REC137_SEG0006,REC137,SPK009,train,16.176,data/processed/segments/REC137/REC137_SEG0006.wav,reviewed,aqa ad awem izwar ɣar ljalil dinni ad t tzarem am mammec tuɣa i ḍ awem inna ffɣent deɣya uca arewrent zeg wenḍer minzi tqebs i tent tarjijit ḍ ddehcan uca war t nnint i ḥed minzi tuɣa ggʷedent,yes
REC137_SEG0007,REC137,SPK009,train,3.408,data/processed/segments/REC137/REC137_SEG0007.wav,reviewed,aḍḥar n yasuɛ awarni i tnukra nnes,yes
REC137_SEG0009_PART01,REC137,SPK009,train,10.824,data/processed/segments/REC137/REC137_SEG0009_PART01.wav,reviewed,rami ina srin belli netta aqa iddar uca iban asent war zzaysent uminen awarni aya iban dd s yijjen waddud nneɣni i,yes
REC137_SEG0013_PART02,REC137,SPK009,train,11.656,data/processed/segments/REC137/REC137_SEG0013_PART02.wav,reviewed,ran s ifassen nsen u mara swin min ineqqen war ṭen iḍḍarri ca man aya uca ad ssarsen ifassen nsen x imehrac xenni ad ggenfan,yes
REC137_SEG0014,REC137,SPK009,train,2.64,data/processed/segments/REC137/REC137_SEG0014.wav,reviewed,tameksit n yasuɛ ɣar ujenna,yes
REC137_SEG0015_PART02,REC137,SPK009,train,10.984,data/processed/segments/REC137/REC137_SEG0015_PART02.wav,reviewed,kur amcan u siditneɣ tuɣa ixddem akidsen uca issars rxeṭ nnes x wawaren nsen s reɛramat i yeggin amin,yes
REC137_SEG0016,REC137,SPK009,train,5.264,data/processed/segments/REC137/REC137_SEG0016.wav,reviewed,aneggar n l rexbar asebḥan iqedssen am mammec t ibarreḥ markus,yes
