segment_id,recording_id,speaker_group_id,dataset_split,segmentation_version,start_seconds,end_seconds,duration_seconds,audio_path,review_status,transcription
REC010_SEG0001,REC010,SPK001,train,vad_v1,0.12,1.232,1.112,data/processed/segments/REC010/REC010_SEG0001.wav,included,
REC010_SEG0002,REC010,SPK001,train,vad_v1,1.232,16.048,14.816,data/processed/segments/REC010/REC010_SEG0002.wav,included,
REC010_SEG0003,REC010,SPK001,train,vad_v1,16.048,21.696,5.648,data/processed/segments/REC010/REC010_SEG0003.wav,included,
REC010_SEG0004,REC010,SPK001,train,vad_v1,21.696,36.192,14.496,data/processed/segments/REC010/REC010_SEG0004.wav,included,
REC010_SEG0005,REC010,SPK001,train,vad_v1,36.192,48.448,12.256,data/processed/segments/REC010/REC010_SEG0005.wav,included,
REC010_SEG0006,REC010,SPK001,train,vad_v1,48.448,55.176,6.728,data/processed/segments/REC010/REC010_SEG0006.wav,included,
REC010_SEG0007,REC010,SPK001,train,vad_v1,55.512,64.648,9.136,data/processed/segments/REC010/REC010_SEG0007.wav,included,
REC010_SEG0008,REC010,SPK001,train,vad_v1,64.664,73.968,9.304,data/processed/segments/REC010/REC010_SEG0008.wav,included,
REC010_SEG0009,REC010,SPK001,train,vad_v1,73.968,83.72,9.752,data/processed/segments/REC010/REC010_SEG0009.wav,included,
REC010_SEG0010,REC010,SPK001,train,vad_v1,84.152,88.904,4.752,data/processed/segments/REC010/REC010_SEG0010.wav,included,
REC010_SEG0011,REC010,SPK001,train,vad_v1,90.104,96.456,6.352,data/processed/segments/REC010/REC010_SEG0011.wav,included,
REC010_SEG0012,REC010,SPK001,train,vad_v1,96.696,105.864,9.168,data/processed/segments/REC010/REC010_SEG0012.wav,included,
REC010_SEG0013,REC010,SPK001,train,vad_v1,105.976,114.984,9.008,data/processed/segments/REC010/REC010_SEG0013.wav,included,
REC010_SEG0014,REC010,SPK001,train,vad_v1,116.024,120.68,4.656,data/processed/segments/REC010/REC010_SEG0014.wav,included,
REC010_SEG0015,REC010,SPK001,train,vad_v1,121.112,133.0,11.888,data/processed/segments/REC010/REC010_SEG0015.wav,included,
REC010_SEG0016,REC010,SPK001,train,vad_v1,134.136,139.08,4.944,data/processed/segments/REC010/REC010_SEG0016.wav,included,
REC010_SEG0017,REC010,SPK001,train,vad_v1,139.608,153.936,14.328,data/processed/segments/REC010/REC010_SEG0017.wav,included,
REC010_SEG0018,REC010,SPK001,train,vad_v1,153.936,164.864,10.928,data/processed/segments/REC010/REC010_SEG0018.wav,included,
REC010_SEG0019,REC010,SPK001,train,vad_v1,164.864,173.0,8.136,data/processed/segments/REC010/REC010_SEG0019.wav,included,
REC010_SEG0020,REC010,SPK001,train,vad_v1,173.176,181.64,8.464,data/processed/segments/REC010/REC010_SEG0020.wav,included,
REC010_SEG0021,REC010,SPK001,train,vad_v1,181.656,189.896,8.24,data/processed/segments/REC010/REC010_SEG0021.wav,included,
REC010_SEG0022,REC010,SPK001,train,vad_v1,190.328,204.864,14.536,data/processed/segments/REC010/REC010_SEG0022.wav,included,
REC010_SEG0023,REC010,SPK001,train,vad_v1,204.864,213.32,8.456,data/processed/segments/REC010/REC010_SEG0023.wav,included,
REC010_SEG0024,REC010,SPK001,train,vad_v1,213.976,223.624,9.648,data/processed/segments/REC010/REC010_SEG0024.wav,included,
REC010_SEG0025,REC010,SPK001,train,vad_v1,223.896,229.8,5.904,data/processed/segments/REC010/REC010_SEG0025.wav,included,
REC010_SEG0026,REC010,SPK001,train,vad_v1,231.096,241.608,10.512,data/processed/segments/REC010/REC010_SEG0026.wav,included,
REC010_SEG0027,REC010,SPK001,train,vad_v1,242.648,248.008,5.36,data/processed/segments/REC010/REC010_SEG0027.wav,included,
REC010_SEG0028,REC010,SPK001,train,vad_v1,248.76,259.752,10.992,data/processed/segments/REC010/REC010_SEG0028.wav,included,
REC010_SEG0029,REC010,SPK001,train,vad_v1,260.248,263.752,3.504,data/processed/segments/REC010/REC010_SEG0029.wav,included,
REC010_SEG0030,REC010,SPK001,train,vad_v1,264.12,278.088,13.968,data/processed/segments/REC010/REC010_SEG0030.wav,included,
REC010_SEG0031,REC010,SPK001,train,vad_v1,278.552,279.496,0.944,data/processed/segments/REC010/REC010_SEG0031.wav,included,
REC010_SEG0032,REC010,SPK001,train,vad_v1,280.728,285.256,4.528,data/processed/segments/REC010/REC010_SEG0032.wav,included,
REC010_SEG0033,REC010,SPK001,train,vad_v1,285.976,300.424,14.448,data/processed/segments/REC010/REC010_SEG0033.wav,included,
REC010_SEG0034,REC010,SPK001,train,vad_v1,300.568,312.712,12.144,data/processed/segments/REC010/REC010_SEG0034.wav,included,
REC010_SEG0035,REC010,SPK001,train,vad_v1,313.304,326.888,13.584,data/processed/segments/REC010/REC010_SEG0035.wav,included,
REC010_SEG0036,REC010,SPK001,train,vad_v1,327.928,331.24,3.312,data/processed/segments/REC010/REC010_SEG0036.wav,included,
REC010_SEG0037,REC010,SPK001,train,vad_v1,331.8,345.64,13.84,data/processed/segments/REC010/REC010_SEG0037.wav,included,
REC010_SEG0038,REC010,SPK001,train,vad_v1,345.752,348.392,2.64,data/processed/segments/REC010/REC010_SEG0038.wav,included,
REC010_SEG0039,REC010,SPK001,train,vad_v1,348.728,362.32,13.592,data/processed/segments/REC010/REC010_SEG0039.wav,included,
REC010_SEG0040,REC010,SPK001,train,vad_v1,362.32,365.0,2.68,data/processed/segments/REC010/REC010_SEG0040.wav,included,
REC010_SEG0041,REC010,SPK001,train,vad_v1,366.2,372.936,6.736,data/processed/segments/REC010/REC010_SEG0041.wav,included,
REC010_SEG0042,REC010,SPK001,train,vad_v1,373.4,381.704,8.304,data/processed/segments/REC010/REC010_SEG0042.wav,included,
REC010_SEG0043,REC010,SPK001,train,vad_v1,381.752,389.832,8.08,data/processed/segments/REC010/REC010_SEG0043.wav,included,
REC010_SEG0044,REC010,SPK001,train,vad_v1,390.712,397.256,6.544,data/processed/segments/REC010/REC010_SEG0044.wav,included,
REC010_SEG0045,REC010,SPK001,train,vad_v1,397.784,406.056,8.272,data/processed/segments/REC010/REC010_SEG0045.wav,included,
REC010_SEG0046,REC010,SPK001,train,vad_v1,406.84,414.568,7.728,data/processed/segments/REC010/REC010_SEG0046.wav,included,
REC010_SEG0047,REC010,SPK001,train,vad_v1,415.224,426.248,11.024,data/processed/segments/REC010/REC010_SEG0047.wav,included,
REC010_SEG0048,REC010,SPK001,train,vad_v1,427.224,428.232,1.008,data/processed/segments/REC010/REC010_SEG0048.wav,included,
REC010_SEG0049,REC010,SPK001,train,vad_v1,431.864,433.576,1.712,data/processed/segments/REC010/REC010_SEG0049.wav,included,
REC010_SEG0050,REC010,SPK001,train,vad_v1,434.616,436.832,2.216,data/processed/segments/REC010/REC010_SEG0050.wav,included,
REC010_SEG0051,REC010,SPK001,train,vad_v1,436.832,449.856,13.024,data/processed/segments/REC010/REC010_SEG0051.wav,included,
REC010_SEG0052,REC010,SPK001,train,vad_v1,449.856,457.832,7.976,data/processed/segments/REC010/REC010_SEG0052.wav,included,
REC010_SEG0053,REC010,SPK001,train,vad_v1,457.944,466.92,8.976,data/processed/segments/REC010/REC010_SEG0053.wav,included,
REC010_SEG0054,REC010,SPK001,train,vad_v1,467.448,473.832,6.384,data/processed/segments/REC010/REC010_SEG0054.wav,included,
REC010_SEG0055,REC010,SPK001,train,vad_v1,475.096,477.64,2.544,data/processed/segments/REC010/REC010_SEG0055.wav,included,
REC010_SEG0056,REC010,SPK001,train,vad_v1,478.776,488.744,9.968,data/processed/segments/REC010/REC010_SEG0056.wav,included,
REC010_SEG0057,REC010,SPK001,train,vad_v1,489.784,496.904,7.12,data/processed/segments/REC010/REC010_SEG0057.wav,included,
REC010_SEG0058,REC010,SPK001,train,vad_v1,497.496,508.008,10.512,data/processed/segments/REC010/REC010_SEG0058.wav,included,
REC010_SEG0059,REC010,SPK001,train,vad_v1,508.536,514.72,6.184,data/processed/segments/REC010/REC010_SEG0059.wav,included,
REC010_SEG0060,REC010,SPK001,train,vad_v1,514.72,525.192,10.472,data/processed/segments/REC010/REC010_SEG0060.wav,included,
REC010_SEG0061,REC010,SPK001,train,vad_v1,525.624,537.504,11.88,data/processed/segments/REC010/REC010_SEG0061.wav,included,
REC010_SEG0062,REC010,SPK001,train,vad_v1,537.504,546.44,8.936,data/processed/segments/REC010/REC010_SEG0062.wav,included,
REC010_SEG0063,REC010,SPK001,train,vad_v1,547.128,548.2,1.072,data/processed/segments/REC010/REC010_SEG0063.wav,included,
REC010_SEG0064,REC010,SPK001,train,vad_v1,548.632,563.44,14.808,data/processed/segments/REC010/REC010_SEG0064.wav,included,
REC010_SEG0065,REC010,SPK001,train,vad_v1,563.44,567.08,3.64,data/processed/segments/REC010/REC010_SEG0065.wav,included,
REC010_SEG0066,REC010,SPK001,train,vad_v1,567.48,580.896,13.416,data/processed/segments/REC010/REC010_SEG0066.wav,included,
REC010_SEG0067,REC010,SPK001,train,vad_v1,580.896,591.568,10.672,data/processed/segments/REC010/REC010_SEG0067.wav,included,
REC010_SEG0068,REC010,SPK001,train,vad_v1,591.568,603.712,12.144,data/processed/segments/REC010/REC010_SEG0068.wav,included,
REC010_SEG0069,REC010,SPK001,train,vad_v1,603.712,615.4,11.688,data/processed/segments/REC010/REC010_SEG0069.wav,included,
REC010_SEG0070,REC010,SPK001,train,vad_v1,615.8,620.104,4.304,data/processed/segments/REC010/REC010_SEG0070.wav,included,
REC010_SEG0071,REC010,SPK001,train,vad_v1,620.376,630.816,10.44,data/processed/segments/REC010/REC010_SEG0071.wav,included,
REC010_SEG0072,REC010,SPK001,train,vad_v1,630.816,635.248,4.432,data/processed/segments/REC010/REC010_SEG0072.wav,included,
REC010_SEG0073,REC010,SPK001,train,vad_v1,635.248,649.936,14.688,data/processed/segments/REC010/REC010_SEG0073.wav,included,
REC010_SEG0074,REC010,SPK001,train,vad_v1,649.936,662.376,12.44,data/processed/segments/REC010/REC010_SEG0074.wav,included,
REC010_SEG0075,REC010,SPK001,train,vad_v1,662.616,665.664,3.048,data/processed/segments/REC010/REC010_SEG0075.wav,included,
REC010_SEG0076,REC010,SPK001,train,vad_v1,665.664,679.552,13.888,data/processed/segments/REC010/REC010_SEG0076.wav,included,
REC010_SEG0077,REC010,SPK001,train,vad_v1,679.552,681.576,2.024,data/processed/segments/REC010/REC010_SEG0077.wav,included,
REC010_SEG0078,REC010,SPK001,train,vad_v1,682.168,695.304,13.136,data/processed/segments/REC010/REC010_SEG0078.wav,included,
REC010_SEG0079,REC010,SPK001,train,vad_v1,695.928,700.279,4.351,data/processed/segments/REC010/REC010_SEG0079.wav,included,
REC011_SEG0001,REC011,SPK001,train,vad_v1,0.312,11.272,10.96,data/processed/segments/REC011/REC011_SEG0001.wav,included,
REC011_SEG0002,REC011,SPK001,train,vad_v1,11.48,22.344,10.864,data/processed/segments/REC011/REC011_SEG0002.wav,included,
REC011_SEG0003,REC011,SPK001,train,vad_v1,22.584,33.104,10.52,data/processed/segments/REC011/REC011_SEG0003.wav,included,
REC011_SEG0004,REC011,SPK001,train,vad_v1,33.104,40.168,7.064,data/processed/segments/REC011/REC011_SEG0004.wav,included,
REC011_SEG0005,REC011,SPK001,train,vad_v1,40.664,54.184,13.52,data/processed/segments/REC011/REC011_SEG0005.wav,included,
REC011_SEG0006,REC011,SPK001,train,vad_v1,54.2,60.712,6.512,data/processed/segments/REC011/REC011_SEG0006.wav,included,
REC011_SEG0007,REC011,SPK001,train,vad_v1,62.008,70.088,8.08,data/processed/segments/REC011/REC011_SEG0007.wav,included,
REC011_SEG0008,REC011,SPK001,train,vad_v1,70.328,79.328,9.0,data/processed/segments/REC011/REC011_SEG0008.wav,included,
REC011_SEG0009,REC011,SPK001,train,vad_v1,79.328,89.16,9.832,data/processed/segments/REC011/REC011_SEG0009.wav,included,
REC011_SEG0010,REC011,SPK001,train,vad_v1,89.336,101.832,12.496,data/processed/segments/REC011/REC011_SEG0010.wav,included,
REC011_SEG0011,REC011,SPK001,train,vad_v1,102.264,113.96,11.696,data/processed/segments/REC011/REC011_SEG0011.wav,included,
REC011_SEG0012,REC011,SPK001,train,vad_v1,114.328,123.424,9.096,data/processed/segments/REC011/REC011_SEG0012.wav,included,
REC011_SEG0013,REC011,SPK001,train,vad_v1,123.424,136.84,13.416,data/processed/segments/REC011/REC011_SEG0013.wav,included,
REC011_SEG0014,REC011,SPK001,train,vad_v1,136.888,141.192,4.304,data/processed/segments/REC011/REC011_SEG0014.wav,included,
REC011_SEG0015,REC011,SPK001,train,vad_v1,142.104,146.824,4.72,data/processed/segments/REC011/REC011_SEG0015.wav,included,
REC011_SEG0016,REC011,SPK001,train,vad_v1,148.472,149.704,1.232,data/processed/segments/REC011/REC011_SEG0016.wav,included,
REC011_SEG0017,REC011,SPK001,train,vad_v1,151.608,163.184,11.576,data/processed/segments/REC011/REC011_SEG0017.wav,included,
REC011_SEG0018,REC011,SPK001,train,vad_v1,163.184,167.624,4.44,data/processed/segments/REC011/REC011_SEG0018.wav,included,
REC011_SEG0019,REC011,SPK001,train,vad_v1,168.248,183.056,14.808,data/processed/segments/REC011/REC011_SEG0019.wav,included,
REC011_SEG0020,REC011,SPK001,train,vad_v1,183.056,187.944,4.888,data/processed/segments/REC011/REC011_SEG0020.wav,included,
REC011_SEG0021,REC011,SPK001,train,vad_v1,188.44,197.856,9.416,data/processed/segments/REC011/REC011_SEG0021.wav,included,
REC011_SEG0022,REC011,SPK001,train,vad_v1,197.856,204.712,6.856,data/processed/segments/REC011/REC011_SEG0022.wav,included,
REC011_SEG0023,REC011,SPK001,train,vad_v1,205.08,218.664,13.584,data/processed/segments/REC011/REC011_SEG0023.wav,included,
REC011_SEG0024,REC011,SPK001,train,vad_v1,219.512,222.792,3.28,data/processed/segments/REC011/REC011_SEG0024.wav,included,
REC011_SEG0025,REC011,SPK001,train,vad_v1,223.096,235.136,12.04,data/processed/segments/REC011/REC011_SEG0025.wav,included,
REC011_SEG0026,REC011,SPK001,train,vad_v1,235.136,244.776,9.64,data/processed/segments/REC011/REC011_SEG0026.wav,included,
REC011_SEG0027,REC011,SPK001,train,vad_v1,245.912,256.648,10.736,data/processed/segments/REC011/REC011_SEG0027.wav,included,
REC011_SEG0028,REC011,SPK001,train,vad_v1,256.76,262.696,5.936,data/processed/segments/REC011/REC011_SEG0028.wav,included,
REC011_SEG0029,REC011,SPK001,train,vad_v1,263.48,274.216,10.736,data/processed/segments/REC011/REC011_SEG0029.wav,included,
REC011_SEG0030,REC011,SPK001,train,vad_v1,274.904,281.896,6.992,data/processed/segments/REC011/REC011_SEG0030.wav,included,
REC011_SEG0031,REC011,SPK001,train,vad_v1,282.488,293.32,10.832,data/processed/segments/REC011/REC011_SEG0031.wav,included,
REC011_SEG0032,REC011,SPK001,train,vad_v1,293.528,303.784,10.256,data/processed/segments/REC011/REC011_SEG0032.wav,included,
REC011_SEG0033,REC011,SPK001,train,vad_v1,304.248,312.2,7.952,data/processed/segments/REC011/REC011_SEG0033.wav,included,
REC011_SEG0034,REC011,SPK001,train,vad_v1,312.6,326.024,13.424,data/processed/segments/REC011/REC011_SEG0034.wav,included,
REC011_SEG0035,REC011,SPK001,train,vad_v1,326.072,329.352,3.28,data/processed/segments/REC011/REC011_SEG0035.wav,included,
REC011_SEG0036,REC011,SPK001,train,vad_v1,329.72,343.68,13.96,data/processed/segments/REC011/REC011_SEG0036.wav,included,
REC011_SEG0037,REC011,SPK001,train,vad_v1,343.68,351.976,8.296,data/processed/segments/REC011/REC011_SEG0037.wav,included,
REC011_SEG0038,REC011,SPK001,train,vad_v1,352.376,361.064,8.688,data/processed/segments/REC011/REC011_SEG0038.wav,included,
REC011_SEG0039,REC011,SPK001,train,vad_v1,361.4,367.432,6.032,data/processed/segments/REC011/REC011_SEG0039.wav,included,
REC011_SEG0040,REC011,SPK001,train,vad_v1,368.696,376.296,7.6,data/processed/segments/REC011/REC011_SEG0040.wav,included,
REC011_SEG0041,REC011,SPK001,train,vad_v1,376.536,386.432,9.896,data/processed/segments/REC011/REC011_SEG0041.wav,included,
REC011_SEG0042,REC011,SPK001,train,vad_v1,386.432,394.408,7.976,data/processed/segments/REC011/REC011_SEG0042.wav,included,
REC011_SEG0043,REC011,SPK001,train,vad_v1,394.968,405.512,10.544,data/processed/segments/REC011/REC011_SEG0043.wav,included,
REC011_SEG0044,REC011,SPK001,train,vad_v1,405.592,410.344,4.752,data/processed/segments/REC011/REC011_SEG0044.wav,included,
REC011_SEG0045,REC011,SPK001,train,vad_v1,414.744,425.096,10.352,data/processed/segments/REC011/REC011_SEG0045.wav,included,
REC011_SEG0046,REC011,SPK001,train,vad_v1,425.88,428.456,2.576,data/processed/segments/REC011/REC011_SEG0046.wav,included,
REC011_SEG0047,REC011,SPK001,train,vad_v1,428.504,441.504,13.0,data/processed/segments/REC011/REC011_SEG0047.wav,included,
REC011_SEG0048,REC011,SPK001,train,vad_v1,441.504,452.296,10.792,data/processed/segments/REC011/REC011_SEG0048.wav,included,
REC011_SEG0049,REC011,SPK001,train,vad_v1,453.144,457.736,4.592,data/processed/segments/REC011/REC011_SEG0049.wav,included,
REC011_SEG0050,REC011,SPK001,train,vad_v1,458.68,464.872,6.192,data/processed/segments/REC011/REC011_SEG0050.wav,included,
REC011_SEG0051,REC011,SPK001,train,vad_v1,465.592,469.128,3.536,data/processed/segments/REC011/REC011_SEG0051.wav,included,
REC011_SEG0052,REC011,SPK001,train,vad_v1,469.592,483.92,14.328,data/processed/segments/REC011/REC011_SEG0052.wav,included,
REC011_SEG0053,REC011,SPK001,train,vad_v1,483.92,495.048,11.128,data/processed/segments/REC011/REC011_SEG0053.wav,included,
REC011_SEG0054,REC011,SPK001,train,vad_v1,495.64,501.896,6.256,data/processed/segments/REC011/REC011_SEG0054.wav,included,
REC011_SEG0055,REC011,SPK001,train,vad_v1,502.744,504.52,1.776,data/processed/segments/REC011/REC011_SEG0055.wav,included,
REC011_SEG0056,REC011,SPK001,train,vad_v1,505.048,518.248,13.2,data/processed/segments/REC011/REC011_SEG0056.wav,included,
REC011_SEG0057,REC011,SPK001,train,vad_v1,519.192,521.64,2.448,data/processed/segments/REC011/REC011_SEG0057.wav,included,
REC011_SEG0058,REC011,SPK001,train,vad_v1,522.2,536.288,14.088,data/processed/segments/REC011/REC011_SEG0058.wav,included,
REC011_SEG0059,REC011,SPK001,train,vad_v1,536.288,548.52,12.232,data/processed/segments/REC011/REC011_SEG0059.wav,included,
REC011_SEG0060,REC011,SPK001,train,vad_v1,548.984,559.4,10.416,data/processed/segments/REC011/REC011_SEG0060.wav,included,
REC011_SEG0061,REC011,SPK001,train,vad_v1,560.152,574.088,13.936,data/processed/segments/REC011/REC011_SEG0061.wav,included,
REC011_SEG0062,REC011,SPK001,train,vad_v1,574.776,584.648,9.872,data/processed/segments/REC011/REC011_SEG0062.wav,included,
REC011_SEG0063,REC011,SPK001,train,vad_v1,585.432,590.28,4.848,data/processed/segments/REC011/REC011_SEG0063.wav,included,
REC011_SEG0064,REC011,SPK001,train,vad_v1,590.904,600.424,9.52,data/processed/segments/REC011/REC011_SEG0064.wav,included,
REC011_SEG0065,REC011,SPK001,train,vad_v1,601.272,603.368,2.096,data/processed/segments/REC011/REC011_SEG0065.wav,included,
REC011_SEG0066,REC011,SPK001,train,vad_v1,604.088,605.704,1.616,data/processed/segments/REC011/REC011_SEG0066.wav,included,
REC011_SEG0067,REC011,SPK001,train,vad_v1,606.168,620.672,14.504,data/processed/segments/REC011/REC011_SEG0067.wav,included,
REC011_SEG0068,REC011,SPK001,train,vad_v1,620.672,625.192,4.52,data/processed/segments/REC011/REC011_SEG0068.wav,included,
REC011_SEG0069,REC011,SPK001,train,vad_v1,625.88,636.36,10.48,data/processed/segments/REC011/REC011_SEG0069.wav,included,
REC011_SEG0070,REC011,SPK001,train,vad_v1,636.408,650.12,13.712,data/processed/segments/REC011/REC011_SEG0070.wav,included,
REC011_SEG0071,REC011,SPK001,train,vad_v1,650.392,656.04,5.648,data/processed/segments/REC011/REC011_SEG0071.wav,included,
REC011_SEG0072,REC011,SPK001,train,vad_v1,656.664,668.808,12.144,data/processed/segments/REC011/REC011_SEG0072.wav,included,
REC011_SEG0073,REC011,SPK001,train,vad_v1,669.144,679.176,10.032,data/processed/segments/REC011/REC011_SEG0073.wav,included,
REC011_SEG0074,REC011,SPK001,train,vad_v1,679.384,687.72,8.336,data/processed/segments/REC011/REC011_SEG0074.wav,included,
REC011_SEG0075,REC011,SPK001,train,vad_v1,688.184,695.944,7.76,data/processed/segments/REC011/REC011_SEG0075.wav,included,
REC011_SEG0076,REC011,SPK001,train,vad_v1,696.92,700.744,3.824,data/processed/segments/REC011/REC011_SEG0076.wav,included,
REC011_SEG0077,REC011,SPK001,train,vad_v1,701.496,705.608,4.112,data/processed/segments/REC011/REC011_SEG0077.wav,included,
REC011_SEG0078,REC011,SPK001,train,vad_v1,706.456,711.848,5.392,data/processed/segments/REC011/REC011_SEG0078.wav,included,
REC011_SEG0079,REC011,SPK001,train,vad_v1,712.92,716.104,3.184,data/processed/segments/REC011/REC011_SEG0079.wav,included,
REC011_SEG0080,REC011,SPK001,train,vad_v1,717.048,724.392,7.344,data/processed/segments/REC011/REC011_SEG0080.wav,included,
REC011_SEG0081,REC011,SPK001,train,vad_v1,726.232,728.36,2.128,data/processed/segments/REC011/REC011_SEG0081.wav,included,
REC011_SEG0082,REC011,SPK001,train,vad_v1,728.888,743.792,14.904,data/processed/segments/REC011/REC011_SEG0082.wav,included,
REC011_SEG0083,REC011,SPK001,train,vad_v1,743.792,744.648,0.856,data/processed/segments/REC011/REC011_SEG0083.wav,included,
REC011_SEG0084,REC011,SPK001,train,vad_v1,745.784,758.376,12.592,data/processed/segments/REC011/REC011_SEG0084.wav,included,
REC011_SEG0085,REC011,SPK001,train,vad_v1,758.776,760.776,2.0,data/processed/segments/REC011/REC011_SEG0085.wav,included,
REC011_SEG0086,REC011,SPK001,train,vad_v1,761.24,774.184,12.944,data/processed/segments/REC011/REC011_SEG0086.wav,included,
REC011_SEG0087,REC011,SPK001,train,vad_v1,775.544,783.304,7.76,data/processed/segments/REC011/REC011_SEG0087.wav,included,
REC011_SEG0088,REC011,SPK001,train,vad_v1,784.6,793.896,9.296,data/processed/segments/REC011/REC011_SEG0088.wav,included,
REC011_SEG0089,REC011,SPK001,train,vad_v1,794.904,798.888,3.984,data/processed/segments/REC011/REC011_SEG0089.wav,included,
REC011_SEG0090,REC011,SPK001,train,vad_v1,800.408,803.368,2.96,data/processed/segments/REC011/REC011_SEG0090.wav,included,
REC011_SEG0091,REC011,SPK001,train,vad_v1,803.448,816.04,12.592,data/processed/segments/REC011/REC011_SEG0091.wav,included,
REC011_SEG0092,REC011,SPK001,train,vad_v1,816.952,830.088,13.136,data/processed/segments/REC011/REC011_SEG0092.wav,included,
REC011_SEG0093,REC011,SPK001,train,vad_v1,830.648,837.352,6.704,data/processed/segments/REC011/REC011_SEG0093.wav,included,
REC011_SEG0094,REC011,SPK001,train,vad_v1,838.296,845.608,7.312,data/processed/segments/REC011/REC011_SEG0094.wav,included,
REC011_SEG0095,REC011,SPK001,train,vad_v1,846.936,859.944,13.008,data/processed/segments/REC011/REC011_SEG0095.wav,included,
REC011_SEG0096,REC011,SPK001,train,vad_v1,860.088,867.944,7.856,data/processed/segments/REC011/REC011_SEG0096.wav,included,
REC011_SEG0097,REC011,SPK001,train,vad_v1,868.856,879.88,11.024,data/processed/segments/REC011/REC011_SEG0097.wav,included,
REC011_SEG0098,REC011,SPK001,train,vad_v1,880.952,882.792,1.84,data/processed/segments/REC011/REC011_SEG0098.wav,included,
REC011_SEG0099,REC011,SPK001,train,vad_v1,885.112,894.472,9.36,data/processed/segments/REC011/REC011_SEG0099.wav,included,
REC011_SEG0100,REC011,SPK001,train,vad_v1,895.128,900.904,5.776,data/processed/segments/REC011/REC011_SEG0100.wav,included,
REC011_SEG0101,REC011,SPK001,train,vad_v1,901.528,911.112,9.584,data/processed/segments/REC011/REC011_SEG0101.wav,included,
REC011_SEG0102,REC011,SPK001,train,vad_v1,911.544,917.864,6.32,data/processed/segments/REC011/REC011_SEG0102.wav,included,
REC011_SEG0103,REC011,SPK001,train,vad_v1,918.744,929.64,10.896,data/processed/segments/REC011/REC011_SEG0103.wav,included,
REC011_SEG0104,REC011,SPK001,train,vad_v1,931.0,938.792,7.792,data/processed/segments/REC011/REC011_SEG0104.wav,included,
REC011_SEG0105,REC011,SPK001,train,vad_v1,941.016,942.536,1.52,data/processed/segments/REC011/REC011_SEG0105.wav,included,
REC011_SEG0106,REC011,SPK001,train,vad_v1,942.808,957.616,14.808,data/processed/segments/REC011/REC011_SEG0106.wav,included,
REC011_SEG0107,REC011,SPK001,train,vad_v1,957.616,966.504,8.888,data/processed/segments/REC011/REC011_SEG0107.wav,included,
REC011_SEG0108,REC011,SPK001,train,vad_v1,969.688,971.784,2.096,data/processed/segments/REC011/REC011_SEG0108.wav,included,
REC011_SEG0109,REC011,SPK001,train,vad_v1,971.896,984.544,12.648,data/processed/segments/REC011/REC011_SEG0109.wav,included,
REC011_SEG0110,REC011,SPK001,train,vad_v1,984.544,996.136,11.592,data/processed/segments/REC011/REC011_SEG0110.wav,included,
REC011_SEG0111,REC011,SPK001,train,vad_v1,996.952,999.688,2.736,data/processed/segments/REC011/REC011_SEG0111.wav,included,
REC011_SEG0112,REC011,SPK001,train,vad_v1,1001.4,1004.52,3.12,data/processed/segments/REC011/REC011_SEG0112.wav,included,
REC011_SEG0113,REC011,SPK001,train,vad_v1,1006.104,1007.528,1.424,data/processed/segments/REC011/REC011_SEG0113.wav,rejected,
REC011_SEG0114,REC011,SPK001,train,vad_v1,1008.056,1021.504,13.448,data/processed/segments/REC011/REC011_SEG0114.wav,included,
REC012_SEG0001,REC012,SPK001,train,vad_v1,0.344,1.64,1.296,data/processed/segments/REC012/REC012_SEG0001.wav,rejected,
REC012_SEG0002,REC012,SPK001,train,vad_v1,2.104,16.104,14.0,data/processed/segments/REC012/REC012_SEG0002.wav,included,
REC012_SEG0003,REC012,SPK001,train,vad_v1,16.312,23.208,6.896,data/processed/segments/REC012/REC012_SEG0003.wav,included,
REC012_SEG0004,REC012,SPK001,train,vad_v1,23.736,35.624,11.888,data/processed/segments/REC012/REC012_SEG0004.wav,included,
REC012_SEG0005,REC012,SPK001,train,vad_v1,35.832,42.672,6.84,data/processed/segments/REC012/REC012_SEG0005.wav,included,
REC012_SEG0006,REC012,SPK001,train,vad_v1,42.672,56.456,13.784,data/processed/segments/REC012/REC012_SEG0006.wav,included,
REC012_SEG0007,REC012,SPK001,train,vad_v1,59.736,64.328,4.592,data/processed/segments/REC012/REC012_SEG0007.wav,included,
REC012_SEG0008,REC012,SPK001,train,vad_v1,65.464,77.928,12.464,data/processed/segments/REC012/REC012_SEG0008.wav,included,
REC012_SEG0009,REC012,SPK001,train,vad_v1,78.392,84.648,6.256,data/processed/segments/REC012/REC012_SEG0009.wav,included,
REC012_SEG0010,REC012,SPK001,train,vad_v1,87.096,92.296,5.2,data/processed/segments/REC012/REC012_SEG0010.wav,included,
REC012_SEG0011,REC012,SPK001,train,vad_v1,93.08,95.336,2.256,data/processed/segments/REC012/REC012_SEG0011.wav,included,
REC012_SEG0012,REC012,SPK001,train,vad_v1,96.184,110.28,14.096,data/processed/segments/REC012/REC012_SEG0012.wav,included,
REC012_SEG0013,REC012,SPK001,train,vad_v1,110.296,111.368,1.072,data/processed/segments/REC012/REC012_SEG0013.wav,included,
REC012_SEG0014,REC012,SPK001,train,vad_v1,112.024,122.216,10.192,data/processed/segments/REC012/REC012_SEG0014.wav,included,
REC012_SEG0015,REC012,SPK001,train,vad_v1,122.712,129.768,7.056,data/processed/segments/REC012/REC012_SEG0015.wav,included,
REC012_SEG0016,REC012,SPK001,train,vad_v1,132.44,142.568,10.128,data/processed/segments/REC012/REC012_SEG0016.wav,included,
REC012_SEG0017,REC012,SPK001,train,vad_v1,145.88,156.872,10.992,data/processed/segments/REC012/REC012_SEG0017.wav,included,
REC012_SEG0018,REC012,SPK001,train,vad_v1,157.88,165.032,7.152,data/processed/segments/REC012/REC012_SEG0018.wav,included,
REC012_SEG0019,REC012,SPK001,train,vad_v1,165.912,171.112,5.2,data/processed/segments/REC012/REC012_SEG0019.wav,included,
REC012_SEG0020,REC012,SPK001,train,vad_v1,172.376,176.328,3.952,data/processed/segments/REC012/REC012_SEG0020.wav,included,
REC012_SEG0021,REC012,SPK001,train,vad_v1,177.688,184.352,6.664,data/processed/segments/REC012/REC012_SEG0021.wav,included,
REC012_SEG0022,REC012,SPK001,train,vad_v1,184.352,198.656,14.304,data/processed/segments/REC012/REC012_SEG0022.wav,included,
REC012_SEG0023,REC012,SPK001,train,vad_v1,198.656,201.864,3.208,data/processed/segments/REC012/REC012_SEG0023.wav,included,
REC012_SEG0024,REC012,SPK001,train,vad_v1,202.232,215.488,13.256,data/processed/segments/REC012/REC012_SEG0024.wav,included,
REC012_SEG0025,REC012,SPK001,train,vad_v1,215.488,221.224,5.736,data/processed/segments/REC012/REC012_SEG0025.wav,included,
REC012_SEG0026,REC012,SPK001,train,vad_v1,221.88,231.752,9.872,data/processed/segments/REC012/REC012_SEG0026.wav,included,
REC012_SEG0027,REC012,SPK001,train,vad_v1,232.376,243.272,10.896,data/processed/segments/REC012/REC012_SEG0027.wav,included,
REC012_SEG0028,REC012,SPK001,train,vad_v1,245.272,246.504,1.232,data/processed/segments/REC012/REC012_SEG0028.wav,included,
REC012_SEG0029,REC012,SPK001,train,vad_v1,247.32,256.648,9.328,data/processed/segments/REC012/REC012_SEG0029.wav,included,
REC012_SEG0030,REC012,SPK001,train,vad_v1,257.208,272.016,14.808,data/processed/segments/REC012/REC012_SEG0030.wav,included,
REC012_SEG0031,REC012,SPK001,train,vad_v1,272.016,279.848,7.832,data/processed/segments/REC012/REC012_SEG0031.wav,included,
REC012_SEG0032,REC012,SPK001,train,vad_v1,280.28,291.848,11.568,data/processed/segments/REC012/REC012_SEG0032.wav,included,
REC012_SEG0033,REC012,SPK001,train,vad_v1,292.088,302.28,10.192,data/processed/segments/REC012/REC012_SEG0033.wav,included,
REC012_SEG0034,REC012,SPK001,train,vad_v1,302.712,307.112,4.4,data/processed/segments/REC012/REC012_SEG0034.wav,included,
REC012_SEG0035,REC012,SPK001,train,vad_v1,308.952,318.824,9.872,data/processed/segments/REC012/REC012_SEG0035.wav,included,
REC012_SEG0036,REC012,SPK001,train,vad_v1,319.416,328.104,8.688,data/processed/segments/REC012/REC012_SEG0036.wav,included,
REC012_SEG0037,REC012,SPK001,train,vad_v1,328.632,339.752,11.12,data/processed/segments/REC012/REC012_SEG0037.wav,included,
REC012_SEG0038,REC012,SPK001,train,vad_v1,341.912,344.584,2.672,data/processed/segments/REC012/REC012_SEG0038.wav,included,
REC012_SEG0039,REC012,SPK001,train,vad_v1,347.384,357.896,10.512,data/processed/segments/REC012/REC012_SEG0039.wav,included,
REC012_SEG0040,REC012,SPK001,train,vad_v1,358.552,363.688,5.136,data/processed/segments/REC012/REC012_SEG0040.wav,included,
REC012_SEG0041,REC012,SPK001,train,vad_v1,364.728,368.36,3.632,data/processed/segments/REC012/REC012_SEG0041.wav,included,
REC012_SEG0042,REC012,SPK001,train,vad_v1,368.824,380.072,11.248,data/processed/segments/REC012/REC012_SEG0042.wav,included,
REC012_SEG0043,REC012,SPK001,train,vad_v1,381.016,382.888,1.872,data/processed/segments/REC012/REC012_SEG0043.wav,included,
REC012_SEG0044,REC012,SPK001,train,vad_v1,383.352,396.008,12.656,data/processed/segments/REC012/REC012_SEG0044.wav,included,
REC012_SEG0045,REC012,SPK001,train,vad_v1,396.792,403.272,6.48,data/processed/segments/REC012/REC012_SEG0045.wav,included,
REC012_SEG0046,REC012,SPK001,train,vad_v1,403.288,416.648,13.36,data/processed/segments/REC012/REC012_SEG0046.wav,included,
REC012_SEG0047,REC012,SPK001,train,vad_v1,417.336,421.32,3.984,data/processed/segments/REC012/REC012_SEG0047.wav,included,
REC012_SEG0048,REC012,SPK001,train,vad_v1,421.688,434.536,12.848,data/processed/segments/REC012/REC012_SEG0048.wav,included,
REC012_SEG0049,REC012,SPK001,train,vad_v1,434.648,446.6,11.952,data/processed/segments/REC012/REC012_SEG0049.wav,included,
REC012_SEG0050,REC012,SPK001,train,vad_v1,447.288,451.272,3.984,data/processed/segments/REC012/REC012_SEG0050.wav,included,
REC012_SEG0051,REC012,SPK001,train,vad_v1,451.896,462.28,10.384,data/processed/segments/REC012/REC012_SEG0051.wav,included,
REC012_SEG0052,REC012,SPK001,train,vad_v1,462.584,472.936,10.352,data/processed/segments/REC012/REC012_SEG0052.wav,included,
REC012_SEG0053,REC012,SPK001,train,vad_v1,473.432,481.576,8.144,data/processed/segments/REC012/REC012_SEG0053.wav,included,
REC012_SEG0054,REC012,SPK001,train,vad_v1,481.848,490.248,8.4,data/processed/segments/REC012/REC012_SEG0054.wav,included,
REC012_SEG0055,REC012,SPK001,train,vad_v1,490.808,502.344,11.536,data/processed/segments/REC012/REC012_SEG0055.wav,included,
REC012_SEG0056,REC012,SPK001,train,vad_v1,502.392,513.544,11.152,data/processed/segments/REC012/REC012_SEG0056.wav,included,
REC012_SEG0057,REC012,SPK001,train,vad_v1,514.008,517.384,3.376,data/processed/segments/REC012/REC012_SEG0057.wav,included,
REC012_SEG0058,REC012,SPK001,train,vad_v1,517.88,531.168,13.288,data/processed/segments/REC012/REC012_SEG0058.wav,included,
REC012_SEG0059,REC012,SPK001,train,vad_v1,531.168,534.472,3.304,data/processed/segments/REC012/REC012_SEG0059.wav,included,
REC012_SEG0060,REC012,SPK001,train,vad_v1,537.336,546.216,8.88,data/processed/segments/REC012/REC012_SEG0060.wav,included,
REC012_SEG0061,REC012,SPK001,train,vad_v1,547.192,555.624,8.432,data/processed/segments/REC012/REC012_SEG0061.wav,included,
REC012_SEG0062,REC012,SPK001,train,vad_v1,557.144,558.024,0.88,data/processed/segments/REC012/REC012_SEG0062.wav,included,
REC012_SEG0063,REC012,SPK001,train,vad_v1,558.52,572.352,13.832,data/processed/segments/REC012/REC012_SEG0063.wav,included,
REC012_SEG0064,REC012,SPK001,train,vad_v1,572.352,585.992,13.64,data/processed/segments/REC012/REC012_SEG0064.wav,included,
REC012_SEG0065,REC012,SPK001,train,vad_v1,589.112,591.048,1.936,data/processed/segments/REC012/REC012_SEG0065.wav,included,
REC012_SEG0066,REC012,SPK001,train,vad_v1,592.728,598.376,5.648,data/processed/segments/REC012/REC012_SEG0066.wav,included,
REC012_SEG0067,REC012,SPK001,train,vad_v1,599.096,605.0,5.904,data/processed/segments/REC012/REC012_SEG0067.wav,included,
REC012_SEG0068,REC012,SPK001,train,vad_v1,609.88,619.24,9.36,data/processed/segments/REC012/REC012_SEG0068.wav,included,
REC012_SEG0069,REC012,SPK001,train,vad_v1,620.376,624.904,4.528,data/processed/segments/REC012/REC012_SEG0069.wav,included,
REC012_SEG0070,REC012,SPK001,train,vad_v1,627.352,628.264,0.912,data/processed/segments/REC012/REC012_SEG0070.wav,rejected,
REC012_SEG0071,REC012,SPK001,train,vad_v1,630.808,643.08,12.272,data/processed/segments/REC012/REC012_SEG0071.wav,included,
REC012_SEG0072,REC012,SPK001,train,vad_v1,643.448,648.264,4.816,data/processed/segments/REC012/REC012_SEG0072.wav,included,
REC012_SEG0073,REC012,SPK001,train,vad_v1,649.112,651.944,2.832,data/processed/segments/REC012/REC012_SEG0073.wav,included,
REC012_SEG0074,REC012,SPK001,train,vad_v1,652.216,664.552,12.336,data/processed/segments/REC012/REC012_SEG0074.wav,included,
REC012_SEG0075,REC012,SPK001,train,vad_v1,665.048,667.208,2.16,data/processed/segments/REC012/REC012_SEG0075.wav,rejected,
REC012_SEG0076,REC012,SPK001,train,vad_v1,670.456,679.592,9.136,data/processed/segments/REC012/REC012_SEG0076.wav,included,
REC012_SEG0077,REC012,SPK001,train,vad_v1,679.64,686.656,7.016,data/processed/segments/REC012/REC012_SEG0077.wav,included,
REC012_SEG0078,REC012,SPK001,train,vad_v1,686.656,698.568,11.912,data/processed/segments/REC012/REC012_SEG0078.wav,included,
REC012_SEG0079,REC012,SPK001,train,vad_v1,698.616,711.144,12.528,data/processed/segments/REC012/REC012_SEG0079.wav,included,
REC012_SEG0080,REC012,SPK001,train,vad_v1,711.352,713.68,2.328,data/processed/segments/REC012/REC012_SEG0080.wav,included,
REC012_SEG0081,REC012,SPK001,train,vad_v1,713.68,727.72,14.04,data/processed/segments/REC012/REC012_SEG0081.wav,included,
REC012_SEG0082,REC012,SPK001,train,vad_v1,728.088,729.48,1.392,data/processed/segments/REC012/REC012_SEG0082.wav,included,
REC012_SEG0083,REC012,SPK001,train,vad_v1,730.264,742.184,11.92,data/processed/segments/REC012/REC012_SEG0083.wav,included,
REC012_SEG0084,REC012,SPK001,train,vad_v1,742.968,756.136,13.168,data/processed/segments/REC012/REC012_SEG0084.wav,included,
REC012_SEG0085,REC012,SPK001,train,vad_v1,756.536,757.96,1.424,data/processed/segments/REC012/REC012_SEG0085.wav,included,
REC012_SEG0086,REC012,SPK001,train,vad_v1,762.84,775.016,12.176,data/processed/segments/REC012/REC012_SEG0086.wav,included,
REC012_SEG0087,REC012,SPK001,train,vad_v1,775.896,783.24,7.344,data/processed/segments/REC012/REC012_SEG0087.wav,included,
REC012_SEG0088,REC012,SPK001,train,vad_v1,783.512,795.144,11.632,data/processed/segments/REC012/REC012_SEG0088.wav,included,
REC012_SEG0089,REC012,SPK001,train,vad_v1,795.352,801.696,6.344,data/processed/segments/REC012/REC012_SEG0089.wav,included,
REC012_SEG0090,REC012,SPK001,train,vad_v1,801.696,814.76,13.064,data/processed/segments/REC012/REC012_SEG0090.wav,included,
REC012_SEG0091,REC012,SPK001,train,vad_v1,814.968,821.8,6.832,data/processed/segments/REC012/REC012_SEG0091.wav,included,
REC012_SEG0092,REC012,SPK001,train,vad_v1,823.0,836.304,13.304,data/processed/segments/REC012/REC012_SEG0092.wav,included,
REC012_SEG0093,REC012,SPK001,train,vad_v1,836.304,847.816,11.512,data/processed/segments/REC012/REC012_SEG0093.wav,included,
REC012_SEG0094,REC012,SPK001,train,vad_v1,849.08,852.168,3.088,data/processed/segments/REC012/REC012_SEG0094.wav,included,
REC012_SEG0095,REC012,SPK001,train,vad_v1,852.344,865.8,13.456,data/processed/segments/REC012/REC012_SEG0095.wav,included,
REC012_SEG0096,REC012,SPK001,train,vad_v1,866.36,870.664,4.304,data/processed/segments/REC012/REC012_SEG0096.wav,included,
REC012_SEG0097,REC012,SPK001,train,vad_v1,871.448,873.992,2.544,data/processed/segments/REC012/REC012_SEG0097.wav,included,
REC012_SEG0098,REC012,SPK001,train,vad_v1,875.064,878.664,3.6,data/processed/segments/REC012/REC012_SEG0098.wav,included,
REC012_SEG0099,REC012,SPK001,train,vad_v1,879.768,893.224,13.456,data/processed/segments/REC012/REC012_SEG0099.wav,included,
REC012_SEG0100,REC012,SPK001,train,vad_v1,893.72,896.8,3.08,data/processed/segments/REC012/REC012_SEG0100.wav,included,
REC012_SEG0101,REC012,SPK001,train,vad_v1,896.8,909.224,12.424,data/processed/segments/REC012/REC012_SEG0101.wav,included,
REC012_SEG0102,REC012,SPK001,train,vad_v1,909.944,912.008,2.064,data/processed/segments/REC012/REC012_SEG0102.wav,included,
REC012_SEG0103,REC012,SPK001,train,vad_v1,912.536,925.056,12.52,data/processed/segments/REC012/REC012_SEG0103.wav,included,
REC012_SEG0104,REC012,SPK001,train,vad_v1,925.056,937.096,12.04,data/processed/segments/REC012/REC012_SEG0104.wav,included,
REC012_SEG0105,REC012,SPK001,train,vad_v1,939.576,943.624,4.048,data/processed/segments/REC012/REC012_SEG0105.wav,included,
REC012_SEG0106,REC012,SPK001,train,vad_v1,943.768,955.752,11.984,data/processed/segments/REC012/REC012_SEG0106.wav,included,
REC012_SEG0107,REC012,SPK001,train,vad_v1,956.472,961.352,4.88,data/processed/segments/REC012/REC012_SEG0107.wav,included,
REC012_SEG0108,REC012,SPK001,train,vad_v1,962.264,964.232,1.968,data/processed/segments/REC012/REC012_SEG0108.wav,included,
REC012_SEG0109,REC012,SPK001,train,vad_v1,964.28,979.272,14.992,data/processed/segments/REC012/REC012_SEG0109.wav,included,
REC012_SEG0110,REC012,SPK001,train,vad_v1,979.64,986.767,7.127,data/processed/segments/REC012/REC012_SEG0110.wav,included,
REC013_SEG0001,REC013,SPK001,train,vad_v1,0.536,2.344,1.808,data/processed/segments/REC013/REC013_SEG0001.wav,included,
REC013_SEG0002,REC013,SPK001,train,vad_v1,3.864,17.288,13.424,data/processed/segments/REC013/REC013_SEG0002.wav,included,
REC013_SEG0003,REC013,SPK001,train,vad_v1,17.592,25.352,7.76,data/processed/segments/REC013/REC013_SEG0003.wav,included,
REC013_SEG0004,REC013,SPK001,train,vad_v1,25.912,39.496,13.584,data/processed/segments/REC013/REC013_SEG0004.wav,included,
REC013_SEG0005,REC013,SPK001,train,vad_v1,39.896,44.296,4.4,data/processed/segments/REC013/REC013_SEG0005.wav,included,
REC013_SEG0006,REC013,SPK001,train,vad_v1,44.536,56.2,11.664,data/processed/segments/REC013/REC013_SEG0006.wav,included,
REC013_SEG0007,REC013,SPK001,train,vad_v1,56.472,69.224,12.752,data/processed/segments/REC013/REC013_SEG0007.wav,included,
REC013_SEG0008,REC013,SPK001,train,vad_v1,70.328,73.672,3.344,data/processed/segments/REC013/REC013_SEG0008.wav,included,
REC013_SEG0009,REC013,SPK001,train,vad_v1,74.232,86.24,12.008,data/processed/segments/REC013/REC013_SEG0009.wav,included,
REC013_SEG0010,REC013,SPK001,train,vad_v1,86.24,91.56,5.32,data/processed/segments/REC013/REC013_SEG0010.wav,included,
REC013_SEG0011,REC013,SPK001,train,vad_v1,91.992,101.008,9.016,data/processed/segments/REC013/REC013_SEG0011.wav,included,
REC013_SEG0012,REC013,SPK001,train,vad_v1,101.008,113.184,12.176,data/processed/segments/REC013/REC013_SEG0012.wav,included,
REC013_SEG0013,REC013,SPK001,train,vad_v1,113.184,120.04,6.856,data/processed/segments/REC013/REC013_SEG0013.wav,included,
REC013_SEG0014,REC013,SPK001,train,vad_v1,120.408,133.384,12.976,data/processed/segments/REC013/REC013_SEG0014.wav,included,
REC013_SEG0015,REC013,SPK001,train,vad_v1,133.784,145.448,11.664,data/processed/segments/REC013/REC013_SEG0015.wav,included,
REC013_SEG0016,REC013,SPK001,train,vad_v1,146.488,149.664,3.176,data/processed/segments/REC013/REC013_SEG0016.wav,included,
REC013_SEG0017,REC013,SPK001,train,vad_v1,149.664,162.696,13.032,data/processed/segments/REC013/REC013_SEG0017.wav,included,
REC013_SEG0018,REC013,SPK001,train,vad_v1,165.656,169.512,3.856,data/processed/segments/REC013/REC013_SEG0018.wav,included,
REC013_SEG0019,REC013,SPK001,train,vad_v1,169.784,183.584,13.8,data/processed/segments/REC013/REC013_SEG0019.wav,included,
REC013_SEG0020,REC013,SPK001,train,vad_v1,183.584,192.744,9.16,data/processed/segments/REC013/REC013_SEG0020.wav,included,
REC013_SEG0021,REC013,SPK001,train,vad_v1,192.888,201.248,8.36,data/processed/segments/REC013/REC013_SEG0021.wav,included,
REC013_SEG0022,REC013,SPK001,train,vad_v1,201.248,213.32,12.072,data/processed/segments/REC013/REC013_SEG0022.wav,included,
REC013_SEG0023,REC013,SPK001,train,vad_v1,213.496,224.048,10.552,data/processed/segments/REC013/REC013_SEG0023.wav,included,
REC013_SEG0024,REC013,SPK001,train,vad_v1,224.048,237.64,13.592,data/processed/segments/REC013/REC013_SEG0024.wav,included,
REC013_SEG0025,REC013,SPK001,train,vad_v1,238.168,244.808,6.64,data/processed/segments/REC013/REC013_SEG0025.wav,included,
REC013_SEG0026,REC013,SPK001,train,vad_v1,244.952,256.456,11.504,data/processed/segments/REC013/REC013_SEG0026.wav,included,
REC013_SEG0027,REC013,SPK001,train,vad_v1,256.76,263.976,7.216,data/processed/segments/REC013/REC013_SEG0027.wav,included,
REC013_SEG0028,REC013,SPK001,train,vad_v1,265.112,274.984,9.872,data/processed/segments/REC013/REC013_SEG0028.wav,included,
REC013_SEG0029,REC013,SPK001,train,vad_v1,275.384,282.792,7.408,data/processed/segments/REC013/REC013_SEG0029.wav,included,
REC013_SEG0030,REC013,SPK001,train,vad_v1,282.872,295.496,12.624,data/processed/segments/REC013/REC013_SEG0030.wav,included,
REC013_SEG0031,REC013,SPK001,train,vad_v1,295.736,309.032,13.296,data/processed/segments/REC013/REC013_SEG0031.wav,included,
REC013_SEG0032,REC013,SPK001,train,vad_v1,309.08,313.096,4.016,data/processed/segments/REC013/REC013_SEG0032.wav,included,
REC013_SEG0033,REC013,SPK001,train,vad_v1,313.272,324.52,11.248,data/processed/segments/REC013/REC013_SEG0033.wav,included,
REC013_SEG0034,REC013,SPK001,train,vad_v1,325.944,329.832,3.888,data/processed/segments/REC013/REC013_SEG0034.wav,included,
REC013_SEG0035,REC013,SPK001,train,vad_v1,330.168,341.448,11.28,data/processed/segments/REC013/REC013_SEG0035.wav,included,
REC013_SEG0036,REC013,SPK001,train,vad_v1,341.656,348.744,7.088,data/processed/segments/REC013/REC013_SEG0036.wav,included,
REC013_SEG0037,REC013,SPK001,train,vad_v1,348.92,363.176,14.256,data/processed/segments/REC013/REC013_SEG0037.wav,included,
REC013_SEG0038,REC013,SPK001,train,vad_v1,363.256,368.328,5.072,data/processed/segments/REC013/REC013_SEG0038.wav,included,
REC013_SEG0039,REC013,SPK001,train,vad_v1,369.944,373.992,4.048,data/processed/segments/REC013/REC013_SEG0039.wav,included,
REC013_SEG0040,REC013,SPK001,train,vad_v1,374.936,387.688,12.752,data/processed/segments/REC013/REC013_SEG0040.wav,included,
REC013_SEG0041,REC013,SPK001,train,vad_v1,389.336,394.088,4.752,data/processed/segments/REC013/REC013_SEG0041.wav,included,
REC013_SEG0042,REC013,SPK001,train,vad_v1,394.872,400.04,5.168,data/processed/segments/REC013/REC013_SEG0042.wav,included,
REC013_SEG0043,REC013,SPK001,train,vad_v1,401.272,408.968,7.696,data/processed/segments/REC013/REC013_SEG0043.wav,included,
REC013_SEG0044,REC013,SPK001,train,vad_v1,410.072,411.024,0.952,data/processed/segments/REC013/REC013_SEG0044.wav,included,
REC013_SEG0045,REC013,SPK001,train,vad_v1,411.024,425.744,14.72,data/processed/segments/REC013/REC013_SEG0045.wav,included,
REC013_SEG0046,REC013,SPK001,train,vad_v1,425.744,430.224,4.48,data/processed/segments/REC013/REC013_SEG0046.wav,included,
REC013_SEG0047,REC013,SPK001,train,vad_v1,430.224,441.16,10.936,data/processed/segments/REC013/REC013_SEG0047.wav,included,
REC013_SEG0048,REC013,SPK001,train,vad_v1,441.784,453.896,12.112,data/processed/segments/REC013/REC013_SEG0048.wav,included,
REC013_SEG0049,REC013,SPK001,train,vad_v1,454.584,468.072,13.488,data/processed/segments/REC013/REC013_SEG0049.wav,included,
REC013_SEG0050,REC013,SPK001,train,vad_v1,468.76,470.344,1.584,data/processed/segments/REC013/REC013_SEG0050.wav,included,
REC013_SEG0051,REC013,SPK001,train,vad_v1,471.32,476.84,5.52,data/processed/segments/REC013/REC013_SEG0051.wav,included,
REC013_SEG0052,REC013,SPK001,train,vad_v1,477.592,480.232,2.64,data/processed/segments/REC013/REC013_SEG0052.wav,included,
REC013_SEG0053,REC013,SPK001,train,vad_v1,481.144,483.048,1.904,data/processed/segments/REC013/REC013_SEG0053.wav,included,
REC013_SEG0054,REC013,SPK001,train,vad_v1,483.48,496.032,12.552,data/processed/segments/REC013/REC013_SEG0054.wav,included,
REC013_SEG0055,REC013,SPK001,train,vad_v1,496.032,505.736,9.704,data/processed/segments/REC013/REC013_SEG0055.wav,included,
REC013_SEG0056,REC013,SPK001,train,vad_v1,506.712,512.776,6.064,data/processed/segments/REC013/REC013_SEG0056.wav,included,
REC013_SEG0057,REC013,SPK001,train,vad_v1,512.92,522.28,9.36,data/processed/segments/REC013/REC013_SEG0057.wav,included,
REC013_SEG0058,REC013,SPK001,train,vad_v1,522.36,527.872,5.512,data/processed/segments/REC013/REC013_SEG0058.wav,included,
REC013_SEG0059,REC013,SPK001,train,vad_v1,527.872,542.368,14.496,data/processed/segments/REC013/REC013_SEG0059.wav,included,
REC013_SEG0060,REC013,SPK001,train,vad_v1,542.368,547.176,4.808,data/processed/segments/REC013/REC013_SEG0060.wav,included,
REC013_SEG0061,REC013,SPK001,train,vad_v1,548.376,555.56,7.184,data/processed/segments/REC013/REC013_SEG0061.wav,included,
REC013_SEG0062,REC013,SPK001,train,vad_v1,556.76,563.144,6.384,data/processed/segments/REC013/REC013_SEG0062.wav,included,
REC013_SEG0063,REC013,SPK001,train,vad_v1,563.736,572.296,8.56,data/processed/segments/REC013/REC013_SEG0063.wav,included,
REC013_SEG0064,REC013,SPK001,train,vad_v1,572.376,585.48,13.104,data/processed/segments/REC013/REC013_SEG0064.wav,included,
REC013_SEG0065,REC013,SPK001,train,vad_v1,585.656,589.16,3.504,data/processed/segments/REC013/REC013_SEG0065.wav,included,
REC013_SEG0066,REC013,SPK001,train,vad_v1,589.848,602.984,13.136,data/processed/segments/REC013/REC013_SEG0066.wav,included,
REC013_SEG0067,REC013,SPK001,train,vad_v1,603.32,604.904,1.584,data/processed/segments/REC013/REC013_SEG0067.wav,included,
REC013_SEG0068,REC013,SPK001,train,vad_v1,607.416,612.776,5.36,data/processed/segments/REC013/REC013_SEG0068.wav,included,
REC013_SEG0069,REC013,SPK001,train,vad_v1,613.048,623.24,10.192,data/processed/segments/REC013/REC013_SEG0069.wav,included,
REC013_SEG0070,REC013,SPK001,train,vad_v1,623.256,636.776,13.52,data/processed/segments/REC013/REC013_SEG0070.wav,included,
REC013_SEG0071,REC013,SPK001,train,vad_v1,637.688,647.04,9.352,data/processed/segments/REC013/REC013_SEG0071.wav,included,
REC013_SEG0072,REC013,SPK001,train,vad_v1,647.04,656.232,9.192,data/processed/segments/REC013/REC013_SEG0072.wav,included,
REC013_SEG0073,REC013,SPK001,train,vad_v1,656.376,662.28,5.904,data/processed/segments/REC013/REC013_SEG0073.wav,included,
REC013_SEG0074,REC013,SPK001,train,vad_v1,662.36,674.984,12.624,data/processed/segments/REC013/REC013_SEG0074.wav,included,
REC013_SEG0075,REC013,SPK001,train,vad_v1,675.256,683.016,7.76,data/processed/segments/REC013/REC013_SEG0075.wav,included,
REC013_SEG0076,REC013,SPK001,train,vad_v1,683.672,685.864,2.192,data/processed/segments/REC013/REC013_SEG0076.wav,included,
REC013_SEG0077,REC013,SPK001,train,vad_v1,686.52,693.16,6.64,data/processed/segments/REC013/REC013_SEG0077.wav,included,
REC013_SEG0078,REC013,SPK001,train,vad_v1,694.424,704.488,10.064,data/processed/segments/REC013/REC013_SEG0078.wav,included,
REC013_SEG0079,REC013,SPK001,train,vad_v1,705.016,718.76,13.744,data/processed/segments/REC013/REC013_SEG0079.wav,included,
REC013_SEG0080,REC013,SPK001,train,vad_v1,719.0,729.544,10.544,data/processed/segments/REC013/REC013_SEG0080.wav,included,
REC013_SEG0081,REC013,SPK001,train,vad_v1,730.072,742.984,12.912,data/processed/segments/REC013/REC013_SEG0081.wav,included,
REC013_SEG0082,REC013,SPK001,train,vad_v1,743.832,748.328,4.496,data/processed/segments/REC013/REC013_SEG0082.wav,included,
REC013_SEG0083,REC013,SPK001,train,vad_v1,748.984,754.792,5.808,data/processed/segments/REC013/REC013_SEG0083.wav,included,
REC013_SEG0084,REC013,SPK001,train,vad_v1,755.448,767.76,12.312,data/processed/segments/REC013/REC013_SEG0084.wav,included,
REC013_SEG0085,REC013,SPK001,train,vad_v1,767.76,770.888,3.128,data/processed/segments/REC013/REC013_SEG0085.wav,included,
REC013_SEG0086,REC013,SPK001,train,vad_v1,771.48,783.072,11.592,data/processed/segments/REC013/REC013_SEG0086.wav,included,
REC013_SEG0087,REC013,SPK001,train,vad_v1,783.072,792.816,9.744,data/processed/segments/REC013/REC013_SEG0087.wav,included,
REC013_SEG0088,REC013,SPK001,train,vad_v1,792.816,801.744,8.928,data/processed/segments/REC013/REC013_SEG0088.wav,included,
REC013_SEG0089,REC013,SPK001,train,vad_v1,801.744,808.68,6.936,data/processed/segments/REC013/REC013_SEG0089.wav,included,
REC013_SEG0090,REC013,SPK001,train,vad_v1,808.76,819.592,10.832,data/processed/segments/REC013/REC013_SEG0090.wav,included,
REC013_SEG0091,REC013,SPK001,train,vad_v1,819.864,829.48,9.616,data/processed/segments/REC013/REC013_SEG0091.wav,included,
REC013_SEG0092,REC013,SPK001,train,vad_v1,830.552,834.632,4.08,data/processed/segments/REC013/REC013_SEG0092.wav,included,
REC013_SEG0093,REC013,SPK001,train,vad_v1,835.352,839.176,3.824,data/processed/segments/REC013/REC013_SEG0093.wav,included,
REC013_SEG0094,REC013,SPK001,train,vad_v1,840.568,844.872,4.304,data/processed/segments/REC013/REC013_SEG0094.wav,included,
REC013_SEG0095,REC013,SPK001,train,vad_v1,846.168,857.096,10.928,data/processed/segments/REC013/REC013_SEG0095.wav,included,
REC013_SEG0096,REC013,SPK001,train,vad_v1,858.04,861.48,3.44,data/processed/segments/REC013/REC013_SEG0096.wav,included,
REC013_SEG0097,REC013,SPK001,train,vad_v1,862.168,866.184,4.016,data/processed/segments/REC013/REC013_SEG0097.wav,included,
REC013_SEG0098,REC013,SPK001,train,vad_v1,867.288,878.12,10.832,data/processed/segments/REC013/REC013_SEG0098.wav,included,
REC013_SEG0099,REC013,SPK001,train,vad_v1,878.872,888.072,9.2,data/processed/segments/REC013/REC013_SEG0099.wav,included,
REC013_SEG0100,REC013,SPK001,train,vad_v1,888.536,897.32,8.784,data/processed/segments/REC013/REC013_SEG0100.wav,included,
REC013_SEG0101,REC013,SPK001,train,vad_v1,897.688,903.624,5.936,data/processed/segments/REC013/REC013_SEG0101.wav,included,
REC013_SEG0102,REC013,SPK001,train,vad_v1,904.28,906.952,2.672,data/processed/segments/REC013/REC013_SEG0102.wav,included,
REC013_SEG0103,REC013,SPK001,train,vad_v1,907.192,922.184,14.992,data/processed/segments/REC013/REC013_SEG0103.wav,included,
REC013_SEG0104,REC013,SPK001,train,vad_v1,922.488,927.528,5.04,data/processed/segments/REC013/REC013_SEG0104.wav,included,
REC013_SEG0105,REC013,SPK001,train,vad_v1,928.248,929.192,0.944,data/processed/segments/REC013/REC013_SEG0105.wav,included,
REC013_SEG0106,REC013,SPK001,train,vad_v1,930.392,935.464,5.072,data/processed/segments/REC013/REC013_SEG0106.wav,included,
REC013_SEG0107,REC013,SPK001,train,vad_v1,935.672,948.872,13.2,data/processed/segments/REC013/REC013_SEG0107.wav,included,
REC013_SEG0108,REC013,SPK001,train,vad_v1,949.016,957.832,8.816,data/processed/segments/REC013/REC013_SEG0108.wav,included,
REC013_SEG0109,REC013,SPK001,train,vad_v1,958.776,965.16,6.384,data/processed/segments/REC013/REC013_SEG0109.wav,included,
REC013_SEG0110,REC013,SPK001,train,vad_v1,965.784,978.088,12.304,data/processed/segments/REC013/REC013_SEG0110.wav,included,
REC013_SEG0111,REC013,SPK001,train,vad_v1,978.488,984.424,5.936,data/processed/segments/REC013/REC013_SEG0111.wav,included,
REC013_SEG0112,REC013,SPK001,train,vad_v1,984.888,993.672,8.784,data/processed/segments/REC013/REC013_SEG0112.wav,included,
REC013_SEG0113,REC013,SPK001,train,vad_v1,995.064,995.823,0.759,data/processed/segments/REC013/REC013_SEG0113.wav,included,
REC014_SEG0001,REC014,SPK001,train,vad_v1,0.28,6.792,6.512,data/processed/segments/REC014/REC014_SEG0001.wav,included,
REC014_SEG0002,REC014,SPK001,train,vad_v1,7.512,19.624,12.112,data/processed/segments/REC014/REC014_SEG0002.wav,included,
REC014_SEG0003,REC014,SPK001,train,vad_v1,20.28,26.248,5.968,data/processed/segments/REC014/REC014_SEG0003.wav,included,
REC014_SEG0004,REC014,SPK001,train,vad_v1,26.968,32.296,5.328,data/processed/segments/REC014/REC014_SEG0004.wav,included,
REC014_SEG0005,REC014,SPK001,train,vad_v1,32.568,43.752,11.184,data/processed/segments/REC014/REC014_SEG0005.wav,included,
REC014_SEG0006,REC014,SPK001,train,vad_v1,44.632,52.424,7.792,data/processed/segments/REC014/REC014_SEG0006.wav,included,
REC014_SEG0007,REC014,SPK001,train,vad_v1,53.144,61.8,8.656,data/processed/segments/REC014/REC014_SEG0007.wav,included,
REC014_SEG0008,REC014,SPK001,train,vad_v1,61.88,75.24,13.36,data/processed/segments/REC014/REC014_SEG0008.wav,included,
REC014_SEG0009,REC014,SPK001,train,vad_v1,75.288,79.976,4.688,data/processed/segments/REC014/REC014_SEG0009.wav,included,
REC014_SEG0010,REC014,SPK001,train,vad_v1,81.4,91.496,10.096,data/processed/segments/REC014/REC014_SEG0010.wav,included,
REC014_SEG0011,REC014,SPK001,train,vad_v1,91.64,100.104,8.464,data/processed/segments/REC014/REC014_SEG0011.wav,included,
REC014_SEG0012,REC014,SPK001,train,vad_v1,101.464,113.608,12.144,data/processed/segments/REC014/REC014_SEG0012.wav,included,
REC014_SEG0013,REC014,SPK001,train,vad_v1,114.104,127.752,13.648,data/processed/segments/REC014/REC014_SEG0013.wav,included,
REC014_SEG0014,REC014,SPK001,train,vad_v1,128.216,129.416,1.2,data/processed/segments/REC014/REC014_SEG0014.wav,included,
REC014_SEG0015,REC014,SPK001,train,vad_v1,129.912,143.976,14.064,data/processed/segments/REC014/REC014_SEG0015.wav,included,
REC014_SEG0016,REC014,SPK001,train,vad_v1,144.312,155.112,10.8,data/processed/segments/REC014/REC014_SEG0016.wav,included,
REC014_SEG0017,REC014,SPK001,train,vad_v1,156.28,157.544,1.264,data/processed/segments/REC014/REC014_SEG0017.wav,included,
REC014_SEG0018,REC014,SPK001,train,vad_v1,158.488,160.36,1.872,data/processed/segments/REC014/REC014_SEG0018.wav,included,
REC014_SEG0019,REC014,SPK001,train,vad_v1,160.664,175.472,14.808,data/processed/segments/REC014/REC014_SEG0019.wav,included,
REC014_SEG0020,REC014,SPK001,train,vad_v1,175.472,184.968,9.496,data/processed/segments/REC014/REC014_SEG0020.wav,included,
REC014_SEG0021,REC014,SPK001,train,vad_v1,185.752,188.072,2.32,data/processed/segments/REC014/REC014_SEG0021.wav,included,
REC014_SEG0022,REC014,SPK001,train,vad_v1,188.536,203.52,14.984,data/processed/segments/REC014/REC014_SEG0022.wav,included,
REC014_SEG0023,REC014,SPK001,train,vad_v1,203.52,205.608,2.088,data/processed/segments/REC014/REC014_SEG0023.wav,included,
REC014_SEG0024,REC014,SPK001,train,vad_v1,207.64,209.576,1.936,data/processed/segments/REC014/REC014_SEG0024.wav,included,
REC014_SEG0025,REC014,SPK001,train,vad_v1,210.68,212.488,1.808,data/processed/segments/REC014/REC014_SEG0025.wav,included,
REC014_SEG0026,REC014,SPK001,train,vad_v1,212.728,226.44,13.712,data/processed/segments/REC014/REC014_SEG0026.wav,included,
REC014_SEG0027,REC014,SPK001,train,vad_v1,226.488,229.576,3.088,data/processed/segments/REC014/REC014_SEG0027.wav,included,
REC014_SEG0028,REC014,SPK001,train,vad_v1,230.584,233.288,2.704,data/processed/segments/REC014/REC014_SEG0028.wav,included,
REC014_SEG0029,REC014,SPK001,train,vad_v1,234.232,243.4,9.168,data/processed/segments/REC014/REC014_SEG0029.wav,included,
REC014_SEG0030,REC014,SPK001,train,vad_v1,244.024,250.312,6.288,data/processed/segments/REC014/REC014_SEG0030.wav,included,
REC014_SEG0031,REC014,SPK001,train,vad_v1,250.744,260.224,9.48,data/processed/segments/REC014/REC014_SEG0031.wav,included,
REC014_SEG0032,REC014,SPK001,train,vad_v1,260.224,270.184,9.96,data/processed/segments/REC014/REC014_SEG0032.wav,included,
REC014_SEG0033,REC014,SPK001,train,vad_v1,270.296,279.944,9.648,data/processed/segments/REC014/REC014_SEG0033.wav,included,
REC014_SEG0034,REC014,SPK001,train,vad_v1,280.76,283.592,2.832,data/processed/segments/REC014/REC014_SEG0034.wav,included,
REC014_SEG0035,REC014,SPK001,train,vad_v1,283.8,296.272,12.472,data/processed/segments/REC014/REC014_SEG0035.wav,included,
REC014_SEG0036,REC014,SPK001,train,vad_v1,296.272,300.904,4.632,data/processed/segments/REC014/REC014_SEG0036.wav,included,
REC014_SEG0037,REC014,SPK001,train,vad_v1,301.464,315.942,14.478,data/processed/segments/REC014/REC014_SEG0037.wav,included,
REC015_SEG0001,REC015,SPK001,train,vad_v1,0.6,9.352,8.752,data/processed/segments/REC015/REC015_SEG0001.wav,included,
REC015_SEG0002,REC015,SPK001,train,vad_v1,10.392,14.504,4.112,data/processed/segments/REC015/REC015_SEG0002.wav,included,
REC015_SEG0003,REC015,SPK001,train,vad_v1,16.28,29.416,13.136,data/processed/segments/REC015/REC015_SEG0003.wav,included,
REC015_SEG0004,REC015,SPK001,train,vad_v1,29.944,31.272,1.328,data/processed/segments/REC015/REC015_SEG0004.wav,included,
REC015_SEG0005,REC015,SPK001,train,vad_v1,31.992,36.136,4.144,data/processed/segments/REC015/REC015_SEG0005.wav,included,
REC015_SEG0006,REC015,SPK001,train,vad_v1,36.888,40.712,3.824,data/processed/segments/REC015/REC015_SEG0006.wav,included,
REC015_SEG0007,REC015,SPK001,train,vad_v1,41.784,45.992,4.208,data/processed/segments/REC015/REC015_SEG0007.wav,included,
REC015_SEG0008,REC015,SPK001,train,vad_v1,46.68,57.256,10.576,data/processed/segments/REC015/REC015_SEG0008.wav,included,
REC015_SEG0009,REC015,SPK001,train,vad_v1,58.232,58.728,0.496,data/processed/segments/REC015/REC015_SEG0009.wav,rejected,
REC015_SEG0010,REC015,SPK001,train,vad_v1,59.288,73.224,13.936,data/processed/segments/REC015/REC015_SEG0010.wav,included,
REC015_SEG0011,REC015,SPK001,train,vad_v1,73.656,76.648,2.992,data/processed/segments/REC015/REC015_SEG0011.wav,included,
REC015_SEG0012,REC015,SPK001,train,vad_v1,79.512,80.552,1.04,data/processed/segments/REC015/REC015_SEG0012.wav,included,
REC015_SEG0013,REC015,SPK001,train,vad_v1,81.656,91.08,9.424,data/processed/segments/REC015/REC015_SEG0013.wav,included,
REC015_SEG0014,REC015,SPK001,train,vad_v1,91.832,104.464,12.632,data/processed/segments/REC015/REC015_SEG0014.wav,included,
REC015_SEG0015,REC015,SPK001,train,vad_v1,104.464,108.968,4.504,data/processed/segments/REC015/REC015_SEG0015.wav,included,
REC015_SEG0016,REC015,SPK001,train,vad_v1,109.624,120.488,10.864,data/processed/segments/REC015/REC015_SEG0016.wav,included,
REC015_SEG0017,REC015,SPK001,train,vad_v1,121.08,132.456,11.376,data/processed/segments/REC015/REC015_SEG0017.wav,included,
REC015_SEG0018,REC015,SPK001,train,vad_v1,132.92,141.192,8.272,data/processed/segments/REC015/REC015_SEG0018.wav,included,
REC015_SEG0019,REC015,SPK001,train,vad_v1,141.688,148.36,6.672,data/processed/segments/REC015/REC015_SEG0019.wav,included,
REC015_SEG0020,REC015,SPK001,train,vad_v1,149.016,158.856,9.84,data/processed/segments/REC015/REC015_SEG0020.wav,included,
REC015_SEG0021,REC015,SPK001,train,vad_v1,159.576,164.648,5.072,data/processed/segments/REC015/REC015_SEG0021.wav,included,
REC015_SEG0022,REC015,SPK001,train,vad_v1,166.744,181.0,14.256,data/processed/segments/REC015/REC015_SEG0022.wav,included,
REC015_SEG0023,REC015,SPK001,train,vad_v1,181.08,191.368,10.288,data/processed/segments/REC015/REC015_SEG0023.wav,included,
REC015_SEG0024,REC015,SPK001,train,vad_v1,191.928,196.136,4.208,data/processed/segments/REC015/REC015_SEG0024.wav,included,
REC015_SEG0025,REC015,SPK001,train,vad_v1,196.504,207.592,11.088,data/processed/segments/REC015/REC015_SEG0025.wav,included,
REC015_SEG0026,REC015,SPK001,train,vad_v1,208.664,222.184,13.52,data/processed/segments/REC015/REC015_SEG0026.wav,included,
REC015_SEG0027,REC015,SPK001,train,vad_v1,222.744,226.472,3.728,data/processed/segments/REC015/REC015_SEG0027.wav,included,
REC015_SEG0028,REC015,SPK001,train,vad_v1,226.808,237.768,10.96,data/processed/segments/REC015/REC015_SEG0028.wav,included,
REC015_SEG0029,REC015,SPK001,train,vad_v1,239.192,242.696,3.504,data/processed/segments/REC015/REC015_SEG0029.wav,included,
REC015_SEG0030,REC015,SPK001,train,vad_v1,243.672,246.536,2.864,data/processed/segments/REC015/REC015_SEG0030.wav,included,
REC015_SEG0031,REC015,SPK001,train,vad_v1,246.808,260.2,13.392,data/processed/segments/REC015/REC015_SEG0031.wav,included,
REC015_SEG0032,REC015,SPK001,train,vad_v1,260.632,266.184,5.552,data/processed/segments/REC015/REC015_SEG0032.wav,included,
REC015_SEG0033,REC015,SPK001,train,vad_v1,267.64,273.448,5.808,data/processed/segments/REC015/REC015_SEG0033.wav,included,
REC015_SEG0034,REC015,SPK001,train,vad_v1,274.36,278.792,4.432,data/processed/segments/REC015/REC015_SEG0034.wav,included,
REC015_SEG0035,REC015,SPK001,train,vad_v1,279.544,282.984,3.44,data/processed/segments/REC015/REC015_SEG0035.wav,included,
REC015_SEG0036,REC015,SPK001,train,vad_v1,283.832,294.92,11.088,data/processed/segments/REC015/REC015_SEG0036.wav,included,
REC015_SEG0037,REC015,SPK001,train,vad_v1,295.544,304.936,9.392,data/processed/segments/REC015/REC015_SEG0037.wav,included,
REC015_SEG0038,REC015,SPK001,train,vad_v1,305.24,310.536,5.296,data/processed/segments/REC015/REC015_SEG0038.wav,included,
REC015_SEG0039,REC015,SPK001,train,vad_v1,311.64,323.688,12.048,data/processed/segments/REC015/REC015_SEG0039.wav,included,
REC015_SEG0040,REC015,SPK001,train,vad_v1,325.528,331.304,5.776,data/processed/segments/REC015/REC015_SEG0040.wav,included,
REC015_SEG0041,REC015,SPK001,train,vad_v1,332.504,334.728,2.224,data/processed/segments/REC015/REC015_SEG0041.wav,included,
REC015_SEG0042,REC015,SPK001,train,vad_v1,335.576,349.448,13.872,data/processed/segments/REC015/REC015_SEG0042.wav,included,
REC015_SEG0043,REC015,SPK001,train,vad_v1,350.936,353.832,2.896,data/processed/segments/REC015/REC015_SEG0043.wav,included,
REC015_SEG0044,REC015,SPK001,train,vad_v1,357.528,371.464,13.936,data/processed/segments/REC015/REC015_SEG0044.wav,included,
REC015_SEG0045,REC015,SPK001,train,vad_v1,372.28,379.784,7.504,data/processed/segments/REC015/REC015_SEG0045.wav,included,
REC015_SEG0046,REC015,SPK001,train,vad_v1,380.12,392.68,12.56,data/processed/segments/REC015/REC015_SEG0046.wav,included,
REC015_SEG0047,REC015,SPK001,train,vad_v1,392.792,400.456,7.664,data/processed/segments/REC015/REC015_SEG0047.wav,included,
REC015_SEG0048,REC015,SPK001,train,vad_v1,400.632,412.488,11.856,data/processed/segments/REC015/REC015_SEG0048.wav,included,
REC015_SEG0049,REC015,SPK001,train,vad_v1,412.856,426.152,13.296,data/processed/segments/REC015/REC015_SEG0049.wav,included,
REC015_SEG0050,REC015,SPK001,train,vad_v1,427.16,433.32,6.16,data/processed/segments/REC015/REC015_SEG0050.wav,included,
REC015_SEG0051,REC015,SPK001,train,vad_v1,433.56,445.864,12.304,data/processed/segments/REC015/REC015_SEG0051.wav,included,
REC015_SEG0052,REC015,SPK001,train,vad_v1,446.104,459.24,13.136,data/processed/segments/REC015/REC015_SEG0052.wav,included,
REC015_SEG0053,REC015,SPK001,train,vad_v1,460.024,462.056,2.032,data/processed/segments/REC015/REC015_SEG0053.wav,included,
REC015_SEG0054,REC015,SPK001,train,vad_v1,463.0,464.68,1.68,data/processed/segments/REC015/REC015_SEG0054.wav,included,
REC015_SEG0055,REC015,SPK001,train,vad_v1,465.624,466.76,1.136,data/processed/segments/REC015/REC015_SEG0055.wav,included,
REC015_SEG0056,REC015,SPK001,train,vad_v1,468.28,471.528,3.248,data/processed/segments/REC015/REC015_SEG0056.wav,included,
REC015_SEG0057,REC015,SPK001,train,vad_v1,472.28,476.2,3.92,data/processed/segments/REC015/REC015_SEG0057.wav,included,
REC015_SEG0058,REC015,SPK001,train,vad_v1,477.208,481.192,3.984,data/processed/segments/REC015/REC015_SEG0058.wav,included,
REC015_SEG0059,REC015,SPK001,train,vad_v1,482.136,484.584,2.448,data/processed/segments/REC015/REC015_SEG0059.wav,included,
REC015_SEG0060,REC015,SPK001,train,vad_v1,485.016,500.008,14.992,data/processed/segments/REC015/REC015_SEG0060.wav,included,
REC015_SEG0061,REC015,SPK001,train,vad_v1,500.088,512.904,12.816,data/processed/segments/REC015/REC015_SEG0061.wav,included,
REC015_SEG0062,REC015,SPK001,train,vad_v1,513.496,515.208,1.712,data/processed/segments/REC015/REC015_SEG0062.wav,included,
REC015_SEG0063,REC015,SPK001,train,vad_v1,515.992,526.28,10.288,data/processed/segments/REC015/REC015_SEG0063.wav,included,
REC015_SEG0064,REC015,SPK001,train,vad_v1,527.064,534.696,7.632,data/processed/segments/REC015/REC015_SEG0064.wav,included,
REC015_SEG0065,REC015,SPK001,train,vad_v1,536.024,544.008,7.984,data/processed/segments/REC015/REC015_SEG0065.wav,included,
REC015_SEG0066,REC015,SPK001,train,vad_v1,544.312,551.152,6.84,data/processed/segments/REC015/REC015_SEG0066.wav,included,
REC015_SEG0067,REC015,SPK001,train,vad_v1,551.152,560.072,8.92,data/processed/segments/REC015/REC015_SEG0067.wav,included,
REC015_SEG0068,REC015,SPK001,train,vad_v1,560.408,568.488,8.08,data/processed/segments/REC015/REC015_SEG0068.wav,included,
REC015_SEG0069,REC015,SPK001,train,vad_v1,569.368,570.408,1.04,data/processed/segments/REC015/REC015_SEG0069.wav,included,
REC015_SEG0070,REC015,SPK001,train,vad_v1,571.064,576.072,5.008,data/processed/segments/REC015/REC015_SEG0070.wav,included,
REC015_SEG0071,REC015,SPK001,train,vad_v1,577.016,583.72,6.704,data/processed/segments/REC015/REC015_SEG0071.wav,included,
REC015_SEG0072,REC015,SPK001,train,vad_v1,583.864,592.232,8.368,data/processed/segments/REC015/REC015_SEG0072.wav,included,
REC015_SEG0073,REC015,SPK001,train,vad_v1,592.504,601.448,8.944,data/processed/segments/REC015/REC015_SEG0073.wav,included,
REC015_SEG0074,REC015,SPK001,train,vad_v1,601.72,609.512,7.792,data/processed/segments/REC015/REC015_SEG0074.wav,included,
REC015_SEG0075,REC015,SPK001,train,vad_v1,610.008,617.384,7.376,data/processed/segments/REC015/REC015_SEG0075.wav,included,
REC015_SEG0076,REC015,SPK001,train,vad_v1,617.848,629.128,11.28,data/processed/segments/REC015/REC015_SEG0076.wav,included,
REC015_SEG0077,REC015,SPK001,train,vad_v1,629.528,643.208,13.68,data/processed/segments/REC015/REC015_SEG0077.wav,included,
REC015_SEG0078,REC015,SPK001,train,vad_v1,644.312,647.048,2.736,data/processed/segments/REC015/REC015_SEG0078.wav,included,
REC015_SEG0079,REC015,SPK001,train,vad_v1,648.056,655.208,7.152,data/processed/segments/REC015/REC015_SEG0079.wav,included,
REC015_SEG0080,REC015,SPK001,train,vad_v1,655.64,666.312,10.672,data/processed/segments/REC015/REC015_SEG0080.wav,included,
REC015_SEG0081,REC015,SPK001,train,vad_v1,667.384,681.48,14.096,data/processed/segments/REC015/REC015_SEG0081.wav,included,
REC015_SEG0082,REC015,SPK001,train,vad_v1,681.88,695.016,13.136,data/processed/segments/REC015/REC015_SEG0082.wav,included,
REC015_SEG0083,REC015,SPK001,train,vad_v1,695.672,701.576,5.904,data/processed/segments/REC015/REC015_SEG0083.wav,included,
REC015_SEG0084,REC015,SPK001,train,vad_v1,702.328,705.096,2.768,data/processed/segments/REC015/REC015_SEG0084.wav,included,
REC015_SEG0085,REC015,SPK001,train,vad_v1,705.912,707.752,1.84,data/processed/segments/REC015/REC015_SEG0085.wav,included,
REC015_SEG0086,REC015,SPK001,train,vad_v1,709.816,712.008,2.192,data/processed/segments/REC015/REC015_SEG0086.wav,included,
REC015_SEG0087,REC015,SPK001,train,vad_v1,712.728,717.32,4.592,data/processed/segments/REC015/REC015_SEG0087.wav,included,
REC015_SEG0088,REC015,SPK001,train,vad_v1,717.656,729.424,11.768,data/processed/segments/REC015/REC015_SEG0088.wav,included,
REC015_SEG0089,REC015,SPK001,train,vad_v1,729.424,732.648,3.224,data/processed/segments/REC015/REC015_SEG0089.wav,included,
REC015_SEG0090,REC015,SPK001,train,vad_v1,733.368,737.32,3.952,data/processed/segments/REC015/REC015_SEG0090.wav,included,
REC015_SEG0091,REC015,SPK001,train,vad_v1,737.944,750.184,12.24,data/processed/segments/REC015/REC015_SEG0091.wav,included,
REC015_SEG0092,REC015,SPK001,train,vad_v1,750.456,755.4,4.944,data/processed/segments/REC015/REC015_SEG0092.wav,included,
REC015_SEG0093,REC015,SPK001,train,vad_v1,756.632,762.504,5.872,data/processed/segments/REC015/REC015_SEG0093.wav,included,
REC015_SEG0094,REC015,SPK001,train,vad_v1,764.024,774.152,10.128,data/processed/segments/REC015/REC015_SEG0094.wav,included,
REC015_SEG0095,REC015,SPK001,train,vad_v1,776.088,783.496,7.408,data/processed/segments/REC015/REC015_SEG0095.wav,included,
REC015_SEG0096,REC015,SPK001,train,vad_v1,783.992,793.64,9.648,data/processed/segments/REC015/REC015_SEG0096.wav,included,
REC015_SEG0097,REC015,SPK001,train,vad_v1,794.488,797.384,2.896,data/processed/segments/REC015/REC015_SEG0097.wav,included,
REC015_SEG0098,REC015,SPK001,train,vad_v1,798.552,806.952,8.4,data/processed/segments/REC015/REC015_SEG0098.wav,included,
REC015_SEG0099,REC015,SPK001,train,vad_v1,807.992,811.656,3.664,data/processed/segments/REC015/REC015_SEG0099.wav,included,
REC015_SEG0100,REC015,SPK001,train,vad_v1,811.832,825.192,13.36,data/processed/segments/REC015/REC015_SEG0100.wav,included,
REC015_SEG0101,REC015,SPK001,train,vad_v1,825.848,828.424,2.576,data/processed/segments/REC015/REC015_SEG0101.wav,included,
REC015_SEG0102,REC015,SPK001,train,vad_v1,829.592,834.664,5.072,data/processed/segments/REC015/REC015_SEG0102.wav,included,
REC015_SEG0103,REC015,SPK001,train,vad_v1,835.224,846.704,11.48,data/processed/segments/REC015/REC015_SEG0103.wav,included,
REC015_SEG0104,REC015,SPK001,train,vad_v1,846.704,852.968,6.264,data/processed/segments/REC015/REC015_SEG0104.wav,included,
REC015_SEG0105,REC015,SPK001,train,vad_v1,854.488,858.952,4.464,data/processed/segments/REC015/REC015_SEG0105.wav,included,
REC015_SEG0106,REC015,SPK001,train,vad_v1,859.544,872.264,12.72,data/processed/segments/REC015/REC015_SEG0106.wav,included,
REC015_SEG0107,REC015,SPK001,train,vad_v1,872.792,878.44,5.648,data/processed/segments/REC015/REC015_SEG0107.wav,included,
REC015_SEG0108,REC015,SPK001,train,vad_v1,879.48,885.224,5.744,data/processed/segments/REC015/REC015_SEG0108.wav,included,
REC015_SEG0109,REC015,SPK001,train,vad_v1,886.584,893.064,6.48,data/processed/segments/REC015/REC015_SEG0109.wav,included,
REC015_SEG0110,REC015,SPK001,train,vad_v1,894.136,897.352,3.216,data/processed/segments/REC015/REC015_SEG0110.wav,included,
REC015_SEG0111,REC015,SPK001,train,vad_v1,899.512,905.384,5.872,data/processed/segments/REC015/REC015_SEG0111.wav,included,
REC015_SEG0112,REC015,SPK001,train,vad_v1,907.896,917.544,9.648,data/processed/segments/REC015/REC015_SEG0112.wav,included,
REC015_SEG0113,REC015,SPK001,train,vad_v1,918.104,931.624,13.52,data/processed/segments/REC015/REC015_SEG0113.wav,included,
REC015_SEG0114,REC015,SPK001,train,vad_v1,932.44,934.792,2.352,data/processed/segments/REC015/REC015_SEG0114.wav,included,
REC015_SEG0115,REC015,SPK001,train,vad_v1,935.288,948.904,13.616,data/processed/segments/REC015/REC015_SEG0115.wav,included,
REC015_SEG0116,REC015,SPK001,train,vad_v1,949.272,958.792,9.52,data/processed/segments/REC015/REC015_SEG0116.wav,included,
REC015_SEG0117,REC015,SPK001,train,vad_v1,959.192,965.0,5.808,data/processed/segments/REC015/REC015_SEG0117.wav,included,
REC015_SEG0118,REC015,SPK001,train,vad_v1,966.072,979.048,12.976,data/processed/segments/REC015/REC015_SEG0118.wav,included,
REC015_SEG0119,REC015,SPK001,train,vad_v1,979.768,991.624,11.856,data/processed/segments/REC015/REC015_SEG0119.wav,included,
REC015_SEG0120,REC015,SPK001,train,vad_v1,992.44,1004.104,11.664,data/processed/segments/REC015/REC015_SEG0120.wav,included,
REC015_SEG0121,REC015,SPK001,train,vad_v1,1006.136,1017.0,10.864,data/processed/segments/REC015/REC015_SEG0121.wav,included,
REC015_SEG0122,REC015,SPK001,train,vad_v1,1017.464,1021.704,4.24,data/processed/segments/REC015/REC015_SEG0122.wav,included,
REC015_SEG0123,REC015,SPK001,train,vad_v1,1022.456,1026.6,4.144,data/processed/segments/REC015/REC015_SEG0123.wav,included,
REC015_SEG0124,REC015,SPK001,train,vad_v1,1027.416,1031.176,3.76,data/processed/segments/REC015/REC015_SEG0124.wav,included,
REC015_SEG0125,REC015,SPK001,train,vad_v1,1031.576,1046.08,14.504,data/processed/segments/REC015/REC015_SEG0125.wav,included,
REC015_SEG0126,REC015,SPK001,train,vad_v1,1046.08,1052.232,6.152,data/processed/segments/REC015/REC015_SEG0126.wav,included,
REC015_SEG0127,REC015,SPK001,train,vad_v1,1052.824,1062.0,9.176,data/processed/segments/REC015/REC015_SEG0127.wav,included,
REC015_SEG0128,REC015,SPK001,train,vad_v1,1062.0,1068.872,6.872,data/processed/segments/REC015/REC015_SEG0128.wav,included,
REC015_SEG0129,REC015,SPK001,train,vad_v1,1069.72,1078.952,9.232,data/processed/segments/REC015/REC015_SEG0129.wav,included,
REC015_SEG0130,REC015,SPK001,train,vad_v1,1079.768,1083.72,3.952,data/processed/segments/REC015/REC015_SEG0130.wav,included,
REC015_SEG0131,REC015,SPK001,train,vad_v1,1083.896,1094.76,10.864,data/processed/segments/REC015/REC015_SEG0131.wav,included,
REC015_SEG0132,REC015,SPK001,train,vad_v1,1096.376,1101.096,4.72,data/processed/segments/REC015/REC015_SEG0132.wav,included,
REC015_SEG0133,REC015,SPK001,train,vad_v1,1102.008,1110.568,8.56,data/processed/segments/REC015/REC015_SEG0133.wav,included,
REC015_SEG0134,REC015,SPK001,train,vad_v1,1111.224,1123.144,11.92,data/processed/segments/REC015/REC015_SEG0134.wav,included,
REC015_SEG0135,REC015,SPK001,train,vad_v1,1123.928,1137.416,13.488,data/processed/segments/REC015/REC015_SEG0135.wav,included,
REC015_SEG0136,REC015,SPK001,train,vad_v1,1137.944,1147.08,9.136,data/processed/segments/REC015/REC015_SEG0136.wav,included,
REC015_SEG0137,REC015,SPK001,train,vad_v1,1147.16,1159.56,12.4,data/processed/segments/REC015/REC015_SEG0137.wav,included,
REC015_SEG0138,REC015,SPK001,train,vad_v1,1160.248,1167.176,6.928,data/processed/segments/REC015/REC015_SEG0138.wav,included,
REC015_SEG0139,REC015,SPK001,train,vad_v1,1167.416,1177.352,9.936,data/processed/segments/REC015/REC015_SEG0139.wav,included,
REC015_SEG0140,REC015,SPK001,train,vad_v1,1177.784,1183.784,6.0,data/processed/segments/REC015/REC015_SEG0140.wav,included,
REC015_SEG0141,REC015,SPK001,train,vad_v1,1184.664,1186.696,2.032,data/processed/segments/REC015/REC015_SEG0141.wav,included,
REC015_SEG0142,REC015,SPK001,train,vad_v1,1187.384,1195.336,7.952,data/processed/segments/REC015/REC015_SEG0142.wav,included,
REC015_SEG0143,REC015,SPK001,train,vad_v1,1195.96,1204.802,8.842,data/processed/segments/REC015/REC015_SEG0143.wav,included,
REC016_SEG0001,REC016,SPK001,train,vad_v1,0.216,9.0,8.784,data/processed/segments/REC016/REC016_SEG0001.wav,included,
REC016_SEG0002,REC016,SPK001,train,vad_v1,9.592,16.936,7.344,data/processed/segments/REC016/REC016_SEG0002.wav,included,
REC016_SEG0003,REC016,SPK001,train,vad_v1,17.752,28.776,11.024,data/processed/segments/REC016/REC016_SEG0003.wav,included,
REC016_SEG0004,REC016,SPK001,train,vad_v1,29.528,41.0,11.472,data/processed/segments/REC016/REC016_SEG0004.wav,included,
REC016_SEG0005,REC016,SPK001,train,vad_v1,42.488,45.384,2.896,data/processed/segments/REC016/REC016_SEG0005.wav,included,
REC016_SEG0006,REC016,SPK001,train,vad_v1,46.392,53.544,7.152,data/processed/segments/REC016/REC016_SEG0006.wav,included,
REC016_SEG0007,REC016,SPK001,train,vad_v1,53.56,64.104,10.544,data/processed/segments/REC016/REC016_SEG0007.wav,included,
REC016_SEG0008,REC016,SPK001,train,vad_v1,64.184,71.08,6.896,data/processed/segments/REC016/REC016_SEG0008.wav,included,
REC016_SEG0009,REC016,SPK001,train,vad_v1,72.44,78.728,6.288,data/processed/segments/REC016/REC016_SEG0009.wav,included,
REC016_SEG0010,REC016,SPK001,train,vad_v1,79.16,89.352,10.192,data/processed/segments/REC016/REC016_SEG0010.wav,included,
REC016_SEG0011,REC016,SPK001,train,vad_v1,89.72,99.112,9.392,data/processed/segments/REC016/REC016_SEG0011.wav,included,
REC016_SEG0012,REC016,SPK001,train,vad_v1,99.704,110.312,10.608,data/processed/segments/REC016/REC016_SEG0012.wav,included,
REC016_SEG0013,REC016,SPK001,train,vad_v1,110.712,121.576,10.864,data/processed/segments/REC016/REC016_SEG0013.wav,included,
REC016_SEG0014,REC016,SPK001,train,vad_v1,122.168,133.896,11.728,data/processed/segments/REC016/REC016_SEG0014.wav,included,
REC016_SEG0015,REC016,SPK001,train,vad_v1,134.648,135.976,1.328,data/processed/segments/REC016/REC016_SEG0015.wav,included,
REC016_SEG0016,REC016,SPK001,train,vad_v1,136.856,144.616,7.76,data/processed/segments/REC016/REC016_SEG0016.wav,included,
REC016_SEG0017,REC016,SPK001,train,vad_v1,145.816,159.688,13.872,data/processed/segments/REC016/REC016_SEG0017.wav,included,
REC016_SEG0018,REC016,SPK001,train,vad_v1,160.472,169.896,9.424,data/processed/segments/REC016/REC016_SEG0018.wav,included,
REC016_SEG0019,REC016,SPK001,train,vad_v1,171.352,172.36,1.008,data/processed/segments/REC016/REC016_SEG0019.wav,included,
REC016_SEG0020,REC016,SPK001,train,vad_v1,173.24,180.584,7.344,data/processed/segments/REC016/REC016_SEG0020.wav,included,
REC016_SEG0021,REC016,SPK001,train,vad_v1,181.496,185.256,3.76,data/processed/segments/REC016/REC016_SEG0021.wav,included,
REC016_SEG0022,REC016,SPK001,train,vad_v1,185.304,197.096,11.792,data/processed/segments/REC016/REC016_SEG0022.wav,included,
REC016_SEG0023,REC016,SPK001,train,vad_v1,197.752,211.592,13.84,data/processed/segments/REC016/REC016_SEG0023.wav,included,
REC016_SEG0024,REC016,SPK001,train,vad_v1,212.056,217.64,5.584,data/processed/segments/REC016/REC016_SEG0024.wav,included,
REC016_SEG0025,REC016,SPK001,train,vad_v1,218.296,219.336,1.04,data/processed/segments/REC016/REC016_SEG0025.wav,included,
REC016_SEG0026,REC016,SPK001,train,vad_v1,219.96,233.288,13.328,data/processed/segments/REC016/REC016_SEG0026.wav,included,
REC016_SEG0027,REC016,SPK001,train,vad_v1,233.496,240.2,6.704,data/processed/segments/REC016/REC016_SEG0027.wav,included,
REC016_SEG0028,REC016,SPK001,train,vad_v1,241.208,254.888,13.68,data/processed/segments/REC016/REC016_SEG0028.wav,included,
REC016_SEG0029,REC016,SPK001,train,vad_v1,255.0,259.528,4.528,data/processed/segments/REC016/REC016_SEG0029.wav,included,
REC016_SEG0030,REC016,SPK001,train,vad_v1,260.344,262.728,2.384,data/processed/segments/REC016/REC016_SEG0030.wav,included,
REC016_SEG0031,REC016,SPK001,train,vad_v1,263.0,277.392,14.392,data/processed/segments/REC016/REC016_SEG0031.wav,included,
REC016_SEG0032,REC016,SPK001,train,vad_v1,277.392,289.8,12.408,data/processed/segments/REC016/REC016_SEG0032.wav,included,
REC016_SEG0033,REC016,SPK001,train,vad_v1,290.36,297.192,6.832,data/processed/segments/REC016/REC016_SEG0033.wav,included,
REC016_SEG0034,REC016,SPK001,train,vad_v1,298.456,308.2,9.744,data/processed/segments/REC016/REC016_SEG0034.wav,included,
REC016_SEG0035,REC016,SPK001,train,vad_v1,308.792,320.2,11.408,data/processed/segments/REC016/REC016_SEG0035.wav,included,
REC016_SEG0036,REC016,SPK001,train,vad_v1,320.728,329.352,8.624,data/processed/segments/REC016/REC016_SEG0036.wav,included,
REC016_SEG0037,REC016,SPK001,train,vad_v1,329.432,336.616,7.184,data/processed/segments/REC016/REC016_SEG0037.wav,included,
REC016_SEG0038,REC016,SPK001,train,vad_v1,336.696,346.952,10.256,data/processed/segments/REC016/REC016_SEG0038.wav,included,
REC016_SEG0039,REC016,SPK001,train,vad_v1,347.256,353.864,6.608,data/processed/segments/REC016/REC016_SEG0039.wav,included,
REC016_SEG0040,REC016,SPK001,train,vad_v1,354.488,365.896,11.408,data/processed/segments/REC016/REC016_SEG0040.wav,included,
REC016_SEG0041,REC016,SPK001,train,vad_v1,367.192,375.464,8.272,data/processed/segments/REC016/REC016_SEG0041.wav,included,
REC016_SEG0042,REC016,SPK001,train,vad_v1,377.912,387.496,9.584,data/processed/segments/REC016/REC016_SEG0042.wav,included,
REC016_SEG0043,REC016,SPK001,train,vad_v1,388.728,401.32,12.592,data/processed/segments/REC016/REC016_SEG0043.wav,included,
REC016_SEG0044,REC016,SPK001,train,vad_v1,402.232,405.608,3.376,data/processed/segments/REC016/REC016_SEG0044.wav,included,
REC016_SEG0045,REC016,SPK001,train,vad_v1,406.072,420.008,13.936,data/processed/segments/REC016/REC016_SEG0045.wav,included,
REC016_SEG0046,REC016,SPK001,train,vad_v1,420.152,426.952,6.8,data/processed/segments/REC016/REC016_SEG0046.wav,included,
REC016_SEG0047,REC016,SPK001,train,vad_v1,428.76,431.464,2.704,data/processed/segments/REC016/REC016_SEG0047.wav,included,
REC016_SEG0048,REC016,SPK001,train,vad_v1,433.56,436.84,3.28,data/processed/segments/REC016/REC016_SEG0048.wav,included,
REC016_SEG0049,REC016,SPK001,train,vad_v1,438.264,441.8,3.536,data/processed/segments/REC016/REC016_SEG0049.wav,included,
REC016_SEG0050,REC016,SPK001,train,vad_v1,442.488,449.256,6.768,data/processed/segments/REC016/REC016_SEG0050.wav,included,
REC016_SEG0051,REC016,SPK001,train,vad_v1,449.752,462.216,12.464,data/processed/segments/REC016/REC016_SEG0051.wav,included,
REC016_SEG0052,REC016,SPK001,train,vad_v1,463.96,468.04,4.08,data/processed/segments/REC016/REC016_SEG0052.wav,included,
REC016_SEG0053,REC016,SPK001,train,vad_v1,468.504,483.312,14.808,data/processed/segments/REC016/REC016_SEG0053.wav,included,
REC016_SEG0054,REC016,SPK001,train,vad_v1,483.312,490.536,7.224,data/processed/segments/REC016/REC016_SEG0054.wav,included,
REC016_SEG0055,REC016,SPK001,train,vad_v1,491.032,503.208,12.176,data/processed/segments/REC016/REC016_SEG0055.wav,included,
REC016_SEG0056,REC016,SPK001,train,vad_v1,503.704,514.952,11.248,data/processed/segments/REC016/REC016_SEG0056.wav,included,
REC016_SEG0057,REC016,SPK001,train,vad_v1,515.736,524.424,8.688,data/processed/segments/REC016/REC016_SEG0057.wav,included,
REC016_SEG0058,REC016,SPK001,train,vad_v1,525.432,526.76,1.328,data/processed/segments/REC016/REC016_SEG0058.wav,included,
REC016_SEG0059,REC016,SPK001,train,vad_v1,528.024,529.128,1.104,data/processed/segments/REC016/REC016_SEG0059.wav,rejected,
REC016_SEG0060,REC016,SPK001,train,vad_v1,529.656,544.24,14.584,data/processed/segments/REC016/REC016_SEG0060.wav,included,
REC016_SEG0061,REC016,SPK001,train,vad_v1,544.24,546.44,2.2,data/processed/segments/REC016/REC016_SEG0061.wav,included,
REC016_SEG0062,REC016,SPK001,train,vad_v1,547.096,553.032,5.936,data/processed/segments/REC016/REC016_SEG0062.wav,included,
REC016_SEG0063,REC016,SPK001,train,vad_v1,555.544,563.528,7.984,data/processed/segments/REC016/REC016_SEG0063.wav,included,
REC016_SEG0064,REC016,SPK001,train,vad_v1,564.12,571.016,6.896,data/processed/segments/REC016/REC016_SEG0064.wav,included,
REC016_SEG0065,REC016,SPK001,train,vad_v1,571.416,579.88,8.464,data/processed/segments/REC016/REC016_SEG0065.wav,included,
REC016_SEG0066,REC016,SPK001,train,vad_v1,580.44,594.248,13.808,data/processed/segments/REC016/REC016_SEG0066.wav,included,
REC016_SEG0067,REC016,SPK001,train,vad_v1,594.84,605.352,10.512,data/processed/segments/REC016/REC016_SEG0067.wav,included,
REC016_SEG0068,REC016,SPK001,train,vad_v1,606.328,616.872,10.544,data/processed/segments/REC016/REC016_SEG0068.wav,included,
REC016_SEG0069,REC016,SPK001,train,vad_v1,617.592,619.144,1.552,data/processed/segments/REC016/REC016_SEG0069.wav,included,
REC016_SEG0070,REC016,SPK001,train,vad_v1,619.992,620.488,0.496,data/processed/segments/REC016/REC016_SEG0070.wav,rejected,
REC016_SEG0071,REC016,SPK001,train,vad_v1,620.664,635.472,14.808,data/processed/segments/REC016/REC016_SEG0071.wav,included,
REC016_SEG0072,REC016,SPK001,train,vad_v1,635.472,640.744,5.272,data/processed/segments/REC016/REC016_SEG0072.wav,included,
REC016_SEG0073,REC016,SPK001,train,vad_v1,641.144,654.472,13.328,data/processed/segments/REC016/REC016_SEG0073.wav,included,
REC016_SEG0074,REC016,SPK001,train,vad_v1,655.32,660.392,5.072,data/processed/segments/REC016/REC016_SEG0074.wav,included,
REC016_SEG0075,REC016,SPK001,train,vad_v1,661.112,662.088,0.976,data/processed/segments/REC016/REC016_SEG0075.wav,included,
REC016_SEG0076,REC016,SPK001,train,vad_v1,662.744,674.408,11.664,data/processed/segments/REC016/REC016_SEG0076.wav,included,
REC016_SEG0077,REC016,SPK001,train,vad_v1,676.888,682.344,5.456,data/processed/segments/REC016/REC016_SEG0077.wav,included,
REC016_SEG0078,REC016,SPK001,train,vad_v1,682.616,691.88,9.264,data/processed/segments/REC016/REC016_SEG0078.wav,included,
REC016_SEG0079,REC016,SPK001,train,vad_v1,693.816,706.952,13.136,data/processed/segments/REC016/REC016_SEG0079.wav,included,
REC016_SEG0080,REC016,SPK001,train,vad_v1,707.384,715.848,8.464,data/processed/segments/REC016/REC016_SEG0080.wav,included,
REC016_SEG0081,REC016,SPK001,train,vad_v1,716.76,724.104,7.344,data/processed/segments/REC016/REC016_SEG0081.wav,included,
REC016_SEG0082,REC016,SPK001,train,vad_v1,724.792,734.376,9.584,data/processed/segments/REC016/REC016_SEG0082.wav,included,
REC016_SEG0083,REC016,SPK001,train,vad_v1,735.224,736.488,1.264,data/processed/segments/REC016/REC016_SEG0083.wav,included,
REC016_SEG0084,REC016,SPK001,train,vad_v1,738.264,747.656,9.392,data/processed/segments/REC016/REC016_SEG0084.wav,included,
REC016_SEG0085,REC016,SPK001,train,vad_v1,750.488,764.168,13.68,data/processed/segments/REC016/REC016_SEG0085.wav,included,
REC016_SEG0086,REC016,SPK001,train,vad_v1,764.44,776.552,12.112,data/processed/segments/REC016/REC016_SEG0086.wav,included,
REC016_SEG0087,REC016,SPK001,train,vad_v1,776.728,780.2,3.472,data/processed/segments/REC016/REC016_SEG0087.wav,included,
REC016_SEG0088,REC016,SPK001,train,vad_v1,781.208,782.824,1.616,data/processed/segments/REC016/REC016_SEG0088.wav,included,
REC016_SEG0089,REC016,SPK001,train,vad_v1,784.536,793.32,8.784,data/processed/segments/REC016/REC016_SEG0089.wav,included,
REC016_SEG0090,REC016,SPK001,train,vad_v1,795.288,806.408,11.12,data/processed/segments/REC016/REC016_SEG0090.wav,included,
REC016_SEG0091,REC016,SPK001,train,vad_v1,809.048,813.224,4.176,data/processed/segments/REC016/REC016_SEG0091.wav,included,
REC016_SEG0092,REC016,SPK001,train,vad_v1,814.456,818.088,3.632,data/processed/segments/REC016/REC016_SEG0092.wav,included,
REC016_SEG0093,REC016,SPK001,train,vad_v1,819.672,822.504,2.832,data/processed/segments/REC016/REC016_SEG0093.wav,included,
REC016_SEG0094,REC016,SPK001,train,vad_v1,825.88,829.416,3.536,data/processed/segments/REC016/REC016_SEG0094.wav,included,
REC016_SEG0095,REC016,SPK001,train,vad_v1,831.416,834.28,2.864,data/processed/segments/REC016/REC016_SEG0095.wav,included,
REC016_SEG0096,REC016,SPK001,train,vad_v1,836.056,848.008,11.952,data/processed/segments/REC016/REC016_SEG0096.wav,included,
REC016_SEG0097,REC016,SPK001,train,vad_v1,849.56,853.832,4.272,data/processed/segments/REC016/REC016_SEG0097.wav,included,
REC016_SEG0098,REC016,SPK001,train,vad_v1,857.432,859.144,1.712,data/processed/segments/REC016/REC016_SEG0098.wav,included,
REC016_SEG0099,REC016,SPK001,train,vad_v1,860.344,861.384,1.04,data/processed/segments/REC016/REC016_SEG0099.wav,included,
REC016_SEG0100,REC016,SPK001,train,vad_v1,863.352,874.024,10.672,data/processed/segments/REC016/REC016_SEG0100.wav,included,
REC016_SEG0101,REC016,SPK001,train,vad_v1,874.744,888.456,13.712,data/processed/segments/REC016/REC016_SEG0101.wav,included,
REC016_SEG0102,REC016,SPK001,train,vad_v1,889.432,890.344,0.912,data/processed/segments/REC016/REC016_SEG0102.wav,included,
REC016_SEG0103,REC016,SPK001,train,vad_v1,895.448,896.424,0.976,data/processed/segments/REC016/REC016_SEG0103.wav,included,
REC016_SEG0104,REC016,SPK001,train,vad_v1,897.144,903.688,6.544,data/processed/segments/REC016/REC016_SEG0104.wav,included,
REC016_SEG0105,REC016,SPK001,train,vad_v1,903.832,914.056,10.224,data/processed/segments/REC016/REC016_SEG0105.wav,included,
REC016_SEG0106,REC016,SPK001,train,vad_v1,916.728,927.208,10.48,data/processed/segments/REC016/REC016_SEG0106.wav,included,
REC016_SEG0107,REC016,SPK001,train,vad_v1,931.256,934.92,3.664,data/processed/segments/REC016/REC016_SEG0107.wav,included,
REC016_SEG0108,REC016,SPK001,train,vad_v1,935.608,940.04,4.432,data/processed/segments/REC016/REC016_SEG0108.wav,included,
REC016_SEG0109,REC016,SPK001,train,vad_v1,942.968,947.4,4.432,data/processed/segments/REC016/REC016_SEG0109.wav,included,
REC016_SEG0110,REC016,SPK001,train,vad_v1,948.568,949.448,0.88,data/processed/segments/REC016/REC016_SEG0110.wav,included,
REC016_SEG0111,REC016,SPK001,train,vad_v1,949.88,963.848,13.968,data/processed/segments/REC016/REC016_SEG0111.wav,included,
REC016_SEG0112,REC016,SPK001,train,vad_v1,963.992,977.352,13.36,data/processed/segments/REC016/REC016_SEG0112.wav,included,
REC016_SEG0113,REC016,SPK001,train,vad_v1,978.648,988.81,10.162,data/processed/segments/REC016/REC016_SEG0113.wav,included,
REC034_SEG0001,REC034,SPK002,train,vad_v1,2.616,5.224,2.608,data/processed/segments/REC034/REC034_SEG0001.wav,included,
REC034_SEG0002,REC034,SPK002,train,vad_v1,5.688,18.376,12.688,data/processed/segments/REC034/REC034_SEG0002.wav,included,
REC034_SEG0003,REC034,SPK002,train,vad_v1,18.808,26.088,7.28,data/processed/segments/REC034/REC034_SEG0003.wav,included,
REC034_SEG0004,REC034,SPK002,train,vad_v1,26.52,35.24,8.72,data/processed/segments/REC034/REC034_SEG0004.wav,included,
REC034_SEG0005,REC034,SPK002,train,vad_v1,35.8,43.048,7.248,data/processed/segments/REC034/REC034_SEG0005.wav,included,
REC034_SEG0006,REC034,SPK002,train,vad_v1,43.544,54.728,11.184,data/processed/segments/REC034/REC034_SEG0006.wav,included,
REC034_SEG0007,REC034,SPK002,train,vad_v1,55.192,65.864,10.672,data/processed/segments/REC034/REC034_SEG0007.wav,included,
REC034_SEG0008,REC034,SPK002,train,vad_v1,66.232,75.016,8.784,data/processed/segments/REC034/REC034_SEG0008.wav,included,
REC034_SEG0009,REC034,SPK002,train,vad_v1,75.416,85.992,10.576,data/processed/segments/REC034/REC034_SEG0009.wav,included,
REC034_SEG0010,REC034,SPK002,train,vad_v1,86.136,98.344,12.208,data/processed/segments/REC034/REC034_SEG0010.wav,included,
REC034_SEG0011,REC034,SPK002,train,vad_v1,98.584,110.728,12.144,data/processed/segments/REC034/REC034_SEG0011.wav,included,
REC034_SEG0012,REC034,SPK002,train,vad_v1,111.128,119.272,8.144,data/processed/segments/REC034/REC034_SEG0012.wav,included,
REC034_SEG0013,REC034,SPK002,train,vad_v1,119.608,132.52,12.912,data/processed/segments/REC034/REC034_SEG0013.wav,included,
REC034_SEG0014,REC034,SPK002,train,vad_v1,132.984,144.68,11.696,data/processed/segments/REC034/REC034_SEG0014.wav,included,
REC034_SEG0015,REC034,SPK002,train,vad_v1,144.952,148.392,3.44,data/processed/segments/REC034/REC034_SEG0015.wav,included,
REC034_SEG0016,REC034,SPK002,train,vad_v1,148.696,160.912,12.216,data/processed/segments/REC034/REC034_SEG0016.wav,included,
REC034_SEG0017,REC034,SPK002,train,vad_v1,160.912,169.032,8.12,data/processed/segments/REC034/REC034_SEG0017.wav,included,
REC034_SEG0018,REC034,SPK002,train,vad_v1,169.176,181.8,12.624,data/processed/segments/REC034/REC034_SEG0018.wav,included,
REC034_SEG0019,REC034,SPK002,train,vad_v1,182.04,185.832,3.792,data/processed/segments/REC034/REC034_SEG0019.wav,included,
REC034_SEG0020,REC034,SPK002,train,vad_v1,186.104,199.872,13.768,data/processed/segments/REC034/REC034_SEG0020.wav,included,
REC034_SEG0021,REC034,SPK002,train,vad_v1,199.872,202.568,2.696,data/processed/segments/REC034/REC034_SEG0021.wav,included,
REC034_SEG0022,REC034,SPK002,train,vad_v1,203.064,215.464,12.4,data/processed/segments/REC034/REC034_SEG0022.wav,included,
REC034_SEG0023,REC034,SPK002,train,vad_v1,215.736,219.24,3.504,data/processed/segments/REC034/REC034_SEG0023.wav,included,
REC034_SEG0024,REC034,SPK002,train,vad_v1,219.384,230.984,11.6,data/processed/segments/REC034/REC034_SEG0024.wav,included,
REC034_SEG0025,REC034,SPK002,train,vad_v1,231.224,243.016,11.792,data/processed/segments/REC034/REC034_SEG0025.wav,included,
REC034_SEG0026,REC034,SPK002,train,vad_v1,243.224,251.24,8.016,data/processed/segments/REC034/REC034_SEG0026.wav,included,
REC034_SEG0027,REC034,SPK002,train,vad_v1,251.448,261.096,9.648,data/processed/segments/REC034/REC034_SEG0027.wav,included,
REC034_SEG0028,REC034,SPK002,train,vad_v1,261.144,271.976,10.832,data/processed/segments/REC034/REC034_SEG0028.wav,included,
REC034_SEG0029,REC034,SPK002,train,vad_v1,272.056,285.352,13.296,data/processed/segments/REC034/REC034_SEG0029.wav,included,
REC034_SEG0030,REC034,SPK002,train,vad_v1,285.4,293.736,8.336,data/processed/segments/REC034/REC034_SEG0030.wav,included,
REC034_SEG0031,REC034,SPK002,train,vad_v1,293.848,307.976,14.128,data/processed/segments/REC034/REC034_SEG0031.wav,included,
REC034_SEG0032,REC034,SPK002,train,vad_v1,308.056,320.104,12.048,data/processed/segments/REC034/REC034_SEG0032.wav,included,
REC034_SEG0033,REC034,SPK002,train,vad_v1,320.6,332.552,11.952,data/processed/segments/REC034/REC034_SEG0033.wav,included,
REC034_SEG0034,REC034,SPK002,train,vad_v1,332.728,345.04,12.312,data/processed/segments/REC034/REC034_SEG0034.wav,included,
REC034_SEG0035,REC034,SPK002,train,vad_v1,345.04,350.632,5.592,data/processed/segments/REC034/REC034_SEG0035.wav,included,
REC034_SEG0036,REC034,SPK002,train,vad_v1,350.936,361.216,10.28,data/processed/segments/REC034/REC034_SEG0036.wav,included,
REC034_SEG0037,REC034,SPK002,train,vad_v1,361.216,369.704,8.488,data/processed/segments/REC034/REC034_SEG0037.wav,included,
REC034_SEG0038,REC034,SPK002,train,vad_v1,369.88,376.2,6.32,data/processed/segments/REC034/REC034_SEG0038.wav,included,
REC034_SEG0039,REC034,SPK002,train,vad_v1,376.344,388.768,12.424,data/processed/segments/REC034/REC034_SEG0039.wav,included,
REC034_SEG0040,REC034,SPK002,train,vad_v1,388.768,402.216,13.448,data/processed/segments/REC034/REC034_SEG0040.wav,included,
REC034_SEG0041,REC034,SPK002,train,vad_v1,402.424,414.056,11.632,data/processed/segments/REC034/REC034_SEG0041.wav,included,
REC034_SEG0042,REC034,SPK002,train,vad_v1,414.168,425.832,11.664,data/processed/segments/REC034/REC034_SEG0042.wav,included,
REC034_SEG0043,REC034,SPK002,train,vad_v1,425.944,432.456,6.512,data/processed/segments/REC034/REC034_SEG0043.wav,included,
REC034_SEG0044,REC034,SPK002,train,vad_v1,432.536,441.864,9.328,data/processed/segments/REC034/REC034_SEG0044.wav,included,
REC034_SEG0045,REC034,SPK002,train,vad_v1,441.944,450.728,8.784,data/processed/segments/REC034/REC034_SEG0045.wav,included,
REC034_SEG0046,REC034,SPK002,train,vad_v1,450.808,460.2,9.392,data/processed/segments/REC034/REC034_SEG0046.wav,included,
REC034_SEG0047,REC034,SPK002,train,vad_v1,460.376,471.048,10.672,data/processed/segments/REC034/REC034_SEG0047.wav,included,
REC034_SEG0048,REC034,SPK002,train,vad_v1,471.16,475.368,4.208,data/processed/segments/REC034/REC034_SEG0048.wav,included,
REC034_SEG0049,REC034,SPK002,train,vad_v1,475.416,489.576,14.16,data/processed/segments/REC034/REC034_SEG0049.wav,included,
REC034_SEG0050,REC034,SPK002,train,vad_v1,489.656,498.568,8.912,data/processed/segments/REC034/REC034_SEG0050.wav,included,
REC034_SEG0051,REC034,SPK002,train,vad_v1,498.744,507.688,8.944,data/processed/segments/REC034/REC034_SEG0051.wav,included,
REC034_SEG0052,REC034,SPK002,train,vad_v1,507.704,517.416,9.712,data/processed/segments/REC034/REC034_SEG0052.wav,included,
REC034_SEG0053,REC034,SPK002,train,vad_v1,517.624,529.256,11.632,data/processed/segments/REC034/REC034_SEG0053.wav,included,
REC034_SEG0054,REC034,SPK002,train,vad_v1,529.336,533.96,4.624,data/processed/segments/REC034/REC034_SEG0054.wav,included,
REC034_SEG0055,REC034,SPK002,train,vad_v1,533.976,545.776,11.8,data/processed/segments/REC034/REC034_SEG0055.wav,included,
REC034_SEG0056,REC034,SPK002,train,vad_v1,545.776,559.464,13.688,data/processed/segments/REC034/REC034_SEG0056.wav,included,
REC034_SEG0057,REC034,SPK002,train,vad_v1,559.672,567.24,7.568,data/processed/segments/REC034/REC034_SEG0057.wav,included,
REC034_SEG0058,REC034,SPK002,train,vad_v1,567.704,577.472,9.768,data/processed/segments/REC034/REC034_SEG0058.wav,included,
REC034_SEG0059,REC034,SPK002,train,vad_v1,577.472,588.424,10.952,data/processed/segments/REC034/REC034_SEG0059.wav,included,
REC034_SEG0060,REC034,SPK002,train,vad_v1,588.504,594.728,6.224,data/processed/segments/REC034/REC034_SEG0060.wav,included,
REC034_SEG0061,REC034,SPK002,train,vad_v1,595.16,608.2,13.04,data/processed/segments/REC034/REC034_SEG0061.wav,included,
REC034_SEG0062,REC034,SPK002,train,vad_v1,608.504,610.216,1.712,data/processed/segments/REC034/REC034_SEG0062.wav,included,
REC034_SEG0063,REC034,SPK002,train,vad_v1,610.36,623.936,13.576,data/processed/segments/REC034/REC034_SEG0063.wav,included,
REC034_SEG0064,REC034,SPK002,train,vad_v1,623.936,635.912,11.976,data/processed/segments/REC034/REC034_SEG0064.wav,included,
REC034_SEG0065,REC034,SPK002,train,vad_v1,636.024,640.456,4.432,data/processed/segments/REC034/REC034_SEG0065.wav,included,
REC034_SEG0066,REC034,SPK002,train,vad_v1,640.472,653.992,13.52,data/processed/segments/REC034/REC034_SEG0066.wav,included,
REC034_SEG0067,REC034,SPK002,train,vad_v1,654.008,664.872,10.864,data/processed/segments/REC034/REC034_SEG0067.wav,included,
REC034_SEG0068,REC034,SPK002,train,vad_v1,664.888,669.024,4.136,data/processed/segments/REC034/REC034_SEG0068.wav,included,
REC034_SEG0069,REC034,SPK002,train,vad_v1,669.024,683.824,14.8,data/processed/segments/REC034/REC034_SEG0069.wav,included,
REC034_SEG0070,REC034,SPK002,train,vad_v1,683.824,685.192,1.368,data/processed/segments/REC034/REC034_SEG0070.wav,included,
REC034_SEG0071,REC034,SPK002,train,vad_v1,685.592,698.608,13.016,data/processed/segments/REC034/REC034_SEG0071.wav,included,
REC034_SEG0072,REC034,SPK002,train,vad_v1,698.608,703.904,5.296,data/processed/segments/REC034/REC034_SEG0072.wav,included,
REC034_SEG0073,REC034,SPK002,train,vad_v1,703.904,714.72,10.816,data/processed/segments/REC034/REC034_SEG0073.wav,included,
REC034_SEG0074,REC034,SPK002,train,vad_v1,714.72,726.984,12.264,data/processed/segments/REC034/REC034_SEG0074.wav,included,
REC034_SEG0075,REC034,SPK002,train,vad_v1,727.192,739.648,12.456,data/processed/segments/REC034/REC034_SEG0075.wav,included,
REC034_SEG0076,REC034,SPK002,train,vad_v1,739.648,750.28,10.632,data/processed/segments/REC034/REC034_SEG0076.wav,included,
REC034_SEG0077,REC034,SPK002,train,vad_v1,750.488,754.952,4.464,data/processed/segments/REC034/REC034_SEG0077.wav,included,
REC034_SEG0078,REC034,SPK002,train,vad_v1,755.256,767.208,11.952,data/processed/segments/REC034/REC034_SEG0078.wav,included,
REC034_SEG0079,REC034,SPK002,train,vad_v1,767.256,776.488,9.232,data/processed/segments/REC034/REC034_SEG0079.wav,included,
REC034_SEG0080,REC034,SPK002,train,vad_v1,777.304,790.632,13.328,data/processed/segments/REC034/REC034_SEG0080.wav,included,
REC034_SEG0081,REC034,SPK002,train,vad_v1,790.648,803.504,12.856,data/processed/segments/REC034/REC034_SEG0081.wav,included,
REC034_SEG0082,REC034,SPK002,train,vad_v1,803.504,816.296,12.792,data/processed/segments/REC034/REC034_SEG0082.wav,included,
REC034_SEG0083,REC034,SPK002,train,vad_v1,816.344,828.456,12.112,data/processed/segments/REC034/REC034_SEG0083.wav,included,
REC034_SEG0084,REC034,SPK002,train,vad_v1,828.568,837.864,9.296,data/processed/segments/REC034/REC034_SEG0084.wav,included,
REC034_SEG0085,REC034,SPK002,train,vad_v1,837.944,847.504,9.56,data/processed/segments/REC034/REC034_SEG0085.wav,included,
REC034_SEG0086,REC034,SPK002,train,vad_v1,847.504,856.744,9.24,data/processed/segments/REC034/REC034_SEG0086.wav,included,
REC034_SEG0087,REC034,SPK002,train,vad_v1,856.952,862.92,5.968,data/processed/segments/REC034/REC034_SEG0087.wav,included,
REC034_SEG0088,REC034,SPK002,train,vad_v1,862.936,874.864,11.928,data/processed/segments/REC034/REC034_SEG0088.wav,included,
REC034_SEG0089,REC034,SPK002,train,vad_v1,874.864,881.224,6.36,data/processed/segments/REC034/REC034_SEG0089.wav,included,
REC034_SEG0090,REC034,SPK002,train,vad_v1,881.496,894.952,13.456,data/processed/segments/REC034/REC034_SEG0090.wav,included,
REC034_SEG0091,REC034,SPK002,train,vad_v1,895.032,904.944,9.912,data/processed/segments/REC034/REC034_SEG0091.wav,included,
REC034_SEG0092,REC034,SPK002,train,vad_v1,904.944,915.976,11.032,data/processed/segments/REC034/REC034_SEG0092.wav,included,
REC034_SEG0093,REC034,SPK002,train,vad_v1,916.056,925.992,9.936,data/processed/segments/REC034/REC034_SEG0093.wav,included,
REC034_SEG0094,REC034,SPK002,train,vad_v1,926.264,933.32,7.056,data/processed/segments/REC034/REC034_SEG0094.wav,included,
REC035_SEG0001,REC035,SPK002,train,vad_v1,0.664,8.04,7.376,data/processed/segments/REC035/REC035_SEG0001.wav,included,
REC035_SEG0002,REC035,SPK002,train,vad_v1,9.208,17.32,8.112,data/processed/segments/REC035/REC035_SEG0002.wav,included,
REC035_SEG0003,REC035,SPK002,train,vad_v1,18.584,28.776,10.192,data/processed/segments/REC035/REC035_SEG0003.wav,included,
REC035_SEG0004,REC035,SPK002,train,vad_v1,30.712,39.176,8.464,data/processed/segments/REC035/REC035_SEG0004.wav,included,
REC035_SEG0005,REC035,SPK002,train,vad_v1,40.12,41.64,1.52,data/processed/segments/REC035/REC035_SEG0005.wav,included,
REC035_SEG0006,REC035,SPK002,train,vad_v1,41.976,55.112,13.136,data/processed/segments/REC035/REC035_SEG0006.wav,included,
REC035_SEG0007,REC035,SPK002,train,vad_v1,55.608,62.984,7.376,data/processed/segments/REC035/REC035_SEG0007.wav,included,
REC035_SEG0008,REC035,SPK002,train,vad_v1,65.272,72.936,7.664,data/processed/segments/REC035/REC035_SEG0008.wav,included,
REC035_SEG0009,REC035,SPK002,train,vad_v1,73.432,82.536,9.104,data/processed/segments/REC035/REC035_SEG0009.wav,included,
REC035_SEG0010,REC035,SPK002,train,vad_v1,82.68,93.224,10.544,data/processed/segments/REC035/REC035_SEG0010.wav,included,
REC035_SEG0011,REC035,SPK002,train,vad_v1,94.84,98.6,3.76,data/processed/segments/REC035/REC035_SEG0011.wav,included,
REC035_SEG0012,REC035,SPK002,train,vad_v1,99.928,108.712,8.784,data/processed/segments/REC035/REC035_SEG0012.wav,included,
REC035_SEG0013,REC035,SPK002,train,vad_v1,109.784,112.488,2.704,data/processed/segments/REC035/REC035_SEG0013.wav,included,
REC035_SEG0014,REC035,SPK002,train,vad_v1,112.792,125.064,12.272,data/processed/segments/REC035/REC035_SEG0014.wav,included,
REC035_SEG0015,REC035,SPK002,train,vad_v1,125.56,137.96,12.4,data/processed/segments/REC035/REC035_SEG0015.wav,included,
REC035_SEG0016,REC035,SPK002,train,vad_v1,138.232,145.928,7.696,data/processed/segments/REC035/REC035_SEG0016.wav,included,
REC035_SEG0017,REC035,SPK002,train,vad_v1,146.52,160.104,13.584,data/processed/segments/REC035/REC035_SEG0017.wav,included,
REC035_SEG0018,REC035,SPK002,train,vad_v1,161.304,172.584,11.28,data/processed/segments/REC035/REC035_SEG0018.wav,included,
REC035_SEG0019,REC035,SPK002,train,vad_v1,173.912,176.168,2.256,data/processed/segments/REC035/REC035_SEG0019.wav,rejected,
REC035_SEG0020,REC035,SPK002,train,vad_v1,177.304,183.176,5.872,data/processed/segments/REC035/REC035_SEG0020.wav,included,
REC035_SEG0021,REC035,SPK002,train,vad_v1,183.736,192.296,8.56,data/processed/segments/REC035/REC035_SEG0021.wav,included,
REC035_SEG0022,REC035,SPK002,train,vad_v1,192.664,204.488,11.824,data/processed/segments/REC035/REC035_SEG0022.wav,included,
REC035_SEG0023,REC035,SPK002,train,vad_v1,205.56,213.288,7.728,data/processed/segments/REC035/REC035_SEG0023.wav,included,
REC035_SEG0024,REC035,SPK002,train,vad_v1,214.36,216.488,2.128,data/processed/segments/REC035/REC035_SEG0024.wav,included,
REC035_SEG0025,REC035,SPK002,train,vad_v1,217.432,229.32,11.888,data/processed/segments/REC035/REC035_SEG0025.wav,included,
REC035_SEG0026,REC035,SPK002,train,vad_v1,229.592,238.728,9.136,data/processed/segments/REC035/REC035_SEG0026.wav,included,
REC035_SEG0027,REC035,SPK002,train,vad_v1,239.416,253.32,13.904,data/processed/segments/REC035/REC035_SEG0027.wav,included,
REC035_SEG0028,REC035,SPK002,train,vad_v1,253.592,260.488,6.896,data/processed/segments/REC035/REC035_SEG0028.wav,included,
REC035_SEG0029,REC035,SPK002,train,vad_v1,261.368,265.416,4.048,data/processed/segments/REC035/REC035_SEG0029.wav,included,
REC035_SEG0030,REC035,SPK002,train,vad_v1,265.88,278.984,13.104,data/processed/segments/REC035/REC035_SEG0030.wav,included,
REC035_SEG0031,REC035,SPK002,train,vad_v1,279.512,283.368,3.856,data/processed/segments/REC035/REC035_SEG0031.wav,included,
REC035_SEG0032,REC035,SPK002,train,vad_v1,284.184,295.624,11.44,data/processed/segments/REC035/REC035_SEG0032.wav,included,
REC035_SEG0033,REC035,SPK002,train,vad_v1,296.504,299.816,3.312,data/processed/segments/REC035/REC035_SEG0033.wav,included,
REC035_SEG0034,REC035,SPK002,train,vad_v1,300.568,302.248,1.68,data/processed/segments/REC035/REC035_SEG0034.wav,included,
REC035_SEG0035,REC035,SPK002,train,vad_v1,303.64,308.2,4.56,data/processed/segments/REC035/REC035_SEG0035.wav,included,
REC035_SEG0036,REC035,SPK002,train,vad_v1,309.144,313.8,4.656,data/processed/segments/REC035/REC035_SEG0036.wav,included,
REC035_SEG0037,REC035,SPK002,train,vad_v1,314.392,324.136,9.744,data/processed/segments/REC035/REC035_SEG0037.wav,included,
REC035_SEG0038,REC035,SPK002,train,vad_v1,325.144,327.784,2.64,data/processed/segments/REC035/REC035_SEG0038.wav,included,
REC035_SEG0039,REC035,SPK002,train,vad_v1,328.632,338.632,10.0,data/processed/segments/REC035/REC035_SEG0039.wav,included,
REC035_SEG0040,REC035,SPK002,train,vad_v1,339.384,345.832,6.448,data/processed/segments/REC035/REC035_SEG0040.wav,included,
REC035_SEG0041,REC035,SPK002,train,vad_v1,346.776,354.856,8.08,data/processed/segments/REC035/REC035_SEG0041.wav,included,
REC035_SEG0042,REC035,SPK002,train,vad_v1,355.448,367.56,12.112,data/processed/segments/REC035/REC035_SEG0042.wav,included,
REC035_SEG0043,REC035,SPK002,train,vad_v1,367.992,372.68,4.688,data/processed/segments/REC035/REC035_SEG0043.wav,included,
REC035_SEG0044,REC035,SPK002,train,vad_v1,374.52,375.592,1.072,data/processed/segments/REC035/REC035_SEG0044.wav,included,
REC035_SEG0045,REC035,SPK002,train,vad_v1,376.344,377.608,1.264,data/processed/segments/REC035/REC035_SEG0045.wav,included,
REC035_SEG0046,REC035,SPK002,train,vad_v1,379.608,385.672,6.064,data/processed/segments/REC035/REC035_SEG0046.wav,included,
REC035_SEG0047,REC035,SPK002,train,vad_v1,386.84,388.424,1.584,data/processed/segments/REC035/REC035_SEG0047.wav,included,
REC035_SEG0048,REC035,SPK002,train,vad_v1,389.24,390.504,1.264,data/processed/segments/REC035/REC035_SEG0048.wav,included,
REC035_SEG0049,REC035,SPK002,train,vad_v1,391.192,394.44,3.248,data/processed/segments/REC035/REC035_SEG0049.wav,included,
REC035_SEG0050,REC035,SPK002,train,vad_v1,395.8,399.24,3.44,data/processed/segments/REC035/REC035_SEG0050.wav,included,
REC035_SEG0051,REC035,SPK002,train,vad_v1,400.28,405.864,5.584,data/processed/segments/REC035/REC035_SEG0051.wav,included,
REC035_SEG0052,REC035,SPK002,train,vad_v1,406.52,407.816,1.296,data/processed/segments/REC035/REC035_SEG0052.wav,included,
REC035_SEG0053,REC035,SPK002,train,vad_v1,408.76,413.544,4.784,data/processed/segments/REC035/REC035_SEG0053.wav,included,
REC035_SEG0054,REC035,SPK002,train,vad_v1,414.232,419.624,5.392,data/processed/segments/REC035/REC035_SEG0054.wav,included,
REC035_SEG0055,REC035,SPK002,train,vad_v1,421.08,425.0,3.92,data/processed/segments/REC035/REC035_SEG0055.wav,included,
REC035_SEG0056,REC035,SPK002,train,vad_v1,426.392,430.248,3.856,data/processed/segments/REC035/REC035_SEG0056.wav,included,
REC035_SEG0057,REC035,SPK002,train,vad_v1,431.736,433.256,1.52,data/processed/segments/REC035/REC035_SEG0057.wav,included,
REC035_SEG0058,REC035,SPK002,train,vad_v1,433.944,447.208,13.264,data/processed/segments/REC035/REC035_SEG0058.wav,included,
REC035_SEG0059,REC035,SPK002,train,vad_v1,447.768,457.48,9.712,data/processed/segments/REC035/REC035_SEG0059.wav,included,
REC035_SEG0060,REC035,SPK002,train,vad_v1,457.912,463.24,5.328,data/processed/segments/REC035/REC035_SEG0060.wav,included,
REC035_SEG0061,REC035,SPK002,train,vad_v1,465.208,476.584,11.376,data/processed/segments/REC035/REC035_SEG0061.wav,included,
REC035_SEG0062,REC035,SPK002,train,vad_v1,477.56,483.912,6.352,data/processed/segments/REC035/REC035_SEG0062.wav,included,
REC035_SEG0063,REC035,SPK002,train,vad_v1,484.344,493.672,9.328,data/processed/segments/REC035/REC035_SEG0063.wav,included,
REC035_SEG0064,REC035,SPK002,train,vad_v1,494.136,504.744,10.608,data/processed/segments/REC035/REC035_SEG0064.wav,included,
REC035_SEG0065,REC035,SPK002,train,vad_v1,505.496,511.912,6.416,data/processed/segments/REC035/REC035_SEG0065.wav,included,
REC035_SEG0066,REC035,SPK002,train,vad_v1,513.848,519.304,5.456,data/processed/segments/REC035/REC035_SEG0066.wav,included,
REC035_SEG0067,REC035,SPK002,train,vad_v1,520.44,531.272,10.832,data/processed/segments/REC035/REC035_SEG0067.wav,included,
REC035_SEG0068,REC035,SPK002,train,vad_v1,532.184,543.336,11.152,data/processed/segments/REC035/REC035_SEG0068.wav,included,
REC035_SEG0069,REC035,SPK002,train,vad_v1,544.44,551.304,6.864,data/processed/segments/REC035/REC035_SEG0069.wav,included,
REC035_SEG0070,REC035,SPK002,train,vad_v1,552.28,564.776,12.496,data/processed/segments/REC035/REC035_SEG0070.wav,included,
REC035_SEG0071,REC035,SPK002,train,vad_v1,565.24,568.712,3.472,data/processed/segments/REC035/REC035_SEG0071.wav,included,
REC035_SEG0072,REC035,SPK002,train,vad_v1,570.168,579.528,9.36,data/processed/segments/REC035/REC035_SEG0072.wav,included,
REC035_SEG0073,REC035,SPK002,train,vad_v1,579.928,590.024,10.096,data/processed/segments/REC035/REC035_SEG0073.wav,included,
REC035_SEG0074,REC035,SPK002,train,vad_v1,590.552,595.464,4.912,data/processed/segments/REC035/REC035_SEG0074.wav,included,
REC035_SEG0075,REC035,SPK002,train,vad_v1,596.344,598.888,2.544,data/processed/segments/REC035/REC035_SEG0075.wav,included,
REC035_SEG0076,REC035,SPK002,train,vad_v1,599.896,604.296,4.4,data/processed/segments/REC035/REC035_SEG0076.wav,included,
REC035_SEG0077,REC035,SPK002,train,vad_v1,605.272,613.608,8.336,data/processed/segments/REC035/REC035_SEG0077.wav,included,
REC035_SEG0078,REC035,SPK002,train,vad_v1,614.296,617.672,3.376,data/processed/segments/REC035/REC035_SEG0078.wav,included,
REC035_SEG0079,REC035,SPK002,train,vad_v1,618.328,625.352,7.024,data/processed/segments/REC035/REC035_SEG0079.wav,included,
REC035_SEG0080,REC035,SPK002,train,vad_v1,627.256,630.92,3.664,data/processed/segments/REC035/REC035_SEG0080.wav,included,
REC035_SEG0081,REC035,SPK002,train,vad_v1,631.864,632.776,0.912,data/processed/segments/REC035/REC035_SEG0081.wav,rejected,
REC035_SEG0082,REC035,SPK002,train,vad_v1,634.008,635.208,1.2,data/processed/segments/REC035/REC035_SEG0082.wav,included,
REC035_SEG0083,REC035,SPK002,train,vad_v1,636.056,639.496,3.44,data/processed/segments/REC035/REC035_SEG0083.wav,included,
REC035_SEG0084,REC035,SPK002,train,vad_v1,640.504,643.4,2.896,data/processed/segments/REC035/REC035_SEG0084.wav,included,
REC035_SEG0085,REC035,SPK002,train,vad_v1,644.44,646.312,1.872,data/processed/segments/REC035/REC035_SEG0085.wav,included,
REC035_SEG0086,REC035,SPK002,train,vad_v1,647.448,654.408,6.96,data/processed/segments/REC035/REC035_SEG0086.wav,included,
REC035_SEG0087,REC035,SPK002,train,vad_v1,658.808,670.312,11.504,data/processed/segments/REC035/REC035_SEG0087.wav,included,
REC035_SEG0088,REC035,SPK002,train,vad_v1,671.32,676.68,5.36,data/processed/segments/REC035/REC035_SEG0088.wav,included,
REC035_SEG0089,REC035,SPK002,train,vad_v1,677.368,682.792,5.424,data/processed/segments/REC035/REC035_SEG0089.wav,included,
REC035_SEG0090,REC035,SPK002,train,vad_v1,683.864,695.464,11.6,data/processed/segments/REC035/REC035_SEG0090.wav,included,
REC035_SEG0091,REC035,SPK002,train,vad_v1,697.24,708.584,11.344,data/processed/segments/REC035/REC035_SEG0091.wav,included,
REC035_SEG0092,REC035,SPK002,train,vad_v1,709.752,713.192,3.44,data/processed/segments/REC035/REC035_SEG0092.wav,included,
REC035_SEG0093,REC035,SPK002,train,vad_v1,713.496,725.416,11.92,data/processed/segments/REC035/REC035_SEG0093.wav,included,
REC035_SEG0094,REC035,SPK002,train,vad_v1,725.784,730.888,5.104,data/processed/segments/REC035/REC035_SEG0094.wav,included,
REC035_SEG0095,REC035,SPK002,train,vad_v1,731.352,744.52,13.168,data/processed/segments/REC035/REC035_SEG0095.wav,included,
REC035_SEG0096,REC035,SPK002,train,vad_v1,745.432,750.504,5.072,data/processed/segments/REC035/REC035_SEG0096.wav,included,
REC035_SEG0097,REC035,SPK002,train,vad_v1,751.512,754.888,3.376,data/processed/segments/REC035/REC035_SEG0097.wav,included,
REC035_SEG0098,REC035,SPK002,train,vad_v1,755.928,763.08,7.152,data/processed/segments/REC035/REC035_SEG0098.wav,included,
REC035_SEG0099,REC035,SPK002,train,vad_v1,763.32,776.968,13.648,data/processed/segments/REC035/REC035_SEG0099.wav,included,
REC035_SEG0100,REC035,SPK002,train,vad_v1,777.368,786.472,9.104,data/processed/segments/REC035/REC035_SEG0100.wav,included,
REC035_SEG0101,REC035,SPK002,train,vad_v1,787.0,795.592,8.592,data/processed/segments/REC035/REC035_SEG0101.wav,included,
REC035_SEG0102,REC035,SPK002,train,vad_v1,796.184,807.368,11.184,data/processed/segments/REC035/REC035_SEG0102.wav,included,
REC035_SEG0103,REC035,SPK002,train,vad_v1,808.28,810.28,2.0,data/processed/segments/REC035/REC035_SEG0103.wav,included,
REC035_SEG0104,REC035,SPK002,train,vad_v1,811.544,824.776,13.232,data/processed/segments/REC035/REC035_SEG0104.wav,included,
REC035_SEG0105,REC035,SPK002,train,vad_v1,825.144,833.192,8.048,data/processed/segments/REC035/REC035_SEG0105.wav,included,
REC035_SEG0106,REC035,SPK002,train,vad_v1,834.04,842.568,8.528,data/processed/segments/REC035/REC035_SEG0106.wav,included,
REC035_SEG0107,REC035,SPK002,train,vad_v1,843.032,852.2,9.168,data/processed/segments/REC035/REC035_SEG0107.wav,included,
REC035_SEG0108,REC035,SPK002,train,vad_v1,852.536,861.256,8.72,data/processed/segments/REC035/REC035_SEG0108.wav,included,
REC035_SEG0109,REC035,SPK002,train,vad_v1,861.944,864.04,2.096,data/processed/segments/REC035/REC035_SEG0109.wav,included,
REC035_SEG0110,REC035,SPK002,train,vad_v1,864.696,867.304,2.608,data/processed/segments/REC035/REC035_SEG0110.wav,included,
REC035_SEG0111,REC035,SPK002,train,vad_v1,869.048,870.344,1.296,data/processed/segments/REC035/REC035_SEG0111.wav,included,
REC035_SEG0112,REC035,SPK002,train,vad_v1,872.376,878.632,6.256,data/processed/segments/REC035/REC035_SEG0112.wav,included,
REC035_SEG0113,REC035,SPK002,train,vad_v1,880.376,884.648,4.272,data/processed/segments/REC035/REC035_SEG0113.wav,included,
REC035_SEG0114,REC035,SPK002,train,vad_v1,885.24,898.76,13.52,data/processed/segments/REC035/REC035_SEG0114.wav,included,
REC035_SEG0115,REC035,SPK002,train,vad_v1,899.16,905.064,5.904,data/processed/segments/REC035/REC035_SEG0115.wav,included,
REC035_SEG0116,REC035,SPK002,train,vad_v1,905.336,915.976,10.64,data/processed/segments/REC035/REC035_SEG0116.wav,included,
REC035_SEG0117,REC035,SPK002,train,vad_v1,916.792,922.568,5.776,data/processed/segments/REC035/REC035_SEG0117.wav,included,
REC035_SEG0118,REC035,SPK002,train,vad_v1,924.824,930.888,6.064,data/processed/segments/REC035/REC035_SEG0118.wav,included,
REC035_SEG0119,REC035,SPK002,train,vad_v1,932.344,941.032,8.688,data/processed/segments/REC035/REC035_SEG0119.wav,included,
REC035_SEG0120,REC035,SPK002,train,vad_v1,942.616,945.64,3.024,data/processed/segments/REC035/REC035_SEG0120.wav,included,
REC035_SEG0121,REC035,SPK002,train,vad_v1,946.456,956.904,10.448,data/processed/segments/REC035/REC035_SEG0121.wav,included,
REC035_SEG0122,REC035,SPK002,train,vad_v1,957.848,960.36,2.512,data/processed/segments/REC035/REC035_SEG0122.wav,included,
REC035_SEG0123,REC035,SPK002,train,vad_v1,960.664,973.096,12.432,data/processed/segments/REC035/REC035_SEG0123.wav,included,
REC035_SEG0124,REC035,SPK002,train,vad_v1,973.176,981.32,8.144,data/processed/segments/REC035/REC035_SEG0124.wav,included,
REC035_SEG0125,REC035,SPK002,train,vad_v1,981.72,990.792,9.072,data/processed/segments/REC035/REC035_SEG0125.wav,included,
REC035_SEG0126,REC035,SPK002,train,vad_v1,991.832,993.544,1.712,data/processed/segments/REC035/REC035_SEG0126.wav,included,
REC035_SEG0127,REC035,SPK002,train,vad_v1,994.392,1001.576,7.184,data/processed/segments/REC035/REC035_SEG0127.wav,included,
REC035_SEG0128,REC035,SPK002,train,vad_v1,1002.264,1011.56,9.296,data/processed/segments/REC035/REC035_SEG0128.wav,included,
REC035_SEG0129,REC035,SPK002,train,vad_v1,1012.472,1021.896,9.424,data/processed/segments/REC035/REC035_SEG0129.wav,included,
REC035_SEG0130,REC035,SPK002,train,vad_v1,1022.392,1034.888,12.496,data/processed/segments/REC035/REC035_SEG0130.wav,included,
REC035_SEG0131,REC035,SPK002,train,vad_v1,1035.192,1038.632,3.44,data/processed/segments/REC035/REC035_SEG0131.wav,included,
REC035_SEG0132,REC035,SPK002,train,vad_v1,1040.472,1042.664,2.192,data/processed/segments/REC035/REC035_SEG0132.wav,included,
REC035_SEG0133,REC035,SPK002,train,vad_v1,1042.968,1057.96,14.992,data/processed/segments/REC035/REC035_SEG0133.wav,included,
REC035_SEG0134,REC035,SPK002,train,vad_v1,1058.232,1060.104,1.872,data/processed/segments/REC035/REC035_SEG0134.wav,included,
REC035_SEG0135,REC035,SPK002,train,vad_v1,1060.888,1067.272,6.384,data/processed/segments/REC035/REC035_SEG0135.wav,included,
REC035_SEG0136,REC035,SPK002,train,vad_v1,1069.816,1078.28,8.464,data/processed/segments/REC035/REC035_SEG0136.wav,included,
REC035_SEG0137,REC035,SPK002,train,vad_v1,1079.16,1086.792,7.632,data/processed/segments/REC035/REC035_SEG0137.wav,included,
REC035_SEG0138,REC035,SPK002,train,vad_v1,1087.608,1093.192,5.584,data/processed/segments/REC035/REC035_SEG0138.wav,included,
REC035_SEG0139,REC035,SPK002,train,vad_v1,1094.104,1098.184,4.08,data/processed/segments/REC035/REC035_SEG0139.wav,included,
REC035_SEG0140,REC035,SPK002,train,vad_v1,1098.968,1104.264,5.296,data/processed/segments/REC035/REC035_SEG0140.wav,included,
REC035_SEG0141,REC035,SPK002,train,vad_v1,1106.744,1120.36,13.616,data/processed/segments/REC035/REC035_SEG0141.wav,included,
REC035_SEG0142,REC035,SPK002,train,vad_v1,1121.176,1128.328,7.152,data/processed/segments/REC035/REC035_SEG0142.wav,included,
REC035_SEG0143,REC035,SPK002,train,vad_v1,1129.56,1134.421,4.861,data/processed/segments/REC035/REC035_SEG0143.wav,included,
REC036_SEG0001,REC036,SPK002,train,vad_v1,0.312,4.072,3.76,data/processed/segments/REC036/REC036_SEG0001.wav,included,
REC036_SEG0002,REC036,SPK002,train,vad_v1,5.208,14.856,9.648,data/processed/segments/REC036/REC036_SEG0002.wav,included,
REC036_SEG0003,REC036,SPK002,train,vad_v1,16.376,19.592,3.216,data/processed/segments/REC036/REC036_SEG0003.wav,included,
REC036_SEG0004,REC036,SPK002,train,vad_v1,20.28,32.744,12.464,data/processed/segments/REC036/REC036_SEG0004.wav,included,
REC036_SEG0005,REC036,SPK002,train,vad_v1,33.176,35.848,2.672,data/processed/segments/REC036/REC036_SEG0005.wav,included,
REC036_SEG0006,REC036,SPK002,train,vad_v1,37.08,38.632,1.552,data/processed/segments/REC036/REC036_SEG0006.wav,included,
REC036_SEG0007,REC036,SPK002,train,vad_v1,40.376,42.664,2.288,data/processed/segments/REC036/REC036_SEG0007.wav,included,
REC036_SEG0008,REC036,SPK002,train,vad_v1,44.696,48.84,4.144,data/processed/segments/REC036/REC036_SEG0008.wav,included,
REC036_SEG0009,REC036,SPK002,train,vad_v1,50.584,56.936,6.352,data/processed/segments/REC036/REC036_SEG0009.wav,included,
REC036_SEG0010,REC036,SPK002,train,vad_v1,57.976,62.92,4.944,data/processed/segments/REC036/REC036_SEG0010.wav,included,
REC036_SEG0011,REC036,SPK002,train,vad_v1,64.12,68.328,4.208,data/processed/segments/REC036/REC036_SEG0011.wav,included,
REC036_SEG0012,REC036,SPK002,train,vad_v1,69.784,75.08,5.296,data/processed/segments/REC036/REC036_SEG0012.wav,included,
REC036_SEG0013,REC036,SPK002,train,vad_v1,75.992,77.512,1.52,data/processed/segments/REC036/REC036_SEG0013.wav,included,
REC036_SEG0014,REC036,SPK002,train,vad_v1,80.312,84.456,4.144,data/processed/segments/REC036/REC036_SEG0014.wav,included,
REC036_SEG0015,REC036,SPK002,train,vad_v1,85.688,93.16,7.472,data/processed/segments/REC036/REC036_SEG0015.wav,included,
REC036_SEG0016,REC036,SPK002,train,vad_v1,93.944,100.072,6.128,data/processed/segments/REC036/REC036_SEG0016.wav,included,
REC036_SEG0017,REC036,SPK002,train,vad_v1,100.728,104.808,4.08,data/processed/segments/REC036/REC036_SEG0017.wav,included,
REC036_SEG0018,REC036,SPK002,train,vad_v1,106.328,108.744,2.416,data/processed/segments/REC036/REC036_SEG0018.wav,included,
REC036_SEG0019,REC036,SPK002,train,vad_v1,110.264,112.968,2.704,data/processed/segments/REC036/REC036_SEG0019.wav,included,
REC036_SEG0020,REC036,SPK002,train,vad_v1,115.192,116.648,1.456,data/processed/segments/REC036/REC036_SEG0020.wav,included,
REC036_SEG0021,REC036,SPK002,train,vad_v1,117.816,129.48,11.664,data/processed/segments/REC036/REC036_SEG0021.wav,included,
REC036_SEG0022,REC036,SPK002,train,vad_v1,130.872,140.392,9.52,data/processed/segments/REC036/REC036_SEG0022.wav,included,
REC036_SEG0023,REC036,SPK002,train,vad_v1,142.68,144.392,1.712,data/processed/segments/REC036/REC036_SEG0023.wav,included,
REC036_SEG0024,REC036,SPK002,train,vad_v1,145.496,148.04,2.544,data/processed/segments/REC036/REC036_SEG0024.wav,included,
REC036_SEG0025,REC036,SPK002,train,vad_v1,148.76,153.768,5.008,data/processed/segments/REC036/REC036_SEG0025.wav,included,
REC036_SEG0026,REC036,SPK002,train,vad_v1,155.224,161.192,5.968,data/processed/segments/REC036/REC036_SEG0026.wav,included,
REC036_SEG0027,REC036,SPK002,train,vad_v1,163.992,168.936,4.944,data/processed/segments/REC036/REC036_SEG0027.wav,included,
REC036_SEG0028,REC036,SPK002,train,vad_v1,169.912,179.56,9.648,data/processed/segments/REC036/REC036_SEG0028.wav,included,
REC036_SEG0029,REC036,SPK002,train,vad_v1,181.784,183.752,1.968,data/processed/segments/REC036/REC036_SEG0029.wav,included,
REC036_SEG0030,REC036,SPK002,train,vad_v1,185.08,191.528,6.448,data/processed/segments/REC036/REC036_SEG0030.wav,included,
REC036_SEG0031,REC036,SPK002,train,vad_v1,193.656,200.264,6.608,data/processed/segments/REC036/REC036_SEG0031.wav,included,
REC036_SEG0032,REC036,SPK002,train,vad_v1,201.368,202.696,1.328,data/processed/segments/REC036/REC036_SEG0032.wav,included,
REC036_SEG0033,REC036,SPK002,train,vad_v1,204.44,210.984,6.544,data/processed/segments/REC036/REC036_SEG0033.wav,included,
REC036_SEG0034,REC036,SPK002,train,vad_v1,212.248,214.536,2.288,data/processed/segments/REC036/REC036_SEG0034.wav,included,
REC036_SEG0035,REC036,SPK002,train,vad_v1,215.416,228.232,12.816,data/processed/segments/REC036/REC036_SEG0035.wav,included,
REC036_SEG0036,REC036,SPK002,train,vad_v1,229.624,231.112,1.488,data/processed/segments/REC036/REC036_SEG0036.wav,included,
REC036_SEG0037,REC036,SPK002,train,vad_v1,236.312,245.096,8.784,data/processed/segments/REC036/REC036_SEG0037.wav,included,
REC036_SEG0038,REC036,SPK002,train,vad_v1,246.136,251.176,5.04,data/processed/segments/REC036/REC036_SEG0038.wav,included,
REC036_SEG0039,REC036,SPK002,train,vad_v1,252.344,257.224,4.88,data/processed/segments/REC036/REC036_SEG0039.wav,included,
REC036_SEG0040,REC036,SPK002,train,vad_v1,259.032,264.776,5.744,data/processed/segments/REC036/REC036_SEG0040.wav,included,
REC036_SEG0041,REC036,SPK002,train,vad_v1,265.688,269.64,3.952,data/processed/segments/REC036/REC036_SEG0041.wav,included,
REC036_SEG0042,REC036,SPK002,train,vad_v1,270.712,278.568,7.856,data/processed/segments/REC036/REC036_SEG0042.wav,included,
REC036_SEG0043,REC036,SPK002,train,vad_v1,280.536,283.336,2.8,data/processed/segments/REC036/REC036_SEG0043.wav,included,
REC036_SEG0044,REC036,SPK002,train,vad_v1,283.992,286.632,2.64,data/processed/segments/REC036/REC036_SEG0044.wav,included,
REC036_SEG0045,REC036,SPK002,train,vad_v1,287.896,293.96,6.064,data/processed/segments/REC036/REC036_SEG0045.wav,included,
REC036_SEG0046,REC036,SPK002,train,vad_v1,296.856,299.4,2.544,data/processed/segments/REC036/REC036_SEG0046.wav,included,
REC036_SEG0047,REC036,SPK002,train,vad_v1,301.08,304.648,3.568,data/processed/segments/REC036/REC036_SEG0047.wav,included,
REC036_SEG0048,REC036,SPK002,train,vad_v1,305.496,307.016,1.52,data/processed/segments/REC036/REC036_SEG0048.wav,included,
REC036_SEG0049,REC036,SPK002,train,vad_v1,307.928,313.608,5.68,data/processed/segments/REC036/REC036_SEG0049.wav,included,
REC036_SEG0050,REC036,SPK002,train,vad_v1,314.328,317.768,3.44,data/processed/segments/REC036/REC036_SEG0050.wav,included,
REC036_SEG0051,REC036,SPK002,train,vad_v1,319.288,325.192,5.904,data/processed/segments/REC036/REC036_SEG0051.wav,included,
REC036_SEG0052,REC036,SPK002,train,vad_v1,326.84,330.152,3.312,data/processed/segments/REC036/REC036_SEG0052.wav,included,
REC036_SEG0053,REC036,SPK002,train,vad_v1,333.048,337.896,4.848,data/processed/segments/REC036/REC036_SEG0053.wav,included,
REC036_SEG0054,REC036,SPK002,train,vad_v1,339.928,344.936,5.008,data/processed/segments/REC036/REC036_SEG0054.wav,included,
REC036_SEG0055,REC036,SPK002,train,vad_v1,347.256,349.576,2.32,data/processed/segments/REC036/REC036_SEG0055.wav,included,
REC036_SEG0056,REC036,SPK002,train,vad_v1,351.192,352.84,1.648,data/processed/segments/REC036/REC036_SEG0056.wav,included,
REC036_SEG0057,REC036,SPK002,train,vad_v1,353.752,359.432,5.68,data/processed/segments/REC036/REC036_SEG0057.wav,included,
REC036_SEG0058,REC036,SPK002,train,vad_v1,361.304,364.744,3.44,data/processed/segments/REC036/REC036_SEG0058.wav,included,
REC036_SEG0059,REC036,SPK002,train,vad_v1,365.72,368.488,2.768,data/processed/segments/REC036/REC036_SEG0059.wav,included,
REC036_SEG0060,REC036,SPK002,train,vad_v1,369.432,370.92,1.488,data/processed/segments/REC036/REC036_SEG0060.wav,included,
REC036_SEG0061,REC036,SPK002,train,vad_v1,372.504,374.728,2.224,data/processed/segments/REC036/REC036_SEG0061.wav,included,
REC036_SEG0062,REC036,SPK002,train,vad_v1,377.144,385.096,7.952,data/processed/segments/REC036/REC036_SEG0062.wav,included,
REC036_SEG0063,REC036,SPK002,train,vad_v1,386.232,392.872,6.64,data/processed/segments/REC036/REC036_SEG0063.wav,included,
REC036_SEG0064,REC036,SPK002,train,vad_v1,394.2,395.656,1.456,data/processed/segments/REC036/REC036_SEG0064.wav,included,
REC036_SEG0065,REC036,SPK002,train,vad_v1,397.208,401.416,4.208,data/processed/segments/REC036/REC036_SEG0065.wav,included,
REC036_SEG0066,REC036,SPK002,train,vad_v1,402.936,407.592,4.656,data/processed/segments/REC036/REC036_SEG0066.wav,included,
REC036_SEG0067,REC036,SPK002,train,vad_v1,408.28,416.904,8.624,data/processed/segments/REC036/REC036_SEG0067.wav,included,
REC036_SEG0068,REC036,SPK002,train,vad_v1,418.136,426.952,8.816,data/processed/segments/REC036/REC036_SEG0068.wav,included,
REC036_SEG0069,REC036,SPK002,train,vad_v1,429.272,438.984,9.712,data/processed/segments/REC036/REC036_SEG0069.wav,included,
REC036_SEG0070,REC036,SPK002,train,vad_v1,439.864,443.464,3.6,data/processed/segments/REC036/REC036_SEG0070.wav,included,
REC036_SEG0071,REC036,SPK002,train,vad_v1,444.344,447.56,3.216,data/processed/segments/REC036/REC036_SEG0071.wav,included,
REC036_SEG0072,REC036,SPK002,train,vad_v1,448.664,455.304,6.64,data/processed/segments/REC036/REC036_SEG0072.wav,included,
REC036_SEG0073,REC036,SPK002,train,vad_v1,456.088,459.08,2.992,data/processed/segments/REC036/REC036_SEG0073.wav,included,
REC036_SEG0074,REC036,SPK002,train,vad_v1,460.728,464.744,4.016,data/processed/segments/REC036/REC036_SEG0074.wav,included,
REC036_SEG0075,REC036,SPK002,train,vad_v1,465.88,471.272,5.392,data/processed/segments/REC036/REC036_SEG0075.wav,included,
REC036_SEG0076,REC036,SPK002,train,vad_v1,474.872,478.376,3.504,data/processed/segments/REC036/REC036_SEG0076.wav,included,
REC036_SEG0077,REC036,SPK002,train,vad_v1,480.184,484.872,4.688,data/processed/segments/REC036/REC036_SEG0077.wav,included,
REC036_SEG0078,REC036,SPK002,train,vad_v1,487.832,491.848,4.016,data/processed/segments/REC036/REC036_SEG0078.wav,included,
REC036_SEG0079,REC036,SPK002,train,vad_v1,492.856,499.592,6.736,data/processed/segments/REC036/REC036_SEG0079.wav,included,
REC036_SEG0080,REC036,SPK002,train,vad_v1,501.528,513.768,12.24,data/processed/segments/REC036/REC036_SEG0080.wav,included,
REC036_SEG0081,REC036,SPK002,train,vad_v1,515.448,519.752,4.304,data/processed/segments/REC036/REC036_SEG0081.wav,included,
REC036_SEG0082,REC036,SPK002,train,vad_v1,521.272,525.96,4.688,data/processed/segments/REC036/REC036_SEG0082.wav,included,
REC036_SEG0083,REC036,SPK002,train,vad_v1,526.616,533.896,7.28,data/processed/segments/REC036/REC036_SEG0083.wav,included,
REC036_SEG0084,REC036,SPK002,train,vad_v1,535.64,540.648,5.008,data/processed/segments/REC036/REC036_SEG0084.wav,included,
REC036_SEG0085,REC036,SPK002,train,vad_v1,543.352,548.232,4.88,data/processed/segments/REC036/REC036_SEG0085.wav,included,
REC036_SEG0086,REC036,SPK002,train,vad_v1,550.04,553.864,3.824,data/processed/segments/REC036/REC036_SEG0086.wav,included,
REC036_SEG0087,REC036,SPK002,train,vad_v1,555.288,564.872,9.584,data/processed/segments/REC036/REC036_SEG0087.wav,included,
REC036_SEG0088,REC036,SPK002,train,vad_v1,566.168,569.16,2.992,data/processed/segments/REC036/REC036_SEG0088.wav,included,
REC036_SEG0089,REC036,SPK002,train,vad_v1,571.0,579.048,8.048,data/processed/segments/REC036/REC036_SEG0089.wav,included,
REC036_SEG0090,REC036,SPK002,train,vad_v1,580.248,582.856,2.608,data/processed/segments/REC036/REC036_SEG0090.wav,included,
REC036_SEG0091,REC036,SPK002,train,vad_v1,584.664,594.376,9.712,data/processed/segments/REC036/REC036_SEG0091.wav,included,
REC036_SEG0092,REC036,SPK002,train,vad_v1,596.12,599.496,3.376,data/processed/segments/REC036/REC036_SEG0092.wav,included,
REC036_SEG0093,REC036,SPK002,train,vad_v1,600.664,602.28,1.616,data/processed/segments/REC036/REC036_SEG0093.wav,included,
REC036_SEG0094,REC036,SPK002,train,vad_v1,604.216,605.608,1.392,data/processed/segments/REC036/REC036_SEG0094.wav,included,
REC036_SEG0095,REC036,SPK002,train,vad_v1,606.68,611.528,4.848,data/processed/segments/REC036/REC036_SEG0095.wav,included,
REC036_SEG0096,REC036,SPK002,train,vad_v1,613.112,614.888,1.776,data/processed/segments/REC036/REC036_SEG0096.wav,included,
REC036_SEG0097,REC036,SPK002,train,vad_v1,617.048,624.168,7.12,data/processed/segments/REC036/REC036_SEG0097.wav,rejected,
REC036_SEG0098,REC036,SPK002,train,vad_v1,625.56,628.36,2.8,data/processed/segments/REC036/REC036_SEG0098.wav,included,
REC036_SEG0099,REC036,SPK002,train,vad_v1,629.912,631.624,1.712,data/processed/segments/REC036/REC036_SEG0099.wav,included,
REC036_SEG0100,REC036,SPK002,train,vad_v1,632.632,638.088,5.456,data/processed/segments/REC036/REC036_SEG0100.wav,included,
REC036_SEG0101,REC036,SPK002,train,vad_v1,641.336,647.08,5.744,data/processed/segments/REC036/REC036_SEG0101.wav,included,
REC036_SEG0102,REC036,SPK002,train,vad_v1,649.08,653.896,4.816,data/processed/segments/REC036/REC036_SEG0102.wav,included,
REC036_SEG0103,REC036,SPK002,train,vad_v1,655.8,658.92,3.12,data/processed/segments/REC036/REC036_SEG0103.wav,included,
REC036_SEG0104,REC036,SPK002,train,vad_v1,661.368,668.936,7.568,data/processed/segments/REC036/REC036_SEG0104.wav,included,
REC036_SEG0105,REC036,SPK002,train,vad_v1,669.624,677.096,7.472,data/processed/segments/REC036/REC036_SEG0105.wav,included,
REC036_SEG0106,REC036,SPK002,train,vad_v1,679.064,682.408,3.344,data/processed/segments/REC036/REC036_SEG0106.wav,included,
REC036_SEG0107,REC036,SPK002,train,vad_v1,683.832,686.952,3.12,data/processed/segments/REC036/REC036_SEG0107.wav,included,
REC036_SEG0108,REC036,SPK002,train,vad_v1,687.96,689.096,1.136,data/processed/segments/REC036/REC036_SEG0108.wav,included,
REC036_SEG0109,REC036,SPK002,train,vad_v1,689.944,695.112,5.168,data/processed/segments/REC036/REC036_SEG0109.wav,included,
REC036_SEG0110,REC036,SPK002,train,vad_v1,696.088,699.912,3.824,data/processed/segments/REC036/REC036_SEG0110.wav,included,
REC036_SEG0111,REC036,SPK002,train,vad_v1,702.36,703.368,1.008,data/processed/segments/REC036/REC036_SEG0111.wav,included,
REC036_SEG0112,REC036,SPK002,train,vad_v1,704.6,706.568,1.968,data/processed/segments/REC036/REC036_SEG0112.wav,included,
REC036_SEG0113,REC036,SPK002,train,vad_v1,707.32,709.192,1.872,data/processed/segments/REC036/REC036_SEG0113.wav,included,
REC037_SEG0001,REC037,SPK002,train,vad_v1,2.136,6.12,3.984,data/processed/segments/REC037/REC037_SEG0001.wav,included,
REC037_SEG0002,REC037,SPK002,train,vad_v1,7.992,9.896,1.904,data/processed/segments/REC037/REC037_SEG0002.wav,included,
REC037_SEG0003,REC037,SPK002,train,vad_v1,10.68,19.976,9.296,data/processed/segments/REC037/REC037_SEG0003.wav,included,
REC037_SEG0004,REC037,SPK002,train,vad_v1,22.072,25.128,3.056,data/processed/segments/REC037/REC037_SEG0004.wav,included,
REC037_SEG0005,REC037,SPK002,train,vad_v1,25.848,31.528,5.68,data/processed/segments/REC037/REC037_SEG0005.wav,rejected,
REC037_SEG0006,REC037,SPK002,train,vad_v1,32.184,34.248,2.064,data/processed/segments/REC037/REC037_SEG0006.wav,included,
REC037_SEG0007,REC037,SPK002,train,vad_v1,34.968,37.992,3.024,data/processed/segments/REC037/REC037_SEG0007.wav,included,
REC037_SEG0008,REC037,SPK002,train,vad_v1,41.016,45.576,4.56,data/processed/segments/REC037/REC037_SEG0008.wav,included,
REC037_SEG0009,REC037,SPK002,train,vad_v1,47.768,50.376,2.608,data/processed/segments/REC037/REC037_SEG0009.wav,included,
REC037_SEG0010,REC037,SPK002,train,vad_v1,52.216,54.632,2.416,data/processed/segments/REC037/REC037_SEG0010.wav,included,
REC037_SEG0011,REC037,SPK002,train,vad_v1,57.24,58.504,1.264,data/processed/segments/REC037/REC037_SEG0011.wav,included,
REC037_SEG0012,REC037,SPK002,train,vad_v1,59.16,64.712,5.552,data/processed/segments/REC037/REC037_SEG0012.wav,included,
REC037_SEG0013,REC037,SPK002,train,vad_v1,66.712,80.328,13.616,data/processed/segments/REC037/REC037_SEG0013.wav,included,
REC037_SEG0014,REC037,SPK002,train,vad_v1,82.296,85.768,3.472,data/processed/segments/REC037/REC037_SEG0014.wav,included,
REC037_SEG0015,REC037,SPK002,train,vad_v1,86.712,91.016,4.304,data/processed/segments/REC037/REC037_SEG0015.wav,included,
REC037_SEG0016,REC037,SPK002,train,vad_v1,92.184,98.248,6.064,data/processed/segments/REC037/REC037_SEG0016.wav,included,
REC037_SEG0017,REC037,SPK002,train,vad_v1,98.904,101.896,2.992,data/processed/segments/REC037/REC037_SEG0017.wav,included,
REC037_SEG0018,REC037,SPK002,train,vad_v1,103.96,107.944,3.984,data/processed/segments/REC037/REC037_SEG0018.wav,included,
REC037_SEG0019,REC037,SPK002,train,vad_v1,109.048,110.76,1.712,data/processed/segments/REC037/REC037_SEG0019.wav,included,
REC037_SEG0020,REC037,SPK002,train,vad_v1,111.864,118.056,6.192,data/processed/segments/REC037/REC037_SEG0020.wav,included,
REC037_SEG0021,REC037,SPK002,train,vad_v1,119.672,128.84,9.168,data/processed/segments/REC037/REC037_SEG0021.wav,included,
REC037_SEG0022,REC037,SPK002,train,vad_v1,131.544,133.416,1.872,data/processed/segments/REC037/REC037_SEG0022.wav,rejected,
REC037_SEG0023,REC037,SPK002,train,vad_v1,134.296,139.816,5.52,data/processed/segments/REC037/REC037_SEG0023.wav,included,
REC037_SEG0024,REC037,SPK002,train,vad_v1,141.016,144.104,3.088,data/processed/segments/REC037/REC037_SEG0024.wav,included,
REC037_SEG0025,REC037,SPK002,train,vad_v1,145.464,151.112,5.648,data/processed/segments/REC037/REC037_SEG0025.wav,included,
REC037_SEG0026,REC037,SPK002,train,vad_v1,153.304,154.568,1.264,data/processed/segments/REC037/REC037_SEG0026.wav,included,
REC037_SEG0027,REC037,SPK002,train,vad_v1,155.288,157.928,2.64,data/processed/segments/REC037/REC037_SEG0027.wav,included,
REC037_SEG0028,REC037,SPK002,train,vad_v1,158.84,163.368,4.528,data/processed/segments/REC037/REC037_SEG0028.wav,included,
REC037_SEG0029,REC037,SPK002,train,vad_v1,166.168,168.904,2.736,data/processed/segments/REC037/REC037_SEG0029.wav,included,
REC037_SEG0030,REC037,SPK002,train,vad_v1,171.384,179.272,7.888,data/processed/segments/REC037/REC037_SEG0030.wav,included,
REC037_SEG0031,REC037,SPK002,train,vad_v1,180.216,182.344,2.128,data/processed/segments/REC037/REC037_SEG0031.wav,included,
REC037_SEG0032,REC037,SPK002,train,vad_v1,183.128,184.904,1.776,data/processed/segments/REC037/REC037_SEG0032.wav,included,
REC037_SEG0033,REC037,SPK002,train,vad_v1,187.992,191.56,3.568,data/processed/segments/REC037/REC037_SEG0033.wav,included,
REC037_SEG0034,REC037,SPK002,train,vad_v1,192.376,198.408,6.032,data/processed/segments/REC037/REC037_SEG0034.wav,included,
REC037_SEG0035,REC037,SPK002,train,vad_v1,199.64,208.808,9.168,data/processed/segments/REC037/REC037_SEG0035.wav,included,
REC037_SEG0036,REC037,SPK002,train,vad_v1,209.784,211.4,1.616,data/processed/segments/REC037/REC037_SEG0036.wav,included,
REC037_SEG0037,REC037,SPK002,train,vad_v1,214.072,215.816,1.744,data/processed/segments/REC037/REC037_SEG0037.wav,included,
REC037_SEG0038,REC037,SPK002,train,vad_v1,216.792,221.0,4.208,data/processed/segments/REC037/REC037_SEG0038.wav,included,
REC037_SEG0039,REC037,SPK002,train,vad_v1,221.688,226.696,5.008,data/processed/segments/REC037/REC037_SEG0039.wav,included,
REC037_SEG0040,REC037,SPK002,train,vad_v1,231.64,235.08,3.44,data/processed/segments/REC037/REC037_SEG0040.wav,included,
REC037_SEG0041,REC037,SPK002,train,vad_v1,236.952,239.336,2.384,data/processed/segments/REC037/REC037_SEG0041.wav,included,
REC037_SEG0042,REC037,SPK002,train,vad_v1,240.248,243.144,2.896,data/processed/segments/REC037/REC037_SEG0042.wav,included,
REC037_SEG0043,REC037,SPK002,train,vad_v1,244.216,245.16,0.944,data/processed/segments/REC037/REC037_SEG0043.wav,included,
REC037_SEG0044,REC037,SPK002,train,vad_v1,247.096,256.104,9.008,data/processed/segments/REC037/REC037_SEG0044.wav,included,
REC037_SEG0045,REC037,SPK002,train,vad_v1,259.16,260.072,0.912,data/processed/segments/REC037/REC037_SEG0045.wav,included,
REC037_SEG0046,REC037,SPK002,train,vad_v1,261.304,265.032,3.728,data/processed/segments/REC037/REC037_SEG0046.wav,included,
REC037_SEG0047,REC037,SPK002,train,vad_v1,267.768,276.2,8.432,data/processed/segments/REC037/REC037_SEG0047.wav,included,
REC037_SEG0048,REC037,SPK002,train,vad_v1,277.4,280.552,3.152,data/processed/segments/REC037/REC037_SEG0048.wav,included,
REC037_SEG0049,REC037,SPK002,train,vad_v1,284.664,285.672,1.008,data/processed/segments/REC037/REC037_SEG0049.wav,included,
REC037_SEG0050,REC037,SPK002,train,vad_v1,286.744,294.952,8.208,data/processed/segments/REC037/REC037_SEG0050.wav,included,
REC037_SEG0051,REC037,SPK002,train,vad_v1,295.992,302.792,6.8,data/processed/segments/REC037/REC037_SEG0051.wav,included,
REC037_SEG0052,REC037,SPK002,train,vad_v1,304.376,309.32,4.944,data/processed/segments/REC037/REC037_SEG0052.wav,included,
REC037_SEG0053,REC037,SPK002,train,vad_v1,311.544,321.416,9.872,data/processed/segments/REC037/REC037_SEG0053.wav,included,
REC037_SEG0054,REC037,SPK002,train,vad_v1,323.608,326.664,3.056,data/processed/segments/REC037/REC037_SEG0054.wav,included,
REC037_SEG0055,REC037,SPK002,train,vad_v1,328.024,331.976,3.952,data/processed/segments/REC037/REC037_SEG0055.wav,included,
REC037_SEG0056,REC037,SPK002,train,vad_v1,336.248,341.512,5.264,data/processed/segments/REC037/REC037_SEG0056.wav,included,
REC037_SEG0057,REC037,SPK002,train,vad_v1,348.44,352.264,3.824,data/processed/segments/REC037/REC037_SEG0057.wav,included,
REC037_SEG0058,REC037,SPK002,train,vad_v1,355.544,359.944,4.4,data/processed/segments/REC037/REC037_SEG0058.wav,included,
REC037_SEG0059,REC037,SPK002,train,vad_v1,361.656,364.552,2.896,data/processed/segments/REC037/REC037_SEG0059.wav,included,
REC037_SEG0060,REC037,SPK002,train,vad_v1,365.944,370.92,4.976,data/processed/segments/REC037/REC037_SEG0060.wav,included,
REC037_SEG0061,REC037,SPK002,train,vad_v1,371.608,372.808,1.2,data/processed/segments/REC037/REC037_SEG0061.wav,included,
REC037_SEG0062,REC037,SPK002,train,vad_v1,374.712,378.408,3.696,data/processed/segments/REC037/REC037_SEG0062.wav,included,
REC037_SEG0063,REC037,SPK002,train,vad_v1,379.608,383.976,4.368,data/processed/segments/REC037/REC037_SEG0063.wav,included,
REC037_SEG0064,REC037,SPK002,train,vad_v1,384.984,387.912,2.928,data/processed/segments/REC037/REC037_SEG0064.wav,included,
REC037_SEG0065,REC037,SPK002,train,vad_v1,389.912,396.904,6.992,data/processed/segments/REC037/REC037_SEG0065.wav,included,
REC037_SEG0066,REC037,SPK002,train,vad_v1,398.232,399.496,1.264,data/processed/segments/REC037/REC037_SEG0066.wav,included,
REC037_SEG0067,REC037,SPK002,train,vad_v1,401.4,403.08,1.68,data/processed/segments/REC037/REC037_SEG0067.wav,included,
REC037_SEG0068,REC037,SPK002,train,vad_v1,407.736,410.024,2.288,data/processed/segments/REC037/REC037_SEG0068.wav,included,
REC037_SEG0069,REC037,SPK002,train,vad_v1,410.904,413.864,2.96,data/processed/segments/REC037/REC037_SEG0069.wav,included,
REC037_SEG0070,REC037,SPK002,train,vad_v1,415.928,417.896,1.968,data/processed/segments/REC037/REC037_SEG0070.wav,included,
REC037_SEG0071,REC037,SPK002,train,vad_v1,420.024,422.984,2.96,data/processed/segments/REC037/REC037_SEG0071.wav,included,
REC037_SEG0072,REC037,SPK002,train,vad_v1,425.176,426.344,1.168,data/processed/segments/REC037/REC037_SEG0072.wav,included,
REC037_SEG0073,REC037,SPK002,train,vad_v1,428.952,430.088,1.136,data/processed/segments/REC037/REC037_SEG0073.wav,included,
REC037_SEG0074,REC037,SPK002,train,vad_v1,431.128,438.952,7.824,data/processed/segments/REC037/REC037_SEG0074.wav,included,
REC037_SEG0075,REC037,SPK002,train,vad_v1,439.768,445.928,6.16,data/processed/segments/REC037/REC037_SEG0075.wav,included,
REC037_SEG0076,REC037,SPK002,train,vad_v1,447.192,448.104,0.912,data/processed/segments/REC037/REC037_SEG0076.wav,included,
REC037_SEG0077,REC037,SPK002,train,vad_v1,454.744,456.2,1.456,data/processed/segments/REC037/REC037_SEG0077.wav,included,
REC037_SEG0078,REC037,SPK002,train,vad_v1,458.2,463.624,5.424,data/processed/segments/REC037/REC037_SEG0078.wav,included,
REC037_SEG0079,REC037,SPK002,train,vad_v1,466.328,469.128,2.8,data/processed/segments/REC037/REC037_SEG0079.wav,included,
REC037_SEG0080,REC037,SPK002,train,vad_v1,471.544,475.688,4.144,data/processed/segments/REC037/REC037_SEG0080.wav,included,
REC037_SEG0081,REC037,SPK002,train,vad_v1,477.528,479.752,2.224,data/processed/segments/REC037/REC037_SEG0081.wav,included,
REC037_SEG0082,REC037,SPK002,train,vad_v1,480.536,485.704,5.168,data/processed/segments/REC037/REC037_SEG0082.wav,included,
REC037_SEG0083,REC037,SPK002,train,vad_v1,486.392,487.851,1.459,data/processed/segments/REC037/REC037_SEG0083.wav,included,
REC038_SEG0001,REC038,SPK002,train,vad_v1,1.176,4.616,3.44,data/processed/segments/REC038/REC038_SEG0001.wav,included,
REC038_SEG0002,REC038,SPK002,train,vad_v1,5.752,7.432,1.68,data/processed/segments/REC038/REC038_SEG0002.wav,included,
REC038_SEG0003,REC038,SPK002,train,vad_v1,8.088,13.672,5.584,data/processed/segments/REC038/REC038_SEG0003.wav,included,
REC038_SEG0004,REC038,SPK002,train,vad_v1,14.264,28.584,14.32,data/processed/segments/REC038/REC038_SEG0004.wav,included,
REC038_SEG0005,REC038,SPK002,train,vad_v1,28.856,29.896,1.04,data/processed/segments/REC038/REC038_SEG0005.wav,included,
REC038_SEG0006,REC038,SPK002,train,vad_v1,30.552,41.16,10.608,data/processed/segments/REC038/REC038_SEG0006.wav,included,
REC038_SEG0007,REC038,SPK002,train,vad_v1,41.944,46.056,4.112,data/processed/segments/REC038/REC038_SEG0007.wav,included,
REC038_SEG0008,REC038,SPK002,train,vad_v1,48.12,58.696,10.576,data/processed/segments/REC038/REC038_SEG0008.wav,included,
REC038_SEG0009,REC038,SPK002,train,vad_v1,60.024,66.632,6.608,data/processed/segments/REC038/REC038_SEG0009.wav,included,
REC038_SEG0010,REC038,SPK002,train,vad_v1,67.928,72.872,4.944,data/processed/segments/REC038/REC038_SEG0010.wav,included,
REC038_SEG0011,REC038,SPK002,train,vad_v1,74.712,76.584,1.872,data/processed/segments/REC038/REC038_SEG0011.wav,included,
REC038_SEG0012,REC038,SPK002,train,vad_v1,78.68,90.696,12.016,data/processed/segments/REC038/REC038_SEG0012.wav,included,
REC038_SEG0013,REC038,SPK002,train,vad_v1,91.32,95.304,3.984,data/processed/segments/REC038/REC038_SEG0013.wav,included,
REC038_SEG0014,REC038,SPK002,train,vad_v1,96.6,100.584,3.984,data/processed/segments/REC038/REC038_SEG0014.wav,included,
REC038_SEG0015,REC038,SPK002,train,vad_v1,103.16,106.28,3.12,data/processed/segments/REC038/REC038_SEG0015.wav,included,
REC038_SEG0016,REC038,SPK002,train,vad_v1,107.256,116.68,9.424,data/processed/segments/REC038/REC038_SEG0016.wav,included,
REC038_SEG0017,REC038,SPK002,train,vad_v1,117.048,126.28,9.232,data/processed/segments/REC038/REC038_SEG0017.wav,included,
REC038_SEG0018,REC038,SPK002,train,vad_v1,127.544,132.52,4.976,data/processed/segments/REC038/REC038_SEG0018.wav,included,
REC038_SEG0019,REC038,SPK002,train,vad_v1,135.032,136.52,1.488,data/processed/segments/REC038/REC038_SEG0019.wav,included,
REC038_SEG0020,REC038,SPK002,train,vad_v1,138.52,141.608,3.088,data/processed/segments/REC038/REC038_SEG0020.wav,included,
REC038_SEG0021,REC038,SPK002,train,vad_v1,142.328,145.064,2.736,data/processed/segments/REC038/REC038_SEG0021.wav,included,
REC038_SEG0022,REC038,SPK002,train,vad_v1,149.272,153.032,3.76,data/processed/segments/REC038/REC038_SEG0022.wav,included,
REC038_SEG0023,REC038,SPK002,train,vad_v1,155.0,159.016,4.016,data/processed/segments/REC038/REC038_SEG0023.wav,included,
REC038_SEG0024,REC038,SPK002,train,vad_v1,160.248,163.592,3.344,data/processed/segments/REC038/REC038_SEG0024.wav,included,
REC038_SEG0025,REC038,SPK002,train,vad_v1,164.92,167.752,2.832,data/processed/segments/REC038/REC038_SEG0025.wav,included,
REC038_SEG0026,REC038,SPK002,train,vad_v1,169.432,172.2,2.768,data/processed/segments/REC038/REC038_SEG0026.wav,included,
REC038_SEG0027,REC038,SPK002,train,vad_v1,173.08,178.024,4.944,data/processed/segments/REC038/REC038_SEG0027.wav,included,
REC038_SEG0028,REC038,SPK002,train,vad_v1,179.224,189.512,10.288,data/processed/segments/REC038/REC038_SEG0028.wav,included,
REC038_SEG0029,REC038,SPK002,train,vad_v1,190.456,194.152,3.696,data/processed/segments/REC038/REC038_SEG0029.wav,included,
REC038_SEG0030,REC038,SPK002,train,vad_v1,196.44,200.904,4.464,data/processed/segments/REC038/REC038_SEG0030.wav,included,
REC038_SEG0031,REC038,SPK002,train,vad_v1,202.872,209.256,6.384,data/processed/segments/REC038/REC038_SEG0031.wav,included,
REC038_SEG0032,REC038,SPK002,train,vad_v1,210.232,211.752,1.52,data/processed/segments/REC038/REC038_SEG0032.wav,included,
REC038_SEG0033,REC038,SPK002,train,vad_v1,212.568,214.024,1.456,data/processed/segments/REC038/REC038_SEG0033.wav,included,
REC038_SEG0034,REC038,SPK002,train,vad_v1,216.504,217.64,1.136,data/processed/segments/REC038/REC038_SEG0034.wav,included,
REC038_SEG0035,REC038,SPK002,train,vad_v1,218.392,221.576,3.184,data/processed/segments/REC038/REC038_SEG0035.wav,included,
REC038_SEG0036,REC038,SPK002,train,vad_v1,222.68,228.456,5.776,data/processed/segments/REC038/REC038_SEG0036.wav,included,
REC038_SEG0037,REC038,SPK002,train,vad_v1,230.84,236.392,5.552,data/processed/segments/REC038/REC038_SEG0037.wav,included,
REC038_SEG0038,REC038,SPK002,train,vad_v1,237.976,240.04,2.064,data/processed/segments/REC038/REC038_SEG0038.wav,included,
REC038_SEG0039,REC038,SPK002,train,vad_v1,241.08,242.312,1.232,data/processed/segments/REC038/REC038_SEG0039.wav,included,
REC038_SEG0040,REC038,SPK002,train,vad_v1,243.032,247.848,4.816,data/processed/segments/REC038/REC038_SEG0040.wav,included,
REC038_SEG0041,REC038,SPK002,train,vad_v1,249.24,252.264,3.024,data/processed/segments/REC038/REC038_SEG0041.wav,included,
REC038_SEG0042,REC038,SPK002,train,vad_v1,254.264,256.168,1.904,data/processed/segments/REC038/REC038_SEG0042.wav,included,
REC038_SEG0043,REC038,SPK002,train,vad_v1,257.176,261.64,4.464,data/processed/segments/REC038/REC038_SEG0043.wav,included,
REC038_SEG0044,REC038,SPK002,train,vad_v1,262.68,267.336,4.656,data/processed/segments/REC038/REC038_SEG0044.wav,included,
REC038_SEG0045,REC038,SPK002,train,vad_v1,268.312,271.72,3.408,data/processed/segments/REC038/REC038_SEG0045.wav,included,
REC038_SEG0046,REC038,SPK002,train,vad_v1,273.048,274.728,1.68,data/processed/segments/REC038/REC038_SEG0046.wav,included,
REC038_SEG0047,REC038,SPK002,train,vad_v1,277.272,279.88,2.608,data/processed/segments/REC038/REC038_SEG0047.wav,included,
REC038_SEG0048,REC038,SPK002,train,vad_v1,280.952,284.456,3.504,data/processed/segments/REC038/REC038_SEG0048.wav,included,
REC038_SEG0049,REC038,SPK002,train,vad_v1,287.736,289.928,2.192,data/processed/segments/REC038/REC038_SEG0049.wav,included,
REC038_SEG0050,REC038,SPK002,train,vad_v1,291.0,293.832,2.832,data/processed/segments/REC038/REC038_SEG0050.wav,included,
REC038_SEG0051,REC038,SPK002,train,vad_v1,297.88,301.512,3.632,data/processed/segments/REC038/REC038_SEG0051.wav,included,
REC038_SEG0052,REC038,SPK002,train,vad_v1,302.392,304.552,2.16,data/processed/segments/REC038/REC038_SEG0052.wav,included,
REC038_SEG0053,REC038,SPK002,train,vad_v1,306.36,307.88,1.52,data/processed/segments/REC038/REC038_SEG0053.wav,included,
REC038_SEG0054,REC038,SPK002,train,vad_v1,309.112,313.512,4.4,data/processed/segments/REC038/REC038_SEG0054.wav,included,
REC038_SEG0055,REC038,SPK002,train,vad_v1,314.456,318.632,4.176,data/processed/segments/REC038/REC038_SEG0055.wav,included,
REC038_SEG0056,REC038,SPK002,train,vad_v1,323.704,331.848,8.144,data/processed/segments/REC038/REC038_SEG0056.wav,included,
REC038_SEG0057,REC038,SPK002,train,vad_v1,332.6,336.104,3.504,data/processed/segments/REC038/REC038_SEG0057.wav,included,
REC038_SEG0058,REC038,SPK002,train,vad_v1,337.688,339.24,1.552,data/processed/segments/REC038/REC038_SEG0058.wav,included,
REC038_SEG0059,REC038,SPK002,train,vad_v1,341.592,346.536,4.944,data/processed/segments/REC038/REC038_SEG0059.wav,included,
REC038_SEG0060,REC038,SPK002,train,vad_v1,347.896,349.448,1.552,data/processed/segments/REC038/REC038_SEG0060.wav,included,
REC038_SEG0061,REC038,SPK002,train,vad_v1,350.84,359.976,9.136,data/processed/segments/REC038/REC038_SEG0061.wav,included,
REC038_SEG0062,REC038,SPK002,train,vad_v1,361.048,370.408,9.36,data/processed/segments/REC038/REC038_SEG0062.wav,included,
REC038_SEG0063,REC038,SPK002,train,vad_v1,371.736,375.72,3.984,data/processed/segments/REC038/REC038_SEG0063.wav,included,
REC038_SEG0064,REC038,SPK002,train,vad_v1,377.24,379.944,2.704,data/processed/segments/REC038/REC038_SEG0064.wav,included,
REC038_SEG0065,REC038,SPK002,train,vad_v1,381.624,384.712,3.088,data/processed/segments/REC038/REC038_SEG0065.wav,included,
REC038_SEG0066,REC038,SPK002,train,vad_v1,385.368,387.88,2.512,data/processed/segments/REC038/REC038_SEG0066.wav,included,
REC038_SEG0067,REC038,SPK002,train,vad_v1,388.952,392.072,3.12,data/processed/segments/REC038/REC038_SEG0067.wav,included,
REC038_SEG0068,REC038,SPK002,train,vad_v1,393.368,397.64,4.272,data/processed/segments/REC038/REC038_SEG0068.wav,included,
REC038_SEG0069,REC038,SPK002,train,vad_v1,399.928,405.64,5.712,data/processed/segments/REC038/REC038_SEG0069.wav,included,
REC038_SEG0070,REC038,SPK002,train,vad_v1,406.488,411.016,4.528,data/processed/segments/REC038/REC038_SEG0070.wav,included,
REC038_SEG0071,REC038,SPK002,train,vad_v1,412.824,414.632,1.808,data/processed/segments/REC038/REC038_SEG0071.wav,included,
REC038_SEG0072,REC038,SPK002,train,vad_v1,415.8,418.312,2.512,data/processed/segments/REC038/REC038_SEG0072.wav,included,
REC038_SEG0073,REC038,SPK002,train,vad_v1,419.64,422.376,2.736,data/processed/segments/REC038/REC038_SEG0073.wav,included,
REC038_SEG0074,REC038,SPK002,train,vad_v1,423.832,429.736,5.904,data/processed/segments/REC038/REC038_SEG0074.wav,included,
REC038_SEG0075,REC038,SPK002,train,vad_v1,431.992,437.0,5.008,data/processed/segments/REC038/REC038_SEG0075.wav,included,
REC038_SEG0076,REC038,SPK002,train,vad_v1,438.008,439.048,1.04,data/processed/segments/REC038/REC038_SEG0076.wav,included,
REC038_SEG0077,REC038,SPK002,train,vad_v1,440.44,443.656,3.216,data/processed/segments/REC038/REC038_SEG0077.wav,included,
REC038_SEG0078,REC038,SPK002,train,vad_v1,445.24,446.92,1.68,data/processed/segments/REC038/REC038_SEG0078.wav,included,
REC038_SEG0079,REC038,SPK002,train,vad_v1,449.08,452.008,2.928,data/processed/segments/REC038/REC038_SEG0079.wav,included,
REC038_SEG0080,REC038,SPK002,train,vad_v1,453.496,463.496,10.0,data/processed/segments/REC038/REC038_SEG0080.wav,included,
REC038_SEG0081,REC038,SPK002,train,vad_v1,464.632,473.16,8.528,data/processed/segments/REC038/REC038_SEG0081.wav,included,
REC038_SEG0082,REC038,SPK002,train,vad_v1,474.488,477.864,3.376,data/processed/segments/REC038/REC038_SEG0082.wav,included,
REC038_SEG0083,REC038,SPK002,train,vad_v1,479.032,487.4,8.368,data/processed/segments/REC038/REC038_SEG0083.wav,included,
REC038_SEG0084,REC038,SPK002,train,vad_v1,488.344,498.568,10.224,data/processed/segments/REC038/REC038_SEG0084.wav,included,
REC038_SEG0085,REC038,SPK002,train,vad_v1,499.032,503.336,4.304,data/processed/segments/REC038/REC038_SEG0085.wav,included,
REC038_SEG0086,REC038,SPK002,train,vad_v1,504.184,506.888,2.704,data/processed/segments/REC038/REC038_SEG0086.wav,included,
REC038_SEG0087,REC038,SPK002,train,vad_v1,507.704,510.376,2.672,data/processed/segments/REC038/REC038_SEG0087.wav,included,
REC038_SEG0088,REC038,SPK002,train,vad_v1,510.616,524.488,13.872,data/processed/segments/REC038/REC038_SEG0088.wav,included,
REC038_SEG0089,REC038,SPK002,train,vad_v1,525.144,530.728,5.584,data/processed/segments/REC038/REC038_SEG0089.wav,included,
REC038_SEG0090,REC038,SPK002,train,vad_v1,531.0,542.408,11.408,data/processed/segments/REC038/REC038_SEG0090.wav,included,
REC038_SEG0091,REC038,SPK002,train,vad_v1,542.968,555.272,12.304,data/processed/segments/REC038/REC038_SEG0091.wav,included,
REC038_SEG0092,REC038,SPK002,train,vad_v1,555.672,566.024,10.352,data/processed/segments/REC038/REC038_SEG0092.wav,included,
REC038_SEG0093,REC038,SPK002,train,vad_v1,567.064,574.408,7.344,data/processed/segments/REC038/REC038_SEG0093.wav,included,
REC038_SEG0094,REC038,SPK002,train,vad_v1,575.64,579.272,3.632,data/processed/segments/REC038/REC038_SEG0094.wav,included,
REC038_SEG0095,REC038,SPK002,train,vad_v1,580.12,582.248,2.128,data/processed/segments/REC038/REC038_SEG0095.wav,included,
REC038_SEG0096,REC038,SPK002,train,vad_v1,583.544,586.6,3.056,data/processed/segments/REC038/REC038_SEG0096.wav,included,
REC038_SEG0097,REC038,SPK002,train,vad_v1,587.576,599.24,11.664,data/processed/segments/REC038/REC038_SEG0097.wav,included,
REC038_SEG0098,REC038,SPK002,train,vad_v1,600.056,602.696,2.64,data/processed/segments/REC038/REC038_SEG0098.wav,included,
REC038_SEG0099,REC038,SPK002,train,vad_v1,603.352,611.368,8.016,data/processed/segments/REC038/REC038_SEG0099.wav,included,
REC038_SEG0100,REC038,SPK002,train,vad_v1,612.088,621.032,8.944,data/processed/segments/REC038/REC038_SEG0100.wav,included,
REC038_SEG0101,REC038,SPK002,train,vad_v1,622.008,634.152,12.144,data/processed/segments/REC038/REC038_SEG0101.wav,included,
REC038_SEG0102,REC038,SPK002,train,vad_v1,634.904,646.664,11.76,data/processed/segments/REC038/REC038_SEG0102.wav,included,
REC038_SEG0103,REC038,SPK002,train,vad_v1,647.576,659.976,12.4,data/processed/segments/REC038/REC038_SEG0103.wav,included,
REC038_SEG0104,REC038,SPK002,train,vad_v1,660.76,664.808,4.048,data/processed/segments/REC038/REC038_SEG0104.wav,included,
REC038_SEG0105,REC038,SPK002,train,vad_v1,665.72,670.632,4.912,data/processed/segments/REC038/REC038_SEG0105.wav,included,
REC038_SEG0106,REC038,SPK002,train,vad_v1,672.28,684.648,12.368,data/processed/segments/REC038/REC038_SEG0106.wav,included,
REC038_SEG0107,REC038,SPK002,train,vad_v1,685.528,693.256,7.728,data/processed/segments/REC038/REC038_SEG0107.wav,included,
REC038_SEG0108,REC038,SPK002,train,vad_v1,694.168,696.04,1.872,data/processed/segments/REC038/REC038_SEG0108.wav,included,
REC038_SEG0109,REC038,SPK002,train,vad_v1,696.984,708.168,11.184,data/processed/segments/REC038/REC038_SEG0109.wav,included,
REC038_SEG0110,REC038,SPK002,train,vad_v1,708.44,715.016,6.576,data/processed/segments/REC038/REC038_SEG0110.wav,included,
REC038_SEG0111,REC038,SPK002,train,vad_v1,715.672,716.968,1.296,data/processed/segments/REC038/REC038_SEG0111.wav,included,
REC038_SEG0112,REC038,SPK002,train,vad_v1,717.624,727.624,10.0,data/processed/segments/REC038/REC038_SEG0112.wav,included,
REC038_SEG0113,REC038,SPK002,train,vad_v1,728.248,736.52,8.272,data/processed/segments/REC038/REC038_SEG0113.wav,included,
REC038_SEG0114,REC038,SPK002,train,vad_v1,737.944,742.408,4.464,data/processed/segments/REC038/REC038_SEG0114.wav,included,
REC038_SEG0115,REC038,SPK002,train,vad_v1,743.064,744.808,1.744,data/processed/segments/REC038/REC038_SEG0115.wav,included,
REC038_SEG0116,REC038,SPK002,train,vad_v1,746.328,749.32,2.992,data/processed/segments/REC038/REC038_SEG0116.wav,included,
REC038_SEG0117,REC038,SPK002,train,vad_v1,749.976,760.552,10.576,data/processed/segments/REC038/REC038_SEG0117.wav,included,
REC038_SEG0118,REC038,SPK002,train,vad_v1,761.112,768.328,7.216,data/processed/segments/REC038/REC038_SEG0118.wav,included,
REC038_SEG0119,REC038,SPK002,train,vad_v1,768.984,771.336,2.352,data/processed/segments/REC038/REC038_SEG0119.wav,included,
REC038_SEG0120,REC038,SPK002,train,vad_v1,772.92,781.768,8.848,data/processed/segments/REC038/REC038_SEG0120.wav,included,
REC038_SEG0121,REC038,SPK002,train,vad_v1,782.904,787.944,5.04,data/processed/segments/REC038/REC038_SEG0121.wav,included,
REC038_SEG0122,REC038,SPK002,train,vad_v1,788.728,791.72,2.992,data/processed/segments/REC038/REC038_SEG0122.wav,included,
REC038_SEG0123,REC038,SPK002,train,vad_v1,792.6,795.208,2.608,data/processed/segments/REC038/REC038_SEG0123.wav,included,
REC038_SEG0124,REC038,SPK002,train,vad_v1,796.088,797.576,1.488,data/processed/segments/REC038/REC038_SEG0124.wav,included,
REC038_SEG0125,REC038,SPK002,train,vad_v1,798.264,800.296,2.032,data/processed/segments/REC038/REC038_SEG0125.wav,included,
REC038_SEG0126,REC038,SPK002,train,vad_v1,801.336,803.4,2.064,data/processed/segments/REC038/REC038_SEG0126.wav,included,
REC038_SEG0127,REC038,SPK002,train,vad_v1,804.856,806.76,1.904,data/processed/segments/REC038/REC038_SEG0127.wav,included,
REC038_SEG0128,REC038,SPK002,train,vad_v1,807.48,819.368,11.888,data/processed/segments/REC038/REC038_SEG0128.wav,included,
REC038_SEG0129,REC038,SPK002,train,vad_v1,822.36,834.184,11.824,data/processed/segments/REC038/REC038_SEG0129.wav,included,
REC038_SEG0130,REC038,SPK002,train,vad_v1,835.064,837.864,2.8,data/processed/segments/REC038/REC038_SEG0130.wav,included,
REC038_SEG0131,REC038,SPK002,train,vad_v1,838.648,851.528,12.88,data/processed/segments/REC038/REC038_SEG0131.wav,included,
REC038_SEG0132,REC038,SPK002,train,vad_v1,852.248,857.288,5.04,data/processed/segments/REC038/REC038_SEG0132.wav,included,
REC038_SEG0133,REC038,SPK002,train,vad_v1,857.912,868.328,10.416,data/processed/segments/REC038/REC038_SEG0133.wav,included,
REC038_SEG0134,REC038,SPK002,train,vad_v1,868.856,872.968,4.112,data/processed/segments/REC038/REC038_SEG0134.wav,included,
REC038_SEG0135,REC038,SPK002,train,vad_v1,873.656,882.568,8.912,data/processed/segments/REC038/REC038_SEG0135.wav,included,
REC038_SEG0136,REC038,SPK002,train,vad_v1,883.064,888.648,5.584,data/processed/segments/REC038/REC038_SEG0136.wav,included,
REC038_SEG0137,REC038,SPK002,train,vad_v1,889.432,893.448,4.016,data/processed/segments/REC038/REC038_SEG0137.wav,included,
REC038_SEG0138,REC038,SPK002,train,vad_v1,894.488,898.792,4.304,data/processed/segments/REC038/REC038_SEG0138.wav,included,
REC038_SEG0139,REC038,SPK002,train,vad_v1,899.608,900.776,1.168,data/processed/segments/REC038/REC038_SEG0139.wav,included,
REC038_SEG0140,REC038,SPK002,train,vad_v1,901.464,902.92,1.456,data/processed/segments/REC038/REC038_SEG0140.wav,included,
REC038_SEG0141,REC038,SPK002,train,vad_v1,903.48,918.024,14.544,data/processed/segments/REC038/REC038_SEG0141.wav,included,
REC038_SEG0142,REC038,SPK002,train,vad_v1,918.072,922.504,4.432,data/processed/segments/REC038/REC038_SEG0142.wav,included,
REC051_SEG0001,REC051,SPK003,train,vad_v1,0.0,5.888,5.888,data/processed/segments/REC051/REC051_SEG0001.wav,included,
REC051_SEG0002,REC051,SPK003,train,vad_v1,5.888,17.544,11.656,data/processed/segments/REC051/REC051_SEG0002.wav,included,
REC051_SEG0003,REC051,SPK003,train,vad_v1,17.848,21.416,3.568,data/processed/segments/REC051/REC051_SEG0003.wav,included,
REC051_SEG0004,REC051,SPK003,train,vad_v1,21.592,34.16,12.568,data/processed/segments/REC051/REC051_SEG0004.wav,included,
REC051_SEG0005,REC051,SPK003,train,vad_v1,34.16,48.096,13.936,data/processed/segments/REC051/REC051_SEG0005.wav,included,
REC051_SEG0006,REC051,SPK003,train,vad_v1,48.096,55.624,7.528,data/processed/segments/REC051/REC051_SEG0006.wav,included,
REC051_SEG0007,REC051,SPK003,train,vad_v1,55.8,69.576,13.776,data/processed/segments/REC051/REC051_SEG0007.wav,included,
REC051_SEG0008,REC051,SPK003,train,vad_v1,69.912,83.624,13.712,data/processed/segments/REC051/REC051_SEG0008.wav,included,
REC051_SEG0009,REC051,SPK003,train,vad_v1,83.672,90.816,7.144,data/processed/segments/REC051/REC051_SEG0009.wav,included,
REC051_SEG0010,REC051,SPK003,train,vad_v1,90.816,99.968,9.152,data/processed/segments/REC051/REC051_SEG0010.wav,included,
REC051_SEG0011,REC051,SPK003,train,vad_v1,99.968,110.28,10.312,data/processed/segments/REC051/REC051_SEG0011.wav,included,
REC051_SEG0012,REC051,SPK003,train,vad_v1,110.328,121.896,11.568,data/processed/segments/REC051/REC051_SEG0012.wav,included,
REC051_SEG0013,REC051,SPK003,train,vad_v1,122.488,130.16,7.672,data/processed/segments/REC051/REC051_SEG0013.wav,included,
REC051_SEG0014,REC051,SPK003,train,vad_v1,130.16,144.848,14.688,data/processed/segments/REC051/REC051_SEG0014.wav,included,
REC051_SEG0015,REC051,SPK003,train,vad_v1,144.848,147.496,2.648,data/processed/segments/REC051/REC051_SEG0015.wav,included,
REC051_SEG0016,REC051,SPK003,train,vad_v1,147.672,162.24,14.568,data/processed/segments/REC051/REC051_SEG0016.wav,included,
REC051_SEG0017,REC051,SPK003,train,vad_v1,162.24,174.824,12.584,data/processed/segments/REC051/REC051_SEG0017.wav,included,
REC051_SEG0018,REC051,SPK003,train,vad_v1,174.904,181.12,6.216,data/processed/segments/REC051/REC051_SEG0018.wav,included,
REC051_SEG0019,REC051,SPK003,train,vad_v1,181.12,195.92,14.8,data/processed/segments/REC051/REC051_SEG0019.wav,included,
REC051_SEG0020,REC051,SPK003,train,vad_v1,195.92,203.272,7.352,data/processed/segments/REC051/REC051_SEG0020.wav,included,
REC051_SEG0021,REC051,SPK003,train,vad_v1,203.704,216.68,12.976,data/processed/segments/REC051/REC051_SEG0021.wav,included,
REC051_SEG0022,REC051,SPK003,train,vad_v1,216.696,221.448,4.752,data/processed/segments/REC051/REC051_SEG0022.wav,included,
REC051_SEG0023,REC051,SPK003,train,vad_v1,222.008,236.656,14.648,data/processed/segments/REC051/REC051_SEG0023.wav,included,
REC051_SEG0024,REC051,SPK003,train,vad_v1,236.656,244.304,7.648,data/processed/segments/REC051/REC051_SEG0024.wav,included,
REC051_SEG0025,REC051,SPK003,train,vad_v1,244.304,256.496,12.192,data/processed/segments/REC051/REC051_SEG0025.wav,included,
REC051_SEG0026,REC051,SPK003,train,vad_v1,256.496,259.184,2.688,data/processed/segments/REC051/REC051_SEG0026.wav,included,
REC051_SEG0027,REC051,SPK003,train,vad_v1,259.184,273.008,13.824,data/processed/segments/REC051/REC051_SEG0027.wav,included,
REC051_SEG0028,REC051,SPK003,train,vad_v1,273.008,277.2,4.192,data/processed/segments/REC051/REC051_SEG0028.wav,included,
REC051_SEG0029,REC051,SPK003,train,vad_v1,277.2,288.232,11.032,data/processed/segments/REC051/REC051_SEG0029.wav,included,
REC051_SEG0030,REC051,SPK003,train,vad_v1,288.28,301.832,13.552,data/processed/segments/REC051/REC051_SEG0030.wav,included,
REC051_SEG0031,REC051,SPK003,train,vad_v1,301.88,310.632,8.752,data/processed/segments/REC051/REC051_SEG0031.wav,rejected,
REC051_SEG0032,REC051,SPK003,train,vad_v1,312.888,318.672,5.784,data/processed/segments/REC051/REC051_SEG0032.wav,included,
REC051_SEG0033,REC051,SPK003,train,vad_v1,318.672,328.04,9.368,data/processed/segments/REC051/REC051_SEG0033.wav,included,
REC051_SEG0034,REC051,SPK003,train,vad_v1,328.248,338.76,10.512,data/processed/segments/REC051/REC051_SEG0034.wav,included,
REC051_SEG0035,REC051,SPK003,train,vad_v1,338.904,347.4,8.496,data/processed/segments/REC051/REC051_SEG0035.wav,included,
REC051_SEG0036,REC051,SPK003,train,vad_v1,347.704,362.592,14.888,data/processed/segments/REC051/REC051_SEG0036.wav,included,
REC051_SEG0037,REC051,SPK003,train,vad_v1,362.592,366.408,3.816,data/processed/segments/REC051/REC051_SEG0037.wav,included,
REC051_SEG0038,REC051,SPK003,train,vad_v1,366.552,378.288,11.736,data/processed/segments/REC051/REC051_SEG0038.wav,included,
REC051_SEG0039,REC051,SPK003,train,vad_v1,378.288,384.768,6.48,data/processed/segments/REC051/REC051_SEG0039.wav,included,
REC051_SEG0040,REC051,SPK003,train,vad_v1,384.768,397.68,12.912,data/processed/segments/REC051/REC051_SEG0040.wav,included,
REC051_SEG0041,REC051,SPK003,train,vad_v1,397.68,399.792,2.112,data/processed/segments/REC051/REC051_SEG0041.wav,included,
REC051_SEG0042,REC051,SPK003,train,vad_v1,399.792,413.424,13.632,data/processed/segments/REC051/REC051_SEG0042.wav,included,
REC051_SEG0043,REC051,SPK003,train,vad_v1,413.424,418.912,5.488,data/processed/segments/REC051/REC051_SEG0043.wav,included,
REC051_SEG0044,REC051,SPK003,train,vad_v1,418.912,433.584,14.672,data/processed/segments/REC051/REC051_SEG0044.wav,included,
REC051_SEG0045,REC051,SPK003,train,vad_v1,433.584,443.056,9.472,data/processed/segments/REC051/REC051_SEG0045.wav,included,
REC051_SEG0046,REC051,SPK003,train,vad_v1,443.056,454.288,11.232,data/processed/segments/REC051/REC051_SEG0046.wav,included,
REC051_SEG0047,REC051,SPK003,train,vad_v1,454.288,467.104,12.816,data/processed/segments/REC051/REC051_SEG0047.wav,included,
REC051_SEG0048,REC051,SPK003,train,vad_v1,467.104,471.888,4.784,data/processed/segments/REC051/REC051_SEG0048.wav,included,
REC051_SEG0049,REC051,SPK003,train,vad_v1,471.888,485.104,13.216,data/processed/segments/REC051/REC051_SEG0049.wav,included,
REC051_SEG0050,REC051,SPK003,train,vad_v1,485.104,497.232,12.128,data/processed/segments/REC051/REC051_SEG0050.wav,included,
REC051_SEG0051,REC051,SPK003,train,vad_v1,497.232,503.232,6.0,data/processed/segments/REC051/REC051_SEG0051.wav,included,
REC051_SEG0052,REC051,SPK003,train,vad_v1,503.232,517.936,14.704,data/processed/segments/REC051/REC051_SEG0052.wav,included,
REC051_SEG0053,REC051,SPK003,train,vad_v1,517.936,521.512,3.576,data/processed/segments/REC051/REC051_SEG0053.wav,included,
REC051_SEG0054,REC051,SPK003,train,vad_v1,521.848,533.728,11.88,data/processed/segments/REC051/REC051_SEG0054.wav,included,
REC051_SEG0055,REC051,SPK003,train,vad_v1,533.728,541.192,7.464,data/processed/segments/REC051/REC051_SEG0055.wav,included,
REC051_SEG0056,REC051,SPK003,train,vad_v1,541.272,552.656,11.384,data/processed/segments/REC051/REC051_SEG0056.wav,included,
REC051_SEG0057,REC051,SPK003,train,vad_v1,552.656,562.304,9.648,data/processed/segments/REC051/REC051_SEG0057.wav,included,
REC051_SEG0058,REC051,SPK003,train,vad_v1,562.304,573.168,10.864,data/processed/segments/REC051/REC051_SEG0058.wav,included,
REC051_SEG0059,REC051,SPK003,train,vad_v1,573.168,585.704,12.536,data/processed/segments/REC051/REC051_SEG0059.wav,included,
REC051_SEG0060,REC051,SPK003,train,vad_v1,585.976,600.272,14.296,data/processed/segments/REC051/REC051_SEG0060.wav,included,
REC051_SEG0061,REC051,SPK003,train,vad_v1,600.272,601.888,1.616,data/processed/segments/REC051/REC051_SEG0061.wav,included,
REC051_SEG0062,REC051,SPK003,train,vad_v1,601.888,616.592,14.704,data/processed/segments/REC051/REC051_SEG0062.wav,included,
REC051_SEG0063,REC051,SPK003,train,vad_v1,616.592,627.112,10.52,data/processed/segments/REC051/REC051_SEG0063.wav,included,
REC051_SEG0064,REC051,SPK003,train,vad_v1,627.256,636.712,9.456,data/processed/segments/REC051/REC051_SEG0064.wav,included,
REC051_SEG0065,REC051,SPK003,train,vad_v1,636.856,643.744,6.888,data/processed/segments/REC051/REC051_SEG0065.wav,included,
REC051_SEG0066,REC051,SPK003,train,vad_v1,643.744,658.48,14.736,data/processed/segments/REC051/REC051_SEG0066.wav,included,
REC051_SEG0067,REC051,SPK003,train,vad_v1,658.48,664.904,6.424,data/processed/segments/REC051/REC051_SEG0067.wav,included,
REC051_SEG0068,REC051,SPK003,train,vad_v1,665.336,679.912,14.576,data/processed/segments/REC051/REC051_SEG0068.wav,included,
REC051_SEG0069,REC051,SPK003,train,vad_v1,679.928,684.84,4.912,data/processed/segments/REC051/REC051_SEG0069.wav,included,
REC051_SEG0070,REC051,SPK003,train,vad_v1,684.952,696.592,11.64,data/processed/segments/REC051/REC051_SEG0070.wav,included,
REC051_SEG0071,REC051,SPK003,train,vad_v1,696.592,700.32,3.728,data/processed/segments/REC051/REC051_SEG0071.wav,included,
REC051_SEG0072,REC051,SPK003,train,vad_v1,700.32,713.888,13.568,data/processed/segments/REC051/REC051_SEG0072.wav,included,
REC051_SEG0073,REC051,SPK003,train,vad_v1,713.888,720.416,6.528,data/processed/segments/REC051/REC051_SEG0073.wav,included,
REC051_SEG0074,REC051,SPK003,train,vad_v1,720.416,731.272,10.856,data/processed/segments/REC051/REC051_SEG0074.wav,included,
REC051_SEG0075,REC051,SPK003,train,vad_v1,731.352,739.144,7.792,data/processed/segments/REC051/REC051_SEG0075.wav,included,
REC051_SEG0076,REC051,SPK003,train,vad_v1,739.608,746.824,7.216,data/processed/segments/REC051/REC051_SEG0076.wav,included,
REC051_SEG0077,REC051,SPK003,train,vad_v1,747.032,759.616,12.584,data/processed/segments/REC051/REC051_SEG0077.wav,included,
REC051_SEG0078,REC051,SPK003,train,vad_v1,759.616,769.072,9.456,data/processed/segments/REC051/REC051_SEG0078.wav,included,
REC051_SEG0079,REC051,SPK003,train,vad_v1,769.072,777.992,8.92,data/processed/segments/REC051/REC051_SEG0079.wav,included,
REC051_SEG0080,REC051,SPK003,train,vad_v1,778.232,791.144,12.912,data/processed/segments/REC051/REC051_SEG0080.wav,included,
REC051_SEG0081,REC051,SPK003,train,vad_v1,791.256,800.112,8.856,data/processed/segments/REC051/REC051_SEG0081.wav,included,
REC051_SEG0082,REC051,SPK003,train,vad_v1,800.112,811.856,11.744,data/processed/segments/REC051/REC051_SEG0082.wav,included,
REC051_SEG0083,REC051,SPK003,train,vad_v1,811.856,818.912,7.056,data/processed/segments/REC051/REC051_SEG0083.wav,included,
REC051_SEG0084,REC051,SPK003,train,vad_v1,818.912,833.648,14.736,data/processed/segments/REC051/REC051_SEG0084.wav,included,
REC051_SEG0085,REC051,SPK003,train,vad_v1,833.648,848.0,14.352,data/processed/segments/REC051/REC051_SEG0085.wav,included,
REC051_SEG0086,REC051,SPK003,train,vad_v1,848.0,851.744,3.744,data/processed/segments/REC051/REC051_SEG0086.wav,included,
REC051_SEG0087,REC051,SPK003,train,vad_v1,851.744,864.432,12.688,data/processed/segments/REC051/REC051_SEG0087.wav,included,
REC051_SEG0088,REC051,SPK003,train,vad_v1,864.432,871.656,7.224,data/processed/segments/REC051/REC051_SEG0088.wav,included,
REC051_SEG0089,REC051,SPK003,train,vad_v1,871.8,880.264,8.464,data/processed/segments/REC051/REC051_SEG0089.wav,included,
REC051_SEG0090,REC051,SPK003,train,vad_v1,880.696,888.896,8.2,data/processed/segments/REC051/REC051_SEG0090.wav,included,
REC051_SEG0091,REC051,SPK003,train,vad_v1,888.896,900.592,11.696,data/processed/segments/REC051/REC051_SEG0091.wav,included,
REC051_SEG0092,REC051,SPK003,train,vad_v1,900.592,906.832,6.24,data/processed/segments/REC051/REC051_SEG0092.wav,included,
REC051_SEG0093,REC051,SPK003,train,vad_v1,906.832,921.488,14.656,data/processed/segments/REC051/REC051_SEG0093.wav,included,
REC051_SEG0094,REC051,SPK003,train,vad_v1,921.488,936.176,14.688,data/processed/segments/REC051/REC051_SEG0094.wav,included,
REC051_SEG0095,REC051,SPK003,train,vad_v1,936.176,942.12,5.944,data/processed/segments/REC051/REC051_SEG0095.wav,included,
REC051_SEG0096,REC051,SPK003,train,vad_v1,942.136,955.616,13.48,data/processed/segments/REC051/REC051_SEG0096.wav,included,
REC051_SEG0097,REC051,SPK003,train,vad_v1,955.616,969.152,13.536,data/processed/segments/REC051/REC051_SEG0097.wav,included,
REC051_SEG0098,REC051,SPK003,train,vad_v1,969.152,979.592,10.44,data/processed/segments/REC051/REC051_SEG0098.wav,included,
REC051_SEG0099,REC051,SPK003,train,vad_v1,980.216,985.064,4.848,data/processed/segments/REC051/REC051_SEG0099.wav,included,
REC051_SEG0100,REC051,SPK003,train,vad_v1,985.464,995.44,9.976,data/processed/segments/REC051/REC051_SEG0100.wav,included,
REC051_SEG0101,REC051,SPK003,train,vad_v1,995.44,1008.64,13.2,data/processed/segments/REC051/REC051_SEG0101.wav,included,
REC051_SEG0102,REC051,SPK003,train,vad_v1,1008.64,1010.4,1.76,data/processed/segments/REC051/REC051_SEG0102.wav,included,
REC051_SEG0103,REC051,SPK003,train,vad_v1,1010.4,1025.2,14.8,data/processed/segments/REC051/REC051_SEG0103.wav,included,
REC051_SEG0104,REC051,SPK003,train,vad_v1,1025.2,1027.592,2.392,data/processed/segments/REC051/REC051_SEG0104.wav,included,
REC051_SEG0105,REC051,SPK003,train,vad_v1,1027.608,1040.0,12.392,data/processed/segments/REC051/REC051_SEG0105.wav,included,
REC051_SEG0106,REC051,SPK003,train,vad_v1,1040.0,1044.304,4.304,data/processed/segments/REC051/REC051_SEG0106.wav,included,
REC051_SEG0107,REC051,SPK003,train,vad_v1,1044.304,1057.184,12.88,data/processed/segments/REC051/REC051_SEG0107.wav,included,
REC051_SEG0108,REC051,SPK003,train,vad_v1,1057.184,1064.976,7.792,data/processed/segments/REC051/REC051_SEG0108.wav,included,
REC051_SEG0109,REC051,SPK003,train,vad_v1,1064.976,1073.856,8.88,data/processed/segments/REC051/REC051_SEG0109.wav,included,
REC051_SEG0110,REC051,SPK003,train,vad_v1,1073.856,1086.272,12.416,data/processed/segments/REC051/REC051_SEG0110.wav,included,
REC051_SEG0111,REC051,SPK003,train,vad_v1,1086.272,1089.168,2.896,data/processed/segments/REC051/REC051_SEG0111.wav,included,
REC051_SEG0112,REC051,SPK003,train,vad_v1,1089.168,1103.952,14.784,data/processed/segments/REC051/REC051_SEG0112.wav,included,
REC051_SEG0113,REC051,SPK003,train,vad_v1,1103.952,1108.112,4.16,data/processed/segments/REC051/REC051_SEG0113.wav,included,
REC051_SEG0114,REC051,SPK003,train,vad_v1,1108.112,1122.864,14.752,data/processed/segments/REC051/REC051_SEG0114.wav,included,
REC051_SEG0115,REC051,SPK003,train,vad_v1,1122.864,1124.224,1.36,data/processed/segments/REC051/REC051_SEG0115.wav,included,
REC051_SEG0116,REC051,SPK003,train,vad_v1,1124.224,1138.432,14.208,data/processed/segments/REC051/REC051_SEG0116.wav,included,
REC051_SEG0117,REC051,SPK003,train,vad_v1,1138.432,1143.072,4.64,data/processed/segments/REC051/REC051_SEG0117.wav,included,
REC051_SEG0118,REC051,SPK003,train,vad_v1,1143.072,1157.024,13.952,data/processed/segments/REC051/REC051_SEG0118.wav,included,
REC051_SEG0119,REC051,SPK003,train,vad_v1,1157.024,1164.64,7.616,data/processed/segments/REC051/REC051_SEG0119.wav,included,
REC051_SEG0120,REC051,SPK003,train,vad_v1,1164.64,1177.184,12.544,data/processed/segments/REC051/REC051_SEG0120.wav,included,
REC051_SEG0121,REC051,SPK003,train,vad_v1,1177.184,1181.832,4.648,data/processed/segments/REC051/REC051_SEG0121.wav,included,
REC051_SEG0122,REC051,SPK003,train,vad_v1,1181.976,1192.032,10.056,data/processed/segments/REC051/REC051_SEG0122.wav,included,
REC051_SEG0123,REC051,SPK003,train,vad_v1,1192.032,1201.224,9.192,data/processed/segments/REC051/REC051_SEG0123.wav,included,
REC051_SEG0124,REC051,SPK003,train,vad_v1,1201.528,1211.824,10.296,data/processed/segments/REC051/REC051_SEG0124.wav,included,
REC051_SEG0125,REC051,SPK003,train,vad_v1,1211.824,1224.928,13.104,data/processed/segments/REC051/REC051_SEG0125.wav,included,
REC051_SEG0126,REC051,SPK003,train,vad_v1,1224.928,1234.656,9.728,data/processed/segments/REC051/REC051_SEG0126.wav,included,
REC051_SEG0127,REC051,SPK003,train,vad_v1,1234.656,1246.336,11.68,data/processed/segments/REC051/REC051_SEG0127.wav,included,
REC051_SEG0128,REC051,SPK003,train,vad_v1,1246.336,1260.384,14.048,data/processed/segments/REC051/REC051_SEG0128.wav,included,
REC051_SEG0129,REC051,SPK003,train,vad_v1,1260.384,1262.76,2.376,data/processed/segments/REC051/REC051_SEG0129.wav,included,
REC051_SEG0130,REC051,SPK003,train,vad_v1,1263.096,1277.904,14.808,data/processed/segments/REC051/REC051_SEG0130.wav,included,
REC051_SEG0131,REC051,SPK003,train,vad_v1,1277.904,1292.112,14.208,data/processed/segments/REC051/REC051_SEG0131.wav,included,
REC051_SEG0132,REC051,SPK003,train,vad_v1,1292.112,1293.984,1.872,data/processed/segments/REC051/REC051_SEG0132.wav,included,
REC051_SEG0133,REC051,SPK003,train,vad_v1,1293.984,1307.08,13.096,data/processed/segments/REC051/REC051_SEG0133.wav,included,
REC051_SEG0134,REC051,SPK003,train,vad_v1,1307.352,1321.288,13.936,data/processed/segments/REC051/REC051_SEG0134.wav,included,
REC051_SEG0135,REC051,SPK003,train,vad_v1,1321.72,1323.112,1.392,data/processed/segments/REC051/REC051_SEG0135.wav,included,
REC051_SEG0136,REC051,SPK003,train,vad_v1,1323.16,1337.392,14.232,data/processed/segments/REC051/REC051_SEG0136.wav,included,
REC051_SEG0137,REC051,SPK003,train,vad_v1,1337.392,1346.576,9.184,data/processed/segments/REC051/REC051_SEG0137.wav,included,
REC051_SEG0138,REC051,SPK003,train,vad_v1,1346.576,1353.896,7.32,data/processed/segments/REC051/REC051_SEG0138.wav,included,
REC051_SEG0139,REC051,SPK003,train,vad_v1,1353.912,1368.72,14.808,data/processed/segments/REC051/REC051_SEG0139.wav,included,
REC051_SEG0140,REC051,SPK003,train,vad_v1,1368.72,1383.344,14.624,data/processed/segments/REC051/REC051_SEG0140.wav,included,
REC051_SEG0141,REC051,SPK003,train,vad_v1,1383.344,1384.864,1.52,data/processed/segments/REC051/REC051_SEG0141.wav,included,
REC051_SEG0142,REC051,SPK003,train,vad_v1,1384.864,1399.632,14.768,data/processed/segments/REC051/REC051_SEG0142.wav,included,
REC051_SEG0143,REC051,SPK003,train,vad_v1,1399.632,1406.448,6.816,data/processed/segments/REC051/REC051_SEG0143.wav,included,
REC051_SEG0144,REC051,SPK003,train,vad_v1,1406.448,1415.336,8.888,data/processed/segments/REC051/REC051_SEG0144.wav,included,
REC051_SEG0145,REC051,SPK003,train,vad_v1,1415.416,1429.312,13.896,data/processed/segments/REC051/REC051_SEG0145.wav,included,
REC051_SEG0146,REC051,SPK003,train,vad_v1,1429.312,1437.84,8.528,data/processed/segments/REC051/REC051_SEG0146.wav,included,
REC051_SEG0147,REC051,SPK003,train,vad_v1,1437.84,1444.704,6.864,data/processed/segments/REC051/REC051_SEG0147.wav,included,
REC051_SEG0148,REC051,SPK003,train,vad_v1,1444.704,1452.688,7.984,data/processed/segments/REC051/REC051_SEG0148.wav,included,
REC051_SEG0149,REC051,SPK003,train,vad_v1,1452.688,1467.376,14.688,data/processed/segments/REC051/REC051_SEG0149.wav,included,
REC051_SEG0150,REC051,SPK003,train,vad_v1,1467.376,1471.68,4.304,data/processed/segments/REC051/REC051_SEG0150.wav,included,
REC051_SEG0151,REC051,SPK003,train,vad_v1,1471.68,1486.416,14.736,data/processed/segments/REC051/REC051_SEG0151.wav,included,
REC051_SEG0152,REC051,SPK003,train,vad_v1,1486.416,1500.04,13.624,data/processed/segments/REC051/REC051_SEG0152.wav,included,
REC051_SEG0153,REC051,SPK003,train,vad_v1,1500.056,1503.016,2.96,data/processed/segments/REC051/REC051_SEG0153.wav,included,
REC051_SEG0154,REC051,SPK003,train,vad_v1,1503.576,1516.688,13.112,data/processed/segments/REC051/REC051_SEG0154.wav,included,
REC051_SEG0155,REC051,SPK003,train,vad_v1,1516.688,1528.976,12.288,data/processed/segments/REC051/REC051_SEG0155.wav,included,
REC051_SEG0156,REC051,SPK003,train,vad_v1,1528.976,1532.328,3.352,data/processed/segments/REC051/REC051_SEG0156.wav,included,
REC051_SEG0157,REC051,SPK003,train,vad_v1,1532.472,1544.0,11.528,data/processed/segments/REC051/REC051_SEG0157.wav,included,
REC051_SEG0158,REC051,SPK003,train,vad_v1,1544.0,1556.136,12.136,data/processed/segments/REC051/REC051_SEG0158.wav,included,
REC051_SEG0159,REC051,SPK003,train,vad_v1,1556.248,1560.456,4.208,data/processed/segments/REC051/REC051_SEG0159.wav,included,
REC051_SEG0160,REC051,SPK003,train,vad_v1,1560.472,1573.152,12.68,data/processed/segments/REC051/REC051_SEG0160.wav,included,
REC051_SEG0161,REC051,SPK003,train,vad_v1,1573.152,1578.728,5.576,data/processed/segments/REC051/REC051_SEG0161.wav,included,
REC051_SEG0162,REC051,SPK003,train,vad_v1,1579.16,1593.968,14.808,data/processed/segments/REC051/REC051_SEG0162.wav,included,
REC051_SEG0163,REC051,SPK003,train,vad_v1,1593.968,1607.888,13.92,data/processed/segments/REC051/REC051_SEG0163.wav,included,
REC051_SEG0164,REC051,SPK003,train,vad_v1,1607.888,1621.704,13.816,data/processed/segments/REC051/REC051_SEG0164.wav,included,
REC051_SEG0165,REC051,SPK003,train,vad_v1,1621.752,1634.992,13.24,data/processed/segments/REC051/REC051_SEG0165.wav,included,
REC051_SEG0166,REC051,SPK003,train,vad_v1,1634.992,1646.088,11.096,data/processed/segments/REC051/REC051_SEG0166.wav,included,
REC051_SEG0167,REC051,SPK003,train,vad_v1,1646.328,1650.672,4.344,data/processed/segments/REC051/REC051_SEG0167.wav,included,
REC051_SEG0168,REC051,SPK003,train,vad_v1,1650.672,1665.456,14.784,data/processed/segments/REC051/REC051_SEG0168.wav,included,
REC051_SEG0169,REC051,SPK003,train,vad_v1,1665.456,1668.072,2.616,data/processed/segments/REC051/REC051_SEG0169.wav,included,
REC051_SEG0170,REC051,SPK003,train,vad_v1,1668.088,1680.336,12.248,data/processed/segments/REC051/REC051_SEG0170.wav,included,
REC051_SEG0171,REC051,SPK003,train,vad_v1,1680.336,1685.216,4.88,data/processed/segments/REC051/REC051_SEG0171.wav,included,
REC051_SEG0172,REC051,SPK003,train,vad_v1,1685.216,1696.808,11.592,data/processed/segments/REC051/REC051_SEG0172.wav,included,
REC051_SEG0173,REC051,SPK003,train,vad_v1,1696.824,1700.992,4.168,data/processed/segments/REC051/REC051_SEG0173.wav,included,
REC051_SEG0174,REC051,SPK003,train,vad_v1,1700.992,1715.76,14.768,data/processed/segments/REC051/REC051_SEG0174.wav,included,
REC051_SEG0175,REC051,SPK003,train,vad_v1,1715.76,1724.872,9.112,data/processed/segments/REC051/REC051_SEG0175.wav,included,
REC051_SEG0176,REC051,SPK003,train,vad_v1,1725.048,1734.96,9.912,data/processed/segments/REC051/REC051_SEG0176.wav,included,
REC051_SEG0177,REC051,SPK003,train,vad_v1,1734.96,1741.608,6.648,data/processed/segments/REC051/REC051_SEG0177.wav,included,
REC051_SEG0178,REC051,SPK003,train,vad_v1,1741.816,1750.12,8.304,data/processed/segments/REC051/REC051_SEG0178.wav,included,
REC051_SEG0179,REC051,SPK003,train,vad_v1,1750.328,1759.36,9.032,data/processed/segments/REC051/REC051_SEG0179.wav,included,
REC051_SEG0180,REC051,SPK003,train,vad_v1,1759.36,1765.248,5.888,data/processed/segments/REC051/REC051_SEG0180.wav,included,
REC051_SEG0181,REC051,SPK003,train,vad_v1,1765.248,1778.632,13.384,data/processed/segments/REC051/REC051_SEG0181.wav,included,
REC051_SEG0182,REC051,SPK003,train,vad_v1,1778.648,1780.432,1.784,data/processed/segments/REC051/REC051_SEG0182.wav,included,
REC051_SEG0183,REC051,SPK003,train,vad_v1,1780.432,1795.152,14.72,data/processed/segments/REC051/REC051_SEG0183.wav,included,
REC051_SEG0184,REC051,SPK003,train,vad_v1,1795.152,1797.192,2.04,data/processed/segments/REC051/REC051_SEG0184.wav,included,
REC051_SEG0185,REC051,SPK003,train,vad_v1,1797.56,1812.368,14.808,data/processed/segments/REC051/REC051_SEG0185.wav,included,
REC051_SEG0186,REC051,SPK003,train,vad_v1,1812.368,1821.424,9.056,data/processed/segments/REC051/REC051_SEG0186.wav,included,
REC051_SEG0187,REC051,SPK003,train,vad_v1,1821.424,1835.104,13.68,data/processed/segments/REC051/REC051_SEG0187.wav,included,
REC051_SEG0188,REC051,SPK003,train,vad_v1,1835.104,1842.896,7.792,data/processed/segments/REC051/REC051_SEG0188.wav,included,
REC051_SEG0189,REC051,SPK003,train,vad_v1,1842.896,1857.584,14.688,data/processed/segments/REC051/REC051_SEG0189.wav,included,
REC051_SEG0190,REC051,SPK003,train,vad_v1,1857.584,1871.979,14.395,data/processed/segments/REC051/REC051_SEG0190.wav,included,
REC052_SEG0001,REC052,SPK003,train,vad_v1,0.0,13.632,13.632,data/processed/segments/REC052/REC052_SEG0001.wav,included,
REC052_SEG0002,REC052,SPK003,train,vad_v1,13.632,28.4,14.768,data/processed/segments/REC052/REC052_SEG0002.wav,included,
REC052_SEG0003,REC052,SPK003,train,vad_v1,28.4,34.696,6.296,data/processed/segments/REC052/REC052_SEG0003.wav,included,
REC052_SEG0004,REC052,SPK003,train,vad_v1,34.968,48.968,14.0,data/processed/segments/REC052/REC052_SEG0004.wav,included,
REC052_SEG0005,REC052,SPK003,train,vad_v1,49.048,50.352,1.304,data/processed/segments/REC052/REC052_SEG0005.wav,included,
REC052_SEG0006,REC052,SPK003,train,vad_v1,50.352,65.072,14.72,data/processed/segments/REC052/REC052_SEG0006.wav,included,
REC052_SEG0007,REC052,SPK003,train,vad_v1,65.072,78.088,13.016,data/processed/segments/REC052/REC052_SEG0007.wav,included,
REC052_SEG0008,REC052,SPK003,train,vad_v1,78.104,85.384,7.28,data/processed/segments/REC052/REC052_SEG0008.wav,included,
REC052_SEG0009,REC052,SPK003,train,vad_v1,85.464,94.352,8.888,data/processed/segments/REC052/REC052_SEG0009.wav,included,
REC052_SEG0010,REC052,SPK003,train,vad_v1,94.352,101.68,7.328,data/processed/segments/REC052/REC052_SEG0010.wav,included,
REC052_SEG0011,REC052,SPK003,train,vad_v1,101.68,109.376,7.696,data/processed/segments/REC052/REC052_SEG0011.wav,included,
REC052_SEG0012,REC052,SPK003,train,vad_v1,109.376,116.56,7.184,data/processed/segments/REC052/REC052_SEG0012.wav,included,
REC052_SEG0013,REC052,SPK003,train,vad_v1,116.56,124.256,7.696,data/processed/segments/REC052/REC052_SEG0013.wav,included,
REC052_SEG0014,REC052,SPK003,train,vad_v1,124.256,135.232,10.976,data/processed/segments/REC052/REC052_SEG0014.wav,included,
REC052_SEG0015,REC052,SPK003,train,vad_v1,135.232,148.256,13.024,data/processed/segments/REC052/REC052_SEG0015.wav,included,
REC052_SEG0016,REC052,SPK003,train,vad_v1,148.256,160.744,12.488,data/processed/segments/REC052/REC052_SEG0016.wav,included,
REC052_SEG0017,REC052,SPK003,train,vad_v1,161.272,163.144,1.872,data/processed/segments/REC052/REC052_SEG0017.wav,included,
REC052_SEG0018,REC052,SPK003,train,vad_v1,164.408,170.144,5.736,data/processed/segments/REC052/REC052_SEG0018.wav,included,
REC052_SEG0019,REC052,SPK003,train,vad_v1,170.144,183.848,13.704,data/processed/segments/REC052/REC052_SEG0019.wav,included,
REC052_SEG0020,REC052,SPK003,train,vad_v1,183.992,189.136,5.144,data/processed/segments/REC052/REC052_SEG0020.wav,included,
REC052_SEG0021,REC052,SPK003,train,vad_v1,189.136,199.464,10.328,data/processed/segments/REC052/REC052_SEG0021.wav,included,
REC052_SEG0022,REC052,SPK003,train,vad_v1,199.736,213.128,13.392,data/processed/segments/REC052/REC052_SEG0022.wav,included,
REC052_SEG0023,REC052,SPK003,train,vad_v1,213.688,226.504,12.816,data/processed/segments/REC052/REC052_SEG0023.wav,included,
REC052_SEG0024,REC052,SPK003,train,vad_v1,226.52,235.752,9.232,data/processed/segments/REC052/REC052_SEG0024.wav,included,
REC052_SEG0025,REC052,SPK003,train,vad_v1,236.408,241.192,4.784,data/processed/segments/REC052/REC052_SEG0025.wav,included,
REC052_SEG0026,REC052,SPK003,train,vad_v1,241.496,256.0,14.504,data/processed/segments/REC052/REC052_SEG0026.wav,included,
REC052_SEG0027,REC052,SPK003,train,vad_v1,256.0,269.952,13.952,data/processed/segments/REC052/REC052_SEG0027.wav,included,
REC052_SEG0028,REC052,SPK003,train,vad_v1,269.952,278.064,8.112,data/processed/segments/REC052/REC052_SEG0028.wav,included,
REC052_SEG0029,REC052,SPK003,train,vad_v1,278.064,290.056,11.992,data/processed/segments/REC052/REC052_SEG0029.wav,included,
REC052_SEG0030,REC052,SPK003,train,vad_v1,290.2,295.016,4.816,data/processed/segments/REC052/REC052_SEG0030.wav,included,
REC052_SEG0031,REC052,SPK003,train,vad_v1,295.544,309.672,14.128,data/processed/segments/REC052/REC052_SEG0031.wav,included,
REC052_SEG0032,REC052,SPK003,train,vad_v1,309.976,323.752,13.776,data/processed/segments/REC052/REC052_SEG0032.wav,included,
REC052_SEG0033,REC052,SPK003,train,vad_v1,324.248,338.112,13.864,data/processed/segments/REC052/REC052_SEG0033.wav,included,
REC052_SEG0034,REC052,SPK003,train,vad_v1,338.112,344.776,6.664,data/processed/segments/REC052/REC052_SEG0034.wav,included,
REC052_SEG0035,REC052,SPK003,train,vad_v1,344.856,356.24,11.384,data/processed/segments/REC052/REC052_SEG0035.wav,included,
REC052_SEG0036,REC052,SPK003,train,vad_v1,356.24,362.536,6.296,data/processed/segments/REC052/REC052_SEG0036.wav,included,
REC052_SEG0037,REC052,SPK003,train,vad_v1,362.68,371.072,8.392,data/processed/segments/REC052/REC052_SEG0037.wav,included,
REC052_SEG0038,REC052,SPK003,train,vad_v1,371.072,378.208,7.136,data/processed/segments/REC052/REC052_SEG0038.wav,included,
REC052_SEG0039,REC052,SPK003,train,vad_v1,378.208,391.624,13.416,data/processed/segments/REC052/REC052_SEG0039.wav,included,
REC052_SEG0040,REC052,SPK003,train,vad_v1,391.8,398.568,6.768,data/processed/segments/REC052/REC052_SEG0040.wav,included,
REC052_SEG0041,REC052,SPK003,train,vad_v1,398.808,413.616,14.808,data/processed/segments/REC052/REC052_SEG0041.wav,included,
REC052_SEG0042,REC052,SPK003,train,vad_v1,413.616,418.568,4.952,data/processed/segments/REC052/REC052_SEG0042.wav,included,
REC052_SEG0043,REC052,SPK003,train,vad_v1,418.808,433.536,14.728,data/processed/segments/REC052/REC052_SEG0043.wav,included,
REC052_SEG0044,REC052,SPK003,train,vad_v1,433.536,436.968,3.432,data/processed/segments/REC052/REC052_SEG0044.wav,included,
REC052_SEG0045,REC052,SPK003,train,vad_v1,436.984,451.792,14.808,data/processed/segments/REC052/REC052_SEG0045.wav,included,
REC052_SEG0046,REC052,SPK003,train,vad_v1,451.792,461.136,9.344,data/processed/segments/REC052/REC052_SEG0046.wav,included,
REC052_SEG0047,REC052,SPK003,train,vad_v1,461.136,473.96,12.824,data/processed/segments/REC052/REC052_SEG0047.wav,included,
REC052_SEG0048,REC052,SPK003,train,vad_v1,474.008,482.16,8.152,data/processed/segments/REC052/REC052_SEG0048.wav,included,
REC052_SEG0049,REC052,SPK003,train,vad_v1,482.16,491.856,9.696,data/processed/segments/REC052/REC052_SEG0049.wav,included,
REC052_SEG0050,REC052,SPK003,train,vad_v1,491.856,500.544,8.688,data/processed/segments/REC052/REC052_SEG0050.wav,included,
REC052_SEG0051,REC052,SPK003,train,vad_v1,500.544,512.784,12.24,data/processed/segments/REC052/REC052_SEG0051.wav,included,
REC052_SEG0052,REC052,SPK003,train,vad_v1,512.784,518.48,5.696,data/processed/segments/REC052/REC052_SEG0052.wav,included,
REC052_SEG0053,REC052,SPK003,train,vad_v1,518.48,530.848,12.368,data/processed/segments/REC052/REC052_SEG0053.wav,included,
REC052_SEG0054,REC052,SPK003,train,vad_v1,530.848,544.36,13.512,data/processed/segments/REC052/REC052_SEG0054.wav,included,
REC052_SEG0055,REC052,SPK003,train,vad_v1,544.792,545.768,0.976,data/processed/segments/REC052/REC052_SEG0055.wav,rejected,
REC052_SEG0056,REC052,SPK003,train,vad_v1,546.584,557.48,10.896,data/processed/segments/REC052/REC052_SEG0056.wav,included,
REC052_SEG0057,REC052,SPK003,train,vad_v1,557.688,565.896,8.208,data/processed/segments/REC052/REC052_SEG0057.wav,included,
REC052_SEG0058,REC052,SPK003,train,vad_v1,566.168,579.936,13.768,data/processed/segments/REC052/REC052_SEG0058.wav,included,
REC052_SEG0059,REC052,SPK003,train,vad_v1,579.936,586.152,6.216,data/processed/segments/REC052/REC052_SEG0059.wav,included,
REC052_SEG0060,REC052,SPK003,train,vad_v1,586.232,601.04,14.808,data/processed/segments/REC052/REC052_SEG0060.wav,included,
REC052_SEG0061,REC052,SPK003,train,vad_v1,601.04,603.08,2.04,data/processed/segments/REC052/REC052_SEG0061.wav,included,
REC052_SEG0062,REC052,SPK003,train,vad_v1,603.16,618.064,14.904,data/processed/segments/REC052/REC052_SEG0062.wav,included,
REC052_SEG0063,REC052,SPK003,train,vad_v1,618.064,626.976,8.912,data/processed/segments/REC052/REC052_SEG0063.wav,included,
REC052_SEG0064,REC052,SPK003,train,vad_v1,626.976,636.808,9.832,data/processed/segments/REC052/REC052_SEG0064.wav,included,
REC052_SEG0065,REC052,SPK003,train,vad_v1,637.24,652.096,14.856,data/processed/segments/REC052/REC052_SEG0065.wav,included,
REC052_SEG0066,REC052,SPK003,train,vad_v1,652.096,661.968,9.872,data/processed/segments/REC052/REC052_SEG0066.wav,included,
REC052_SEG0067,REC052,SPK003,train,vad_v1,661.968,672.584,10.616,data/processed/segments/REC052/REC052_SEG0067.wav,included,
REC052_SEG0068,REC052,SPK003,train,vad_v1,672.728,679.72,6.992,data/processed/segments/REC052/REC052_SEG0068.wav,included,
REC052_SEG0069,REC052,SPK003,train,vad_v1,680.248,688.488,8.24,data/processed/segments/REC052/REC052_SEG0069.wav,included,
REC052_SEG0070,REC052,SPK003,train,vad_v1,688.728,696.84,8.112,data/processed/segments/REC052/REC052_SEG0070.wav,included,
REC052_SEG0071,REC052,SPK003,train,vad_v1,696.92,711.728,14.808,data/processed/segments/REC052/REC052_SEG0071.wav,included,
REC052_SEG0072,REC052,SPK003,train,vad_v1,711.728,715.752,4.024,data/processed/segments/REC052/REC052_SEG0072.wav,included,
REC052_SEG0073,REC052,SPK003,train,vad_v1,715.832,726.912,11.08,data/processed/segments/REC052/REC052_SEG0073.wav,included,
REC052_SEG0074,REC052,SPK003,train,vad_v1,726.912,736.904,9.992,data/processed/segments/REC052/REC052_SEG0074.wav,included,
REC052_SEG0075,REC052,SPK003,train,vad_v1,737.624,740.168,2.544,data/processed/segments/REC052/REC052_SEG0075.wav,included,
REC052_SEG0076,REC052,SPK003,train,vad_v1,740.184,754.992,14.808,data/processed/segments/REC052/REC052_SEG0076.wav,included,
REC052_SEG0077,REC052,SPK003,train,vad_v1,754.992,758.248,3.256,data/processed/segments/REC052/REC052_SEG0077.wav,included,
REC052_SEG0078,REC052,SPK003,train,vad_v1,758.328,773.136,14.808,data/processed/segments/REC052/REC052_SEG0078.wav,included,
REC052_SEG0079,REC052,SPK003,train,vad_v1,773.136,784.032,10.896,data/processed/segments/REC052/REC052_SEG0079.wav,included,
REC052_SEG0080,REC052,SPK003,train,vad_v1,784.032,792.584,8.552,data/processed/segments/REC052/REC052_SEG0080.wav,included,
REC052_SEG0081,REC052,SPK003,train,vad_v1,792.76,805.712,12.952,data/processed/segments/REC052/REC052_SEG0081.wav,included,
REC052_SEG0082,REC052,SPK003,train,vad_v1,805.712,818.632,12.92,data/processed/segments/REC052/REC052_SEG0082.wav,included,
REC052_SEG0083,REC052,SPK003,train,vad_v1,819.096,822.28,3.184,data/processed/segments/REC052/REC052_SEG0083.wav,included,
REC052_SEG0084,REC052,SPK003,train,vad_v1,822.456,834.976,12.52,data/processed/segments/REC052/REC052_SEG0084.wav,included,
REC052_SEG0085,REC052,SPK003,train,vad_v1,834.976,848.928,13.952,data/processed/segments/REC052/REC052_SEG0085.wav,included,
REC052_SEG0086,REC052,SPK003,train,vad_v1,848.928,855.56,6.632,data/processed/segments/REC052/REC052_SEG0086.wav,included,
REC052_SEG0087,REC052,SPK003,train,vad_v1,855.704,866.8,11.096,data/processed/segments/REC052/REC052_SEG0087.wav,included,
REC052_SEG0088,REC052,SPK003,train,vad_v1,866.8,871.408,4.608,data/processed/segments/REC052/REC052_SEG0088.wav,included,
REC052_SEG0089,REC052,SPK003,train,vad_v1,871.408,885.168,13.76,data/processed/segments/REC052/REC052_SEG0089.wav,included,
REC052_SEG0090,REC052,SPK003,train,vad_v1,885.168,888.512,3.344,data/processed/segments/REC052/REC052_SEG0090.wav,included,
REC052_SEG0091,REC052,SPK003,train,vad_v1,888.512,903.184,14.672,data/processed/segments/REC052/REC052_SEG0091.wav,included,
REC052_SEG0092,REC052,SPK003,train,vad_v1,903.184,906.88,3.696,data/processed/segments/REC052/REC052_SEG0092.wav,included,
REC052_SEG0093,REC052,SPK003,train,vad_v1,906.88,918.752,11.872,data/processed/segments/REC052/REC052_SEG0093.wav,included,
REC052_SEG0094,REC052,SPK003,train,vad_v1,918.752,929.128,10.376,data/processed/segments/REC052/REC052_SEG0094.wav,included,
REC052_SEG0095,REC052,SPK003,train,vad_v1,929.208,941.904,12.696,data/processed/segments/REC052/REC052_SEG0095.wav,included,
REC052_SEG0096,REC052,SPK003,train,vad_v1,941.904,946.528,4.624,data/processed/segments/REC052/REC052_SEG0096.wav,included,
REC052_SEG0097,REC052,SPK003,train,vad_v1,946.528,957.664,11.136,data/processed/segments/REC052/REC052_SEG0097.wav,included,
REC052_SEG0098,REC052,SPK003,train,vad_v1,957.664,961.312,3.648,data/processed/segments/REC052/REC052_SEG0098.wav,included,
REC052_SEG0099,REC052,SPK003,train,vad_v1,961.312,975.712,14.4,data/processed/segments/REC052/REC052_SEG0099.wav,included,
REC052_SEG0100,REC052,SPK003,train,vad_v1,975.712,980.688,4.976,data/processed/segments/REC052/REC052_SEG0100.wav,included,
REC052_SEG0101,REC052,SPK003,train,vad_v1,980.688,992.256,11.568,data/processed/segments/REC052/REC052_SEG0101.wav,included,
REC052_SEG0102,REC052,SPK003,train,vad_v1,992.256,1000.64,8.384,data/processed/segments/REC052/REC052_SEG0102.wav,included,
REC052_SEG0103,REC052,SPK003,train,vad_v1,1000.64,1007.904,7.264,data/processed/segments/REC052/REC052_SEG0103.wav,included,
REC052_SEG0104,REC052,SPK003,train,vad_v1,1007.904,1017.84,9.936,data/processed/segments/REC052/REC052_SEG0104.wav,included,
REC052_SEG0105,REC052,SPK003,train,vad_v1,1017.84,1032.56,14.72,data/processed/segments/REC052/REC052_SEG0105.wav,included,
REC052_SEG0106,REC052,SPK003,train,vad_v1,1032.56,1040.904,8.344,data/processed/segments/REC052/REC052_SEG0106.wav,included,
REC052_SEG0107,REC052,SPK003,train,vad_v1,1041.144,1052.96,11.816,data/processed/segments/REC052/REC052_SEG0107.wav,included,
REC052_SEG0108,REC052,SPK003,train,vad_v1,1052.96,1058.504,5.544,data/processed/segments/REC052/REC052_SEG0108.wav,included,
REC052_SEG0109,REC052,SPK003,train,vad_v1,1058.584,1072.296,13.712,data/processed/segments/REC052/REC052_SEG0109.wav,included,
REC052_SEG0110,REC052,SPK003,train,vad_v1,1072.376,1084.744,12.368,data/processed/segments/REC052/REC052_SEG0110.wav,included,
REC052_SEG0111,REC052,SPK003,train,vad_v1,1085.08,1098.888,13.808,data/processed/segments/REC052/REC052_SEG0111.wav,included,
REC052_SEG0112,REC052,SPK003,train,vad_v1,1099.096,1110.608,11.512,data/processed/segments/REC052/REC052_SEG0112.wav,included,
REC052_SEG0113,REC052,SPK003,train,vad_v1,1110.608,1123.176,12.568,data/processed/segments/REC052/REC052_SEG0113.wav,included,
REC052_SEG0114,REC052,SPK003,train,vad_v1,1123.544,1131.92,8.376,data/processed/segments/REC052/REC052_SEG0114.wav,included,
REC052_SEG0115,REC052,SPK003,train,vad_v1,1131.92,1143.296,11.376,data/processed/segments/REC052/REC052_SEG0115.wav,included,
REC052_SEG0116,REC052,SPK003,train,vad_v1,1143.296,1149.232,5.936,data/processed/segments/REC052/REC052_SEG0116.wav,included,
REC052_SEG0117,REC052,SPK003,train,vad_v1,1149.232,1163.984,14.752,data/processed/segments/REC052/REC052_SEG0117.wav,included,
REC052_SEG0118,REC052,SPK003,train,vad_v1,1163.984,1174.8,10.816,data/processed/segments/REC052/REC052_SEG0118.wav,included,
REC052_SEG0119,REC052,SPK003,train,vad_v1,1174.8,1180.496,5.696,data/processed/segments/REC052/REC052_SEG0119.wav,included,
REC052_SEG0120,REC052,SPK003,train,vad_v1,1180.496,1195.216,14.72,data/processed/segments/REC052/REC052_SEG0120.wav,included,
REC052_SEG0121,REC052,SPK003,train,vad_v1,1195.216,1209.84,14.624,data/processed/segments/REC052/REC052_SEG0121.wav,included,
REC052_SEG0122,REC052,SPK003,train,vad_v1,1209.84,1221.224,11.384,data/processed/segments/REC052/REC052_SEG0122.wav,included,
REC052_SEG0123,REC052,SPK003,train,vad_v1,1221.528,1231.104,9.576,data/processed/segments/REC052/REC052_SEG0123.wav,included,
REC052_SEG0124,REC052,SPK003,train,vad_v1,1231.104,1239.888,8.784,data/processed/segments/REC052/REC052_SEG0124.wav,included,
REC052_SEG0125,REC052,SPK003,train,vad_v1,1239.888,1250.192,10.304,data/processed/segments/REC052/REC052_SEG0125.wav,included,
REC052_SEG0126,REC052,SPK003,train,vad_v1,1250.192,1258.032,7.84,data/processed/segments/REC052/REC052_SEG0126.wav,included,
REC052_SEG0127,REC052,SPK003,train,vad_v1,1258.032,1267.848,9.816,data/processed/segments/REC052/REC052_SEG0127.wav,included,
REC052_SEG0128,REC052,SPK003,train,vad_v1,1268.152,1277.864,9.712,data/processed/segments/REC052/REC052_SEG0128.wav,included,
REC052_SEG0129,REC052,SPK003,train,vad_v1,1277.88,1290.0,12.12,data/processed/segments/REC052/REC052_SEG0129.wav,included,
REC052_SEG0130,REC052,SPK003,train,vad_v1,1290.0,1298.16,8.16,data/processed/segments/REC052/REC052_SEG0130.wav,included,
REC052_SEG0131,REC052,SPK003,train,vad_v1,1298.16,1305.352,7.192,data/processed/segments/REC052/REC052_SEG0131.wav,included,
REC052_SEG0132,REC052,SPK003,train,vad_v1,1305.72,1315.024,9.304,data/processed/segments/REC052/REC052_SEG0132.wav,included,
REC052_SEG0133,REC052,SPK003,train,vad_v1,1315.024,1327.488,12.464,data/processed/segments/REC052/REC052_SEG0133.wav,included,
REC052_SEG0134,REC052,SPK003,train,vad_v1,1327.488,1340.808,13.32,data/processed/segments/REC052/REC052_SEG0134.wav,included,
REC052_SEG0135,REC052,SPK003,train,vad_v1,1341.528,1348.136,6.608,data/processed/segments/REC052/REC052_SEG0135.wav,included,
REC052_SEG0136,REC052,SPK003,train,vad_v1,1348.728,1361.664,12.936,data/processed/segments/REC052/REC052_SEG0136.wav,included,
REC052_SEG0137,REC052,SPK003,train,vad_v1,1361.664,1364.872,3.208,data/processed/segments/REC052/REC052_SEG0137.wav,included,
REC052_SEG0138,REC052,SPK003,train,vad_v1,1365.656,1366.6,0.944,data/processed/segments/REC052/REC052_SEG0138.wav,rejected,
REC052_SEG0139,REC052,SPK003,train,vad_v1,1366.744,1381.552,14.808,data/processed/segments/REC052/REC052_SEG0139.wav,included,
REC052_SEG0140,REC052,SPK003,train,vad_v1,1381.552,1390.144,8.592,data/processed/segments/REC052/REC052_SEG0140.wav,included,
REC052_SEG0141,REC052,SPK003,train,vad_v1,1390.144,1402.448,12.304,data/processed/segments/REC052/REC052_SEG0141.wav,included,
REC052_SEG0142,REC052,SPK003,train,vad_v1,1402.448,1409.536,7.088,data/processed/segments/REC052/REC052_SEG0142.wav,included,
REC052_SEG0143,REC052,SPK003,train,vad_v1,1409.536,1419.472,9.936,data/processed/segments/REC052/REC052_SEG0143.wav,included,
REC052_SEG0144,REC052,SPK003,train,vad_v1,1419.472,1432.52,13.048,data/processed/segments/REC052/REC052_SEG0144.wav,included,
REC052_SEG0145,REC052,SPK003,train,vad_v1,1432.536,1437.728,5.192,data/processed/segments/REC052/REC052_SEG0145.wav,included,
REC052_SEG0146,REC052,SPK003,train,vad_v1,1437.728,1452.432,14.704,data/processed/segments/REC052/REC052_SEG0146.wav,included,
REC052_SEG0147,REC052,SPK003,train,vad_v1,1452.432,1455.84,3.408,data/processed/segments/REC052/REC052_SEG0147.wav,included,
REC052_SEG0148,REC052,SPK003,train,vad_v1,1455.84,1470.432,14.592,data/processed/segments/REC052/REC052_SEG0148.wav,included,
REC052_SEG0149,REC052,SPK003,train,vad_v1,1470.432,1483.848,13.416,data/processed/segments/REC052/REC052_SEG0149.wav,included,
REC052_SEG0150,REC052,SPK003,train,vad_v1,1483.896,1487.36,3.464,data/processed/segments/REC052/REC052_SEG0150.wav,included,
REC052_SEG0151,REC052,SPK003,train,vad_v1,1487.36,1499.952,12.592,data/processed/segments/REC052/REC052_SEG0151.wav,included,
REC052_SEG0152,REC052,SPK003,train,vad_v1,1499.952,1512.4,12.448,data/processed/segments/REC052/REC052_SEG0152.wav,included,
REC052_SEG0153,REC052,SPK003,train,vad_v1,1512.4,1524.56,12.16,data/processed/segments/REC052/REC052_SEG0153.wav,included,
REC052_SEG0154,REC052,SPK003,train,vad_v1,1524.56,1538.624,14.064,data/processed/segments/REC052/REC052_SEG0154.wav,included,
REC052_SEG0155,REC052,SPK003,train,vad_v1,1538.624,1546.216,7.592,data/processed/segments/REC052/REC052_SEG0155.wav,included,
REC052_SEG0156,REC052,SPK003,train,vad_v1,1546.584,1560.104,13.52,data/processed/segments/REC052/REC052_SEG0156.wav,included,
REC052_SEG0157,REC052,SPK003,train,vad_v1,1560.344,1573.928,13.584,data/processed/segments/REC052/REC052_SEG0157.wav,included,
REC052_SEG0158,REC052,SPK003,train,vad_v1,1574.136,1578.472,4.336,data/processed/segments/REC052/REC052_SEG0158.wav,included,
REC052_SEG0159,REC052,SPK003,train,vad_v1,1578.776,1590.64,11.864,data/processed/segments/REC052/REC052_SEG0159.wav,included,
REC052_SEG0160,REC052,SPK003,train,vad_v1,1590.64,1604.512,13.872,data/processed/segments/REC052/REC052_SEG0160.wav,included,
REC052_SEG0161,REC052,SPK003,train,vad_v1,1604.512,1605.648,1.136,data/processed/segments/REC052/REC052_SEG0161.wav,included,
REC052_SEG0162,REC052,SPK003,train,vad_v1,1605.648,1620.432,14.784,data/processed/segments/REC052/REC052_SEG0162.wav,included,
REC052_SEG0163,REC052,SPK003,train,vad_v1,1620.432,1624.752,4.32,data/processed/segments/REC052/REC052_SEG0163.wav,included,
REC052_SEG0164,REC052,SPK003,train,vad_v1,1624.752,1639.44,14.688,data/processed/segments/REC052/REC052_SEG0164.wav,included,
REC052_SEG0165,REC052,SPK003,train,vad_v1,1639.44,1648.744,9.304,data/processed/segments/REC052/REC052_SEG0165.wav,included,
REC052_SEG0166,REC052,SPK003,train,vad_v1,1649.656,1652.168,2.512,data/processed/segments/REC052/REC052_SEG0166.wav,included,
REC052_SEG0167,REC052,SPK003,train,vad_v1,1652.536,1666.4,13.864,data/processed/segments/REC052/REC052_SEG0167.wav,included,
REC052_SEG0168,REC052,SPK003,train,vad_v1,1666.4,1678.504,12.104,data/processed/segments/REC052/REC052_SEG0168.wav,included,
REC052_SEG0169,REC052,SPK003,train,vad_v1,1681.72,1683.184,1.464,data/processed/segments/REC052/REC052_SEG0169.wav,rejected,
REC052_SEG0170,REC052,SPK003,train,vad_v1,1683.184,1697.872,14.688,data/processed/segments/REC052/REC052_SEG0170.wav,included,
REC052_SEG0171,REC052,SPK003,train,vad_v1,1697.872,1709.728,11.856,data/processed/segments/REC052/REC052_SEG0171.wav,included,
REC052_SEG0172,REC052,SPK003,train,vad_v1,1709.728,1724.464,14.736,data/processed/segments/REC052/REC052_SEG0172.wav,included,
REC052_SEG0173,REC052,SPK003,train,vad_v1,1724.464,1728.064,3.6,data/processed/segments/REC052/REC052_SEG0173.wav,included,
REC052_SEG0174,REC052,SPK003,train,vad_v1,1728.064,1740.912,12.848,data/processed/segments/REC052/REC052_SEG0174.wav,included,
REC052_SEG0175,REC052,SPK003,train,vad_v1,1740.912,1744.032,3.12,data/processed/segments/REC052/REC052_SEG0175.wav,included,
REC052_SEG0176,REC052,SPK003,train,vad_v1,1744.032,1758.16,14.128,data/processed/segments/REC052/REC052_SEG0176.wav,included,
REC052_SEG0177,REC052,SPK003,train,vad_v1,1758.16,1765.552,7.392,data/processed/segments/REC052/REC052_SEG0177.wav,included,
REC052_SEG0178,REC052,SPK003,train,vad_v1,1765.552,1779.792,14.24,data/processed/segments/REC052/REC052_SEG0178.wav,included,
REC052_SEG0179,REC052,SPK003,train,vad_v1,1779.792,1788.16,8.368,data/processed/segments/REC052/REC052_SEG0179.wav,included,
REC052_SEG0180,REC052,SPK003,train,vad_v1,1788.16,1796.488,8.328,data/processed/segments/REC052/REC052_SEG0180.wav,included,
REC052_SEG0181,REC052,SPK003,train,vad_v1,1796.504,1808.456,11.952,data/processed/segments/REC052/REC052_SEG0181.wav,included,
REC052_SEG0182,REC052,SPK003,train,vad_v1,1809.048,1815.808,6.76,data/processed/segments/REC052/REC052_SEG0182.wav,included,
REC052_SEG0183,REC052,SPK003,train,vad_v1,1815.808,1829.2,13.392,data/processed/segments/REC052/REC052_SEG0183.wav,included,
REC052_SEG0184,REC052,SPK003,train,vad_v1,1829.2,1842.28,13.08,data/processed/segments/REC052/REC052_SEG0184.wav,included,
REC052_SEG0185,REC052,SPK003,train,vad_v1,1842.712,1850.568,7.856,data/processed/segments/REC052/REC052_SEG0185.wav,included,
REC052_SEG0186,REC052,SPK003,train,vad_v1,1850.968,1864.264,13.296,data/processed/segments/REC052/REC052_SEG0186.wav,included,
REC052_SEG0187,REC052,SPK003,train,vad_v1,1864.632,1867.344,2.712,data/processed/segments/REC052/REC052_SEG0187.wav,included,
REC052_SEG0188,REC052,SPK003,train,vad_v1,1867.344,1882.272,14.928,data/processed/segments/REC052/REC052_SEG0188.wav,included,
REC052_SEG0189,REC052,SPK003,train,vad_v1,1882.272,1883.784,1.512,data/processed/segments/REC052/REC052_SEG0189.wav,included,
REC052_SEG0190,REC052,SPK003,train,vad_v1,1883.8,1898.608,14.808,data/processed/segments/REC052/REC052_SEG0190.wav,included,
REC052_SEG0191,REC052,SPK003,train,vad_v1,1898.608,1907.776,9.168,data/processed/segments/REC052/REC052_SEG0191.wav,included,
REC052_SEG0192,REC052,SPK003,train,vad_v1,1907.776,1920.432,12.656,data/processed/segments/REC052/REC052_SEG0192.wav,included,
REC052_SEG0193,REC052,SPK003,train,vad_v1,1920.432,1931.168,10.736,data/processed/segments/REC052/REC052_SEG0193.wav,included,
REC052_SEG0194,REC052,SPK003,train,vad_v1,1931.168,1937.96,6.792,data/processed/segments/REC052/REC052_SEG0194.wav,included,
REC052_SEG0195,REC052,SPK003,train,vad_v1,1938.168,1949.632,11.464,data/processed/segments/REC052/REC052_SEG0195.wav,included,
REC052_SEG0196,REC052,SPK003,train,vad_v1,1949.632,1962.837,13.205,data/processed/segments/REC052/REC052_SEG0196.wav,included,
REC059_SEG0001,REC059,SPK004,test,vad_v1,21.016,33.0,11.984,data/processed/segments/REC059/REC059_SEG0001.wav,included,
REC059_SEG0002,REC059,SPK004,test,vad_v1,33.048,43.88,10.832,data/processed/segments/REC059/REC059_SEG0002.wav,included,
REC059_SEG0003,REC059,SPK004,test,vad_v1,45.976,49.512,3.536,data/processed/segments/REC059/REC059_SEG0003.wav,included,
REC059_SEG0004,REC059,SPK004,test,vad_v1,49.656,60.928,11.272,data/processed/segments/REC059/REC059_SEG0004.wav,included,
REC059_SEG0005,REC059,SPK004,test,vad_v1,60.928,66.728,5.8,data/processed/segments/REC059/REC059_SEG0005.wav,included,
REC059_SEG0006,REC059,SPK004,test,vad_v1,68.6,74.248,5.648,data/processed/segments/REC059/REC059_SEG0006.wav,included,
REC059_SEG0007,REC059,SPK004,test,vad_v1,74.36,86.536,12.176,data/processed/segments/REC059/REC059_SEG0007.wav,included,
REC059_SEG0008,REC059,SPK004,test,vad_v1,93.784,105.672,11.888,data/processed/segments/REC059/REC059_SEG0008.wav,included,
REC059_SEG0009,REC059,SPK004,test,vad_v1,105.816,110.984,5.168,data/processed/segments/REC059/REC059_SEG0009.wav,included,
REC059_SEG0010,REC059,SPK004,test,vad_v1,112.024,121.256,9.232,data/processed/segments/REC059/REC059_SEG0010.wav,included,
REC059_SEG0011,REC059,SPK004,test,vad_v1,132.184,140.264,8.08,data/processed/segments/REC059/REC059_SEG0011.wav,included,
REC059_SEG0012,REC059,SPK004,test,vad_v1,141.656,150.664,9.008,data/processed/segments/REC059/REC059_SEG0012.wav,included,
REC059_SEG0013,REC059,SPK004,test,vad_v1,150.84,159.784,8.944,data/processed/segments/REC059/REC059_SEG0013.wav,included,
REC059_SEG0014,REC059,SPK004,test,vad_v1,160.664,170.184,9.52,data/processed/segments/REC059/REC059_SEG0014.wav,included,
REC059_SEG0015,REC059,SPK004,test,vad_v1,170.232,176.84,6.608,data/processed/segments/REC059/REC059_SEG0015.wav,included,
REC059_SEG0016,REC059,SPK004,test,vad_v1,177.048,188.296,11.248,data/processed/segments/REC059/REC059_SEG0016.wav,included,
REC059_SEG0017,REC059,SPK004,test,vad_v1,188.504,194.952,6.448,data/processed/segments/REC059/REC059_SEG0017.wav,included,
REC059_SEG0018,REC059,SPK004,test,vad_v1,199.288,206.376,7.088,data/processed/segments/REC059/REC059_SEG0018.wav,included,
REC059_SEG0019,REC059,SPK004,test,vad_v1,206.392,218.696,12.304,data/processed/segments/REC059/REC059_SEG0019.wav,included,
REC059_SEG0020,REC059,SPK004,test,vad_v1,218.744,222.536,3.792,data/processed/segments/REC059/REC059_SEG0020.wav,included,
REC059_SEG0021,REC059,SPK004,test,vad_v1,222.968,233.992,11.024,data/processed/segments/REC059/REC059_SEG0021.wav,included,
REC059_SEG0022,REC059,SPK004,test,vad_v1,234.36,240.736,6.376,data/processed/segments/REC059/REC059_SEG0022.wav,included,
REC059_SEG0023,REC059,SPK004,test,vad_v1,240.736,249.28,8.544,data/processed/segments/REC059/REC059_SEG0023.wav,included,
REC059_SEG0024,REC059,SPK004,test,vad_v1,249.28,261.352,12.072,data/processed/segments/REC059/REC059_SEG0024.wav,included,
REC059_SEG0025,REC059,SPK004,test,vad_v1,263.864,268.968,5.104,data/processed/segments/REC059/REC059_SEG0025.wav,included,
REC059_SEG0026,REC059,SPK004,test,vad_v1,271.192,284.04,12.848,data/processed/segments/REC059/REC059_SEG0026.wav,included,
REC059_SEG0027,REC059,SPK004,test,vad_v1,284.536,297.096,12.56,data/processed/segments/REC059/REC059_SEG0027.wav,included,
REC059_SEG0028,REC059,SPK004,test,vad_v1,297.528,307.752,10.224,data/processed/segments/REC059/REC059_SEG0028.wav,included,
REC059_SEG0029,REC059,SPK004,test,vad_v1,308.536,318.664,10.128,data/processed/segments/REC059/REC059_SEG0029.wav,included,
REC059_SEG0030,REC059,SPK004,test,vad_v1,319.192,330.44,11.248,data/processed/segments/REC059/REC059_SEG0030.wav,included,
REC059_SEG0031,REC059,SPK004,test,vad_v1,333.112,340.232,7.12,data/processed/segments/REC059/REC059_SEG0031.wav,included,
REC059_SEG0032,REC059,SPK004,test,vad_v1,340.664,348.328,7.664,data/processed/segments/REC059/REC059_SEG0032.wav,included,
REC059_SEG0033,REC059,SPK004,test,vad_v1,348.632,360.552,11.92,data/processed/segments/REC059/REC059_SEG0033.wav,included,
REC059_SEG0034,REC059,SPK004,test,vad_v1,360.696,367.496,6.8,data/processed/segments/REC059/REC059_SEG0034.wav,included,
REC059_SEG0035,REC059,SPK004,test,vad_v1,372.184,376.584,4.4,data/processed/segments/REC059/REC059_SEG0035.wav,included,
REC059_SEG0036,REC059,SPK004,test,vad_v1,376.984,389.896,12.912,data/processed/segments/REC059/REC059_SEG0036.wav,included,
REC059_SEG0037,REC059,SPK004,test,vad_v1,390.392,401.832,11.44,data/processed/segments/REC059/REC059_SEG0037.wav,included,
REC059_SEG0038,REC059,SPK004,test,vad_v1,402.168,406.408,4.24,data/processed/segments/REC059/REC059_SEG0038.wav,included,
REC059_SEG0039,REC059,SPK004,test,vad_v1,407.16,417.672,10.512,data/processed/segments/REC059/REC059_SEG0039.wav,included,
REC059_SEG0040,REC059,SPK004,test,vad_v1,419.768,425.256,5.488,data/processed/segments/REC059/REC059_SEG0040.wav,included,
REC059_SEG0041,REC059,SPK004,test,vad_v1,425.592,437.64,12.048,data/processed/segments/REC059/REC059_SEG0041.wav,included,
REC059_SEG0042,REC059,SPK004,test,vad_v1,438.04,448.328,10.288,data/processed/segments/REC059/REC059_SEG0042.wav,included,
REC059_SEG0043,REC059,SPK004,test,vad_v1,450.776,461.584,10.808,data/processed/segments/REC059/REC059_SEG0043.wav,included,
REC059_SEG0044,REC059,SPK004,test,vad_v1,461.584,469.448,7.864,data/processed/segments/REC059/REC059_SEG0044.wav,included,
REC059_SEG0045,REC059,SPK004,test,vad_v1,476.312,483.656,7.344,data/processed/segments/REC059/REC059_SEG0045.wav,included,
REC059_SEG0046,REC059,SPK004,test,vad_v1,484.76,493.728,8.968,data/processed/segments/REC059/REC059_SEG0046.wav,included,
REC059_SEG0047,REC059,SPK004,test,vad_v1,493.728,499.752,6.024,data/processed/segments/REC059/REC059_SEG0047.wav,included,
REC059_SEG0048,REC059,SPK004,test,vad_v1,500.472,511.344,10.872,data/processed/segments/REC059/REC059_SEG0048.wav,included,
REC059_SEG0049,REC059,SPK004,test,vad_v1,511.344,516.776,5.432,data/processed/segments/REC059/REC059_SEG0049.wav,included,
REC059_SEG0050,REC059,SPK004,test,vad_v1,517.112,529.216,12.104,data/processed/segments/REC059/REC059_SEG0050.wav,included,
REC059_SEG0051,REC059,SPK004,test,vad_v1,529.216,540.744,11.528,data/processed/segments/REC059/REC059_SEG0051.wav,included,
REC059_SEG0052,REC059,SPK004,test,vad_v1,540.984,544.168,3.184,data/processed/segments/REC059/REC059_SEG0052.wav,included,
REC059_SEG0053,REC059,SPK004,test,vad_v1,544.856,550.344,5.488,data/processed/segments/REC059/REC059_SEG0053.wav,included,
REC064_SEG0001,REC064,SPK005,test,vad_v1,0.0,4.296,4.296,data/processed/segments/REC064/REC064_SEG0001.wav,rejected,
REC064_SEG0002,REC064,SPK005,test,vad_v1,4.6,18.536,13.936,data/processed/segments/REC064/REC064_SEG0002.wav,included,
REC064_SEG0003,REC064,SPK005,test,vad_v1,18.776,23.88,5.104,data/processed/segments/REC064/REC064_SEG0003.wav,included,
REC064_SEG0004,REC064,SPK005,test,vad_v1,24.28,36.328,12.048,data/processed/segments/REC064/REC064_SEG0004.wav,included,
REC064_SEG0005,REC064,SPK005,test,vad_v1,37.688,43.664,5.976,data/processed/segments/REC064/REC064_SEG0005.wav,included,
REC064_SEG0006,REC064,SPK005,test,vad_v1,43.664,55.24,11.576,data/processed/segments/REC064/REC064_SEG0006.wav,included,
REC064_SEG0007,REC064,SPK005,test,vad_v1,55.416,70.224,14.808,data/processed/segments/REC064/REC064_SEG0007.wav,included,
REC064_SEG0008,REC064,SPK005,test,vad_v1,70.224,84.848,14.624,data/processed/segments/REC064/REC064_SEG0008.wav,included,
REC064_SEG0009,REC064,SPK005,test,vad_v1,84.848,99.472,14.624,data/processed/segments/REC064/REC064_SEG0009.wav,included,
REC064_SEG0010,REC064,SPK005,test,vad_v1,99.472,113.008,13.536,data/processed/segments/REC064/REC064_SEG0010.wav,included,
REC064_SEG0011,REC064,SPK005,test,vad_v1,113.008,125.608,12.6,data/processed/segments/REC064/REC064_SEG0011.wav,included,
REC064_SEG0012,REC064,SPK005,test,vad_v1,126.52,137.28,10.76,data/processed/segments/REC064/REC064_SEG0012.wav,included,
REC064_SEG0013,REC064,SPK005,test,vad_v1,137.28,149.736,12.456,data/processed/segments/REC064/REC064_SEG0013.wav,included,
REC064_SEG0014,REC064,SPK005,test,vad_v1,150.008,164.816,14.808,data/processed/segments/REC064/REC064_SEG0014.wav,included,
REC064_SEG0015,REC064,SPK005,test,vad_v1,164.816,174.92,10.104,data/processed/segments/REC064/REC064_SEG0015.wav,included,
REC064_SEG0016,REC064,SPK005,test,vad_v1,174.936,184.04,9.104,data/processed/segments/REC064/REC064_SEG0016.wav,included,
REC064_SEG0017,REC064,SPK005,test,vad_v1,185.08,186.336,1.256,data/processed/segments/REC064/REC064_SEG0017.wav,included,
REC064_SEG0018,REC064,SPK005,test,vad_v1,186.336,201.04,14.704,data/processed/segments/REC064/REC064_SEG0018.wav,included,
REC064_SEG0019,REC064,SPK005,test,vad_v1,201.04,215.664,14.624,data/processed/segments/REC064/REC064_SEG0019.wav,included,
REC064_SEG0020,REC064,SPK005,test,vad_v1,215.664,216.912,1.248,data/processed/segments/REC064/REC064_SEG0020.wav,included,
REC064_SEG0021,REC064,SPK005,test,vad_v1,216.912,231.472,14.56,data/processed/segments/REC064/REC064_SEG0021.wav,included,
REC064_SEG0022,REC064,SPK005,test,vad_v1,231.472,235.944,4.472,data/processed/segments/REC064/REC064_SEG0022.wav,included,
REC064_SEG0023,REC064,SPK005,test,vad_v1,236.28,251.104,14.824,data/processed/segments/REC064/REC064_SEG0023.wav,included,
REC064_SEG0024,REC064,SPK005,test,vad_v1,251.104,265.376,14.272,data/processed/segments/REC064/REC064_SEG0024.wav,included,
REC064_SEG0025,REC064,SPK005,test,vad_v1,265.376,278.792,13.416,data/processed/segments/REC064/REC064_SEG0025.wav,included,
REC064_SEG0026,REC064,SPK005,test,vad_v1,279.544,287.688,8.144,data/processed/segments/REC064/REC064_SEG0026.wav,included,
REC064_SEG0027,REC064,SPK005,test,vad_v1,288.12,299.144,11.024,data/processed/segments/REC064/REC064_SEG0027.wav,included,
REC064_SEG0028,REC064,SPK005,test,vad_v1,299.608,314.416,14.808,data/processed/segments/REC064/REC064_SEG0028.wav,included,
REC064_SEG0029,REC064,SPK005,test,vad_v1,314.416,314.992,0.576,data/processed/segments/REC064/REC064_SEG0029.wav,rejected,
REC064_SEG0030,REC064,SPK005,test,vad_v1,314.992,329.68,14.688,data/processed/segments/REC064/REC064_SEG0030.wav,included,
REC064_SEG0031,REC064,SPK005,test,vad_v1,329.68,342.024,12.344,data/processed/segments/REC064/REC064_SEG0031.wav,included,
REC064_SEG0032,REC064,SPK005,test,vad_v1,342.072,344.872,2.8,data/processed/segments/REC064/REC064_SEG0032.wav,included,
REC064_SEG0033,REC064,SPK005,test,vad_v1,345.368,360.176,14.808,data/processed/segments/REC064/REC064_SEG0033.wav,included,
REC064_SEG0034,REC064,SPK005,test,vad_v1,360.176,371.336,11.16,data/processed/segments/REC064/REC064_SEG0034.wav,included,
REC064_SEG0035,REC064,SPK005,test,vad_v1,371.448,386.256,14.808,data/processed/segments/REC064/REC064_SEG0035.wav,included,
REC064_SEG0036,REC064,SPK005,test,vad_v1,386.256,399.4,13.144,data/processed/segments/REC064/REC064_SEG0036.wav,included,
REC064_SEG0037,REC064,SPK005,test,vad_v1,399.8,413.256,13.456,data/processed/segments/REC064/REC064_SEG0037.wav,included,
REC064_SEG0038,REC064,SPK005,test,vad_v1,413.592,414.792,1.2,data/processed/segments/REC064/REC064_SEG0038.wav,included,
REC064_SEG0039,REC064,SPK005,test,vad_v1,415.032,429.84,14.808,data/processed/segments/REC064/REC064_SEG0039.wav,included,
REC064_SEG0040,REC064,SPK005,test,vad_v1,429.84,439.264,9.424,data/processed/segments/REC064/REC064_SEG0040.wav,included,
REC064_SEG0041,REC064,SPK005,test,vad_v1,439.264,454.0,14.736,data/processed/segments/REC064/REC064_SEG0041.wav,included,
REC064_SEG0042,REC064,SPK005,test,vad_v1,454.0,463.712,9.712,data/processed/segments/REC064/REC064_SEG0042.wav,included,
REC064_SEG0043,REC064,SPK005,test,vad_v1,463.712,478.416,14.704,data/processed/segments/REC064/REC064_SEG0043.wav,included,
REC064_SEG0044,REC064,SPK005,test,vad_v1,478.416,480.584,2.168,data/processed/segments/REC064/REC064_SEG0044.wav,included,
REC064_SEG0045,REC064,SPK005,test,vad_v1,480.6,495.408,14.808,data/processed/segments/REC064/REC064_SEG0045.wav,included,
REC064_SEG0046,REC064,SPK005,test,vad_v1,495.408,500.584,5.176,data/processed/segments/REC064/REC064_SEG0046.wav,included,
REC064_SEG0047,REC064,SPK005,test,vad_v1,501.144,513.96,12.816,data/processed/segments/REC064/REC064_SEG0047.wav,included,
REC064_SEG0048,REC064,SPK005,test,vad_v1,517.016,519.208,2.192,data/processed/segments/REC064/REC064_SEG0048.wav,rejected,
REC064_SEG0049,REC064,SPK005,test,vad_v1,522.488,523.88,1.392,data/processed/segments/REC064/REC064_SEG0049.wav,rejected,
REC080_SEG0001,REC080,SPK006,test,vad_v1,9.848,17.192,7.344,data/processed/segments/REC080/REC080_SEG0001.wav,included,
REC080_SEG0002,REC080,SPK006,test,vad_v1,17.432,26.12,8.688,data/processed/segments/REC080/REC080_SEG0002.wav,included,
REC080_SEG0003,REC080,SPK006,test,vad_v1,26.808,36.2,9.392,data/processed/segments/REC080/REC080_SEG0003.wav,included,
REC080_SEG0004,REC080,SPK006,test,vad_v1,36.408,50.504,14.096,data/processed/segments/REC080/REC080_SEG0004.wav,included,
REC080_SEG0005,REC080,SPK006,test,vad_v1,50.712,60.936,10.224,data/processed/segments/REC080/REC080_SEG0005.wav,included,
REC080_SEG0006,REC080,SPK006,test,vad_v1,62.168,75.848,13.68,data/processed/segments/REC080/REC080_SEG0006.wav,included,
REC080_SEG0007,REC080,SPK006,test,vad_v1,76.216,87.88,11.664,data/processed/segments/REC080/REC080_SEG0007.wav,included,
REC080_SEG0008,REC080,SPK006,test,vad_v1,88.536,91.656,3.12,data/processed/segments/REC080/REC080_SEG0008.wav,included,
REC080_SEG0009,REC080,SPK006,test,vad_v1,91.736,106.176,14.44,data/processed/segments/REC080/REC080_SEG0009.wav,included,
REC080_SEG0010,REC080,SPK006,test,vad_v1,106.176,118.216,12.04,data/processed/segments/REC080/REC080_SEG0010.wav,included,
REC080_SEG0011,REC080,SPK006,test,vad_v1,118.584,128.904,10.32,data/processed/segments/REC080/REC080_SEG0011.wav,included,
REC080_SEG0012,REC080,SPK006,test,vad_v1,129.08,135.936,6.856,data/processed/segments/REC080/REC080_SEG0012.wav,included,
REC080_SEG0013,REC080,SPK006,test,vad_v1,135.936,145.48,9.544,data/processed/segments/REC080/REC080_SEG0013.wav,included,
REC080_SEG0014,REC080,SPK006,test,vad_v1,145.848,156.488,10.64,data/processed/segments/REC080/REC080_SEG0014.wav,included,
REC080_SEG0015,REC080,SPK006,test,vad_v1,156.888,170.272,13.384,data/processed/segments/REC080/REC080_SEG0015.wav,included,
REC080_SEG0016,REC080,SPK006,test,vad_v1,170.272,174.856,4.584,data/processed/segments/REC080/REC080_SEG0016.wav,included,
REC080_SEG0017,REC080,SPK006,test,vad_v1,175.16,187.584,12.424,data/processed/segments/REC080/REC080_SEG0017.wav,included,
REC080_SEG0018,REC080,SPK006,test,vad_v1,187.584,199.24,11.656,data/processed/segments/REC080/REC080_SEG0018.wav,included,
REC080_SEG0019,REC080,SPK006,test,vad_v1,199.928,213.544,13.616,data/processed/segments/REC080/REC080_SEG0019.wav,included,
REC080_SEG0020,REC080,SPK006,test,vad_v1,214.072,215.24,1.168,data/processed/segments/REC080/REC080_SEG0020.wav,included,
REC080_SEG0021,REC080,SPK006,test,vad_v1,215.448,229.256,13.808,data/processed/segments/REC080/REC080_SEG0021.wav,included,
REC080_SEG0022,REC080,SPK006,test,vad_v1,229.368,235.752,6.384,data/processed/segments/REC080/REC080_SEG0022.wav,included,
REC080_SEG0023,REC080,SPK006,test,vad_v1,236.184,248.496,12.312,data/processed/segments/REC080/REC080_SEG0023.wav,included,
REC080_SEG0024,REC080,SPK006,test,vad_v1,248.496,253.032,4.536,data/processed/segments/REC080/REC080_SEG0024.wav,included,
REC080_SEG0025,REC080,SPK006,test,vad_v1,253.208,263.4,10.192,data/processed/segments/REC080/REC080_SEG0025.wav,included,
REC080_SEG0026,REC080,SPK006,test,vad_v1,264.92,268.712,3.792,data/processed/segments/REC080/REC080_SEG0026.wav,included,
REC080_SEG0027,REC080,SPK006,test,vad_v1,268.792,281.904,13.112,data/processed/segments/REC080/REC080_SEG0027.wav,included,
REC080_SEG0028,REC080,SPK006,test,vad_v1,281.904,293.632,11.728,data/processed/segments/REC080/REC080_SEG0028.wav,included,
REC080_SEG0029,REC080,SPK006,test,vad_v1,293.632,300.648,7.016,data/processed/segments/REC080/REC080_SEG0029.wav,included,
REC080_SEG0030,REC080,SPK006,test,vad_v1,301.4,311.568,10.168,data/processed/segments/REC080/REC080_SEG0030.wav,included,
REC080_SEG0031,REC080,SPK006,test,vad_v1,311.568,325.52,13.952,data/processed/segments/REC080/REC080_SEG0031.wav,included,
REC080_SEG0032,REC080,SPK006,test,vad_v1,325.52,328.848,3.328,data/processed/segments/REC080/REC080_SEG0032.wav,included,
REC080_SEG0033,REC080,SPK006,test,vad_v1,328.848,341.504,12.656,data/processed/segments/REC080/REC080_SEG0033.wav,included,
REC080_SEG0034,REC080,SPK006,test,vad_v1,341.504,351.944,10.44,data/processed/segments/REC080/REC080_SEG0034.wav,included,
REC080_SEG0035,REC080,SPK006,test,vad_v1,353.144,362.76,9.616,data/processed/segments/REC080/REC080_SEG0035.wav,included,
REC080_SEG0036,REC080,SPK006,test,vad_v1,363.384,374.272,10.888,data/processed/segments/REC080/REC080_SEG0036.wav,included,
REC080_SEG0037,REC080,SPK006,test,vad_v1,374.272,378.376,4.104,data/processed/segments/REC080/REC080_SEG0037.wav,included,
REC080_SEG0038,REC080,SPK006,test,vad_v1,378.392,393.2,14.808,data/processed/segments/REC080/REC080_SEG0038.wav,included,
REC080_SEG0039,REC080,SPK006,test,vad_v1,393.2,399.848,6.648,data/processed/segments/REC080/REC080_SEG0039.wav,included,
REC080_SEG0040,REC080,SPK006,test,vad_v1,400.312,412.904,12.592,data/processed/segments/REC080/REC080_SEG0040.wav,included,
REC080_SEG0041,REC080,SPK006,test,vad_v1,413.304,415.184,1.88,data/processed/segments/REC080/REC080_SEG0041.wav,included,
REC080_SEG0042,REC080,SPK006,test,vad_v1,415.184,429.872,14.688,data/processed/segments/REC080/REC080_SEG0042.wav,included,
REC080_SEG0043,REC080,SPK006,test,vad_v1,429.872,439.464,9.592,data/processed/segments/REC080/REC080_SEG0043.wav,included,
REC080_SEG0044,REC080,SPK006,test,vad_v1,439.768,447.08,7.312,data/processed/segments/REC080/REC080_SEG0044.wav,included,
REC080_SEG0045,REC080,SPK006,test,vad_v1,447.832,454.336,6.504,data/processed/segments/REC080/REC080_SEG0045.wav,included,
REC080_SEG0046,REC080,SPK006,test,vad_v1,454.336,468.512,14.176,data/processed/segments/REC080/REC080_SEG0046.wav,included,
REC080_SEG0047,REC080,SPK006,test,vad_v1,468.512,483.184,14.672,data/processed/segments/REC080/REC080_SEG0047.wav,included,
REC080_SEG0048,REC080,SPK006,test,vad_v1,483.184,490.96,7.776,data/processed/segments/REC080/REC080_SEG0048.wav,included,
REC080_SEG0049,REC080,SPK006,test,vad_v1,490.96,501.608,10.648,data/processed/segments/REC080/REC080_SEG0049.wav,included,
REC080_SEG0050,REC080,SPK006,test,vad_v1,502.264,502.696,0.432,data/processed/segments/REC080/REC080_SEG0050.wav,rejected,
REC080_SEG0051,REC080,SPK006,test,vad_v1,502.712,517.168,14.456,data/processed/segments/REC080/REC080_SEG0051.wav,included,
REC080_SEG0052,REC080,SPK006,test,vad_v1,517.168,519.344,2.176,data/processed/segments/REC080/REC080_SEG0052.wav,included,
REC080_SEG0053,REC080,SPK006,test,vad_v1,519.344,534.032,14.688,data/processed/segments/REC080/REC080_SEG0053.wav,included,
REC080_SEG0054,REC080,SPK006,test,vad_v1,534.032,543.936,9.904,data/processed/segments/REC080/REC080_SEG0054.wav,included,
REC080_SEG0055,REC080,SPK006,test,vad_v1,543.936,557.096,13.16,data/processed/segments/REC080/REC080_SEG0055.wav,included,
REC080_SEG0056,REC080,SPK006,test,vad_v1,557.56,561.072,3.512,data/processed/segments/REC080/REC080_SEG0056.wav,included,
REC080_SEG0057,REC080,SPK006,test,vad_v1,561.072,575.04,13.968,data/processed/segments/REC080/REC080_SEG0057.wav,included,
REC080_SEG0058,REC080,SPK006,test,vad_v1,575.04,576.368,1.328,data/processed/segments/REC080/REC080_SEG0058.wav,included,
REC080_SEG0059,REC080,SPK006,test,vad_v1,576.368,589.928,13.56,data/processed/segments/REC080/REC080_SEG0059.wav,included,
REC080_SEG0060,REC080,SPK006,test,vad_v1,589.944,598.16,8.216,data/processed/segments/REC080/REC080_SEG0060.wav,included,
REC080_SEG0061,REC080,SPK006,test,vad_v1,598.16,607.104,8.944,data/processed/segments/REC080/REC080_SEG0061.wav,included,
REC080_SEG0062,REC080,SPK006,test,vad_v1,607.104,621.776,14.672,data/processed/segments/REC080/REC080_SEG0062.wav,included,
REC080_SEG0063,REC080,SPK006,test,vad_v1,621.776,632.192,10.416,data/processed/segments/REC080/REC080_SEG0063.wav,included,
REC080_SEG0064,REC080,SPK006,test,vad_v1,632.192,643.144,10.952,data/processed/segments/REC080/REC080_SEG0064.wav,included,
REC080_SEG0065,REC080,SPK006,test,vad_v1,660.344,671.04,10.696,data/processed/segments/REC080/REC080_SEG0065.wav,included,
REC080_SEG0066,REC080,SPK006,test,vad_v1,671.04,677.072,6.032,data/processed/segments/REC080/REC080_SEG0066.wav,included,
REC080_SEG0067,REC080,SPK006,test,vad_v1,677.072,687.12,10.048,data/processed/segments/REC080/REC080_SEG0067.wav,included,
REC080_SEG0068,REC080,SPK006,test,vad_v1,687.12,698.464,11.344,data/processed/segments/REC080/REC080_SEG0068.wav,included,
REC080_SEG0069,REC080,SPK006,test,vad_v1,698.464,702.496,4.032,data/processed/segments/REC080/REC080_SEG0069.wav,included,
REC080_SEG0070,REC080,SPK006,test,vad_v1,702.496,716.672,14.176,data/processed/segments/REC080/REC080_SEG0070.wav,included,
REC080_SEG0071,REC080,SPK006,test,vad_v1,716.672,722.344,5.672,data/processed/segments/REC080/REC080_SEG0071.wav,included,
REC080_SEG0072,REC080,SPK006,test,vad_v1,727.0,737.96,10.96,data/processed/segments/REC080/REC080_SEG0072.wav,included,
REC080_SEG0073,REC080,SPK006,test,vad_v1,739.544,743.552,4.008,data/processed/segments/REC080/REC080_SEG0073.wav,included,
REC080_SEG0074,REC080,SPK006,test,vad_v1,743.552,756.256,12.704,data/processed/segments/REC080/REC080_SEG0074.wav,included,
REC080_SEG0075,REC080,SPK006,test,vad_v1,756.256,762.568,6.312,data/processed/segments/REC080/REC080_SEG0075.wav,included,
REC080_SEG0076,REC080,SPK006,test,vad_v1,762.744,773.96,11.216,data/processed/segments/REC080/REC080_SEG0076.wav,included,
REC080_SEG0077,REC080,SPK006,test,vad_v1,774.168,784.008,9.84,data/processed/segments/REC080/REC080_SEG0077.wav,included,
REC080_SEG0078,REC080,SPK006,test,vad_v1,784.152,791.208,7.056,data/processed/segments/REC080/REC080_SEG0078.wav,included,
REC080_SEG0079,REC080,SPK006,test,vad_v1,797.208,803.528,6.32,data/processed/segments/REC080/REC080_SEG0079.wav,included,
REC080_SEG0080,REC080,SPK006,test,vad_v1,803.576,817.032,13.456,data/processed/segments/REC080/REC080_SEG0080.wav,included,
REC080_SEG0081,REC080,SPK006,test,vad_v1,817.56,821.096,3.536,data/processed/segments/REC080/REC080_SEG0081.wav,included,
REC080_SEG0082,REC080,SPK006,test,vad_v1,821.176,835.984,14.808,data/processed/segments/REC080/REC080_SEG0082.wav,included,
REC080_SEG0083,REC080,SPK006,test,vad_v1,835.984,841.48,5.496,data/processed/segments/REC080/REC080_SEG0083.wav,included,
REC080_SEG0084,REC080,SPK006,test,vad_v1,841.496,853.896,12.4,data/processed/segments/REC080/REC080_SEG0084.wav,included,
REC080_SEG0085,REC080,SPK006,test,vad_v1,858.968,860.32,1.352,data/processed/segments/REC080/REC080_SEG0085.wav,included,
REC080_SEG0086,REC080,SPK006,test,vad_v1,860.32,874.912,14.592,data/processed/segments/REC080/REC080_SEG0086.wav,included,
REC080_SEG0087,REC080,SPK006,test,vad_v1,874.912,887.904,12.992,data/processed/segments/REC080/REC080_SEG0087.wav,included,
REC080_SEG0088,REC080,SPK006,test,vad_v1,887.904,898.448,10.544,data/processed/segments/REC080/REC080_SEG0088.wav,included,
REC080_SEG0089,REC080,SPK006,test,vad_v1,898.448,904.192,5.744,data/processed/segments/REC080/REC080_SEG0089.wav,included,
REC080_SEG0090,REC080,SPK006,test,vad_v1,904.192,914.784,10.592,data/processed/segments/REC080/REC080_SEG0090.wav,included,
REC080_SEG0091,REC080,SPK006,test,vad_v1,914.784,924.808,10.024,data/processed/segments/REC080/REC080_SEG0091.wav,included,
REC080_SEG0092,REC080,SPK006,test,vad_v1,934.136,945.704,11.568,data/processed/segments/REC080/REC080_SEG0092.wav,included,
REC080_SEG0093,REC080,SPK006,test,vad_v1,945.72,950.021,4.301,data/processed/segments/REC080/REC080_SEG0093.wav,included,
REC090_SEG0001,REC090,SPK007,validation,vad_v1,4.6,14.664,10.064,data/processed/segments/REC090/REC090_SEG0001.wav,rejected,
REC090_SEG0002,REC090,SPK007,validation,vad_v1,14.872,25.488,10.616,data/processed/segments/REC090/REC090_SEG0002.wav,rejected,
REC090_SEG0003,REC090,SPK007,validation,vad_v1,25.488,30.08,4.592,data/processed/segments/REC090/REC090_SEG0003.wav,rejected,
REC090_SEG0004,REC090,SPK007,validation,vad_v1,30.08,41.168,11.088,data/processed/segments/REC090/REC090_SEG0004.wav,rejected,
REC090_SEG0005,REC090,SPK007,validation,vad_v1,41.168,53.44,12.272,data/processed/segments/REC090/REC090_SEG0005.wav,rejected,
REC090_SEG0006,REC090,SPK007,validation,vad_v1,53.44,59.656,6.216,data/processed/segments/REC090/REC090_SEG0006.wav,rejected,
REC090_SEG0007,REC090,SPK007,validation,vad_v1,59.864,74.672,14.808,data/processed/segments/REC090/REC090_SEG0007.wav,rejected,
REC090_SEG0008,REC090,SPK007,validation,vad_v1,74.672,76.52,1.848,data/processed/segments/REC090/REC090_SEG0008.wav,rejected,
REC090_SEG0009,REC090,SPK007,validation,vad_v1,76.6,91.592,14.992,data/processed/segments/REC090/REC090_SEG0009.wav,rejected,
REC090_SEG0010,REC090,SPK007,validation,vad_v1,92.056,95.336,3.28,data/processed/segments/REC090/REC090_SEG0010.wav,included,
REC090_SEG0011,REC090,SPK007,validation,vad_v1,95.992,101.192,5.2,data/processed/segments/REC090/REC090_SEG0011.wav,included,
REC090_SEG0012,REC090,SPK007,validation,vad_v1,102.552,114.6,12.048,data/processed/segments/REC090/REC090_SEG0012.wav,included,
REC090_SEG0013,REC090,SPK007,validation,vad_v1,114.904,122.984,8.08,data/processed/segments/REC090/REC090_SEG0013.wav,included,
REC090_SEG0014,REC090,SPK007,validation,vad_v1,123.608,130.768,7.16,data/processed/segments/REC090/REC090_SEG0014.wav,included,
REC090_SEG0015,REC090,SPK007,validation,vad_v1,130.768,143.56,12.792,data/processed/segments/REC090/REC090_SEG0015.wav,included,
REC090_SEG0016,REC090,SPK007,validation,vad_v1,144.056,147.4,3.344,data/processed/segments/REC090/REC090_SEG0016.wav,included,
REC090_SEG0017,REC090,SPK007,validation,vad_v1,147.608,161.32,13.712,data/processed/segments/REC090/REC090_SEG0017.wav,included,
REC090_SEG0018,REC090,SPK007,validation,vad_v1,161.464,163.432,1.968,data/processed/segments/REC090/REC090_SEG0018.wav,included,
REC090_SEG0019,REC090,SPK007,validation,vad_v1,163.992,177.64,13.648,data/processed/segments/REC090/REC090_SEG0019.wav,included,
REC090_SEG0020,REC090,SPK007,validation,vad_v1,178.072,189.544,11.472,data/processed/segments/REC090/REC090_SEG0020.wav,included,
REC090_SEG0021,REC090,SPK007,validation,vad_v1,190.072,193.672,3.6,data/processed/segments/REC090/REC090_SEG0021.wav,included,
REC090_SEG0022,REC090,SPK007,validation,vad_v1,193.752,208.56,14.808,data/processed/segments/REC090/REC090_SEG0022.wav,included,
REC090_SEG0023,REC090,SPK007,validation,vad_v1,208.56,211.016,2.456,data/processed/segments/REC090/REC090_SEG0023.wav,included,
REC090_SEG0024,REC090,SPK007,validation,vad_v1,211.544,224.168,12.624,data/processed/segments/REC090/REC090_SEG0024.wav,included,
REC090_SEG0025,REC090,SPK007,validation,vad_v1,225.016,232.488,7.472,data/processed/segments/REC090/REC090_SEG0025.wav,included,
REC090_SEG0026,REC090,SPK007,validation,vad_v1,233.432,243.72,10.288,data/processed/segments/REC090/REC090_SEG0026.wav,included,
REC090_SEG0027,REC090,SPK007,validation,vad_v1,244.28,254.944,10.664,data/processed/segments/REC090/REC090_SEG0027.wav,included,
REC090_SEG0028,REC090,SPK007,validation,vad_v1,254.944,259.272,4.328,data/processed/segments/REC090/REC090_SEG0028.wav,included,
REC090_SEG0029,REC090,SPK007,validation,vad_v1,259.512,273.256,13.744,data/processed/segments/REC090/REC090_SEG0029.wav,included,
REC090_SEG0030,REC090,SPK007,validation,vad_v1,273.272,277.448,4.176,data/processed/segments/REC090/REC090_SEG0030.wav,included,
REC090_SEG0031,REC090,SPK007,validation,vad_v1,278.104,292.448,14.344,data/processed/segments/REC090/REC090_SEG0031.wav,included,
REC090_SEG0032,REC090,SPK007,validation,vad_v1,292.448,300.872,8.424,data/processed/segments/REC090/REC090_SEG0032.wav,included,
REC090_SEG0033,REC090,SPK007,validation,vad_v1,301.24,314.312,13.072,data/processed/segments/REC090/REC090_SEG0033.wav,included,
REC090_SEG0034,REC090,SPK007,validation,vad_v1,314.552,321.288,6.736,data/processed/segments/REC090/REC090_SEG0034.wav,included,
REC090_SEG0035,REC090,SPK007,validation,vad_v1,321.72,335.688,13.968,data/processed/segments/REC090/REC090_SEG0035.wav,included,
REC090_SEG0036,REC090,SPK007,validation,vad_v1,335.768,350.576,14.808,data/processed/segments/REC090/REC090_SEG0036.wav,included,
REC090_SEG0037,REC090,SPK007,validation,vad_v1,350.576,364.552,13.976,data/processed/segments/REC090/REC090_SEG0037.wav,included,
REC090_SEG0038,REC090,SPK007,validation,vad_v1,364.632,375.432,10.8,data/processed/segments/REC090/REC090_SEG0038.wav,included,
REC090_SEG0039,REC090,SPK007,validation,vad_v1,375.672,387.528,11.856,data/processed/segments/REC090/REC090_SEG0039.wav,included,
REC090_SEG0040,REC090,SPK007,validation,vad_v1,388.216,394.28,6.064,data/processed/segments/REC090/REC090_SEG0040.wav,included,
REC090_SEG0041,REC090,SPK007,validation,vad_v1,395.16,407.808,12.648,data/processed/segments/REC090/REC090_SEG0041.wav,included,
REC090_SEG0042,REC090,SPK007,validation,vad_v1,407.808,415.784,7.976,data/processed/segments/REC090/REC090_SEG0042.wav,included,
REC090_SEG0043,REC090,SPK007,validation,vad_v1,417.272,428.968,11.696,data/processed/segments/REC090/REC090_SEG0043.wav,included,
REC090_SEG0044,REC090,SPK007,validation,vad_v1,429.752,432.2,2.448,data/processed/segments/REC090/REC090_SEG0044.wav,included,
REC090_SEG0045,REC090,SPK007,validation,vad_v1,432.28,445.248,12.968,data/processed/segments/REC090/REC090_SEG0045.wav,included,
REC090_SEG0046,REC090,SPK007,validation,vad_v1,445.248,448.272,3.024,data/processed/segments/REC090/REC090_SEG0046.wav,included,
REC090_SEG0047,REC090,SPK007,validation,vad_v1,448.272,460.584,12.312,data/processed/segments/REC090/REC090_SEG0047.wav,included,
REC090_SEG0048,REC090,SPK007,validation,vad_v1,460.728,472.968,12.24,data/processed/segments/REC090/REC090_SEG0048.wav,included,
REC090_SEG0049,REC090,SPK007,validation,vad_v1,473.432,475.72,2.288,data/processed/segments/REC090/REC090_SEG0049.wav,included,
REC090_SEG0050,REC090,SPK007,validation,vad_v1,475.832,488.776,12.944,data/processed/segments/REC090/REC090_SEG0050.wav,included,
REC090_SEG0051,REC090,SPK007,validation,vad_v1,489.016,499.464,10.448,data/processed/segments/REC090/REC090_SEG0051.wav,included,
REC090_SEG0052,REC090,SPK007,validation,vad_v1,500.888,513.824,12.936,data/processed/segments/REC090/REC090_SEG0052.wav,included,
REC090_SEG0053,REC090,SPK007,validation,vad_v1,513.824,524.032,10.208,data/processed/segments/REC090/REC090_SEG0053.wav,included,
REC090_SEG0054,REC090,SPK007,validation,vad_v1,524.032,532.84,8.808,data/processed/segments/REC090/REC090_SEG0054.wav,included,
REC090_SEG0055,REC090,SPK007,validation,vad_v1,532.984,543.232,10.248,data/processed/segments/REC090/REC090_SEG0055.wav,included,
REC090_SEG0056,REC090,SPK007,validation,vad_v1,543.232,549.288,6.056,data/processed/segments/REC090/REC090_SEG0056.wav,included,
REC090_SEG0057,REC090,SPK007,validation,vad_v1,549.592,559.52,9.928,data/processed/segments/REC090/REC090_SEG0057.wav,included,
REC090_SEG0058,REC090,SPK007,validation,vad_v1,559.52,566.12,6.6,data/processed/segments/REC090/REC090_SEG0058.wav,included,
REC090_SEG0059,REC090,SPK007,validation,vad_v1,566.648,581.456,14.808,data/processed/segments/REC090/REC090_SEG0059.wav,included,
REC090_SEG0060,REC090,SPK007,validation,vad_v1,581.456,591.112,9.656,data/processed/segments/REC090/REC090_SEG0060.wav,included,
REC090_SEG0061,REC090,SPK007,validation,vad_v1,592.696,597.864,5.168,data/processed/segments/REC090/REC090_SEG0061.wav,included,
REC090_SEG0062,REC090,SPK007,validation,vad_v1,599.064,602.824,3.76,data/processed/segments/REC090/REC090_SEG0062.wav,included,
REC090_SEG0063,REC090,SPK007,validation,vad_v1,602.968,614.248,11.28,data/processed/segments/REC090/REC090_SEG0063.wav,included,
REC090_SEG0064,REC090,SPK007,validation,vad_v1,614.264,621.088,6.824,data/processed/segments/REC090/REC090_SEG0064.wav,included,
REC090_SEG0065,REC090,SPK007,validation,vad_v1,621.088,635.792,14.704,data/processed/segments/REC090/REC090_SEG0065.wav,included,
REC090_SEG0066,REC090,SPK007,validation,vad_v1,635.792,647.944,12.152,data/processed/segments/REC090/REC090_SEG0066.wav,included,
REC090_SEG0067,REC090,SPK007,validation,vad_v1,648.76,656.968,8.208,data/processed/segments/REC090/REC090_SEG0067.wav,included,
REC090_SEG0068,REC090,SPK007,validation,vad_v1,657.816,660.264,2.448,data/processed/segments/REC090/REC090_SEG0068.wav,rejected,
REC090_SEG0069,REC090,SPK007,validation,vad_v1,662.552,667.752,5.2,data/processed/segments/REC090/REC090_SEG0069.wav,rejected,
REC090_SEG0070,REC090,SPK007,validation,vad_v1,668.088,680.744,12.656,data/processed/segments/REC090/REC090_SEG0070.wav,included,
REC090_SEG0071,REC090,SPK007,validation,vad_v1,681.048,683.944,2.896,data/processed/segments/REC090/REC090_SEG0071.wav,included,
REC090_SEG0072,REC090,SPK007,validation,vad_v1,684.472,699.328,14.856,data/processed/segments/REC090/REC090_SEG0072.wav,included,
REC090_SEG0073,REC090,SPK007,validation,vad_v1,699.328,711.848,12.52,data/processed/segments/REC090/REC090_SEG0073.wav,included,
REC090_SEG0074,REC090,SPK007,validation,vad_v1,711.896,718.952,7.056,data/processed/segments/REC090/REC090_SEG0074.wav,included,
REC090_SEG0075,REC090,SPK007,validation,vad_v1,719.544,734.352,14.808,data/processed/segments/REC090/REC090_SEG0075.wav,included,
REC090_SEG0076,REC090,SPK007,validation,vad_v1,734.352,744.808,10.456,data/processed/segments/REC090/REC090_SEG0076.wav,included,
REC090_SEG0077,REC090,SPK007,validation,vad_v1,745.016,757.008,11.992,data/processed/segments/REC090/REC090_SEG0077.wav,included,
REC090_SEG0078,REC090,SPK007,validation,vad_v1,757.008,771.76,14.752,data/processed/segments/REC090/REC090_SEG0078.wav,included,
REC090_SEG0079,REC090,SPK007,validation,vad_v1,771.76,779.528,7.768,data/processed/segments/REC090/REC090_SEG0079.wav,included,
REC090_SEG0080,REC090,SPK007,validation,vad_v1,779.704,788.096,8.392,data/processed/segments/REC090/REC090_SEG0080.wav,included,
REC090_SEG0081,REC090,SPK007,validation,vad_v1,788.096,795.688,7.592,data/processed/segments/REC090/REC090_SEG0081.wav,included,
REC090_SEG0082,REC090,SPK007,validation,vad_v1,796.056,803.4,7.344,data/processed/segments/REC090/REC090_SEG0082.wav,included,
REC090_SEG0083,REC090,SPK007,validation,vad_v1,804.632,813.744,9.112,data/processed/segments/REC090/REC090_SEG0083.wav,rejected,
REC090_SEG0084,REC090,SPK007,validation,vad_v1,813.744,819.688,5.944,data/processed/segments/REC090/REC090_SEG0084.wav,included,
REC090_SEG0085,REC090,SPK007,validation,vad_v1,820.568,822.344,1.776,data/processed/segments/REC090/REC090_SEG0085.wav,rejected,
REC090_SEG0086,REC090,SPK007,validation,vad_v1,822.712,837.52,14.808,data/processed/segments/REC090/REC090_SEG0086.wav,included,
REC090_SEG0087,REC090,SPK007,validation,vad_v1,837.52,840.872,3.352,data/processed/segments/REC090/REC090_SEG0087.wav,included,
REC090_SEG0088,REC090,SPK007,validation,vad_v1,841.08,855.248,14.168,data/processed/segments/REC090/REC090_SEG0088.wav,included,
REC090_SEG0089,REC090,SPK007,validation,vad_v1,855.248,869.16,13.912,data/processed/segments/REC090/REC090_SEG0089.wav,included,
REC090_SEG0090,REC090,SPK007,validation,vad_v1,869.464,873.544,4.08,data/processed/segments/REC090/REC090_SEG0090.wav,included,
REC090_SEG0091,REC090,SPK007,validation,vad_v1,874.072,887.208,13.136,data/processed/segments/REC090/REC090_SEG0091.wav,included,
REC090_SEG0092,REC090,SPK007,validation,vad_v1,887.448,891.24,3.792,data/processed/segments/REC090/REC090_SEG0092.wav,included,
REC090_SEG0093,REC090,SPK007,validation,vad_v1,892.44,903.592,11.152,data/processed/segments/REC090/REC090_SEG0093.wav,included,
REC090_SEG0094,REC090,SPK007,validation,vad_v1,904.44,914.024,9.584,data/processed/segments/REC090/REC090_SEG0094.wav,included,
REC090_SEG0095,REC090,SPK007,validation,vad_v1,915.0,924.648,9.648,data/processed/segments/REC090/REC090_SEG0095.wav,included,
REC090_SEG0096,REC090,SPK007,validation,vad_v1,925.144,937.16,12.016,data/processed/segments/REC090/REC090_SEG0096.wav,included,
REC090_SEG0097,REC090,SPK007,validation,vad_v1,937.208,945.192,7.984,data/processed/segments/REC090/REC090_SEG0097.wav,included,
REC090_SEG0098,REC090,SPK007,validation,vad_v1,945.56,959.888,14.328,data/processed/segments/REC090/REC090_SEG0098.wav,included,
REC090_SEG0099,REC090,SPK007,validation,vad_v1,959.888,972.04,12.152,data/processed/segments/REC090/REC090_SEG0099.wav,included,
REC090_SEG0100,REC090,SPK007,validation,vad_v1,973.784,986.12,12.336,data/processed/segments/REC090/REC090_SEG0100.wav,included,
REC090_SEG0101,REC090,SPK007,validation,vad_v1,987.096,993.48,6.384,data/processed/segments/REC090/REC090_SEG0101.wav,included,
REC090_SEG0102,REC090,SPK007,validation,vad_v1,993.56,1005.352,11.792,data/processed/segments/REC090/REC090_SEG0102.wav,included,
REC090_SEG0103,REC090,SPK007,validation,vad_v1,1005.496,1017.288,11.792,data/processed/segments/REC090/REC090_SEG0103.wav,included,
REC090_SEG0104,REC090,SPK007,validation,vad_v1,1017.496,1030.056,12.56,data/processed/segments/REC090/REC090_SEG0104.wav,included,
REC090_SEG0105,REC090,SPK007,validation,vad_v1,1030.2,1035.432,5.232,data/processed/segments/REC090/REC090_SEG0105.wav,included,
REC090_SEG0106,REC090,SPK007,validation,vad_v1,1035.8,1046.76,10.96,data/processed/segments/REC090/REC090_SEG0106.wav,included,
REC090_SEG0107,REC090,SPK007,validation,vad_v1,1046.936,1052.84,5.904,data/processed/segments/REC090/REC090_SEG0107.wav,included,
REC090_SEG0108,REC090,SPK007,validation,vad_v1,1053.112,1062.256,9.144,data/processed/segments/REC090/REC090_SEG0108.wav,included,
REC090_SEG0109,REC090,SPK007,validation,vad_v1,1062.256,1074.536,12.28,data/processed/segments/REC090/REC090_SEG0109.wav,included,
REC090_SEG0110,REC090,SPK007,validation,vad_v1,1075.192,1083.048,7.856,data/processed/segments/REC090/REC090_SEG0110.wav,included,
REC090_SEG0111,REC090,SPK007,validation,vad_v1,1084.44,1093.16,8.72,data/processed/segments/REC090/REC090_SEG0111.wav,included,
REC090_SEG0112,REC090,SPK007,validation,vad_v1,1093.336,1101.224,7.888,data/processed/segments/REC090/REC090_SEG0112.wav,included,
REC090_SEG0113,REC090,SPK007,validation,vad_v1,1101.56,1115.496,13.936,data/processed/segments/REC090/REC090_SEG0113.wav,included,
REC090_SEG0114,REC090,SPK007,validation,vad_v1,1116.376,1118.056,1.68,data/processed/segments/REC090/REC090_SEG0114.wav,included,
REC090_SEG0115,REC090,SPK007,validation,vad_v1,1118.744,1120.232,1.488,data/processed/segments/REC090/REC090_SEG0115.wav,included,
REC090_SEG0116,REC090,SPK007,validation,vad_v1,1120.984,1132.104,11.12,data/processed/segments/REC090/REC090_SEG0116.wav,included,
REC090_SEG0117,REC090,SPK007,validation,vad_v1,1132.28,1142.248,9.968,data/processed/segments/REC090/REC090_SEG0117.wav,included,
REC090_SEG0118,REC090,SPK007,validation,vad_v1,1143.256,1156.36,13.104,data/processed/segments/REC090/REC090_SEG0118.wav,included,
REC090_SEG0119,REC090,SPK007,validation,vad_v1,1157.624,1168.36,10.736,data/processed/segments/REC090/REC090_SEG0119.wav,included,
REC090_SEG0120,REC090,SPK007,validation,vad_v1,1169.208,1177.448,8.24,data/processed/segments/REC090/REC090_SEG0120.wav,included,
REC090_SEG0121,REC090,SPK007,validation,vad_v1,1178.232,1179.872,1.64,data/processed/segments/REC090/REC090_SEG0121.wav,included,
REC090_SEG0122,REC090,SPK007,validation,vad_v1,1179.872,1193.968,14.096,data/processed/segments/REC090/REC090_SEG0122.wav,included,
REC090_SEG0123,REC090,SPK007,validation,vad_v1,1193.968,1203.048,9.08,data/processed/segments/REC090/REC090_SEG0123.wav,included,
REC090_SEG0124,REC090,SPK007,validation,vad_v1,1203.672,1209.712,6.04,data/processed/segments/REC090/REC090_SEG0124.wav,included,
REC090_SEG0125,REC090,SPK007,validation,vad_v1,1209.712,1224.4,14.688,data/processed/segments/REC090/REC090_SEG0125.wav,included,
REC090_SEG0126,REC090,SPK007,validation,vad_v1,1224.4,1232.096,7.696,data/processed/segments/REC090/REC090_SEG0126.wav,included,
REC090_SEG0127,REC090,SPK007,validation,vad_v1,1232.096,1243.072,10.976,data/processed/segments/REC090/REC090_SEG0127.wav,included,
REC090_SEG0128,REC090,SPK007,validation,vad_v1,1243.072,1253.344,10.272,data/processed/segments/REC090/REC090_SEG0128.wav,included,
REC090_SEG0129,REC090,SPK007,validation,vad_v1,1253.344,1259.848,6.504,data/processed/segments/REC090/REC090_SEG0129.wav,included,
REC090_SEG0130,REC090,SPK007,validation,vad_v1,1259.992,1273.904,13.912,data/processed/segments/REC090/REC090_SEG0130.wav,included,
REC090_SEG0131,REC090,SPK007,validation,vad_v1,1273.904,1283.624,9.72,data/processed/segments/REC090/REC090_SEG0131.wav,included,
REC090_SEG0132,REC090,SPK007,validation,vad_v1,1283.832,1296.2,12.368,data/processed/segments/REC090/REC090_SEG0132.wav,included,
REC090_SEG0133,REC090,SPK007,validation,vad_v1,1296.376,1308.136,11.76,data/processed/segments/REC090/REC090_SEG0133.wav,included,
REC090_SEG0134,REC090,SPK007,validation,vad_v1,1308.152,1316.88,8.728,data/processed/segments/REC090/REC090_SEG0134.wav,included,
REC090_SEG0135,REC090,SPK007,validation,vad_v1,1316.88,1330.472,13.592,data/processed/segments/REC090/REC090_SEG0135.wav,included,
REC090_SEG0136,REC090,SPK007,validation,vad_v1,1331.032,1332.904,1.872,data/processed/segments/REC090/REC090_SEG0136.wav,included,
REC090_SEG0137,REC090,SPK007,validation,vad_v1,1333.272,1347.016,13.744,data/processed/segments/REC090/REC090_SEG0137.wav,included,
REC090_SEG0138,REC090,SPK007,validation,vad_v1,1347.224,1358.888,11.664,data/processed/segments/REC090/REC090_SEG0138.wav,included,
REC090_SEG0139,REC090,SPK007,validation,vad_v1,1359.736,1364.392,4.656,data/processed/segments/REC090/REC090_SEG0139.wav,included,
REC090_SEG0140,REC090,SPK007,validation,vad_v1,1364.536,1377.808,13.272,data/processed/segments/REC090/REC090_SEG0140.wav,included,
REC090_SEG0141,REC090,SPK007,validation,vad_v1,1377.808,1380.072,2.264,data/processed/segments/REC090/REC090_SEG0141.wav,included,
REC090_SEG0142,REC090,SPK007,validation,vad_v1,1380.152,1394.96,14.808,data/processed/segments/REC090/REC090_SEG0142.wav,included,
REC090_SEG0143,REC090,SPK007,validation,vad_v1,1394.96,1402.76,7.8,data/processed/segments/REC090/REC090_SEG0143.wav,included,
REC090_SEG0144,REC090,SPK007,validation,vad_v1,1402.968,1411.88,8.912,data/processed/segments/REC090/REC090_SEG0144.wav,included,
REC090_SEG0145,REC090,SPK007,validation,vad_v1,1412.216,1420.0,7.784,data/processed/segments/REC090/REC090_SEG0145.wav,included,
REC090_SEG0146,REC090,SPK007,validation,vad_v1,1420.0,1433.8,13.8,data/processed/segments/REC090/REC090_SEG0146.wav,included,
REC090_SEG0147,REC090,SPK007,validation,vad_v1,1433.816,1444.968,11.152,data/processed/segments/REC090/REC090_SEG0147.wav,included,
REC090_SEG0148,REC090,SPK007,validation,vad_v1,1445.24,1457.864,12.624,data/processed/segments/REC090/REC090_SEG0148.wav,included,
REC090_SEG0149,REC090,SPK007,validation,vad_v1,1458.072,1469.824,11.752,data/processed/segments/REC090/REC090_SEG0149.wav,included,
REC090_SEG0150,REC090,SPK007,validation,vad_v1,1469.824,1479.016,9.192,data/processed/segments/REC090/REC090_SEG0150.wav,included,
REC090_SEG0151,REC090,SPK007,validation,vad_v1,1479.896,1483.848,3.952,data/processed/segments/REC090/REC090_SEG0151.wav,included,
REC090_SEG0152,REC090,SPK007,validation,vad_v1,1484.312,1499.12,14.808,data/processed/segments/REC090/REC090_SEG0152.wav,included,
REC090_SEG0153,REC090,SPK007,validation,vad_v1,1499.12,1508.52,9.4,data/processed/segments/REC090/REC090_SEG0153.wav,included,
REC090_SEG0154,REC090,SPK007,validation,vad_v1,1508.856,1515.464,6.608,data/processed/segments/REC090/REC090_SEG0154.wav,included,
REC090_SEG0155,REC090,SPK007,validation,vad_v1,1515.832,1526.76,10.928,data/processed/segments/REC090/REC090_SEG0155.wav,included,
REC090_SEG0156,REC090,SPK007,validation,vad_v1,1526.968,1532.32,5.352,data/processed/segments/REC090/REC090_SEG0156.wav,included,
REC090_SEG0157,REC090,SPK007,validation,vad_v1,1532.32,1545.832,13.512,data/processed/segments/REC090/REC090_SEG0157.wav,included,
REC090_SEG0158,REC090,SPK007,validation,vad_v1,1546.232,1555.776,9.544,data/processed/segments/REC090/REC090_SEG0158.wav,included,
REC090_SEG0159,REC090,SPK007,validation,vad_v1,1555.776,1570.576,14.8,data/processed/segments/REC090/REC090_SEG0159.wav,included,
REC090_SEG0160,REC090,SPK007,validation,vad_v1,1570.576,1578.032,7.456,data/processed/segments/REC090/REC090_SEG0160.wav,included,
REC090_SEG0161,REC090,SPK007,validation,vad_v1,1578.032,1588.712,10.68,data/processed/segments/REC090/REC090_SEG0161.wav,included,
REC090_SEG0162,REC090,SPK007,validation,vad_v1,1589.144,1595.848,6.704,data/processed/segments/REC090/REC090_SEG0162.wav,included,
REC090_SEG0163,REC090,SPK007,validation,vad_v1,1596.6,1598.344,1.744,data/processed/segments/REC090/REC090_SEG0163.wav,rejected,
REC090_SEG0164,REC090,SPK007,validation,vad_v1,1599.544,1607.976,8.432,data/processed/segments/REC090/REC090_SEG0164.wav,included,
REC090_SEG0165,REC090,SPK007,validation,vad_v1,1609.56,1619.88,10.32,data/processed/segments/REC090/REC090_SEG0165.wav,included,
REC090_SEG0166,REC090,SPK007,validation,vad_v1,1620.056,1626.4,6.344,data/processed/segments/REC090/REC090_SEG0166.wav,included,
REC090_SEG0167,REC090,SPK007,validation,vad_v1,1626.4,1636.136,9.736,data/processed/segments/REC090/REC090_SEG0167.wav,included,
REC090_SEG0168,REC090,SPK007,validation,vad_v1,1636.408,1643.912,7.504,data/processed/segments/REC090/REC090_SEG0168.wav,included,
REC090_SEG0169,REC090,SPK007,validation,vad_v1,1644.024,1658.128,14.104,data/processed/segments/REC090/REC090_SEG0169.wav,included,
REC090_SEG0170,REC090,SPK007,validation,vad_v1,1658.128,1662.184,4.056,data/processed/segments/REC090/REC090_SEG0170.wav,included,
REC090_SEG0171,REC090,SPK007,validation,vad_v1,1662.552,1674.016,11.464,data/processed/segments/REC090/REC090_SEG0171.wav,included,
REC090_SEG0172,REC090,SPK007,validation,vad_v1,1674.016,1681.544,7.528,data/processed/segments/REC090/REC090_SEG0172.wav,included,
REC090_SEG0173,REC090,SPK007,validation,vad_v1,1681.592,1692.52,10.928,data/processed/segments/REC090/REC090_SEG0173.wav,included,
REC090_SEG0174,REC090,SPK007,validation,vad_v1,1692.568,1698.568,6.0,data/processed/segments/REC090/REC090_SEG0174.wav,included,
REC090_SEG0175,REC090,SPK007,validation,vad_v1,1699.032,1710.568,11.536,data/processed/segments/REC090/REC090_SEG0175.wav,included,
REC090_SEG0176,REC090,SPK007,validation,vad_v1,1712.216,1720.136,7.92,data/processed/segments/REC090/REC090_SEG0176.wav,included,
REC090_SEG0177,REC090,SPK007,validation,vad_v1,1720.888,1722.472,1.584,data/processed/segments/REC090/REC090_SEG0177.wav,included,
REC090_SEG0178,REC090,SPK007,validation,vad_v1,1723.0,1737.808,14.808,data/processed/segments/REC090/REC090_SEG0178.wav,included,
REC090_SEG0179,REC090,SPK007,validation,vad_v1,1737.808,1742.024,4.216,data/processed/segments/REC090/REC090_SEG0179.wav,included,
REC090_SEG0180,REC090,SPK007,validation,vad_v1,1742.2,1754.216,12.016,data/processed/segments/REC090/REC090_SEG0180.wav,included,
REC090_SEG0181,REC090,SPK007,validation,vad_v1,1759.128,1771.312,12.184,data/processed/segments/REC090/REC090_SEG0181.wav,included,
REC090_SEG0182,REC090,SPK007,validation,vad_v1,1771.312,1784.52,13.208,data/processed/segments/REC090/REC090_SEG0182.wav,included,
REC090_SEG0183,REC090,SPK007,validation,vad_v1,1784.952,1791.784,6.832,data/processed/segments/REC090/REC090_SEG0183.wav,included,
REC090_SEG0184,REC090,SPK007,validation,vad_v1,1792.12,1806.928,14.808,data/processed/segments/REC090/REC090_SEG0184.wav,included,
REC090_SEG0185,REC090,SPK007,validation,vad_v1,1806.928,1818.088,11.16,data/processed/segments/REC090/REC090_SEG0185.wav,included,
REC090_SEG0186,REC090,SPK007,validation,vad_v1,1819.224,1829.728,10.504,data/processed/segments/REC090/REC090_SEG0186.wav,included,
REC090_SEG0187,REC090,SPK007,validation,vad_v1,1829.728,1838.184,8.456,data/processed/segments/REC090/REC090_SEG0187.wav,included,
REC090_SEG0188,REC090,SPK007,validation,vad_v1,1838.552,1852.008,13.456,data/processed/segments/REC090/REC090_SEG0188.wav,included,
REC090_SEG0189,REC090,SPK007,validation,vad_v1,1852.408,1858.504,6.096,data/processed/segments/REC090/REC090_SEG0189.wav,included,
REC090_SEG0190,REC090,SPK007,validation,vad_v1,1861.176,1866.696,5.52,data/processed/segments/REC090/REC090_SEG0190.wav,included,
REC090_SEG0191,REC090,SPK007,validation,vad_v1,1867.128,1880.168,13.04,data/processed/segments/REC090/REC090_SEG0191.wav,included,
REC090_SEG0192,REC090,SPK007,validation,vad_v1,1880.792,1893.384,12.592,data/processed/segments/REC090/REC090_SEG0192.wav,included,
REC090_SEG0193,REC090,SPK007,validation,vad_v1,1895.48,1901.736,6.256,data/processed/segments/REC090/REC090_SEG0193.wav,rejected,
REC090_SEG0194,REC090,SPK007,validation,vad_v1,1902.264,1914.728,12.464,data/processed/segments/REC090/REC090_SEG0194.wav,included,
REC090_SEG0195,REC090,SPK007,validation,vad_v1,1916.76,1921.792,5.032,data/processed/segments/REC090/REC090_SEG0195.wav,included,
REC090_SEG0196,REC090,SPK007,validation,vad_v1,1921.792,1934.816,13.024,data/processed/segments/REC090/REC090_SEG0196.wav,included,
REC090_SEG0197,REC090,SPK007,validation,vad_v1,1934.816,1942.408,7.592,data/processed/segments/REC090/REC090_SEG0197.wav,included,
REC090_SEG0198,REC090,SPK007,validation,vad_v1,1943.096,1951.464,8.368,data/processed/segments/REC090/REC090_SEG0198.wav,included,
REC090_SEG0199,REC090,SPK007,validation,vad_v1,1951.8,1960.776,8.976,data/processed/segments/REC090/REC090_SEG0199.wav,included,
REC090_SEG0200,REC090,SPK007,validation,vad_v1,1961.88,1972.552,10.672,data/processed/segments/REC090/REC090_SEG0200.wav,included,
REC090_SEG0201,REC090,SPK007,validation,vad_v1,1973.08,1980.328,7.248,data/processed/segments/REC090/REC090_SEG0201.wav,included,
REC090_SEG0202,REC090,SPK007,validation,vad_v1,1980.728,1994.152,13.424,data/processed/segments/REC090/REC090_SEG0202.wav,included,
REC090_SEG0203,REC090,SPK007,validation,vad_v1,1994.584,2005.032,10.448,data/processed/segments/REC090/REC090_SEG0203.wav,included,
REC090_SEG0204,REC090,SPK007,validation,vad_v1,2005.56,2016.976,11.416,data/processed/segments/REC090/REC090_SEG0204.wav,included,
REC090_SEG0205,REC090,SPK007,validation,vad_v1,2016.976,2022.6,5.624,data/processed/segments/REC090/REC090_SEG0205.wav,included,
REC090_SEG0206,REC090,SPK007,validation,vad_v1,2022.68,2037.488,14.808,data/processed/segments/REC090/REC090_SEG0206.wav,included,
REC090_SEG0207,REC090,SPK007,validation,vad_v1,2037.488,2039.88,2.392,data/processed/segments/REC090/REC090_SEG0207.wav,included,
REC090_SEG0208,REC090,SPK007,validation,vad_v1,2040.024,2054.832,14.808,data/processed/segments/REC090/REC090_SEG0208.wav,included,
REC090_SEG0209,REC090,SPK007,validation,vad_v1,2054.832,2057.704,2.872,data/processed/segments/REC090/REC090_SEG0209.wav,included,
REC090_SEG0210,REC090,SPK007,validation,vad_v1,2058.168,2070.672,12.504,data/processed/segments/REC090/REC090_SEG0210.wav,included,
REC090_SEG0211,REC090,SPK007,validation,vad_v1,2070.672,2077.992,7.32,data/processed/segments/REC090/REC090_SEG0211.wav,included,
REC090_SEG0212,REC090,SPK007,validation,vad_v1,2078.936,2081.864,2.928,data/processed/segments/REC090/REC090_SEG0212.wav,rejected,
REC090_SEG0213,REC090,SPK007,validation,vad_v1,2083.928,2090.536,6.608,data/processed/segments/REC090/REC090_SEG0213.wav,included,
REC090_SEG0214,REC090,SPK007,validation,vad_v1,2091.448,2092.392,0.944,data/processed/segments/REC090/REC090_SEG0214.wav,included,
REC090_SEG0215,REC090,SPK007,validation,vad_v1,2094.264,2096.84,2.576,data/processed/segments/REC090/REC090_SEG0215.wav,included,
REC090_SEG0216,REC090,SPK007,validation,vad_v1,2097.24,2110.952,13.712,data/processed/segments/REC090/REC090_SEG0216.wav,included,
REC090_SEG0217,REC090,SPK007,validation,vad_v1,2111.064,2116.68,5.616,data/processed/segments/REC090/REC090_SEG0217.wav,included,
REC090_SEG0218,REC090,SPK007,validation,vad_v1,2116.792,2130.824,14.032,data/processed/segments/REC090/REC090_SEG0218.wav,included,
REC090_SEG0219,REC090,SPK007,validation,vad_v1,2131.16,2135.464,4.304,data/processed/segments/REC090/REC090_SEG0219.wav,included,
REC090_SEG0220,REC090,SPK007,validation,vad_v1,2135.704,2146.76,11.056,data/processed/segments/REC090/REC090_SEG0220.wav,included,
REC090_SEG0221,REC090,SPK007,validation,vad_v1,2148.12,2161.416,13.296,data/processed/segments/REC090/REC090_SEG0221.wav,included,
REC090_SEG0222,REC090,SPK007,validation,vad_v1,2161.848,2173.736,11.888,data/processed/segments/REC090/REC090_SEG0222.wav,included,
REC090_SEG0223,REC090,SPK007,validation,vad_v1,2174.008,2176.84,2.832,data/processed/segments/REC090/REC090_SEG0223.wav,included,
REC090_SEG0224,REC090,SPK007,validation,vad_v1,2176.856,2189.136,12.28,data/processed/segments/REC090/REC090_SEG0224.wav,included,
REC090_SEG0225,REC090,SPK007,validation,vad_v1,2189.136,2193.896,4.76,data/processed/segments/REC090/REC090_SEG0225.wav,included,
REC090_SEG0226,REC090,SPK007,validation,vad_v1,2193.912,2208.72,14.808,data/processed/segments/REC090/REC090_SEG0226.wav,included,
REC090_SEG0227,REC090,SPK007,validation,vad_v1,2208.72,2221.896,13.176,data/processed/segments/REC090/REC090_SEG0227.wav,included,
REC090_SEG0228,REC090,SPK007,validation,vad_v1,2222.104,2231.048,8.944,data/processed/segments/REC090/REC090_SEG0228.wav,included,
REC090_SEG0229,REC090,SPK007,validation,vad_v1,2233.08,2237.192,4.112,data/processed/segments/REC090/REC090_SEG0229.wav,included,
REC090_SEG0230,REC090,SPK007,validation,vad_v1,2237.624,2252.432,14.808,data/processed/segments/REC090/REC090_SEG0230.wav,included,
REC090_SEG0231,REC090,SPK007,validation,vad_v1,2252.432,2258.472,6.04,data/processed/segments/REC090/REC090_SEG0231.wav,included,
REC090_SEG0232,REC090,SPK007,validation,vad_v1,2259.192,2264.648,5.456,data/processed/segments/REC090/REC090_SEG0232.wav,included,
REC090_SEG0233,REC090,SPK007,validation,vad_v1,2266.2,2267.464,1.264,data/processed/segments/REC090/REC090_SEG0233.wav,rejected,
REC090_SEG0234,REC090,SPK007,validation,vad_v1,2268.312,2275.432,7.12,data/processed/segments/REC090/REC090_SEG0234.wav,included,
REC090_SEG0235,REC090,SPK007,validation,vad_v1,2276.28,2285.96,9.68,data/processed/segments/REC090/REC090_SEG0235.wav,included,
REC090_SEG0236,REC090,SPK007,validation,vad_v1,2286.136,2294.16,8.024,data/processed/segments/REC090/REC090_SEG0236.wav,included,
REC090_SEG0237,REC090,SPK007,validation,vad_v1,2294.16,2306.44,12.28,data/processed/segments/REC090/REC090_SEG0237.wav,included,
REC090_SEG0238,REC090,SPK007,validation,vad_v1,2307.224,2313.928,6.704,data/processed/segments/REC090/REC090_SEG0238.wav,included,
REC090_SEG0239,REC090,SPK007,validation,vad_v1,2314.424,2327.776,13.352,data/processed/segments/REC090/REC090_SEG0239.wav,included,
REC090_SEG0240,REC090,SPK007,validation,vad_v1,2327.776,2329.76,1.984,data/processed/segments/REC090/REC090_SEG0240.wav,included,
REC090_SEG0241,REC090,SPK007,validation,vad_v1,2329.76,2344.712,14.952,data/processed/segments/REC090/REC090_SEG0241.wav,included,
REC090_SEG0242,REC090,SPK007,validation,vad_v1,2345.112,2358.056,12.944,data/processed/segments/REC090/REC090_SEG0242.wav,included,
REC090_SEG0243,REC090,SPK007,validation,vad_v1,2358.456,2371.688,13.232,data/processed/segments/REC090/REC090_SEG0243.wav,included,
REC090_SEG0244,REC090,SPK007,validation,vad_v1,2372.12,2375.368,3.248,data/processed/segments/REC090/REC090_SEG0244.wav,included,
REC090_SEG0245,REC090,SPK007,validation,vad_v1,2375.512,2387.088,11.576,data/processed/segments/REC090/REC090_SEG0245.wav,included,
REC090_SEG0246,REC090,SPK007,validation,vad_v1,2387.088,2394.92,7.832,data/processed/segments/REC090/REC090_SEG0246.wav,included,
REC090_SEG0247,REC090,SPK007,validation,vad_v1,2395.032,2402.952,7.92,data/processed/segments/REC090/REC090_SEG0247.wav,included,
REC090_SEG0248,REC090,SPK007,validation,vad_v1,2403.064,2413.696,10.632,data/processed/segments/REC090/REC090_SEG0248.wav,included,
REC090_SEG0249,REC090,SPK007,validation,vad_v1,2413.696,2420.552,6.856,data/processed/segments/REC090/REC090_SEG0249.wav,included,
REC090_SEG0250,REC090,SPK007,validation,vad_v1,2420.92,2431.616,10.696,data/processed/segments/REC090/REC090_SEG0250.wav,included,
REC090_SEG0251,REC090,SPK007,validation,vad_v1,2431.616,2444.776,13.16,data/processed/segments/REC090/REC090_SEG0251.wav,included,
REC090_SEG0252,REC090,SPK007,validation,vad_v1,2445.176,2457.256,12.08,data/processed/segments/REC090/REC090_SEG0252.wav,included,
REC090_SEG0253,REC090,SPK007,validation,vad_v1,2457.784,2460.776,2.992,data/processed/segments/REC090/REC090_SEG0253.wav,included,
REC090_SEG0254,REC090,SPK007,validation,vad_v1,2461.048,2473.16,12.112,data/processed/segments/REC090/REC090_SEG0254.wav,included,
REC090_SEG0255,REC090,SPK007,validation,vad_v1,2473.304,2480.392,7.088,data/processed/segments/REC090/REC090_SEG0255.wav,included,
REC090_SEG0256,REC090,SPK007,validation,vad_v1,2480.856,2490.816,9.96,data/processed/segments/REC090/REC090_SEG0256.wav,included,
REC090_SEG0257,REC090,SPK007,validation,vad_v1,2490.816,2497.888,7.072,data/processed/segments/REC090/REC090_SEG0257.wav,included,
REC090_SEG0258,REC090,SPK007,validation,vad_v1,2497.888,2506.6,8.712,data/processed/segments/REC090/REC090_SEG0258.wav,included,
REC090_SEG0259,REC090,SPK007,validation,vad_v1,2506.904,2515.272,8.368,data/processed/segments/REC090/REC090_SEG0259.wav,included,
REC090_SEG0260,REC090,SPK007,validation,vad_v1,2515.32,2529.568,14.248,data/processed/segments/REC090/REC090_SEG0260.wav,included,
REC090_SEG0261,REC090,SPK007,validation,vad_v1,2529.568,2531.368,1.8,data/processed/segments/REC090/REC090_SEG0261.wav,included,
REC090_SEG0262,REC090,SPK007,validation,vad_v1,2532.664,2543.944,11.28,data/processed/segments/REC090/REC090_SEG0262.wav,included,
REC090_SEG0263,REC090,SPK007,validation,vad_v1,2545.24,2548.296,3.056,data/processed/segments/REC090/REC090_SEG0263.wav,included,
REC090_SEG0264,REC090,SPK007,validation,vad_v1,2549.976,2551.432,1.456,data/processed/segments/REC090/REC090_SEG0264.wav,rejected,
REC090_SEG0265,REC090,SPK007,validation,vad_v1,2553.912,2557.48,3.568,data/processed/segments/REC090/REC090_SEG0265.wav,included,
REC090_SEG0266,REC090,SPK007,validation,vad_v1,2557.88,2569.504,11.624,data/processed/segments/REC090/REC090_SEG0266.wav,included,
REC090_SEG0267,REC090,SPK007,validation,vad_v1,2569.504,2583.272,13.768,data/processed/segments/REC090/REC090_SEG0267.wav,included,
REC090_SEG0268,REC090,SPK007,validation,vad_v1,2583.512,2584.648,1.136,data/processed/segments/REC090/REC090_SEG0268.wav,included,
REC090_SEG0269,REC090,SPK007,validation,vad_v1,2585.144,2598.656,13.512,data/processed/segments/REC090/REC090_SEG0269.wav,included,
REC090_SEG0270,REC090,SPK007,validation,vad_v1,2598.656,2602.112,3.456,data/processed/segments/REC090/REC090_SEG0270.wav,included,
REC090_SEG0271,REC090,SPK007,validation,vad_v1,2602.112,2614.728,12.616,data/processed/segments/REC090/REC090_SEG0271.wav,included,
REC090_SEG0272,REC090,SPK007,validation,vad_v1,2615.224,2617.568,2.344,data/processed/segments/REC090/REC090_SEG0272.wav,included,
REC090_SEG0273,REC090,SPK007,validation,vad_v1,2617.568,2632.528,14.96,data/processed/segments/REC090/REC090_SEG0273.wav,included,
REC090_SEG0274,REC090,SPK007,validation,vad_v1,2632.528,2638.152,5.624,data/processed/segments/REC090/REC090_SEG0274.wav,included,
REC090_SEG0275,REC090,SPK007,validation,vad_v1,2638.168,2648.512,10.344,data/processed/segments/REC090/REC090_SEG0275.wav,included,
REC090_SEG0276,REC090,SPK007,validation,vad_v1,2648.512,2661.888,13.376,data/processed/segments/REC090/REC090_SEG0276.wav,included,
REC090_SEG0277,REC090,SPK007,validation,vad_v1,2661.888,2667.784,5.896,data/processed/segments/REC090/REC090_SEG0277.wav,included,
REC090_SEG0278,REC090,SPK007,validation,vad_v1,2669.688,2673.352,3.664,data/processed/segments/REC090/REC090_SEG0278.wav,included,
REC090_SEG0279,REC090,SPK007,validation,vad_v1,2675.032,2688.904,13.872,data/processed/segments/REC090/REC090_SEG0279.wav,included,
REC090_SEG0280,REC090,SPK007,validation,vad_v1,2689.72,2700.456,10.736,data/processed/segments/REC090/REC090_SEG0280.wav,included,
REC090_SEG0281,REC090,SPK007,validation,vad_v1,2700.632,2705.16,4.528,data/processed/segments/REC090/REC090_SEG0281.wav,included,
REC090_SEG0282,REC090,SPK007,validation,vad_v1,2705.88,2711.336,5.456,data/processed/segments/REC090/REC090_SEG0282.wav,included,
REC090_SEG0283,REC090,SPK007,validation,vad_v1,2711.576,2721.12,9.544,data/processed/segments/REC090/REC090_SEG0283.wav,included,
REC090_SEG0284,REC090,SPK007,validation,vad_v1,2721.12,2727.4,6.28,data/processed/segments/REC090/REC090_SEG0284.wav,included,
REC090_SEG0285,REC090,SPK007,validation,vad_v1,2727.512,2736.2,8.688,data/processed/segments/REC090/REC090_SEG0285.wav,included,
REC090_SEG0286,REC090,SPK007,validation,vad_v1,2736.6,2748.776,12.176,data/processed/segments/REC090/REC090_SEG0286.wav,included,
REC090_SEG0287,REC090,SPK007,validation,vad_v1,2748.952,2757.168,8.216,data/processed/segments/REC090/REC090_SEG0287.wav,included,
REC090_SEG0288,REC090,SPK007,validation,vad_v1,2757.168,2771.2,14.032,data/processed/segments/REC090/REC090_SEG0288.wav,included,
REC090_SEG0289,REC090,SPK007,validation,vad_v1,2771.2,2775.424,4.224,data/processed/segments/REC090/REC090_SEG0289.wav,included,
REC090_SEG0290,REC090,SPK007,validation,vad_v1,2775.424,2786.576,11.152,data/processed/segments/REC090/REC090_SEG0290.wav,included,
REC090_SEG0291,REC090,SPK007,validation,vad_v1,2786.576,2797.32,10.744,data/processed/segments/REC090/REC090_SEG0291.wav,included,
REC090_SEG0292,REC090,SPK007,validation,vad_v1,2797.368,2807.272,9.904,data/processed/segments/REC090/REC090_SEG0292.wav,included,
REC090_SEG0293,REC090,SPK007,validation,vad_v1,2807.416,2812.616,5.2,data/processed/segments/REC090/REC090_SEG0293.wav,included,
REC090_SEG0294,REC090,SPK007,validation,vad_v1,2812.888,2825.696,12.808,data/processed/segments/REC090/REC090_SEG0294.wav,included,
REC090_SEG0295,REC090,SPK007,validation,vad_v1,2825.696,2834.632,8.936,data/processed/segments/REC090/REC090_SEG0295.wav,included,
REC090_SEG0296,REC090,SPK007,validation,vad_v1,2834.904,2841.704,6.8,data/processed/segments/REC090/REC090_SEG0296.wav,included,
REC090_SEG0297,REC090,SPK007,validation,vad_v1,2842.424,2847.72,5.296,data/processed/segments/REC090/REC090_SEG0297.wav,included,
REC090_SEG0298,REC090,SPK007,validation,vad_v1,2848.824,2854.152,5.328,data/processed/segments/REC090/REC090_SEG0298.wav,included,
REC090_SEG0299,REC090,SPK007,validation,vad_v1,2855.32,2861.96,6.64,data/processed/segments/REC090/REC090_SEG0299.wav,included,
REC090_SEG0300,REC090,SPK007,validation,vad_v1,2862.584,2874.248,11.664,data/processed/segments/REC090/REC090_SEG0300.wav,included,
REC090_SEG0301,REC090,SPK007,validation,vad_v1,2874.552,2879.92,5.368,data/processed/segments/REC090/REC090_SEG0301.wav,included,
REC090_SEG0302,REC090,SPK007,validation,vad_v1,2879.92,2894.704,14.784,data/processed/segments/REC090/REC090_SEG0302.wav,included,
REC090_SEG0303,REC090,SPK007,validation,vad_v1,2894.704,2896.16,1.456,data/processed/segments/REC090/REC090_SEG0303.wav,rejected,
REC090_SEG0304,REC090,SPK007,validation,vad_v1,2896.16,2910.864,14.704,data/processed/segments/REC090/REC090_SEG0304.wav,included,
REC090_SEG0305,REC090,SPK007,validation,vad_v1,2910.864,2913.992,3.128,data/processed/segments/REC090/REC090_SEG0305.wav,included,
REC090_SEG0306,REC090,SPK007,validation,vad_v1,2914.84,2924.64,9.8,data/processed/segments/REC090/REC090_SEG0306.wav,included,
REC090_SEG0307,REC090,SPK007,validation,vad_v1,2924.64,2932.872,8.232,data/processed/segments/REC090/REC090_SEG0307.wav,included,
REC090_SEG0308,REC090,SPK007,validation,vad_v1,2932.92,2945.824,12.904,data/processed/segments/REC090/REC090_SEG0308.wav,included,
REC090_SEG0309,REC090,SPK007,validation,vad_v1,2945.824,2960.56,14.736,data/processed/segments/REC090/REC090_SEG0309.wav,rejected,
REC090_SEG0310,REC090,SPK007,validation,vad_v1,2960.56,2962.984,2.424,data/processed/segments/REC090/REC090_SEG0310.wav,rejected,
REC091_SEG0001,REC091,SPK008,train,vad_v1,0.0,0.776,0.776,data/processed/segments/REC091/REC091_SEG0001.wav,included,
REC091_SEG0002,REC091,SPK008,train,vad_v1,0.792,15.6,14.808,data/processed/segments/REC091/REC091_SEG0002.wav,included,
REC091_SEG0003,REC091,SPK008,train,vad_v1,15.6,28.336,12.736,data/processed/segments/REC091/REC091_SEG0003.wav,included,
REC091_SEG0004,REC091,SPK008,train,vad_v1,28.336,43.024,14.688,data/processed/segments/REC091/REC091_SEG0004.wav,included,
REC091_SEG0005,REC091,SPK008,train,vad_v1,43.024,53.312,10.288,data/processed/segments/REC091/REC091_SEG0005.wav,included,
REC091_SEG0006,REC091,SPK008,train,vad_v1,53.312,60.624,7.312,data/processed/segments/REC091/REC091_SEG0006.wav,included,
REC091_SEG0007,REC091,SPK008,train,vad_v1,60.624,75.312,14.688,data/processed/segments/REC091/REC091_SEG0007.wav,included,
REC091_SEG0008,REC091,SPK008,train,vad_v1,75.312,85.104,9.792,data/processed/segments/REC091/REC091_SEG0008.wav,included,
REC091_SEG0009,REC091,SPK008,train,vad_v1,85.104,99.792,14.688,data/processed/segments/REC091/REC091_SEG0009.wav,included,
REC091_SEG0010,REC091,SPK008,train,vad_v1,99.792,108.96,9.168,data/processed/segments/REC091/REC091_SEG0010.wav,included,
REC091_SEG0011,REC091,SPK008,train,vad_v1,108.96,123.632,14.672,data/processed/segments/REC091/REC091_SEG0011.wav,included,
REC091_SEG0012,REC091,SPK008,train,vad_v1,123.632,125.072,1.44,data/processed/segments/REC091/REC091_SEG0012.wav,included,
REC091_SEG0013,REC091,SPK008,train,vad_v1,125.072,139.824,14.752,data/processed/segments/REC091/REC091_SEG0013.wav,included,
REC091_SEG0014,REC091,SPK008,train,vad_v1,139.824,153.616,13.792,data/processed/segments/REC091/REC091_SEG0014.wav,included,
REC091_SEG0015,REC091,SPK008,train,vad_v1,153.616,162.425,8.809,data/processed/segments/REC091/REC091_SEG0015.wav,included,
REC092_SEG0001,REC092,SPK008,train,vad_v1,0.088,2.216,2.128,data/processed/segments/REC092/REC092_SEG0001.wav,included,
REC092_SEG0002,REC092,SPK008,train,vad_v1,2.424,17.232,14.808,data/processed/segments/REC092/REC092_SEG0002.wav,included,
REC092_SEG0003,REC092,SPK008,train,vad_v1,17.232,31.856,14.624,data/processed/segments/REC092/REC092_SEG0003.wav,included,
REC092_SEG0004,REC092,SPK008,train,vad_v1,31.856,46.48,14.624,data/processed/segments/REC092/REC092_SEG0004.wav,included,
REC092_SEG0005,REC092,SPK008,train,vad_v1,46.48,49.168,2.688,data/processed/segments/REC092/REC092_SEG0005.wav,included,
REC092_SEG0006,REC092,SPK008,train,vad_v1,49.168,63.92,14.752,data/processed/segments/REC092/REC092_SEG0006.wav,included,
REC092_SEG0007,REC092,SPK008,train,vad_v1,63.92,78.544,14.624,data/processed/segments/REC092/REC092_SEG0007.wav,included,
REC092_SEG0008,REC092,SPK008,train,vad_v1,78.544,92.544,14.0,data/processed/segments/REC092/REC092_SEG0008.wav,included,
REC092_SEG0009,REC092,SPK008,train,vad_v1,92.544,107.216,14.672,data/processed/segments/REC092/REC092_SEG0009.wav,included,
REC092_SEG0010,REC092,SPK008,train,vad_v1,107.216,112.0,4.784,data/processed/segments/REC092/REC092_SEG0010.wav,included,
REC092_SEG0011,REC092,SPK008,train,vad_v1,112.0,124.816,12.816,data/processed/segments/REC092/REC092_SEG0011.wav,included,
REC092_SEG0012,REC092,SPK008,train,vad_v1,124.816,128.096,3.28,data/processed/segments/REC092/REC092_SEG0012.wav,included,
REC092_SEG0013,REC092,SPK008,train,vad_v1,128.096,142.768,14.672,data/processed/segments/REC092/REC092_SEG0013.wav,included,
REC092_SEG0014,REC092,SPK008,train,vad_v1,142.768,147.024,4.256,data/processed/segments/REC092/REC092_SEG0014.wav,included,
REC092_SEG0015,REC092,SPK008,train,vad_v1,147.024,161.712,14.688,data/processed/segments/REC092/REC092_SEG0015.wav,included,
REC092_SEG0016,REC092,SPK008,train,vad_v1,161.712,176.336,14.624,data/processed/segments/REC092/REC092_SEG0016.wav,included,
REC092_SEG0017,REC092,SPK008,train,vad_v1,176.336,179.004,2.668,data/processed/segments/REC092/REC092_SEG0017.wav,included,
REC093_SEG0001,REC093,SPK008,train,vad_v1,0.0,2.112,2.112,data/processed/segments/REC093/REC093_SEG0001.wav,included,
REC093_SEG0002,REC093,SPK008,train,vad_v1,2.112,16.88,14.768,data/processed/segments/REC093/REC093_SEG0002.wav,included,
REC093_SEG0003,REC093,SPK008,train,vad_v1,16.88,22.944,6.064,data/processed/segments/REC093/REC093_SEG0003.wav,included,
REC093_SEG0004,REC093,SPK008,train,vad_v1,22.944,33.856,10.912,data/processed/segments/REC093/REC093_SEG0004.wav,included,
REC093_SEG0005,REC093,SPK008,train,vad_v1,33.856,40.832,6.976,data/processed/segments/REC093/REC093_SEG0005.wav,included,
REC093_SEG0006,REC093,SPK008,train,vad_v1,40.832,52.848,12.016,data/processed/segments/REC093/REC093_SEG0006.wav,included,
REC093_SEG0007,REC093,SPK008,train,vad_v1,52.848,66.096,13.248,data/processed/segments/REC093/REC093_SEG0007.wav,included,
REC093_SEG0008,REC093,SPK008,train,vad_v1,66.096,70.752,4.656,data/processed/segments/REC093/REC093_SEG0008.wav,included,
REC093_SEG0009,REC093,SPK008,train,vad_v1,70.752,85.424,14.672,data/processed/segments/REC093/REC093_SEG0009.wav,included,
REC093_SEG0010,REC093,SPK008,train,vad_v1,85.424,89.6,4.176,data/processed/segments/REC093/REC093_SEG0010.wav,included,
REC093_SEG0011,REC093,SPK008,train,vad_v1,89.6,103.76,14.16,data/processed/segments/REC093/REC093_SEG0011.wav,rejected,
REC093_SEG0012,REC093,SPK008,train,vad_v1,103.76,111.264,7.504,data/processed/segments/REC093/REC093_SEG0012.wav,rejected,
REC093_SEG0013,REC093,SPK008,train,vad_v1,111.264,124.672,13.408,data/processed/segments/REC093/REC093_SEG0013.wav,rejected,
REC093_SEG0014,REC093,SPK008,train,vad_v1,124.672,128.032,3.36,data/processed/segments/REC093/REC093_SEG0014.wav,rejected,
REC093_SEG0015,REC093,SPK008,train,vad_v1,128.032,142.768,14.736,data/processed/segments/REC093/REC093_SEG0015.wav,rejected,
REC093_SEG0016,REC093,SPK008,train,vad_v1,142.768,157.27,14.502,data/processed/segments/REC093/REC093_SEG0016.wav,rejected,
